Step,Timestamp,Time (s),RAM Usage (GB),GPU Memory Usage (GB)
1,2024-12-04 00:56:12,1.93,17.49,6.84
2,2024-12-04 00:56:14,3.08,17.49,6.84
3,2024-12-04 00:56:15,4.23,17.49,6.84
4,2024-12-04 00:56:16,5.40,17.49,6.84
5,2024-12-04 00:56:17,6.56,17.49,6.84
6,2024-12-04 00:56:18,7.73,17.49,6.84
7,2024-12-04 00:56:19,8.90,17.49,6.84
8,2024-12-04 00:56:21,10.08,17.49,6.84
9,2024-12-04 00:56:22,11.26,17.49,6.84
10,2024-12-04 00:56:23,12.44,17.49,6.84
11,2024-12-04 00:56:24,13.63,17.49,6.84
12,2024-12-04 00:56:25,14.81,17.49,6.84
13,2024-12-04 00:56:27,15.99,17.49,6.84
14,2024-12-04 00:56:28,17.17,17.49,6.84
15,2024-12-04 00:56:29,18.36,17.49,6.84
16,2024-12-04 00:56:30,19.55,17.49,6.84
17,2024-12-04 00:56:31,20.74,17.49,6.84
18,2024-12-04 00:56:32,21.92,17.49,6.84
19,2024-12-04 00:56:34,23.11,17.49,6.84
20,2024-12-04 00:56:35,24.29,17.49,6.84
21,2024-12-04 00:56:36,25.48,17.49,6.84
22,2024-12-04 00:56:37,26.66,17.49,6.84
23,2024-12-04 00:56:38,27.85,17.49,6.84
24,2024-12-04 00:56:40,29.04,17.49,6.84
25,2024-12-04 00:56:41,30.23,17.49,6.84
26,2024-12-04 00:56:42,31.42,17.49,6.84
27,2024-12-04 00:56:43,32.62,17.49,6.84
28,2024-12-04 00:56:44,33.81,17.49,6.84
29,2024-12-04 00:56:46,34.98,17.49,6.84
30,2024-12-04 00:56:47,36.17,17.49,6.84
31,2024-12-04 00:56:48,37.35,17.49,6.84
32,2024-12-04 00:56:49,38.52,17.49,6.84
33,2024-12-04 00:56:50,39.70,17.49,6.84
34,2024-12-04 00:56:51,40.88,17.49,6.84
35,2024-12-04 00:56:53,42.07,17.49,6.84
36,2024-12-04 00:56:54,43.24,17.49,6.84
37,2024-12-04 00:56:55,44.42,17.49,6.84
38,2024-12-04 00:56:56,45.59,17.49,6.84
39,2024-12-04 00:56:57,46.77,17.49,6.84
40,2024-12-04 00:56:58,47.93,17.49,6.84
41,2024-12-04 00:57:00,49.10,17.49,6.84
42,2024-12-04 00:57:01,50.26,17.49,6.84
43,2024-12-04 00:57:02,51.43,17.49,6.84
44,2024-12-04 00:57:03,52.60,17.49,6.84
45,2024-12-04 00:57:04,53.76,17.49,6.84
46,2024-12-04 00:57:05,54.93,17.49,6.84
47,2024-12-04 00:57:07,56.09,17.49,6.84
48,2024-12-04 00:57:08,57.26,17.49,6.84
49,2024-12-04 00:57:09,58.42,17.49,6.84
50,2024-12-04 00:57:10,59.59,17.49,6.84
51,2024-12-04 00:57:11,60.75,17.49,6.84
52,2024-12-04 00:57:12,61.92,17.49,6.84
53,2024-12-04 00:57:14,63.09,17.49,6.84
54,2024-12-04 00:57:15,64.25,17.49,6.84
55,2024-12-04 00:57:16,65.41,17.49,6.84
56,2024-12-04 00:57:17,66.58,17.49,6.84
57,2024-12-04 00:57:18,67.74,17.49,6.84
58,2024-12-04 00:57:19,68.90,17.49,6.84
59,2024-12-04 00:57:21,70.06,17.49,6.84
60,2024-12-04 00:57:22,71.22,17.49,6.84
61,2024-12-04 00:57:23,72.39,17.49,6.84
62,2024-12-04 00:57:24,73.55,17.49,6.84
63,2024-12-04 00:57:25,74.72,17.49,6.84
64,2024-12-04 00:57:26,75.88,17.49,6.84
65,2024-12-04 00:57:28,77.05,17.49,6.84
66,2024-12-04 00:57:29,78.22,17.49,6.84
67,2024-12-04 00:57:30,79.39,17.49,6.84
68,2024-12-04 00:57:31,80.55,17.49,6.84
69,2024-12-04 00:57:32,81.71,17.49,6.84
70,2024-12-04 00:57:33,82.87,17.49,6.84
71,2024-12-04 00:57:35,84.03,17.49,6.84
72,2024-12-04 00:57:36,85.20,17.49,6.84
73,2024-12-04 00:57:37,86.37,17.49,6.84
74,2024-12-04 00:57:38,87.54,17.49,6.84
75,2024-12-04 00:57:39,88.69,17.49,6.84
76,2024-12-04 00:57:40,89.86,17.49,6.84
77,2024-12-04 00:57:42,91.03,17.49,6.84
78,2024-12-04 00:57:43,92.20,17.49,6.84
79,2024-12-04 00:57:44,93.37,17.49,6.84
80,2024-12-04 00:57:45,94.54,17.49,6.84
81,2024-12-04 00:57:46,95.71,17.49,6.84
82,2024-12-04 00:57:47,96.88,17.49,6.84
83,2024-12-04 00:57:49,98.05,17.49,6.84
84,2024-12-04 00:57:50,99.22,17.49,6.84
85,2024-12-04 00:57:51,100.40,17.49,6.84
86,2024-12-04 00:57:52,101.57,17.49,6.84
87,2024-12-04 00:57:53,102.76,17.49,6.84
88,2024-12-04 00:57:54,103.93,17.49,6.84
89,2024-12-04 00:57:56,105.10,17.49,6.84
90,2024-12-04 00:57:57,106.28,17.49,6.84
91,2024-12-04 00:57:58,107.46,17.49,6.84
92,2024-12-04 00:57:59,108.64,17.49,6.84
93,2024-12-04 00:58:00,109.81,17.49,6.84
94,2024-12-04 00:58:02,110.98,17.49,6.84
95,2024-12-04 00:58:03,112.16,17.49,6.84
96,2024-12-04 00:58:04,113.33,17.49,6.84
97,2024-12-04 00:58:05,114.51,17.49,6.84
98,2024-12-04 00:58:06,115.68,17.49,6.84
99,2024-12-04 00:58:07,116.84,17.49,6.84
100,2024-12-04 00:58:09,118.02,17.49,6.84
101,2024-12-04 00:58:10,119.19,17.49,6.84
102,2024-12-04 00:58:11,120.37,17.49,6.84
103,2024-12-04 00:58:12,121.55,17.49,6.84
104,2024-12-04 00:58:13,122.72,17.49,6.84
105,2024-12-04 00:58:14,123.90,17.49,6.84
106,2024-12-04 00:58:16,125.06,17.49,6.84
107,2024-12-04 00:58:17,126.24,17.49,6.84
108,2024-12-04 00:58:18,127.42,17.49,6.84
109,2024-12-04 00:58:19,128.59,17.49,6.84
110,2024-12-04 00:58:20,129.76,17.49,6.84
111,2024-12-04 00:58:21,130.93,17.49,6.84
112,2024-12-04 00:58:23,132.11,17.49,6.84
113,2024-12-04 00:58:24,133.28,17.49,6.84
114,2024-12-04 00:58:25,134.46,17.49,6.84
115,2024-12-04 00:58:26,135.63,17.49,6.84
116,2024-12-04 00:58:27,136.80,17.49,6.84
117,2024-12-04 00:58:29,137.97,17.49,6.84
118,2024-12-04 00:58:30,139.14,17.49,6.84
119,2024-12-04 00:58:31,140.31,17.49,6.84
120,2024-12-04 00:58:32,141.49,17.49,6.84
121,2024-12-04 00:58:33,142.66,17.49,6.84
122,2024-12-04 00:58:34,143.83,17.49,6.84
123,2024-12-04 00:58:36,145.01,17.49,6.84
124,2024-12-04 00:58:37,146.19,17.49,6.84
125,2024-12-04 00:58:38,147.36,17.49,6.84
126,2024-12-04 00:58:39,148.53,17.49,6.84
127,2024-12-04 00:58:40,149.70,17.49,6.84
128,2024-12-04 00:58:41,150.87,17.49,6.84
129,2024-12-04 00:58:43,152.05,17.49,6.84
130,2024-12-04 00:58:44,153.23,17.49,6.84
131,2024-12-04 00:58:45,154.40,17.49,6.84
132,2024-12-04 00:58:46,155.57,17.49,6.84
133,2024-12-04 00:58:47,156.74,17.49,6.84
134,2024-12-04 00:58:48,157.90,17.49,6.84
135,2024-12-04 00:58:50,159.07,17.49,6.84
136,2024-12-04 00:58:51,160.26,17.49,6.84
137,2024-12-04 00:58:52,161.43,17.49,6.84
138,2024-12-04 00:58:53,162.60,17.49,6.84
139,2024-12-04 00:58:54,163.77,17.49,6.84
140,2024-12-04 00:58:55,164.94,17.49,6.84
141,2024-12-04 00:58:57,166.11,17.49,6.84
142,2024-12-04 00:58:58,167.29,17.49,6.84
143,2024-12-04 00:58:59,168.47,17.49,6.84
144,2024-12-04 00:59:00,169.64,17.49,6.84
145,2024-12-04 00:59:01,170.81,17.49,6.84
146,2024-12-04 00:59:03,171.97,17.49,6.84
147,2024-12-04 00:59:04,173.16,17.49,6.84
148,2024-12-04 00:59:05,174.33,17.49,6.84
149,2024-12-04 00:59:06,175.50,17.49,6.84
150,2024-12-04 00:59:07,176.67,17.49,6.84
151,2024-12-04 00:59:08,177.84,17.49,6.84
152,2024-12-04 00:59:10,179.00,17.49,6.84
153,2024-12-04 00:59:11,180.17,17.49,6.84
154,2024-12-04 00:59:12,181.34,17.49,6.84
155,2024-12-04 00:59:13,182.51,17.49,6.84
156,2024-12-04 00:59:14,183.68,17.49,6.84
157,2024-12-04 00:59:15,184.85,17.49,6.84
158,2024-12-04 00:59:17,186.03,17.49,6.84
159,2024-12-04 00:59:18,187.21,17.49,6.84
160,2024-12-04 00:59:19,188.38,17.49,6.84
161,2024-12-04 00:59:20,189.55,17.49,6.84
162,2024-12-04 00:59:21,190.72,17.49,6.84
163,2024-12-04 00:59:22,191.89,17.49,6.84
164,2024-12-04 00:59:24,193.06,17.49,6.84
165,2024-12-04 00:59:25,194.22,17.49,6.84
166,2024-12-04 00:59:26,195.39,17.49,6.84
167,2024-12-04 00:59:27,196.55,17.49,6.84
168,2024-12-04 00:59:28,197.72,17.49,6.84
169,2024-12-04 00:59:29,198.89,17.49,6.84
170,2024-12-04 00:59:31,200.06,17.49,6.84
171,2024-12-04 00:59:32,201.23,17.49,6.84
172,2024-12-04 00:59:33,202.40,17.49,6.84
173,2024-12-04 00:59:34,203.57,17.49,6.84
174,2024-12-04 00:59:35,204.73,17.49,6.84
175,2024-12-04 00:59:36,205.90,17.49,6.84
176,2024-12-04 00:59:38,207.07,17.49,6.84
177,2024-12-04 00:59:39,208.23,17.49,6.84
178,2024-12-04 00:59:40,209.40,17.49,6.84
179,2024-12-04 00:59:41,210.57,17.49,6.84
180,2024-12-04 00:59:42,211.73,17.49,6.84
181,2024-12-04 00:59:43,212.90,17.49,6.84
182,2024-12-04 00:59:45,214.07,17.49,6.84
183,2024-12-04 00:59:46,215.24,17.49,6.84
184,2024-12-04 00:59:47,216.40,17.49,6.84
185,2024-12-04 00:59:48,217.58,17.49,6.84
186,2024-12-04 00:59:49,218.75,17.49,6.84
187,2024-12-04 00:59:50,219.93,17.49,6.84
188,2024-12-04 00:59:52,221.09,17.49,6.84
189,2024-12-04 00:59:53,222.26,17.49,6.84
190,2024-12-04 00:59:54,223.43,17.49,6.84
191,2024-12-04 00:59:55,224.59,17.49,6.84
192,2024-12-04 00:59:56,225.77,17.49,6.84
193,2024-12-04 00:59:57,226.94,17.49,6.84
194,2024-12-04 00:59:59,228.11,17.49,6.84
195,2024-12-04 01:00:00,229.27,17.49,6.84
196,2024-12-04 01:00:01,230.44,17.49,6.84
197,2024-12-04 01:00:02,231.61,17.49,6.84
198,2024-12-04 01:00:03,232.78,17.49,6.84
199,2024-12-04 01:00:04,233.94,17.49,6.84
200,2024-12-04 01:00:06,235.11,17.49,6.84
201,2024-12-04 01:00:07,236.27,17.49,6.84
202,2024-12-04 01:00:08,237.45,17.49,6.84
203,2024-12-04 01:00:09,238.62,17.49,6.84
204,2024-12-04 01:00:10,239.78,17.49,6.84
205,2024-12-04 01:00:11,240.95,17.49,6.84
206,2024-12-04 01:00:13,242.11,17.49,6.84
207,2024-12-04 01:00:14,243.29,17.49,6.84
208,2024-12-04 01:00:15,244.46,17.49,6.84
209,2024-12-04 01:00:16,245.64,17.49,6.84
210,2024-12-04 01:00:17,246.81,17.49,6.84
211,2024-12-04 01:00:19,247.98,17.49,6.84
212,2024-12-04 01:00:20,249.15,17.49,6.84
213,2024-12-04 01:00:21,250.32,17.49,6.84
214,2024-12-04 01:00:22,251.48,17.49,6.84
215,2024-12-04 01:00:23,252.65,17.49,6.84
216,2024-12-04 01:00:24,253.81,17.49,6.84
217,2024-12-04 01:00:26,254.99,17.49,6.84
218,2024-12-04 01:00:27,256.15,17.49,6.84
219,2024-12-04 01:00:28,257.33,17.49,6.84
220,2024-12-04 01:00:29,258.50,17.49,6.84
221,2024-12-04 01:00:30,259.66,17.49,6.84
222,2024-12-04 01:00:31,260.83,17.49,6.84
223,2024-12-04 01:00:33,262.01,17.49,6.84
224,2024-12-04 01:00:34,263.18,17.49,6.84
225,2024-12-04 01:00:35,264.35,17.49,6.84
226,2024-12-04 01:00:36,265.53,17.49,6.84
227,2024-12-04 01:00:37,266.69,17.49,6.84
228,2024-12-04 01:00:38,267.86,17.49,6.84
229,2024-12-04 01:00:40,269.04,17.49,6.84
230,2024-12-04 01:00:41,270.21,17.49,6.84
231,2024-12-04 01:00:42,271.38,17.49,6.84
232,2024-12-04 01:00:43,272.55,17.49,6.84
233,2024-12-04 01:00:44,273.73,17.49,6.84
234,2024-12-04 01:00:45,274.90,17.49,6.84
235,2024-12-04 01:00:47,276.07,17.49,6.84
236,2024-12-04 01:00:48,277.24,17.49,6.84
237,2024-12-04 01:00:49,278.41,17.49,6.84
238,2024-12-04 01:00:50,279.57,17.49,6.84
239,2024-12-04 01:00:51,280.74,17.49,6.84
240,2024-12-04 01:00:52,281.92,17.49,6.84
241,2024-12-04 01:00:54,283.09,17.49,6.84
242,2024-12-04 01:00:55,284.26,17.49,6.84
243,2024-12-04 01:00:56,285.43,17.49,6.84
244,2024-12-04 01:00:57,286.60,17.49,6.84
245,2024-12-04 01:00:58,287.77,17.49,6.84
246,2024-12-04 01:00:59,288.95,17.49,6.84
247,2024-12-04 01:01:01,290.11,17.49,6.84
248,2024-12-04 01:01:02,291.29,17.49,6.84
249,2024-12-04 01:01:03,292.45,17.49,6.84
250,2024-12-04 01:01:04,293.64,17.49,6.84
251,2024-12-04 01:01:05,294.80,17.49,6.84
252,2024-12-04 01:01:07,295.97,17.49,6.84
253,2024-12-04 01:01:08,297.12,17.49,6.84
254,2024-12-04 01:01:09,298.29,17.49,6.84
255,2024-12-04 01:01:10,299.46,17.49,6.84
256,2024-12-04 01:01:11,300.63,17.49,6.84
257,2024-12-04 01:01:12,301.80,17.49,6.84
258,2024-12-04 01:01:14,302.98,17.49,6.84
259,2024-12-04 01:01:15,304.14,17.49,6.84
260,2024-12-04 01:01:16,305.30,17.49,6.84
261,2024-12-04 01:01:17,306.47,17.49,6.84
262,2024-12-04 01:01:18,307.64,17.49,6.84
263,2024-12-04 01:01:19,308.80,17.49,6.84
264,2024-12-04 01:01:21,309.97,17.49,6.84
265,2024-12-04 01:01:22,311.15,17.49,6.84
266,2024-12-04 01:01:23,312.31,17.49,6.84
267,2024-12-04 01:01:24,313.48,17.49,6.84
268,2024-12-04 01:01:25,314.65,17.49,6.84
269,2024-12-04 01:01:26,315.81,17.49,6.84
270,2024-12-04 01:01:28,316.99,17.49,6.84
271,2024-12-04 01:01:29,318.16,17.49,6.84
272,2024-12-04 01:01:30,319.34,17.49,6.84
273,2024-12-04 01:01:31,320.51,17.49,6.84
274,2024-12-04 01:01:32,321.68,17.49,6.84
275,2024-12-04 01:01:33,322.85,17.49,6.84
276,2024-12-04 01:01:35,324.02,17.49,6.84
277,2024-12-04 01:01:36,325.19,17.49,6.84
278,2024-12-04 01:01:37,326.37,17.49,6.84
279,2024-12-04 01:01:38,327.54,17.49,6.84
280,2024-12-04 01:01:39,328.71,17.49,6.84
281,2024-12-04 01:01:40,329.88,17.49,6.84
282,2024-12-04 01:01:42,331.05,17.49,6.84
283,2024-12-04 01:01:43,332.22,17.49,6.84
284,2024-12-04 01:01:44,333.39,17.49,6.84
285,2024-12-04 01:01:45,334.55,17.49,6.84
286,2024-12-04 01:01:46,335.72,17.49,6.84
287,2024-12-04 01:01:47,336.88,17.49,6.84
288,2024-12-04 01:01:49,338.06,17.49,6.84
289,2024-12-04 01:01:50,339.23,17.49,6.84
290,2024-12-04 01:01:51,340.40,17.49,6.84
291,2024-12-04 01:01:52,341.57,17.49,6.84
292,2024-12-04 01:01:53,342.75,17.49,6.84
293,2024-12-04 01:01:54,343.92,17.49,6.84
294,2024-12-04 01:01:56,345.08,17.49,6.84
295,2024-12-04 01:01:57,346.25,17.49,6.84
296,2024-12-04 01:01:58,347.42,17.49,6.84
297,2024-12-04 01:01:59,348.59,17.49,6.84
298,2024-12-04 01:02:00,349.76,17.49,6.84
299,2024-12-04 01:02:01,350.93,17.49,6.84
300,2024-12-04 01:02:03,352.10,17.49,6.84
301,2024-12-04 01:02:04,353.28,17.49,6.84
302,2024-12-04 01:02:05,354.46,17.49,6.84
303,2024-12-04 01:02:06,355.64,17.49,6.84
304,2024-12-04 01:02:07,356.80,17.49,6.84
305,2024-12-04 01:02:09,357.97,17.49,6.84
306,2024-12-04 01:02:10,359.14,17.49,6.84
307,2024-12-04 01:02:11,360.32,17.49,6.84
308,2024-12-04 01:02:12,361.48,17.49,6.84
309,2024-12-04 01:02:13,362.66,17.49,6.84
310,2024-12-04 01:02:14,363.83,17.49,6.84
311,2024-12-04 01:02:16,364.99,17.49,6.84
312,2024-12-04 01:02:17,366.16,17.49,6.84
313,2024-12-04 01:02:18,367.34,17.49,6.84
314,2024-12-04 01:02:19,368.50,17.49,6.84
315,2024-12-04 01:02:20,369.67,17.49,6.84
316,2024-12-04 01:02:21,370.85,17.49,6.84
317,2024-12-04 01:02:23,372.02,17.49,6.84
318,2024-12-04 01:02:24,373.20,17.49,6.84
319,2024-12-04 01:02:25,374.37,17.49,6.84
320,2024-12-04 01:02:26,375.54,17.49,6.84
321,2024-12-04 01:02:27,376.72,17.49,6.84
322,2024-12-04 01:02:28,377.89,17.49,6.84
323,2024-12-04 01:02:30,379.06,17.49,6.84
324,2024-12-04 01:02:31,380.24,17.49,6.84
325,2024-12-04 01:02:32,381.41,17.49,6.84
326,2024-12-04 01:02:33,382.57,17.49,6.84
327,2024-12-04 01:02:34,383.75,17.49,6.84
328,2024-12-04 01:02:35,384.91,17.49,6.84
329,2024-12-04 01:02:37,386.08,17.49,6.84
330,2024-12-04 01:02:38,387.25,17.49,6.84
331,2024-12-04 01:02:39,388.41,17.49,6.84
332,2024-12-04 01:02:40,389.59,17.49,6.84
333,2024-12-04 01:02:41,390.76,17.49,6.84
334,2024-12-04 01:02:42,391.93,17.49,6.84
335,2024-12-04 01:02:44,393.11,17.49,6.84
336,2024-12-04 01:02:45,394.27,17.49,6.84
337,2024-12-04 01:02:46,395.45,17.49,6.84
338,2024-12-04 01:02:47,396.61,17.49,6.84
339,2024-12-04 01:02:48,397.78,17.49,6.84
340,2024-12-04 01:02:49,398.94,17.49,6.84
341,2024-12-04 01:02:51,400.12,17.49,6.84
342,2024-12-04 01:02:52,401.29,17.49,6.84
343,2024-12-04 01:02:53,402.45,17.49,6.84
344,2024-12-04 01:02:54,403.61,17.49,6.84
345,2024-12-04 01:02:55,404.78,17.49,6.84
346,2024-12-04 01:02:56,405.94,17.49,6.84
347,2024-12-04 01:02:58,407.13,17.49,6.84
348,2024-12-04 01:02:59,408.30,17.49,6.84
349,2024-12-04 01:03:00,409.46,17.49,6.84
350,2024-12-04 01:03:01,410.63,17.49,6.84
351,2024-12-04 01:03:02,411.80,17.49,6.84
352,2024-12-04 01:03:04,412.97,17.49,6.84
353,2024-12-04 01:03:05,414.14,17.49,6.84
354,2024-12-04 01:03:06,415.30,17.49,6.84
355,2024-12-04 01:03:07,416.47,17.49,6.84
356,2024-12-04 01:03:08,417.64,17.49,6.84
357,2024-12-04 01:03:09,418.81,17.49,6.84
358,2024-12-04 01:03:11,419.98,17.49,6.84
359,2024-12-04 01:03:12,421.14,17.49,6.84
360,2024-12-04 01:03:13,422.32,17.49,6.84
361,2024-12-04 01:03:14,423.48,17.49,6.84
362,2024-12-04 01:03:15,424.66,17.49,6.84
363,2024-12-04 01:03:16,425.83,17.49,6.84
364,2024-12-04 01:03:18,427.00,17.49,6.84
365,2024-12-04 01:03:19,428.18,17.49,6.84
366,2024-12-04 01:03:20,429.35,17.49,6.84
367,2024-12-04 01:03:21,430.52,17.49,6.84
368,2024-12-04 01:03:22,431.68,17.49,6.84
369,2024-12-04 01:03:23,432.86,17.49,6.84
370,2024-12-04 01:03:25,434.03,17.49,6.84
371,2024-12-04 01:03:26,435.21,17.49,6.84
372,2024-12-04 01:03:27,436.38,17.49,6.84
373,2024-12-04 01:03:28,437.56,17.49,6.84
374,2024-12-04 01:03:29,438.74,17.49,6.84
375,2024-12-04 01:03:30,439.90,17.49,6.84
376,2024-12-04 01:03:32,441.08,17.49,6.84
377,2024-12-04 01:03:33,442.24,17.49,6.84
378,2024-12-04 01:03:34,443.42,17.49,6.84
379,2024-12-04 01:03:35,444.59,17.49,6.84
380,2024-12-04 01:03:36,445.77,17.49,6.84
381,2024-12-04 01:03:37,446.95,17.49,6.84
382,2024-12-04 01:03:39,448.12,17.49,6.84
383,2024-12-04 01:03:40,449.29,17.49,6.84
384,2024-12-04 01:03:41,450.47,17.49,6.84
385,2024-12-04 01:03:42,451.65,17.49,6.84
386,2024-12-04 01:03:43,452.81,17.49,6.84
387,2024-12-04 01:03:45,453.98,17.49,6.84
388,2024-12-04 01:03:46,455.15,17.49,6.84
389,2024-12-04 01:03:47,456.32,17.49,6.84
390,2024-12-04 01:03:48,457.49,17.49,6.84
391,2024-12-04 01:03:49,458.66,17.49,6.84
392,2024-12-04 01:03:50,459.83,17.49,6.84
393,2024-12-04 01:03:52,461.01,17.49,6.84
394,2024-12-04 01:03:53,462.18,17.49,6.84
395,2024-12-04 01:03:54,463.35,17.49,6.84
396,2024-12-04 01:03:55,464.52,17.49,6.84
397,2024-12-04 01:03:56,465.68,17.49,6.84
398,2024-12-04 01:03:57,466.85,17.49,6.84
399,2024-12-04 01:03:59,468.02,17.49,6.84
400,2024-12-04 01:04:00,469.19,17.49,6.84
401,2024-12-04 01:04:01,470.36,17.49,6.84
402,2024-12-04 01:04:02,471.53,17.49,6.84
403,2024-12-04 01:04:03,472.70,17.49,6.84
404,2024-12-04 01:04:04,473.89,17.49,6.84
405,2024-12-04 01:04:06,475.05,17.49,6.84
406,2024-12-04 01:04:07,476.22,17.49,6.84
407,2024-12-04 01:04:08,477.39,17.49,6.84
408,2024-12-04 01:04:09,478.56,17.49,6.84
409,2024-12-04 01:04:10,479.75,17.49,6.84
410,2024-12-04 01:04:11,480.91,17.49,6.84
411,2024-12-04 01:04:13,482.08,17.49,6.84
412,2024-12-04 01:04:14,483.25,17.49,6.84
413,2024-12-04 01:04:15,484.42,17.49,6.84
414,2024-12-04 01:04:16,485.58,17.49,6.84
415,2024-12-04 01:04:17,486.74,17.49,6.84
416,2024-12-04 01:04:18,487.91,17.49,6.84
417,2024-12-04 01:04:20,489.08,17.49,6.84
418,2024-12-04 01:04:21,490.25,17.49,6.84
419,2024-12-04 01:04:22,491.42,17.49,6.84
420,2024-12-04 01:04:23,492.59,17.49,6.84
421,2024-12-04 01:04:24,493.76,17.49,6.84
422,2024-12-04 01:04:25,494.93,17.49,6.84
423,2024-12-04 01:04:27,496.09,17.49,6.84
424,2024-12-04 01:04:28,497.25,17.49,6.84
425,2024-12-04 01:04:29,498.42,17.49,6.84
426,2024-12-04 01:04:30,499.59,17.49,6.84
427,2024-12-04 01:04:31,500.76,17.49,6.84
428,2024-12-04 01:04:32,501.93,17.49,6.84
429,2024-12-04 01:04:34,503.09,17.49,6.84
430,2024-12-04 01:04:35,504.27,17.49,6.84
431,2024-12-04 01:04:36,505.45,17.49,6.84
432,2024-12-04 01:04:37,506.61,17.49,6.84
433,2024-12-04 01:04:38,507.78,17.49,6.84
434,2024-12-04 01:04:39,508.94,17.49,6.84
435,2024-12-04 01:04:41,510.11,17.49,6.84
436,2024-12-04 01:04:42,511.28,17.49,6.84
437,2024-12-04 01:04:43,512.44,17.49,6.84
438,2024-12-04 01:04:44,513.62,17.49,6.84
439,2024-12-04 01:04:45,514.79,17.49,6.84
440,2024-12-04 01:04:46,515.95,17.49,6.84
441,2024-12-04 01:04:48,517.12,17.49,6.84
442,2024-12-04 01:04:49,518.29,17.49,6.84
443,2024-12-04 01:04:50,519.46,17.49,6.84
444,2024-12-04 01:04:51,520.62,17.49,6.84
445,2024-12-04 01:04:52,521.79,17.49,6.84
446,2024-12-04 01:04:54,522.97,17.49,6.84
447,2024-12-04 01:04:55,524.15,17.49,6.84
448,2024-12-04 01:04:56,525.32,17.49,6.84
449,2024-12-04 01:04:57,526.49,17.49,6.84
450,2024-12-04 01:04:58,527.66,17.49,6.84
451,2024-12-04 01:04:59,528.84,17.49,6.84
452,2024-12-04 01:05:01,530.02,17.49,6.84
453,2024-12-04 01:05:02,531.18,17.49,6.84
454,2024-12-04 01:05:03,532.35,17.49,6.84
455,2024-12-04 01:05:04,533.53,17.49,6.84
456,2024-12-04 01:05:05,534.70,17.49,6.84
457,2024-12-04 01:05:06,535.86,17.49,6.84
458,2024-12-04 01:05:08,537.02,17.49,6.84
459,2024-12-04 01:05:09,538.19,17.49,6.84
460,2024-12-04 01:05:10,539.36,17.49,6.84
461,2024-12-04 01:05:11,540.54,17.49,6.84
462,2024-12-04 01:05:12,541.70,17.49,6.84
463,2024-12-04 01:05:13,542.86,17.49,6.84
464,2024-12-04 01:05:15,544.04,17.49,6.84
465,2024-12-04 01:05:16,545.20,17.49,6.84
466,2024-12-04 01:05:17,546.37,17.49,6.84
467,2024-12-04 01:05:18,547.54,17.49,6.84
468,2024-12-04 01:05:19,548.71,17.49,6.84
469,2024-12-04 01:05:20,549.89,17.49,6.84
470,2024-12-04 01:05:22,551.07,17.49,6.84
471,2024-12-04 01:05:23,552.24,17.49,6.84
472,2024-12-04 01:05:24,553.41,17.49,6.84
473,2024-12-04 01:05:25,554.58,17.49,6.84
474,2024-12-04 01:05:26,555.75,17.49,6.84
475,2024-12-04 01:05:27,556.93,17.49,6.84
476,2024-12-04 01:05:29,558.09,17.49,6.84
477,2024-12-04 01:05:30,559.27,17.49,6.84
478,2024-12-04 01:05:31,560.44,17.49,6.84
479,2024-12-04 01:05:32,561.62,17.49,6.84
480,2024-12-04 01:05:33,562.79,17.49,6.84
481,2024-12-04 01:05:35,563.96,17.49,6.84
482,2024-12-04 01:05:36,565.13,17.49,6.84
483,2024-12-04 01:05:37,566.30,17.49,6.84
484,2024-12-04 01:05:38,567.47,17.49,6.84
485,2024-12-04 01:05:39,568.65,17.49,6.84
486,2024-12-04 01:05:40,569.83,17.49,6.84
487,2024-12-04 01:05:42,570.99,17.49,6.84
488,2024-12-04 01:05:43,572.17,17.49,6.84
489,2024-12-04 01:05:44,573.34,17.49,6.84
490,2024-12-04 01:05:45,574.52,17.49,6.84
491,2024-12-04 01:05:46,575.69,17.49,6.84
492,2024-12-04 01:05:47,576.87,17.49,6.84
493,2024-12-04 01:05:49,578.03,17.49,6.84
494,2024-12-04 01:05:50,579.20,17.49,6.84
495,2024-12-04 01:05:51,580.38,17.49,6.84
496,2024-12-04 01:05:52,581.56,17.49,6.84
497,2024-12-04 01:05:53,582.73,17.49,6.84
498,2024-12-04 01:05:54,583.91,17.49,6.84
499,2024-12-04 01:05:56,585.07,17.49,6.84
500,2024-12-04 01:05:57,586.26,17.49,6.84
501,2024-12-04 01:05:58,587.43,17.49,6.84
502,2024-12-04 01:05:59,588.61,17.49,6.84
503,2024-12-04 01:06:00,589.77,17.49,6.84
504,2024-12-04 01:06:01,590.95,17.49,6.84
505,2024-12-04 01:06:03,592.12,17.49,6.84
506,2024-12-04 01:06:04,593.30,17.49,6.84
507,2024-12-04 01:06:05,594.47,17.49,6.84
508,2024-12-04 01:06:06,595.65,17.49,6.84
509,2024-12-04 01:06:07,596.83,17.49,6.84
510,2024-12-04 01:06:09,597.99,17.49,6.84
511,2024-12-04 01:06:10,599.16,17.49,6.84
512,2024-12-04 01:06:11,600.34,17.49,6.84
513,2024-12-04 01:06:12,601.51,17.49,6.84
514,2024-12-04 01:06:13,602.67,17.49,6.84
515,2024-12-04 01:06:14,603.84,17.49,6.84
516,2024-12-04 01:06:16,605.01,17.49,6.84
517,2024-12-04 01:06:17,606.18,17.49,6.84
518,2024-12-04 01:06:18,607.34,17.49,6.84
519,2024-12-04 01:06:19,608.49,17.49,6.84
520,2024-12-04 01:06:20,609.67,17.49,6.84
521,2024-12-04 01:06:21,610.84,17.49,6.84
522,2024-12-04 01:06:23,612.02,17.49,6.84
523,2024-12-04 01:06:24,613.19,17.49,6.84
524,2024-12-04 01:06:25,614.36,17.49,6.84
525,2024-12-04 01:06:26,615.53,17.49,6.84
526,2024-12-04 01:06:27,616.70,17.49,6.84
527,2024-12-04 01:06:28,617.87,17.49,6.84
528,2024-12-04 01:06:30,619.04,17.49,6.84
529,2024-12-04 01:06:31,620.22,17.49,6.84
530,2024-12-04 01:06:32,621.39,17.49,6.84
531,2024-12-04 01:06:33,622.57,17.49,6.84
532,2024-12-04 01:06:34,623.74,17.49,6.84
533,2024-12-04 01:06:35,624.90,17.49,6.84
534,2024-12-04 01:06:37,626.07,17.49,6.84
535,2024-12-04 01:06:38,627.25,17.49,6.84
536,2024-12-04 01:06:39,628.42,17.49,6.84
537,2024-12-04 01:06:40,629.59,17.49,6.84
538,2024-12-04 01:06:41,630.77,17.49,6.84
539,2024-12-04 01:06:42,631.95,17.49,6.84
540,2024-12-04 01:06:44,633.12,17.49,6.84
541,2024-12-04 01:06:45,634.29,17.49,6.84
542,2024-12-04 01:06:46,635.45,17.49,6.84
543,2024-12-04 01:06:47,636.62,17.49,6.84
544,2024-12-04 01:06:48,637.80,17.49,6.84
545,2024-12-04 01:06:50,638.98,17.49,6.84
546,2024-12-04 01:06:51,640.14,17.49,6.84
547,2024-12-04 01:06:52,641.32,17.49,6.84
548,2024-12-04 01:06:53,642.49,17.49,6.84
549,2024-12-04 01:06:54,643.66,17.49,6.84
550,2024-12-04 01:06:55,644.84,17.49,6.84
551,2024-12-04 01:06:57,646.02,17.49,6.84
552,2024-12-04 01:06:58,647.18,17.49,6.84
553,2024-12-04 01:06:59,648.36,17.49,6.84
554,2024-12-04 01:07:00,649.54,17.49,6.84
555,2024-12-04 01:07:01,650.72,17.49,6.84
556,2024-12-04 01:07:02,651.88,17.49,6.84
557,2024-12-04 01:07:04,653.06,17.49,6.84
558,2024-12-04 01:07:05,654.23,17.49,6.84
559,2024-12-04 01:07:06,655.40,17.49,6.84
560,2024-12-04 01:07:07,656.57,17.49,6.84
561,2024-12-04 01:07:08,657.73,17.49,6.84
562,2024-12-04 01:07:09,658.90,17.49,6.84
563,2024-12-04 01:07:11,660.08,17.49,6.84
564,2024-12-04 01:07:12,661.25,17.49,6.84
565,2024-12-04 01:07:13,662.42,17.49,6.84
566,2024-12-04 01:07:14,663.60,17.49,6.84
567,2024-12-04 01:07:15,664.77,17.49,6.84
568,2024-12-04 01:07:16,665.94,17.49,6.84
569,2024-12-04 01:07:18,667.12,17.49,6.84
570,2024-12-04 01:07:19,668.30,17.49,6.84
571,2024-12-04 01:07:20,669.46,17.49,6.84
572,2024-12-04 01:07:21,670.63,17.49,6.84
573,2024-12-04 01:07:22,671.80,17.49,6.84
574,2024-12-04 01:07:24,672.97,17.49,6.84
575,2024-12-04 01:07:25,674.14,17.49,6.84
576,2024-12-04 01:07:26,675.30,17.49,6.84
577,2024-12-04 01:07:27,676.47,17.49,6.84
578,2024-12-04 01:07:28,677.63,17.49,6.84
579,2024-12-04 01:07:29,678.80,17.49,6.84
580,2024-12-04 01:07:31,679.97,17.49,6.84
581,2024-12-04 01:07:32,681.15,17.49,6.84
582,2024-12-04 01:07:33,682.32,17.49,6.84
583,2024-12-04 01:07:34,683.49,17.49,6.84
584,2024-12-04 01:07:35,684.66,17.49,6.84
585,2024-12-04 01:07:36,685.83,17.49,6.84
586,2024-12-04 01:07:38,686.99,17.49,6.84
587,2024-12-04 01:07:39,688.16,17.49,6.84
588,2024-12-04 01:07:40,689.32,17.49,6.84
589,2024-12-04 01:07:41,690.49,17.49,6.84
590,2024-12-04 01:07:42,691.65,17.49,6.85
591,2024-12-04 01:07:43,692.82,17.49,6.84
592,2024-12-04 01:07:45,693.99,17.49,6.84
593,2024-12-04 01:07:46,695.16,17.49,6.84
594,2024-12-04 01:07:47,696.34,17.49,6.84
595,2024-12-04 01:07:48,697.51,17.49,6.84
596,2024-12-04 01:07:49,698.68,17.49,6.84
597,2024-12-04 01:07:50,699.86,17.49,6.84
598,2024-12-04 01:07:52,701.03,17.49,6.84
599,2024-12-04 01:07:53,702.21,17.49,6.84
600,2024-12-04 01:07:54,703.37,17.49,6.84
601,2024-12-04 01:07:55,704.54,17.49,6.84
602,2024-12-04 01:07:56,705.71,17.49,6.84
603,2024-12-04 01:07:57,706.89,17.49,6.84
604,2024-12-04 01:07:59,708.06,17.49,6.84
605,2024-12-04 01:08:00,709.23,17.49,6.84
606,2024-12-04 01:08:01,710.40,17.49,6.84
607,2024-12-04 01:08:02,711.57,17.49,6.84
608,2024-12-04 01:08:03,712.73,17.49,6.84
609,2024-12-04 01:08:04,713.90,17.49,6.84
610,2024-12-04 01:08:06,715.07,17.49,6.84
611,2024-12-04 01:08:07,716.24,17.49,6.84
612,2024-12-04 01:08:08,717.41,17.49,6.84
613,2024-12-04 01:08:09,718.57,17.49,6.84
614,2024-12-04 01:08:10,719.74,17.49,6.84
615,2024-12-04 01:08:11,720.91,17.49,6.84
616,2024-12-04 01:08:13,722.08,17.49,6.84
617,2024-12-04 01:08:14,723.26,17.49,6.84
618,2024-12-04 01:08:15,724.44,17.49,6.84
619,2024-12-04 01:08:16,725.61,17.49,6.84
620,2024-12-04 01:08:17,726.78,17.49,6.84
621,2024-12-04 01:08:19,727.96,17.49,6.84
622,2024-12-04 01:08:20,729.13,17.49,6.84
623,2024-12-04 01:08:21,730.31,17.49,6.84
624,2024-12-04 01:08:22,731.49,17.49,6.84
625,2024-12-04 01:08:23,732.67,17.49,6.84
626,2024-12-04 01:08:24,733.83,17.49,6.84
627,2024-12-04 01:08:26,735.00,17.49,6.84
628,2024-12-04 01:08:27,736.18,17.49,6.84
629,2024-12-04 01:08:28,737.34,17.49,6.84
630,2024-12-04 01:08:29,738.51,17.49,6.84
631,2024-12-04 01:08:30,739.69,17.49,6.84
632,2024-12-04 01:08:31,740.87,17.49,6.84
633,2024-12-04 01:08:33,742.04,17.49,6.84
634,2024-12-04 01:08:34,743.21,17.49,6.84
635,2024-12-04 01:08:35,744.37,17.49,6.84
636,2024-12-04 01:08:36,745.54,17.49,6.84
637,2024-12-04 01:08:37,746.71,17.49,6.84
638,2024-12-04 01:08:38,747.88,17.49,6.84
639,2024-12-04 01:08:40,749.04,17.49,6.84
640,2024-12-04 01:08:41,750.21,17.49,6.84
641,2024-12-04 01:08:42,751.39,17.49,6.84
642,2024-12-04 01:08:43,752.56,17.49,6.84
643,2024-12-04 01:08:44,753.73,17.49,6.84
644,2024-12-04 01:08:45,754.89,17.49,6.84
645,2024-12-04 01:08:47,756.07,17.49,6.84
646,2024-12-04 01:08:48,757.24,17.49,6.84
647,2024-12-04 01:08:49,758.41,17.49,6.84
648,2024-12-04 01:08:50,759.58,17.49,6.84
649,2024-12-04 01:08:51,760.75,17.49,6.84
650,2024-12-04 01:08:52,761.93,17.49,6.84
651,2024-12-04 01:08:54,763.09,17.49,6.84
652,2024-12-04 01:08:55,764.27,17.49,6.84
653,2024-12-04 01:08:56,765.44,17.49,6.84
654,2024-12-04 01:08:57,766.62,17.49,6.84
655,2024-12-04 01:08:58,767.78,17.49,6.84
656,2024-12-04 01:09:00,768.97,17.49,6.84
657,2024-12-04 01:09:01,770.13,17.49,6.84
658,2024-12-04 01:09:02,771.30,17.49,6.84
659,2024-12-04 01:09:03,772.46,17.49,6.84
660,2024-12-04 01:09:04,773.62,17.49,6.84
661,2024-12-04 01:09:05,774.80,17.49,6.84
662,2024-12-04 01:09:07,775.96,17.49,6.84
663,2024-12-04 01:09:08,777.13,17.49,6.84
664,2024-12-04 01:09:09,778.30,17.49,6.84
665,2024-12-04 01:09:10,779.47,17.49,6.84
666,2024-12-04 01:09:11,780.64,17.49,6.84
667,2024-12-04 01:09:12,781.80,17.49,6.84
668,2024-12-04 01:09:14,782.97,17.49,6.84
669,2024-12-04 01:09:15,784.14,17.49,6.84
670,2024-12-04 01:09:16,785.32,17.49,6.84
671,2024-12-04 01:09:17,786.48,17.49,6.84
672,2024-12-04 01:09:18,787.66,17.49,6.84
673,2024-12-04 01:09:19,788.83,17.49,6.84
674,2024-12-04 01:09:21,790.01,17.49,6.84
675,2024-12-04 01:09:22,791.17,17.49,6.84
676,2024-12-04 01:09:23,792.34,17.49,6.84
677,2024-12-04 01:09:24,793.52,17.49,6.84
678,2024-12-04 01:09:25,794.69,17.49,6.84
679,2024-12-04 01:09:26,795.87,17.49,6.84
680,2024-12-04 01:09:28,797.04,17.49,6.84
681,2024-12-04 01:09:29,798.21,17.49,6.84
682,2024-12-04 01:09:30,799.37,17.49,6.84
683,2024-12-04 01:09:31,800.54,17.49,6.84
684,2024-12-04 01:09:32,801.70,17.49,6.84
685,2024-12-04 01:09:33,802.87,17.49,6.84
686,2024-12-04 01:09:35,804.04,17.49,6.84
687,2024-12-04 01:09:36,805.21,17.49,6.84
688,2024-12-04 01:09:37,806.39,17.49,6.84
689,2024-12-04 01:09:38,807.57,17.49,6.84
690,2024-12-04 01:09:39,808.74,17.49,6.84
691,2024-12-04 01:09:40,809.92,17.49,6.84
692,2024-12-04 01:09:42,811.08,17.49,6.84
693,2024-12-04 01:09:43,812.25,17.49,6.84
694,2024-12-04 01:09:44,813.41,17.49,6.84
695,2024-12-04 01:09:45,814.59,17.49,6.84
696,2024-12-04 01:09:46,815.75,17.49,6.84
697,2024-12-04 01:09:47,816.93,17.49,6.84
698,2024-12-04 01:09:49,818.11,17.49,6.84
699,2024-12-04 01:09:50,819.28,17.49,6.84
700,2024-12-04 01:09:51,820.46,17.49,6.84
701,2024-12-04 01:09:52,821.62,17.49,6.84
702,2024-12-04 01:09:53,822.78,17.49,6.84
703,2024-12-04 01:09:54,823.95,17.49,6.84
704,2024-12-04 01:09:56,825.12,17.49,6.84
705,2024-12-04 01:09:57,826.28,17.49,6.84
706,2024-12-04 01:09:58,827.45,17.49,6.84
707,2024-12-04 01:09:59,828.63,17.49,6.84
708,2024-12-04 01:10:00,829.80,17.49,6.84
709,2024-12-04 01:10:02,830.96,17.49,6.84
710,2024-12-04 01:10:03,832.12,17.49,6.84
711,2024-12-04 01:10:04,833.29,17.49,6.84
712,2024-12-04 01:10:05,834.46,17.49,6.84
713,2024-12-04 01:10:06,835.62,17.49,6.84
714,2024-12-04 01:10:07,836.78,17.49,6.84
715,2024-12-04 01:10:08,837.95,17.49,6.84
716,2024-12-04 01:10:10,839.12,17.49,6.84
717,2024-12-04 01:10:11,840.29,17.49,6.84
718,2024-12-04 01:10:12,841.46,17.49,6.84
719,2024-12-04 01:10:13,842.63,17.49,6.84
720,2024-12-04 01:10:14,843.80,17.49,6.84
721,2024-12-04 01:10:16,844.98,17.49,6.84
722,2024-12-04 01:10:17,846.15,17.49,6.84
723,2024-12-04 01:10:18,847.32,17.49,6.84
724,2024-12-04 01:10:19,848.50,17.49,6.84
725,2024-12-04 01:10:20,849.67,17.49,6.84
726,2024-12-04 01:10:21,850.84,17.49,6.84
727,2024-12-04 01:10:23,852.01,17.49,6.84
728,2024-12-04 01:10:24,853.19,17.49,6.84
729,2024-12-04 01:10:25,854.36,17.49,6.84
730,2024-12-04 01:10:26,855.55,17.49,6.84
731,2024-12-04 01:10:27,856.72,17.49,6.84
732,2024-12-04 01:10:28,857.89,17.49,6.84
733,2024-12-04 01:10:30,859.06,17.49,6.84
734,2024-12-04 01:10:31,860.24,17.49,6.84
735,2024-12-04 01:10:32,861.41,17.49,6.84
736,2024-12-04 01:10:33,862.58,17.49,6.84
737,2024-12-04 01:10:34,863.74,17.49,6.84
738,2024-12-04 01:10:35,864.90,17.49,6.84
739,2024-12-04 01:10:37,866.07,17.49,6.84
740,2024-12-04 01:10:38,867.25,17.49,6.84
741,2024-12-04 01:10:39,868.41,17.49,6.84
742,2024-12-04 01:10:40,869.57,17.49,6.84
743,2024-12-04 01:10:41,870.73,17.49,6.84
744,2024-12-04 01:10:42,871.90,17.49,6.84
745,2024-12-04 01:10:44,873.06,17.49,6.84
746,2024-12-04 01:10:45,874.23,17.49,6.84
747,2024-12-04 01:10:46,875.40,17.49,6.84
748,2024-12-04 01:10:47,876.56,17.49,6.84
749,2024-12-04 01:10:48,877.72,17.49,6.84
750,2024-12-04 01:10:49,878.89,17.49,6.84
751,2024-12-04 01:10:51,880.06,17.49,6.84
752,2024-12-04 01:10:52,881.23,17.49,6.84
753,2024-12-04 01:10:53,882.39,17.49,6.84
754,2024-12-04 01:10:54,883.56,17.49,6.84
755,2024-12-04 01:10:55,884.74,17.49,6.84
756,2024-12-04 01:10:56,885.90,17.49,6.84
757,2024-12-04 01:10:58,887.07,17.49,6.84
758,2024-12-04 01:10:59,888.24,17.49,6.84
759,2024-12-04 01:11:00,889.41,17.49,6.84
760,2024-12-04 01:11:01,890.57,17.49,6.84
761,2024-12-04 01:11:02,891.74,17.49,6.84
762,2024-12-04 01:11:03,892.92,17.49,6.84
763,2024-12-04 01:11:05,894.08,17.49,6.84
764,2024-12-04 01:11:06,895.25,17.49,6.84
765,2024-12-04 01:11:07,896.42,17.49,6.84
766,2024-12-04 01:11:08,897.59,17.49,6.84
767,2024-12-04 01:11:09,898.76,17.49,6.84
768,2024-12-04 01:11:10,899.94,17.49,6.84
769,2024-12-04 01:11:12,901.10,17.49,6.84
770,2024-12-04 01:11:13,902.26,17.49,6.84
771,2024-12-04 01:11:14,903.42,17.49,6.84
772,2024-12-04 01:11:15,904.59,17.49,6.84
773,2024-12-04 01:11:16,905.75,17.49,6.84
774,2024-12-04 01:11:17,906.92,17.49,6.84
775,2024-12-04 01:11:19,908.09,17.49,6.84
776,2024-12-04 01:11:20,909.26,17.49,6.84
777,2024-12-04 01:11:21,910.42,17.49,6.84
778,2024-12-04 01:11:22,911.59,17.49,6.84
779,2024-12-04 01:11:23,912.77,17.49,6.84
780,2024-12-04 01:11:24,913.94,17.49,6.84
781,2024-12-04 01:11:26,915.12,17.49,6.84
782,2024-12-04 01:11:27,916.28,17.49,6.84
783,2024-12-04 01:11:28,917.45,17.49,6.84
784,2024-12-04 01:11:29,918.62,17.49,6.84
785,2024-12-04 01:11:30,919.78,17.49,6.84
786,2024-12-04 01:11:31,920.95,17.49,6.84
787,2024-12-04 01:11:33,922.12,17.49,6.84
788,2024-12-04 01:11:34,923.30,17.49,6.84
789,2024-12-04 01:11:35,924.47,17.49,6.84
790,2024-12-04 01:11:36,925.63,17.49,6.84
791,2024-12-04 01:11:37,926.81,17.49,6.84
792,2024-12-04 01:11:39,927.97,17.49,6.84
793,2024-12-04 01:11:40,929.14,17.49,6.84
794,2024-12-04 01:11:41,930.30,17.49,6.84
795,2024-12-04 01:11:42,931.46,17.49,6.84
796,2024-12-04 01:11:43,932.63,17.49,6.84
797,2024-12-04 01:11:44,933.80,17.49,6.84
798,2024-12-04 01:11:46,934.96,17.49,6.84
799,2024-12-04 01:11:47,936.13,17.49,6.84
800,2024-12-04 01:11:48,937.30,17.49,6.84
801,2024-12-04 01:11:49,938.46,17.49,6.84
802,2024-12-04 01:11:50,939.63,17.49,6.84
803,2024-12-04 01:11:51,940.81,17.49,6.84
804,2024-12-04 01:11:53,941.98,17.49,6.84
805,2024-12-04 01:11:54,943.15,17.49,6.84
806,2024-12-04 01:11:55,944.33,17.49,6.84
807,2024-12-04 01:11:56,945.50,17.49,6.84
808,2024-12-04 01:11:57,946.66,17.49,6.84
809,2024-12-04 01:11:58,947.83,17.49,6.84
810,2024-12-04 01:12:00,948.99,17.49,6.84
811,2024-12-04 01:12:01,950.16,17.49,6.84
812,2024-12-04 01:12:02,951.32,17.49,6.84
813,2024-12-04 01:12:03,952.49,17.49,6.84
814,2024-12-04 01:12:04,953.66,17.49,6.84
815,2024-12-04 01:12:05,954.83,17.49,6.84
816,2024-12-04 01:12:07,956.01,17.49,6.84
817,2024-12-04 01:12:08,957.18,17.49,6.84
818,2024-12-04 01:12:09,958.35,17.49,6.84
819,2024-12-04 01:12:10,959.51,17.49,6.84
820,2024-12-04 01:12:11,960.68,17.49,6.84
821,2024-12-04 01:12:12,961.84,17.49,6.84
822,2024-12-04 01:12:14,963.02,17.49,6.84
823,2024-12-04 01:12:15,964.18,17.49,6.84
824,2024-12-04 01:12:16,965.36,17.49,6.84
825,2024-12-04 01:12:17,966.52,17.49,6.84
826,2024-12-04 01:12:18,967.68,17.49,6.84
827,2024-12-04 01:12:19,968.86,17.49,6.84
828,2024-12-04 01:12:21,970.03,17.49,6.84
829,2024-12-04 01:12:22,971.19,17.49,6.84
830,2024-12-04 01:12:23,972.36,17.49,6.84
831,2024-12-04 01:12:24,973.53,17.49,6.84
832,2024-12-04 01:12:25,974.69,17.49,6.84
833,2024-12-04 01:12:26,975.85,17.49,6.84
834,2024-12-04 01:12:28,977.02,17.49,6.84
835,2024-12-04 01:12:29,978.18,17.49,6.84
836,2024-12-04 01:12:30,979.34,17.49,6.84
837,2024-12-04 01:12:31,980.51,17.49,6.84
838,2024-12-04 01:12:32,981.68,17.49,6.84
839,2024-12-04 01:12:33,982.85,17.49,6.84
840,2024-12-04 01:12:35,984.01,17.49,6.84
841,2024-12-04 01:12:36,985.18,17.49,6.84
842,2024-12-04 01:12:37,986.35,17.49,6.84
843,2024-12-04 01:12:38,987.52,17.49,6.84
844,2024-12-04 01:12:39,988.68,17.49,6.84
845,2024-12-04 01:12:40,989.86,17.49,6.84
846,2024-12-04 01:12:42,991.02,17.49,6.84
847,2024-12-04 01:12:43,992.19,17.49,6.84
848,2024-12-04 01:12:44,993.36,17.49,6.84
849,2024-12-04 01:12:45,994.53,17.49,6.84
850,2024-12-04 01:12:46,995.70,17.49,6.84
851,2024-12-04 01:12:47,996.87,17.49,6.84
852,2024-12-04 01:12:49,998.03,17.49,6.84
853,2024-12-04 01:12:50,999.20,17.49,6.84
854,2024-12-04 01:12:51,1000.37,17.49,6.84
855,2024-12-04 01:12:52,1001.54,17.49,6.84
856,2024-12-04 01:12:53,1002.71,17.49,6.84
857,2024-12-04 01:12:54,1003.87,17.49,6.84
858,2024-12-04 01:12:56,1005.03,17.49,6.84
859,2024-12-04 01:12:57,1006.19,17.49,6.84
860,2024-12-04 01:12:58,1007.37,17.49,6.84
861,2024-12-04 01:12:59,1008.54,17.49,6.84
862,2024-12-04 01:13:00,1009.72,17.49,6.84
863,2024-12-04 01:13:01,1010.88,17.49,6.84
864,2024-12-04 01:13:03,1012.05,17.49,6.84
865,2024-12-04 01:13:04,1013.22,17.49,6.84
866,2024-12-04 01:13:05,1014.38,17.49,6.84
867,2024-12-04 01:13:06,1015.55,17.49,6.84
868,2024-12-04 01:13:07,1016.71,17.49,6.84
869,2024-12-04 01:13:08,1017.88,17.49,6.84
870,2024-12-04 01:13:10,1019.05,17.49,6.84
871,2024-12-04 01:13:11,1020.22,17.49,6.84
872,2024-12-04 01:13:12,1021.39,17.49,6.84
873,2024-12-04 01:13:13,1022.56,17.49,6.84
874,2024-12-04 01:13:14,1023.73,17.49,6.84
875,2024-12-04 01:13:15,1024.90,17.49,6.84
876,2024-12-04 01:13:17,1026.08,17.49,6.84
877,2024-12-04 01:13:18,1027.25,17.49,6.84
878,2024-12-04 01:13:19,1028.42,17.49,6.84
879,2024-12-04 01:13:20,1029.59,17.49,6.84
880,2024-12-04 01:13:21,1030.77,17.49,6.84
881,2024-12-04 01:13:22,1031.94,17.49,6.84
882,2024-12-04 01:13:24,1033.11,17.49,6.84
883,2024-12-04 01:13:25,1034.28,17.49,6.84
884,2024-12-04 01:13:26,1035.45,17.49,6.84
885,2024-12-04 01:13:27,1036.63,17.49,6.84
886,2024-12-04 01:13:28,1037.80,17.49,6.84
887,2024-12-04 01:13:30,1038.97,17.49,6.84
888,2024-12-04 01:13:31,1040.16,17.49,6.84
889,2024-12-04 01:13:32,1041.33,17.49,6.84
890,2024-12-04 01:13:33,1042.49,17.49,6.84
891,2024-12-04 01:13:34,1043.67,17.49,6.84
892,2024-12-04 01:13:35,1044.85,17.49,6.84
893,2024-12-04 01:13:37,1046.02,17.49,6.84
894,2024-12-04 01:13:38,1047.19,17.49,6.84
895,2024-12-04 01:13:39,1048.36,17.49,6.84
896,2024-12-04 01:13:40,1049.54,17.49,6.84
897,2024-12-04 01:13:41,1050.71,17.49,6.84
898,2024-12-04 01:13:42,1051.88,17.49,6.84
899,2024-12-04 01:13:44,1053.05,17.49,6.84
900,2024-12-04 01:13:45,1054.23,17.49,6.84
901,2024-12-04 01:13:46,1055.40,17.49,6.84
902,2024-12-04 01:13:47,1056.57,17.49,6.84
903,2024-12-04 01:13:48,1057.74,17.49,6.84
904,2024-12-04 01:13:49,1058.92,17.49,6.84
905,2024-12-04 01:13:51,1060.08,17.49,6.84
906,2024-12-04 01:13:52,1061.25,17.49,6.84
907,2024-12-04 01:13:53,1062.42,17.49,6.84
908,2024-12-04 01:13:54,1063.58,17.49,6.84
909,2024-12-04 01:13:55,1064.76,17.49,6.84
910,2024-12-04 01:13:56,1065.93,17.49,6.84
911,2024-12-04 01:13:58,1067.09,17.49,6.84
912,2024-12-04 01:13:59,1068.26,17.49,6.84
913,2024-12-04 01:14:00,1069.43,17.49,6.84
914,2024-12-04 01:14:01,1070.59,17.49,6.84
915,2024-12-04 01:14:02,1071.76,17.49,6.84
916,2024-12-04 01:14:03,1072.92,17.49,6.84
917,2024-12-04 01:14:05,1074.09,17.49,6.84
918,2024-12-04 01:14:06,1075.26,17.49,6.84
919,2024-12-04 01:14:07,1076.42,17.49,6.84
920,2024-12-04 01:14:08,1077.60,17.49,6.84
921,2024-12-04 01:14:09,1078.77,17.49,6.84
922,2024-12-04 01:14:10,1079.94,17.49,6.84
923,2024-12-04 01:14:12,1081.12,17.49,6.84
924,2024-12-04 01:14:13,1082.29,17.49,6.84
925,2024-12-04 01:14:14,1083.46,17.49,6.84
926,2024-12-04 01:14:15,1084.63,17.49,6.84
927,2024-12-04 01:14:16,1085.80,17.49,6.84
928,2024-12-04 01:14:18,1086.96,17.49,6.84
929,2024-12-04 01:14:19,1088.13,17.49,6.84
930,2024-12-04 01:14:20,1089.30,17.49,6.84
931,2024-12-04 01:14:21,1090.48,17.49,6.84
932,2024-12-04 01:14:22,1091.66,17.49,6.84
933,2024-12-04 01:14:23,1092.83,17.49,6.84
934,2024-12-04 01:14:25,1094.01,17.49,6.84
935,2024-12-04 01:14:26,1095.18,17.49,6.84
936,2024-12-04 01:14:27,1096.35,17.49,6.84
937,2024-12-04 01:14:28,1097.52,17.49,6.84
938,2024-12-04 01:14:29,1098.69,17.49,6.84
939,2024-12-04 01:14:30,1099.87,17.49,6.84
940,2024-12-04 01:14:32,1101.03,17.49,6.84
941,2024-12-04 01:14:33,1102.20,17.49,6.84
942,2024-12-04 01:14:34,1103.36,17.49,6.84
943,2024-12-04 01:14:35,1104.53,17.49,6.84
944,2024-12-04 01:14:36,1105.71,17.49,6.84
945,2024-12-04 01:14:37,1106.88,17.49,6.84
946,2024-12-04 01:14:39,1108.05,17.49,6.84
947,2024-12-04 01:14:40,1109.22,17.49,6.84
948,2024-12-04 01:14:41,1110.39,17.49,6.84
949,2024-12-04 01:14:42,1111.55,17.49,6.84
950,2024-12-04 01:14:43,1112.73,17.49,6.84
951,2024-12-04 01:14:44,1113.89,17.49,6.84
952,2024-12-04 01:14:46,1115.07,17.49,6.84
953,2024-12-04 01:14:47,1116.24,17.49,6.84
954,2024-12-04 01:14:48,1117.41,17.49,6.84
955,2024-12-04 01:14:49,1118.57,17.49,6.84
956,2024-12-04 01:14:50,1119.74,17.49,6.84
957,2024-12-04 01:14:51,1120.91,17.49,6.84
958,2024-12-04 01:14:53,1122.09,17.49,6.84
959,2024-12-04 01:14:54,1123.25,17.49,6.84
960,2024-12-04 01:14:55,1124.43,17.49,6.84
961,2024-12-04 01:14:56,1125.59,17.49,6.84
962,2024-12-04 01:14:57,1126.76,17.49,6.84
963,2024-12-04 01:14:58,1127.94,17.49,6.84
964,2024-12-04 01:15:00,1129.10,17.49,6.84
965,2024-12-04 01:15:01,1130.27,17.49,6.84
966,2024-12-04 01:15:02,1131.44,17.49,6.84
967,2024-12-04 01:15:03,1132.61,17.49,6.84
968,2024-12-04 01:15:04,1133.78,17.49,6.84
969,2024-12-04 01:15:06,1134.96,17.49,6.84
970,2024-12-04 01:15:07,1136.14,17.49,6.84
971,2024-12-04 01:15:08,1137.31,17.49,6.84
972,2024-12-04 01:15:09,1138.48,17.49,6.84
973,2024-12-04 01:15:10,1139.64,17.49,6.84
974,2024-12-04 01:15:11,1140.80,17.49,6.84
975,2024-12-04 01:15:13,1141.97,17.49,6.84
976,2024-12-04 01:15:14,1143.13,17.49,6.84
977,2024-12-04 01:15:15,1144.30,17.49,6.84
978,2024-12-04 01:15:16,1145.48,17.49,6.84
979,2024-12-04 01:15:17,1146.65,17.49,6.84
980,2024-12-04 01:15:18,1147.82,17.49,6.84
981,2024-12-04 01:15:20,1148.99,17.49,6.84
982,2024-12-04 01:15:21,1150.17,17.49,6.84
983,2024-12-04 01:15:22,1151.33,17.49,6.84
984,2024-12-04 01:15:23,1152.51,17.49,6.84
985,2024-12-04 01:15:24,1153.67,17.49,6.84
986,2024-12-04 01:15:25,1154.84,17.49,6.84
987,2024-12-04 01:15:27,1156.01,17.49,6.84
988,2024-12-04 01:15:28,1157.18,17.49,6.84
989,2024-12-04 01:15:29,1158.34,17.49,6.84
990,2024-12-04 01:15:30,1159.50,17.49,6.84
991,2024-12-04 01:15:31,1160.67,17.49,6.84
992,2024-12-04 01:15:32,1161.83,17.49,6.84
993,2024-12-04 01:15:34,1163.00,17.49,6.84
994,2024-12-04 01:15:35,1164.17,17.49,6.84
995,2024-12-04 01:15:36,1165.35,17.49,6.84
996,2024-12-04 01:15:37,1166.52,17.49,6.84
997,2024-12-04 01:15:38,1167.69,17.49,6.84
998,2024-12-04 01:15:39,1168.87,17.49,6.84
999,2024-12-04 01:15:41,1170.04,17.49,6.84
1000,2024-12-04 01:15:42,1171.22,17.49,6.84
1001,2024-12-04 01:15:43,1172.38,17.49,6.84
1002,2024-12-04 01:15:44,1173.54,17.49,6.84
1003,2024-12-04 01:15:45,1174.71,17.49,6.84
1004,2024-12-04 01:15:46,1175.88,17.49,6.84
1005,2024-12-04 01:15:48,1177.05,17.49,6.84
1006,2024-12-04 01:15:49,1178.21,17.49,6.84
1007,2024-12-04 01:15:50,1179.37,17.49,6.84
1008,2024-12-04 01:15:51,1180.54,17.49,6.84
1009,2024-12-04 01:15:52,1181.69,17.49,6.84
1010,2024-12-04 01:15:53,1182.86,17.49,6.84
1011,2024-12-04 01:15:55,1184.02,17.49,6.84
1012,2024-12-04 01:15:56,1185.19,17.49,6.84
1013,2024-12-04 01:15:57,1186.36,17.49,6.84
1014,2024-12-04 01:15:58,1187.52,17.49,6.84
1015,2024-12-04 01:15:59,1188.68,17.49,6.84
1016,2024-12-04 01:16:00,1189.86,17.49,6.84
1017,2024-12-04 01:16:02,1191.02,17.49,6.84
1018,2024-12-04 01:16:03,1192.18,17.49,6.84
1019,2024-12-04 01:16:04,1193.35,17.49,6.84
1020,2024-12-04 01:16:05,1194.52,17.49,6.84
1021,2024-12-04 01:16:06,1195.69,17.49,6.84
1022,2024-12-04 01:16:07,1196.87,17.49,6.84
1023,2024-12-04 01:16:09,1198.03,17.49,6.84
1024,2024-12-04 01:16:10,1199.19,17.49,6.84
1025,2024-12-04 01:16:11,1200.36,17.49,6.84
1026,2024-12-04 01:16:12,1201.52,17.49,6.84
1027,2024-12-04 01:16:13,1202.68,17.49,6.84
1028,2024-12-04 01:16:14,1203.84,17.49,6.84
1029,2024-12-04 01:16:16,1205.00,17.49,6.84
1030,2024-12-04 01:16:17,1206.18,17.49,6.84
1031,2024-12-04 01:16:18,1207.34,17.49,6.84
1032,2024-12-04 01:16:19,1208.50,17.49,6.84
1033,2024-12-04 01:16:20,1209.67,17.49,6.84
1034,2024-12-04 01:16:21,1210.85,17.49,6.84
1035,2024-12-04 01:16:23,1212.02,17.49,6.84
1036,2024-12-04 01:16:24,1213.18,17.49,6.84
1037,2024-12-04 01:16:25,1214.35,17.49,6.84
1038,2024-12-04 01:16:26,1215.52,17.49,6.84
1039,2024-12-04 01:16:27,1216.70,17.49,6.84
1040,2024-12-04 01:16:28,1217.88,17.49,6.84
1041,2024-12-04 01:16:30,1219.05,17.49,6.84
1042,2024-12-04 01:16:31,1220.23,17.49,6.84
1043,2024-12-04 01:16:32,1221.41,17.49,6.84
1044,2024-12-04 01:16:33,1222.58,17.49,6.84
1045,2024-12-04 01:16:34,1223.75,17.49,6.84
1046,2024-12-04 01:16:35,1224.94,17.49,6.84
1047,2024-12-04 01:16:37,1226.12,17.49,6.84
1048,2024-12-04 01:16:38,1227.28,17.49,6.84
1049,2024-12-04 01:16:39,1228.46,17.49,6.84
1050,2024-12-04 01:16:40,1229.63,17.49,6.84
1051,2024-12-04 01:16:41,1230.80,17.49,6.84
1052,2024-12-04 01:16:43,1231.98,17.49,6.84
1053,2024-12-04 01:16:44,1233.15,17.49,6.84
1054,2024-12-04 01:16:45,1234.33,17.49,6.84
1055,2024-12-04 01:16:46,1235.50,17.49,6.84
1056,2024-12-04 01:16:47,1236.67,17.49,6.84
1057,2024-12-04 01:16:48,1237.85,17.49,6.84
1058,2024-12-04 01:16:50,1239.02,17.49,6.84
1059,2024-12-04 01:16:51,1240.19,17.49,6.84
1060,2024-12-04 01:16:52,1241.36,17.49,6.84
1061,2024-12-04 01:16:53,1242.54,17.49,6.84
1062,2024-12-04 01:16:54,1243.70,17.49,6.84
1063,2024-12-04 01:16:55,1244.88,17.49,6.84
1064,2024-12-04 01:16:57,1246.06,17.49,6.84
1065,2024-12-04 01:16:58,1247.23,17.49,6.84
1066,2024-12-04 01:16:59,1248.41,17.49,6.84
1067,2024-12-04 01:17:00,1249.58,17.49,6.84
1068,2024-12-04 01:17:01,1250.75,17.49,6.84
1069,2024-12-04 01:17:02,1251.92,17.49,6.84
1070,2024-12-04 01:17:04,1253.09,17.49,6.84
1071,2024-12-04 01:17:05,1254.27,17.49,6.84
1072,2024-12-04 01:17:06,1255.44,17.49,6.84
1073,2024-12-04 01:17:07,1256.60,17.49,6.84
1074,2024-12-04 01:17:08,1257.77,17.49,6.84
1075,2024-12-04 01:17:09,1258.93,17.49,6.84
1076,2024-12-04 01:17:11,1260.10,17.49,6.84
1077,2024-12-04 01:17:12,1261.27,17.49,6.84
1078,2024-12-04 01:17:13,1262.45,17.49,6.84
1079,2024-12-04 01:17:14,1263.62,17.49,6.84
1080,2024-12-04 01:17:15,1264.79,17.49,6.84
1081,2024-12-04 01:17:17,1265.97,17.49,6.84
1082,2024-12-04 01:17:18,1267.14,17.49,6.84
1083,2024-12-04 01:17:19,1268.31,17.49,6.84
1084,2024-12-04 01:17:20,1269.48,17.49,6.84
1085,2024-12-04 01:17:21,1270.66,17.49,6.84
1086,2024-12-04 01:17:22,1271.83,17.49,6.84
1087,2024-12-04 01:17:24,1273.00,17.49,6.84
1088,2024-12-04 01:17:25,1274.18,17.49,6.84
1089,2024-12-04 01:17:26,1275.35,17.49,6.84
1090,2024-12-04 01:17:27,1276.52,17.49,6.84
1091,2024-12-04 01:17:28,1277.68,17.49,6.84
1092,2024-12-04 01:17:29,1278.86,17.49,6.84
1093,2024-12-04 01:17:31,1280.02,17.49,6.84
1094,2024-12-04 01:17:32,1281.19,17.49,6.84
1095,2024-12-04 01:17:33,1282.36,17.49,6.84
1096,2024-12-04 01:17:34,1283.53,17.49,6.84
1097,2024-12-04 01:17:35,1284.69,17.49,6.84
1098,2024-12-04 01:17:36,1285.86,17.49,6.84
1099,2024-12-04 01:17:38,1287.03,17.49,6.84
1100,2024-12-04 01:17:39,1288.20,17.49,6.84
1101,2024-12-04 01:17:40,1289.36,17.49,6.84
1102,2024-12-04 01:17:41,1290.54,17.49,6.84
1103,2024-12-04 01:17:42,1291.70,17.49,6.84
1104,2024-12-04 01:17:43,1292.87,17.49,6.84
1105,2024-12-04 01:17:45,1294.03,17.49,6.84
1106,2024-12-04 01:17:46,1295.20,17.49,6.84
1107,2024-12-04 01:17:47,1296.37,17.49,6.84
1108,2024-12-04 01:17:48,1297.54,17.49,6.84
1109,2024-12-04 01:17:49,1298.70,17.49,6.84
1110,2024-12-04 01:17:50,1299.87,17.49,6.84
1111,2024-12-04 01:17:52,1301.03,17.49,6.84
1112,2024-12-04 01:17:53,1302.20,17.49,6.84
1113,2024-12-04 01:17:54,1303.37,17.49,6.84
1114,2024-12-04 01:17:55,1304.53,17.49,6.84
1115,2024-12-04 01:17:56,1305.70,17.49,6.84
1116,2024-12-04 01:17:57,1306.87,17.49,6.84
1117,2024-12-04 01:17:59,1308.03,17.49,6.84
1118,2024-12-04 01:18:00,1309.20,17.49,6.84
1119,2024-12-04 01:18:01,1310.36,17.49,6.84
1120,2024-12-04 01:18:02,1311.52,17.49,6.84
1121,2024-12-04 01:18:03,1312.68,17.49,6.84
1122,2024-12-04 01:18:04,1313.85,17.49,6.84
1123,2024-12-04 01:18:06,1315.01,17.49,6.84
1124,2024-12-04 01:18:07,1316.19,17.49,6.84
1125,2024-12-04 01:18:08,1317.35,17.49,6.84
1126,2024-12-04 01:18:09,1318.51,17.49,6.84
1127,2024-12-04 01:18:10,1319.68,17.49,6.84
1128,2024-12-04 01:18:11,1320.84,17.49,6.84
1129,2024-12-04 01:18:13,1322.01,17.49,6.84
1130,2024-12-04 01:18:14,1323.18,17.49,6.84
1131,2024-12-04 01:18:15,1324.35,17.49,6.84
1132,2024-12-04 01:18:16,1325.51,17.49,6.84
1133,2024-12-04 01:18:17,1326.68,17.49,6.84
1134,2024-12-04 01:18:18,1327.85,17.49,6.84
1135,2024-12-04 01:18:20,1329.02,17.49,6.84
1136,2024-12-04 01:18:21,1330.18,17.49,6.84
1137,2024-12-04 01:18:22,1331.35,17.49,6.84
1138,2024-12-04 01:18:23,1332.51,17.49,6.84
1139,2024-12-04 01:18:24,1333.68,17.49,6.84
1140,2024-12-04 01:18:25,1334.85,17.49,6.84
1141,2024-12-04 01:18:27,1336.03,17.49,6.84
1142,2024-12-04 01:18:28,1337.21,17.49,6.84
1143,2024-12-04 01:18:29,1338.37,17.49,6.84
1144,2024-12-04 01:18:30,1339.54,17.49,6.84
1145,2024-12-04 01:18:31,1340.70,17.49,6.84
1146,2024-12-04 01:18:32,1341.87,17.49,6.84
1147,2024-12-04 01:18:34,1343.05,17.49,6.84
1148,2024-12-04 01:18:35,1344.22,17.49,6.84
1149,2024-12-04 01:18:36,1345.39,17.49,6.84
1150,2024-12-04 01:18:37,1346.56,17.49,6.84
1151,2024-12-04 01:18:38,1347.72,17.49,6.84
1152,2024-12-04 01:18:39,1348.89,17.49,6.84
1153,2024-12-04 01:18:41,1350.07,17.49,6.84
1154,2024-12-04 01:18:42,1351.23,17.49,6.84
1155,2024-12-04 01:18:43,1352.41,17.49,6.84
1156,2024-12-04 01:18:44,1353.58,17.49,6.84
1157,2024-12-04 01:18:45,1354.76,17.49,6.84
1158,2024-12-04 01:18:46,1355.93,17.49,6.84
1159,2024-12-04 01:18:48,1357.10,17.49,6.84
1160,2024-12-04 01:18:49,1358.27,17.49,6.84
1161,2024-12-04 01:18:50,1359.45,17.49,6.84
1162,2024-12-04 01:18:51,1360.62,17.49,6.84
1163,2024-12-04 01:18:52,1361.80,17.49,6.84
1164,2024-12-04 01:18:54,1362.98,17.49,6.84
1165,2024-12-04 01:18:55,1364.14,17.49,6.84
1166,2024-12-04 01:18:56,1365.31,17.49,6.84
1167,2024-12-04 01:18:57,1366.48,17.49,6.84
1168,2024-12-04 01:18:58,1367.66,17.49,6.84
1169,2024-12-04 01:18:59,1368.84,17.49,6.84
1170,2024-12-04 01:19:01,1370.01,17.49,6.84
1171,2024-12-04 01:19:02,1371.19,17.49,6.84
1172,2024-12-04 01:19:03,1372.35,17.49,6.84
1173,2024-12-04 01:19:04,1373.52,17.49,6.84
1174,2024-12-04 01:19:05,1374.68,17.49,6.84
1175,2024-12-04 01:19:06,1375.84,17.49,6.84
1176,2024-12-04 01:19:08,1377.02,17.49,6.84
1177,2024-12-04 01:19:09,1378.19,17.49,6.84
1178,2024-12-04 01:19:10,1379.36,17.49,6.84
1179,2024-12-04 01:19:11,1380.53,17.49,6.84
1180,2024-12-04 01:19:12,1381.69,17.49,6.84
1181,2024-12-04 01:19:13,1382.86,17.49,6.84
1182,2024-12-04 01:19:15,1384.02,17.49,6.84
1183,2024-12-04 01:19:16,1385.19,17.49,6.84
1184,2024-12-04 01:19:17,1386.35,17.49,6.84
1185,2024-12-04 01:19:18,1387.51,17.49,6.84
1186,2024-12-04 01:19:19,1388.68,17.49,6.84
1187,2024-12-04 01:19:20,1389.85,17.49,6.84
1188,2024-12-04 01:19:22,1391.02,17.49,6.84
1189,2024-12-04 01:19:23,1392.18,17.49,6.84
1190,2024-12-04 01:19:24,1393.35,17.49,6.84
1191,2024-12-04 01:19:25,1394.50,17.49,6.84
1192,2024-12-04 01:19:26,1395.67,17.49,6.84
1193,2024-12-04 01:19:27,1396.84,17.49,6.84
1194,2024-12-04 01:19:29,1398.01,17.49,6.84
1195,2024-12-04 01:19:30,1399.18,17.49,6.84
1196,2024-12-04 01:19:31,1400.35,17.49,6.84
1197,2024-12-04 01:19:32,1401.51,17.49,6.84
1198,2024-12-04 01:19:33,1402.67,17.49,6.84
1199,2024-12-04 01:19:34,1403.84,17.49,6.84
1200,2024-12-04 01:19:36,1405.01,17.49,6.84
1201,2024-12-04 01:19:37,1406.18,17.49,6.84
1202,2024-12-04 01:19:38,1407.35,17.49,6.84
1203,2024-12-04 01:19:39,1408.53,17.49,6.84
1204,2024-12-04 01:19:40,1409.70,17.49,6.84
1205,2024-12-04 01:19:41,1410.86,17.49,6.84
1206,2024-12-04 01:19:43,1412.03,17.49,6.84
1207,2024-12-04 01:19:44,1413.19,17.49,6.84
1208,2024-12-04 01:19:45,1414.36,17.49,6.84
1209,2024-12-04 01:19:46,1415.53,17.49,6.84
1210,2024-12-04 01:19:47,1416.70,17.49,6.84
1211,2024-12-04 01:19:48,1417.87,17.49,6.84
1212,2024-12-04 01:19:50,1419.05,17.49,6.84
1213,2024-12-04 01:19:51,1420.22,17.49,6.84
1214,2024-12-04 01:19:52,1421.39,17.49,6.84
1215,2024-12-04 01:19:53,1422.57,17.49,6.84
1216,2024-12-04 01:19:54,1423.74,17.49,6.84
1217,2024-12-04 01:19:55,1424.91,17.49,6.84
1218,2024-12-04 01:19:57,1426.08,17.49,6.84
1219,2024-12-04 01:19:58,1427.26,17.49,6.84
1220,2024-12-04 01:19:59,1428.43,17.49,6.84
1221,2024-12-04 01:20:00,1429.59,17.49,6.84
1222,2024-12-04 01:20:01,1430.76,17.49,6.84
1223,2024-12-04 01:20:02,1431.94,17.49,6.84
1224,2024-12-04 01:20:04,1433.13,17.49,6.84
1225,2024-12-04 01:20:05,1434.30,17.49,6.84
1226,2024-12-04 01:20:06,1435.46,17.49,6.84
1227,2024-12-04 01:20:07,1436.63,17.49,6.84
1228,2024-12-04 01:20:08,1437.81,17.49,6.84
1229,2024-12-04 01:20:10,1438.98,17.49,6.84
1230,2024-12-04 01:20:11,1440.16,17.49,6.84
1231,2024-12-04 01:20:12,1441.33,17.49,6.84
1232,2024-12-04 01:20:13,1442.51,17.49,6.84
1233,2024-12-04 01:20:14,1443.67,17.49,6.84
1234,2024-12-04 01:20:15,1444.85,17.49,6.84
1235,2024-12-04 01:20:17,1446.02,17.49,6.84
1236,2024-12-04 01:20:18,1447.18,17.49,6.84
1237,2024-12-04 01:20:19,1448.35,17.49,6.84
1238,2024-12-04 01:20:20,1449.52,17.49,6.84
1239,2024-12-04 01:20:21,1450.69,17.49,6.84
1240,2024-12-04 01:20:22,1451.87,17.49,6.84
1241,2024-12-04 01:20:24,1453.04,17.49,6.84
1242,2024-12-04 01:20:25,1454.21,17.49,6.84
1243,2024-12-04 01:20:26,1455.37,17.49,6.84
1244,2024-12-04 01:20:27,1456.55,17.49,6.84
1245,2024-12-04 01:20:28,1457.71,17.49,6.84
1246,2024-12-04 01:20:29,1458.89,17.49,6.84
1247,2024-12-04 01:20:31,1460.06,17.49,6.84
1248,2024-12-04 01:20:32,1461.23,17.49,6.84
1249,2024-12-04 01:20:33,1462.40,17.49,6.84
1250,2024-12-04 01:20:34,1463.57,17.49,6.84
1251,2024-12-04 01:20:35,1464.75,17.49,6.84
1252,2024-12-04 01:20:36,1465.93,17.49,6.84
1253,2024-12-04 01:20:38,1467.10,17.49,6.84
1254,2024-12-04 01:20:39,1468.26,17.49,6.84
1255,2024-12-04 01:20:40,1469.44,17.49,6.84
1256,2024-12-04 01:20:41,1470.61,17.49,6.84
1257,2024-12-04 01:20:42,1471.78,17.49,6.84
1258,2024-12-04 01:20:44,1472.96,17.49,6.84
1259,2024-12-04 01:20:45,1474.13,17.49,6.84
1260,2024-12-04 01:20:46,1475.30,17.49,6.84
1261,2024-12-04 01:20:47,1476.47,17.49,6.84
1262,2024-12-04 01:20:48,1477.65,17.49,6.84
1263,2024-12-04 01:20:49,1478.82,17.49,6.84
1264,2024-12-04 01:20:51,1479.98,17.49,6.84
1265,2024-12-04 01:20:52,1481.15,17.49,6.84
1266,2024-12-04 01:20:53,1482.32,17.49,6.84
1267,2024-12-04 01:20:54,1483.48,17.49,6.84
1268,2024-12-04 01:20:55,1484.66,17.49,6.84
1269,2024-12-04 01:20:56,1485.83,17.49,6.84
1270,2024-12-04 01:20:58,1487.00,17.49,6.84
1271,2024-12-04 01:20:59,1488.17,17.49,6.84
1272,2024-12-04 01:21:00,1489.34,17.49,6.84
1273,2024-12-04 01:21:01,1490.50,17.49,6.84
1274,2024-12-04 01:21:02,1491.66,17.49,6.84
1275,2024-12-04 01:21:03,1492.83,17.49,6.84
1276,2024-12-04 01:21:05,1494.00,17.49,6.84
1277,2024-12-04 01:21:06,1495.17,17.49,6.84
1278,2024-12-04 01:21:07,1496.33,17.49,6.84
1279,2024-12-04 01:21:08,1497.50,17.49,6.84
1280,2024-12-04 01:21:09,1498.67,17.49,6.84
1281,2024-12-04 01:21:10,1499.84,17.49,6.84
1282,2024-12-04 01:21:12,1501.01,17.49,6.84
1283,2024-12-04 01:21:13,1502.18,17.49,6.84
1284,2024-12-04 01:21:14,1503.35,17.49,6.84
1285,2024-12-04 01:21:15,1504.52,17.49,6.84
1286,2024-12-04 01:21:16,1505.70,17.49,6.84
1287,2024-12-04 01:21:17,1506.87,17.49,6.84
1288,2024-12-04 01:21:19,1508.04,17.49,6.84
1289,2024-12-04 01:21:20,1509.21,17.49,6.84
1290,2024-12-04 01:21:21,1510.39,17.49,6.84
1291,2024-12-04 01:21:22,1511.56,17.49,6.84
1292,2024-12-04 01:21:23,1512.73,17.49,6.84
1293,2024-12-04 01:21:24,1513.90,17.49,6.84
1294,2024-12-04 01:21:26,1515.08,17.49,6.84
1295,2024-12-04 01:21:27,1516.25,17.49,6.84
1296,2024-12-04 01:21:28,1517.42,17.49,6.84
1297,2024-12-04 01:21:29,1518.59,17.49,6.84
1298,2024-12-04 01:21:30,1519.77,17.49,6.84
1299,2024-12-04 01:21:31,1520.94,17.49,6.84
1300,2024-12-04 01:21:33,1522.11,17.49,6.84
1301,2024-12-04 01:21:34,1523.28,17.49,6.84
1302,2024-12-04 01:21:35,1524.45,17.49,6.84
1303,2024-12-04 01:21:36,1525.63,17.49,6.84
1304,2024-12-04 01:21:37,1526.79,17.49,6.84
1305,2024-12-04 01:21:39,1527.96,17.49,6.84
1306,2024-12-04 01:21:40,1529.14,17.49,6.84
1307,2024-12-04 01:21:41,1530.31,17.49,6.84
1308,2024-12-04 01:21:42,1531.48,17.49,6.84
1309,2024-12-04 01:21:43,1532.65,17.49,6.84
1310,2024-12-04 01:21:44,1533.83,17.49,6.84
1311,2024-12-04 01:21:46,1535.01,17.49,6.84
1312,2024-12-04 01:21:47,1536.17,17.49,6.84
1313,2024-12-04 01:21:48,1537.35,17.49,6.84
1314,2024-12-04 01:21:49,1538.52,17.49,6.84
1315,2024-12-04 01:21:50,1539.69,17.49,6.84
1316,2024-12-04 01:21:51,1540.87,17.49,6.84
1317,2024-12-04 01:21:53,1542.05,17.49,6.84
1318,2024-12-04 01:21:54,1543.22,17.49,6.84
1319,2024-12-04 01:21:55,1544.39,17.49,6.84
1320,2024-12-04 01:21:56,1545.56,17.49,6.84
1321,2024-12-04 01:21:57,1546.74,17.49,6.84
1322,2024-12-04 01:21:58,1547.92,17.49,6.84
1323,2024-12-04 01:22:00,1549.09,17.49,6.84
1324,2024-12-04 01:22:01,1550.27,17.49,6.84
1325,2024-12-04 01:22:02,1551.45,17.49,6.84
1326,2024-12-04 01:22:03,1552.62,17.49,6.84
1327,2024-12-04 01:22:04,1553.79,17.49,6.84
1328,2024-12-04 01:22:06,1554.97,17.49,6.84
1329,2024-12-04 01:22:07,1556.15,17.49,6.84
1330,2024-12-04 01:22:08,1557.32,17.49,6.84
1331,2024-12-04 01:22:09,1558.47,17.49,6.84
1332,2024-12-04 01:22:10,1559.64,17.49,6.84
1333,2024-12-04 01:22:11,1560.82,17.49,6.84
1334,2024-12-04 01:22:13,1561.99,17.49,6.84
1335,2024-12-04 01:22:14,1563.16,17.49,6.84
1336,2024-12-04 01:22:15,1564.33,17.49,6.84
1337,2024-12-04 01:22:16,1565.50,17.49,6.84
1338,2024-12-04 01:22:17,1566.67,17.49,6.84
1339,2024-12-04 01:22:18,1567.84,17.49,6.84
1340,2024-12-04 01:22:20,1569.00,17.49,6.84
1341,2024-12-04 01:22:21,1570.18,17.49,6.84
1342,2024-12-04 01:22:22,1571.35,17.49,6.84
1343,2024-12-04 01:22:23,1572.51,17.49,6.84
1344,2024-12-04 01:22:24,1573.69,17.49,6.84
1345,2024-12-04 01:22:25,1574.86,17.49,6.84
1346,2024-12-04 01:22:27,1576.04,17.49,6.84
1347,2024-12-04 01:22:28,1577.21,17.49,6.84
1348,2024-12-04 01:22:29,1578.39,17.49,6.84
1349,2024-12-04 01:22:30,1579.56,17.49,6.84
1350,2024-12-04 01:22:31,1580.73,17.49,6.84
1351,2024-12-04 01:22:32,1581.91,17.49,6.84
1352,2024-12-04 01:22:34,1583.08,17.49,6.84
1353,2024-12-04 01:22:35,1584.25,17.49,6.84
1354,2024-12-04 01:22:36,1585.42,17.49,6.84
1355,2024-12-04 01:22:37,1586.60,17.49,6.84
1356,2024-12-04 01:22:38,1587.76,17.49,6.84
1357,2024-12-04 01:22:39,1588.95,17.49,6.84
1358,2024-12-04 01:22:41,1590.12,17.49,6.84
1359,2024-12-04 01:22:42,1591.28,17.49,6.84
1360,2024-12-04 01:22:43,1592.44,17.49,6.84
1361,2024-12-04 01:22:44,1593.61,17.49,6.84
1362,2024-12-04 01:22:45,1594.78,17.49,6.84
1363,2024-12-04 01:22:47,1595.95,17.49,6.84
1364,2024-12-04 01:22:48,1597.13,17.49,6.84
1365,2024-12-04 01:22:49,1598.31,17.49,6.84
1366,2024-12-04 01:22:50,1599.48,17.49,6.84
1367,2024-12-04 01:22:51,1600.66,17.49,6.84
1368,2024-12-04 01:22:52,1601.83,17.49,6.84
1369,2024-12-04 01:22:54,1603.00,17.49,6.84
1370,2024-12-04 01:22:55,1604.18,17.49,6.84
1371,2024-12-04 01:22:56,1605.35,17.49,6.84
1372,2024-12-04 01:22:57,1606.53,17.49,6.84
1373,2024-12-04 01:22:58,1607.70,17.49,6.84
1374,2024-12-04 01:22:59,1608.87,17.49,6.84
1375,2024-12-04 01:23:01,1610.04,17.49,6.84
1376,2024-12-04 01:23:02,1611.21,17.49,6.84
1377,2024-12-04 01:23:03,1612.38,17.49,6.84
1378,2024-12-04 01:23:04,1613.54,17.49,6.84
1379,2024-12-04 01:23:05,1614.72,17.49,6.84
1380,2024-12-04 01:23:06,1615.89,17.49,6.84
1381,2024-12-04 01:23:08,1617.07,17.49,6.84
1382,2024-12-04 01:23:09,1618.23,17.49,6.84
1383,2024-12-04 01:23:10,1619.40,17.49,6.84
1384,2024-12-04 01:23:11,1620.57,17.49,6.84
1385,2024-12-04 01:23:12,1621.74,17.49,6.84
1386,2024-12-04 01:23:13,1622.90,17.49,6.84
1387,2024-12-04 01:23:15,1624.07,17.49,6.84
1388,2024-12-04 01:23:16,1625.25,17.49,6.84
1389,2024-12-04 01:23:17,1626.41,17.49,6.84
1390,2024-12-04 01:23:18,1627.58,17.49,6.84
1391,2024-12-04 01:23:19,1628.75,17.49,6.84
1392,2024-12-04 01:23:20,1629.91,17.49,6.84
1393,2024-12-04 01:23:22,1631.08,17.49,6.84
1394,2024-12-04 01:23:23,1632.25,17.49,6.84
1395,2024-12-04 01:23:24,1633.42,17.49,6.84
1396,2024-12-04 01:23:25,1634.60,17.49,6.84
1397,2024-12-04 01:23:26,1635.76,17.49,6.84
1398,2024-12-04 01:23:27,1636.94,17.49,6.84
1399,2024-12-04 01:23:29,1638.11,17.49,6.84
1400,2024-12-04 01:23:30,1639.28,17.49,6.84
1401,2024-12-04 01:23:31,1640.45,17.49,6.84
1402,2024-12-04 01:23:32,1641.62,17.49,6.84
1403,2024-12-04 01:23:33,1642.79,17.49,6.84
1404,2024-12-04 01:23:35,1643.96,17.49,6.84
1405,2024-12-04 01:23:36,1645.12,17.49,6.84
1406,2024-12-04 01:23:37,1646.28,17.49,6.84
1407,2024-12-04 01:23:38,1647.46,17.49,6.84
1408,2024-12-04 01:23:39,1648.63,17.49,6.84
1409,2024-12-04 01:23:40,1649.80,17.49,6.84
1410,2024-12-04 01:23:42,1650.97,17.49,6.84
1411,2024-12-04 01:23:43,1652.14,17.49,6.84
1412,2024-12-04 01:23:44,1653.30,17.49,6.84
1413,2024-12-04 01:23:45,1654.48,17.49,6.84
1414,2024-12-04 01:23:46,1655.64,17.49,6.84
1415,2024-12-04 01:23:47,1656.81,17.49,6.84
1416,2024-12-04 01:23:49,1657.98,17.49,6.84
1417,2024-12-04 01:23:50,1659.15,17.49,6.84
1418,2024-12-04 01:23:51,1660.31,17.49,6.84
1419,2024-12-04 01:23:52,1661.48,17.49,6.84
1420,2024-12-04 01:23:53,1662.65,17.49,6.84
1421,2024-12-04 01:23:54,1663.82,17.49,6.84
1422,2024-12-04 01:23:56,1664.99,17.49,6.84
1423,2024-12-04 01:23:57,1666.17,17.49,6.84
1424,2024-12-04 01:23:58,1667.34,17.49,6.84
1425,2024-12-04 01:23:59,1668.51,17.49,6.84
1426,2024-12-04 01:24:00,1669.68,17.49,6.84
1427,2024-12-04 01:24:01,1670.85,17.49,6.84
1428,2024-12-04 01:24:03,1672.02,17.49,6.84
1429,2024-12-04 01:24:04,1673.19,17.49,6.84
1430,2024-12-04 01:24:05,1674.35,17.49,6.84
1431,2024-12-04 01:24:06,1675.51,17.49,6.84
1432,2024-12-04 01:24:07,1676.68,17.49,6.84
1433,2024-12-04 01:24:08,1677.84,17.49,6.84
1434,2024-12-04 01:24:10,1679.02,17.49,6.84
1435,2024-12-04 01:24:11,1680.19,17.49,6.84
1436,2024-12-04 01:24:12,1681.37,17.49,6.84
1437,2024-12-04 01:24:13,1682.55,17.49,6.84
1438,2024-12-04 01:24:14,1683.72,17.49,6.84
1439,2024-12-04 01:24:15,1684.89,17.49,6.84
1440,2024-12-04 01:24:17,1686.06,17.49,6.84
1441,2024-12-04 01:24:18,1687.23,17.49,6.84
1442,2024-12-04 01:24:19,1688.42,17.49,6.84
1443,2024-12-04 01:24:20,1689.58,17.49,6.84
1444,2024-12-04 01:24:21,1690.75,17.49,6.84
1445,2024-12-04 01:24:22,1691.92,17.49,6.84
1446,2024-12-04 01:24:24,1693.09,17.49,6.84
1447,2024-12-04 01:24:25,1694.27,17.49,6.84
1448,2024-12-04 01:24:26,1695.44,17.49,6.84
1449,2024-12-04 01:24:27,1696.61,17.49,6.84
1450,2024-12-04 01:24:28,1697.78,17.49,6.84
1451,2024-12-04 01:24:29,1698.95,17.49,6.84
1452,2024-12-04 01:24:31,1700.13,17.49,6.84
1453,2024-12-04 01:24:32,1701.30,17.49,6.84
1454,2024-12-04 01:24:33,1702.48,17.49,6.84
1455,2024-12-04 01:24:34,1703.65,17.49,6.84
1456,2024-12-04 01:24:35,1704.82,17.49,6.84
1457,2024-12-04 01:24:37,1705.99,17.49,6.84
1458,2024-12-04 01:24:38,1707.17,17.49,6.84
1459,2024-12-04 01:24:39,1708.34,17.49,6.84
1460,2024-12-04 01:24:40,1709.52,17.49,6.84
1461,2024-12-04 01:24:41,1710.68,17.49,6.84
1462,2024-12-04 01:24:42,1711.86,17.49,6.84
1463,2024-12-04 01:24:44,1713.03,17.49,6.84
1464,2024-12-04 01:24:45,1714.20,17.49,6.84
1465,2024-12-04 01:24:46,1715.37,17.49,6.84
1466,2024-12-04 01:24:47,1716.55,17.49,6.84
1467,2024-12-04 01:24:48,1717.72,17.49,6.84
1468,2024-12-04 01:24:49,1718.90,17.49,6.84
1469,2024-12-04 01:24:51,1720.06,17.49,6.84
1470,2024-12-04 01:24:52,1721.24,17.49,6.84
1471,2024-12-04 01:24:53,1722.42,17.49,6.84
1472,2024-12-04 01:24:54,1723.59,17.49,6.84
1473,2024-12-04 01:24:55,1724.76,17.49,6.84
1474,2024-12-04 01:24:56,1725.92,17.49,6.84
1475,2024-12-04 01:24:58,1727.09,17.49,6.84
1476,2024-12-04 01:24:59,1728.26,17.49,6.84
1477,2024-12-04 01:25:00,1729.43,17.49,6.84
1478,2024-12-04 01:25:01,1730.60,17.49,6.84
1479,2024-12-04 01:25:02,1731.78,17.49,6.84
1480,2024-12-04 01:25:04,1732.96,17.49,6.84
1481,2024-12-04 01:25:05,1734.14,17.49,6.84
1482,2024-12-04 01:25:06,1735.30,17.49,6.84
1483,2024-12-04 01:25:07,1736.48,17.49,6.84
1484,2024-12-04 01:25:08,1737.64,17.49,6.84
1485,2024-12-04 01:25:09,1738.82,17.49,6.84
1486,2024-12-04 01:25:11,1740.00,17.49,6.84
1487,2024-12-04 01:25:12,1741.18,17.49,6.84
1488,2024-12-04 01:25:13,1742.34,17.49,6.84
1489,2024-12-04 01:25:14,1743.51,17.49,6.84
1490,2024-12-04 01:25:15,1744.68,17.49,6.84
1491,2024-12-04 01:25:16,1745.85,17.49,6.84
1492,2024-12-04 01:25:18,1747.03,17.49,6.84
1493,2024-12-04 01:25:19,1748.19,17.49,6.84
1494,2024-12-04 01:25:20,1749.36,17.49,6.84
1495,2024-12-04 01:25:21,1750.54,17.49,6.84
1496,2024-12-04 01:25:22,1751.70,17.49,6.84
1497,2024-12-04 01:25:23,1752.88,17.49,6.84
1498,2024-12-04 01:25:25,1754.05,17.49,6.84
1499,2024-12-04 01:25:26,1755.22,17.49,6.84
1500,2024-12-04 01:25:27,1756.39,17.49,6.84
1501,2024-12-04 01:25:28,1757.56,17.49,6.84
1502,2024-12-04 01:25:29,1758.74,17.49,6.84
1503,2024-12-04 01:25:30,1759.93,17.49,6.84
1504,2024-12-04 01:25:32,1761.09,17.49,6.84
1505,2024-12-04 01:25:33,1762.27,17.49,6.84
1506,2024-12-04 01:25:34,1763.43,17.49,6.84
1507,2024-12-04 01:25:35,1764.59,17.49,6.84
1508,2024-12-04 01:25:36,1765.76,17.49,6.84
1509,2024-12-04 01:25:37,1766.93,17.49,6.84
1510,2024-12-04 01:25:39,1768.10,17.49,6.84
1511,2024-12-04 01:25:40,1769.28,17.49,6.84
1512,2024-12-04 01:25:41,1770.45,17.49,6.84
1513,2024-12-04 01:25:42,1771.62,17.49,6.84
1514,2024-12-04 01:25:43,1772.79,17.49,6.84
1515,2024-12-04 01:25:45,1773.97,17.49,6.84
1516,2024-12-04 01:25:46,1775.14,17.49,6.84
1517,2024-12-04 01:25:47,1776.32,17.49,6.84
1518,2024-12-04 01:25:48,1777.49,17.49,6.84
1519,2024-12-04 01:25:49,1778.67,17.49,6.84
1520,2024-12-04 01:25:50,1779.83,17.49,6.84
1521,2024-12-04 01:25:52,1781.00,17.49,6.84
1522,2024-12-04 01:25:53,1782.17,17.49,6.84
1523,2024-12-04 01:25:54,1783.34,17.49,6.84
1524,2024-12-04 01:25:55,1784.52,17.49,6.84
1525,2024-12-04 01:25:56,1785.69,17.49,6.84
1526,2024-12-04 01:25:57,1786.86,17.49,6.84
1527,2024-12-04 01:25:59,1788.04,17.49,6.84
1528,2024-12-04 01:26:00,1789.21,17.49,6.84
1529,2024-12-04 01:26:01,1790.39,17.49,6.84
1530,2024-12-04 01:26:02,1791.57,17.49,6.84
1531,2024-12-04 01:26:03,1792.73,17.49,6.84
1532,2024-12-04 01:26:04,1793.90,17.49,6.84
1533,2024-12-04 01:26:06,1795.07,17.49,6.84
1534,2024-12-04 01:26:07,1796.23,17.49,6.84
1535,2024-12-04 01:26:08,1797.40,17.49,6.84
1536,2024-12-04 01:26:09,1798.58,17.49,6.84
1537,2024-12-04 01:26:10,1799.74,17.49,6.84
1538,2024-12-04 01:26:11,1800.91,17.49,6.84
1539,2024-12-04 01:26:13,1802.08,17.49,6.84
1540,2024-12-04 01:26:14,1803.24,17.49,6.84
1541,2024-12-04 01:26:15,1804.41,17.49,6.84
1542,2024-12-04 01:26:16,1805.57,17.49,6.84
1543,2024-12-04 01:26:17,1806.74,17.49,6.84
1544,2024-12-04 01:26:18,1807.90,17.49,6.84
1545,2024-12-04 01:26:20,1809.07,17.49,6.84
1546,2024-12-04 01:26:21,1810.24,17.49,6.84
1547,2024-12-04 01:26:22,1811.40,17.49,6.84
1548,2024-12-04 01:26:23,1812.58,17.49,6.84
1549,2024-12-04 01:26:24,1813.75,17.49,6.84
1550,2024-12-04 01:26:25,1814.92,17.49,6.84
1551,2024-12-04 01:26:27,1816.09,17.49,6.84
1552,2024-12-04 01:26:28,1817.26,17.49,6.84
1553,2024-12-04 01:26:29,1818.44,17.49,6.84
1554,2024-12-04 01:26:30,1819.61,17.49,6.84
1555,2024-12-04 01:26:31,1820.78,17.49,6.84
1556,2024-12-04 01:26:33,1821.95,17.49,6.84
1557,2024-12-04 01:26:34,1823.14,17.49,6.84
1558,2024-12-04 01:26:35,1824.31,17.49,6.84
1559,2024-12-04 01:26:36,1825.48,17.49,6.84
1560,2024-12-04 01:26:37,1826.65,17.49,6.84
1561,2024-12-04 01:26:38,1827.82,17.49,6.84
1562,2024-12-04 01:26:40,1828.99,17.49,6.84
1563,2024-12-04 01:26:41,1830.16,17.49,6.84
1564,2024-12-04 01:26:42,1831.33,17.49,6.84
1565,2024-12-04 01:26:43,1832.49,17.49,6.84
1566,2024-12-04 01:26:44,1833.66,17.49,6.84
1567,2024-12-04 01:26:45,1834.83,17.49,6.84
1568,2024-12-04 01:26:47,1836.01,17.49,6.84
1569,2024-12-04 01:26:48,1837.18,17.49,6.84
1570,2024-12-04 01:26:49,1838.36,17.49,6.84
1571,2024-12-04 01:26:50,1839.53,17.49,6.84
1572,2024-12-04 01:26:51,1840.71,17.49,6.84
1573,2024-12-04 01:26:52,1841.88,17.49,6.84
1574,2024-12-04 01:26:54,1843.04,17.49,6.84
1575,2024-12-04 01:26:55,1844.21,17.49,6.84
1576,2024-12-04 01:26:56,1845.38,17.49,6.84
1577,2024-12-04 01:26:57,1846.55,17.49,6.84
1578,2024-12-04 01:26:58,1847.72,17.49,6.84
1579,2024-12-04 01:26:59,1848.89,17.49,6.84
1580,2024-12-04 01:27:01,1850.06,17.49,6.84
1581,2024-12-04 01:27:02,1851.23,17.49,6.84
1582,2024-12-04 01:27:03,1852.41,17.49,6.84
1583,2024-12-04 01:27:04,1853.58,17.49,6.84
1584,2024-12-04 01:27:05,1854.75,17.49,6.84
1585,2024-12-04 01:27:06,1855.93,17.49,6.84
1586,2024-12-04 01:27:08,1857.11,17.49,6.84
1587,2024-12-04 01:27:09,1858.28,17.49,6.84
1588,2024-12-04 01:27:10,1859.45,17.49,6.84
1589,2024-12-04 01:27:11,1860.62,17.49,6.84
1590,2024-12-04 01:27:12,1861.79,17.49,6.84
1591,2024-12-04 01:27:14,1862.97,17.49,6.84
1592,2024-12-04 01:27:15,1864.14,17.49,6.84
1593,2024-12-04 01:27:16,1865.31,17.49,6.84
1594,2024-12-04 01:27:17,1866.49,17.49,6.84
1595,2024-12-04 01:27:18,1867.66,17.49,6.84
1596,2024-12-04 01:27:19,1868.83,17.49,6.84
1597,2024-12-04 01:27:21,1870.00,17.49,6.84
1598,2024-12-04 01:27:22,1871.18,17.49,6.84
1599,2024-12-04 01:27:23,1872.35,17.49,6.84
1600,2024-12-04 01:27:24,1873.51,17.49,6.84
1601,2024-12-04 01:27:25,1874.68,17.49,6.84
1602,2024-12-04 01:27:26,1875.83,17.49,6.84
1603,2024-12-04 01:27:28,1876.99,17.49,6.84
1604,2024-12-04 01:27:29,1878.15,17.49,6.84
1605,2024-12-04 01:27:30,1879.32,17.49,6.84
1606,2024-12-04 01:27:31,1880.49,17.49,6.84
1607,2024-12-04 01:27:32,1881.66,17.49,6.84
1608,2024-12-04 01:27:33,1882.83,17.49,6.84
1609,2024-12-04 01:27:35,1884.00,17.49,6.84
1610,2024-12-04 01:27:36,1885.16,17.49,6.84
1611,2024-12-04 01:27:37,1886.34,17.49,6.84
1612,2024-12-04 01:27:38,1887.50,17.49,6.84
1613,2024-12-04 01:27:39,1888.66,17.49,6.84
1614,2024-12-04 01:27:40,1889.83,17.49,6.84
1615,2024-12-04 01:27:42,1891.00,17.49,6.84
1616,2024-12-04 01:27:43,1892.18,17.49,6.84
1617,2024-12-04 01:27:44,1893.35,17.49,6.84
1618,2024-12-04 01:27:45,1894.53,17.49,6.84
1619,2024-12-04 01:27:46,1895.70,17.49,6.84
1620,2024-12-04 01:27:47,1896.86,17.49,6.84
1621,2024-12-04 01:27:49,1898.02,17.49,6.84
1622,2024-12-04 01:27:50,1899.19,17.49,6.84
1623,2024-12-04 01:27:51,1900.36,17.49,6.84
1624,2024-12-04 01:27:52,1901.53,17.49,6.84
1625,2024-12-04 01:27:53,1902.69,17.49,6.84
1626,2024-12-04 01:27:54,1903.86,17.49,6.84
1627,2024-12-04 01:27:56,1905.03,17.49,6.84
1628,2024-12-04 01:27:57,1906.20,17.49,6.84
1629,2024-12-04 01:27:58,1907.36,17.49,6.84
1630,2024-12-04 01:27:59,1908.53,17.49,6.84
1631,2024-12-04 01:28:00,1909.70,17.49,6.84
1632,2024-12-04 01:28:01,1910.87,17.49,6.84
1633,2024-12-04 01:28:03,1912.03,17.49,6.84
1634,2024-12-04 01:28:04,1913.19,17.49,6.84
1635,2024-12-04 01:28:05,1914.37,17.49,6.84
1636,2024-12-04 01:28:06,1915.53,17.49,6.84
1637,2024-12-04 01:28:07,1916.70,17.49,6.84
1638,2024-12-04 01:28:08,1917.87,17.49,6.84
1639,2024-12-04 01:28:10,1919.04,17.49,6.84
1640,2024-12-04 01:28:11,1920.21,17.49,6.84
1641,2024-12-04 01:28:12,1921.37,17.49,6.84
1642,2024-12-04 01:28:13,1922.53,17.49,6.84
1643,2024-12-04 01:28:14,1923.70,17.49,6.84
1644,2024-12-04 01:28:15,1924.86,17.49,6.84
1645,2024-12-04 01:28:17,1926.03,17.49,6.84
1646,2024-12-04 01:28:18,1927.20,17.49,6.84
1647,2024-12-04 01:28:19,1928.37,17.49,6.84
1648,2024-12-04 01:28:20,1929.52,17.49,6.84
1649,2024-12-04 01:28:21,1930.69,17.49,6.84
1650,2024-12-04 01:28:22,1931.86,17.49,6.84
1651,2024-12-04 01:28:24,1933.02,17.49,6.84
1652,2024-12-04 01:28:25,1934.18,17.49,6.84
1653,2024-12-04 01:28:26,1935.36,17.49,6.84
1654,2024-12-04 01:28:27,1936.54,17.49,6.84
1655,2024-12-04 01:28:28,1937.70,17.49,6.84
1656,2024-12-04 01:28:29,1938.86,17.49,6.84
1657,2024-12-04 01:28:31,1940.03,17.49,6.84
1658,2024-12-04 01:28:32,1941.20,17.49,6.84
1659,2024-12-04 01:28:33,1942.37,17.49,6.84
1660,2024-12-04 01:28:34,1943.55,17.49,6.84
1661,2024-12-04 01:28:35,1944.70,17.49,6.84
1662,2024-12-04 01:28:36,1945.87,17.49,6.84
1663,2024-12-04 01:28:38,1947.03,17.49,6.84
1664,2024-12-04 01:28:39,1948.20,17.49,6.84
1665,2024-12-04 01:28:40,1949.37,17.49,6.84
1666,2024-12-04 01:28:41,1950.53,17.49,6.84
1667,2024-12-04 01:28:42,1951.70,17.49,6.84
1668,2024-12-04 01:28:43,1952.87,17.49,6.84
1669,2024-12-04 01:28:45,1954.03,17.49,6.84
1670,2024-12-04 01:28:46,1955.20,17.49,6.84
1671,2024-12-04 01:28:47,1956.36,17.49,6.84
1672,2024-12-04 01:28:48,1957.54,17.49,6.84
1673,2024-12-04 01:28:49,1958.70,17.49,6.84
1674,2024-12-04 01:28:50,1959.86,17.49,6.84
1675,2024-12-04 01:28:52,1961.03,17.49,6.84
1676,2024-12-04 01:28:53,1962.20,17.49,6.84
1677,2024-12-04 01:28:54,1963.36,17.49,6.84
1678,2024-12-04 01:28:55,1964.54,17.49,6.84
1679,2024-12-04 01:28:56,1965.71,17.49,6.84
1680,2024-12-04 01:28:57,1966.88,17.49,6.84
1681,2024-12-04 01:28:59,1968.04,17.49,6.84
1682,2024-12-04 01:29:00,1969.22,17.49,6.84
1683,2024-12-04 01:29:01,1970.39,17.49,6.84
1684,2024-12-04 01:29:02,1971.57,17.49,6.84
1685,2024-12-04 01:29:03,1972.74,17.49,6.84
1686,2024-12-04 01:29:04,1973.90,17.49,6.84
1687,2024-12-04 01:29:06,1975.07,17.49,6.84
1688,2024-12-04 01:29:07,1976.23,17.49,6.84
1689,2024-12-04 01:29:08,1977.41,17.49,6.84
1690,2024-12-04 01:29:09,1978.59,17.49,6.84
1691,2024-12-04 01:29:10,1979.75,17.49,6.84
1692,2024-12-04 01:29:11,1980.92,17.49,6.84
1693,2024-12-04 01:29:13,1982.10,17.49,6.84
1694,2024-12-04 01:29:14,1983.28,17.49,6.84
1695,2024-12-04 01:29:15,1984.45,17.49,6.84
1696,2024-12-04 01:29:16,1985.62,17.49,6.84
1697,2024-12-04 01:29:17,1986.80,17.49,6.84
1698,2024-12-04 01:29:19,1987.97,17.49,6.84
1699,2024-12-04 01:29:20,1989.13,17.49,6.84
1700,2024-12-04 01:29:21,1990.31,17.49,6.84
1701,2024-12-04 01:29:22,1991.49,17.49,6.84
1702,2024-12-04 01:29:23,1992.67,17.49,6.84
1703,2024-12-04 01:29:24,1993.84,17.49,6.84
1704,2024-12-04 01:29:26,1995.01,17.49,6.84
1705,2024-12-04 01:29:27,1996.18,17.49,6.84
1706,2024-12-04 01:29:28,1997.35,17.49,6.84
1707,2024-12-04 01:29:29,1998.52,17.49,6.84
1708,2024-12-04 01:29:30,1999.70,17.49,6.84
1709,2024-12-04 01:29:31,2000.87,17.49,6.84
1710,2024-12-04 01:29:33,2002.05,17.49,6.84
1711,2024-12-04 01:29:34,2003.22,17.49,6.84
1712,2024-12-04 01:29:35,2004.40,17.49,6.84
1713,2024-12-04 01:29:36,2005.57,17.49,6.84
1714,2024-12-04 01:29:37,2006.74,17.49,6.84
1715,2024-12-04 01:29:38,2007.91,17.49,6.84
1716,2024-12-04 01:29:40,2009.09,17.49,6.84
1717,2024-12-04 01:29:41,2010.25,17.49,6.84
1718,2024-12-04 01:29:42,2011.43,17.49,6.84
1719,2024-12-04 01:29:43,2012.60,17.49,6.84
1720,2024-12-04 01:29:44,2013.76,17.49,6.84
1721,2024-12-04 01:29:45,2014.94,17.49,6.84
1722,2024-12-04 01:29:47,2016.11,17.49,6.84
1723,2024-12-04 01:29:48,2017.28,17.49,6.84
1724,2024-12-04 01:29:49,2018.45,17.49,6.84
1725,2024-12-04 01:29:50,2019.61,17.49,6.84
1726,2024-12-04 01:29:51,2020.79,17.49,6.84
1727,2024-12-04 01:29:52,2021.95,17.49,6.84
1728,2024-12-04 01:29:54,2023.12,17.49,6.84
1729,2024-12-04 01:29:55,2024.29,17.49,6.84
1730,2024-12-04 01:29:56,2025.46,17.49,6.84
1731,2024-12-04 01:29:57,2026.62,17.49,6.84
1732,2024-12-04 01:29:58,2027.80,17.49,6.84
1733,2024-12-04 01:30:00,2028.97,17.49,6.84
1734,2024-12-04 01:30:01,2030.13,17.49,6.84
1735,2024-12-04 01:30:02,2031.30,17.49,6.84
1736,2024-12-04 01:30:03,2032.47,17.49,6.84
1737,2024-12-04 01:30:04,2033.63,17.49,6.84
1738,2024-12-04 01:30:05,2034.79,17.49,6.84
1739,2024-12-04 01:30:07,2035.96,17.49,6.84
1740,2024-12-04 01:30:08,2037.13,17.49,6.84
1741,2024-12-04 01:30:09,2038.31,17.49,6.84
1742,2024-12-04 01:30:10,2039.48,17.49,6.84
1743,2024-12-04 01:30:11,2040.65,17.49,6.84
1744,2024-12-04 01:30:12,2041.82,17.49,6.84
1745,2024-12-04 01:30:14,2042.99,17.49,6.84
1746,2024-12-04 01:30:15,2044.16,17.49,6.84
1747,2024-12-04 01:30:16,2045.33,17.49,6.84
1748,2024-12-04 01:30:17,2046.50,17.49,6.84
1749,2024-12-04 01:30:18,2047.67,17.49,6.84
1750,2024-12-04 01:30:19,2048.83,17.49,6.84
1751,2024-12-04 01:30:21,2050.00,17.49,6.84
1752,2024-12-04 01:30:22,2051.16,17.49,6.84
1753,2024-12-04 01:30:23,2052.32,17.49,6.84
1754,2024-12-04 01:30:24,2053.49,17.49,6.84
1755,2024-12-04 01:30:25,2054.66,17.49,6.84
1756,2024-12-04 01:30:26,2055.83,17.49,6.84
1757,2024-12-04 01:30:28,2056.99,17.49,6.84
1758,2024-12-04 01:30:29,2058.16,17.49,6.84
1759,2024-12-04 01:30:30,2059.32,17.49,6.84
1760,2024-12-04 01:30:31,2060.49,17.49,6.84
1761,2024-12-04 01:30:32,2061.65,17.49,6.84
1762,2024-12-04 01:30:33,2062.81,17.49,6.84
1763,2024-12-04 01:30:35,2063.98,17.49,6.84
1764,2024-12-04 01:30:36,2065.15,17.49,6.84
1765,2024-12-04 01:30:37,2066.32,17.49,6.84
1766,2024-12-04 01:30:38,2067.49,17.49,6.84
1767,2024-12-04 01:30:39,2068.66,17.49,6.84
1768,2024-12-04 01:30:40,2069.82,17.49,6.84
1769,2024-12-04 01:30:42,2070.98,17.49,6.84
1770,2024-12-04 01:30:43,2072.15,17.49,6.84
1771,2024-12-04 01:30:44,2073.31,17.49,6.84
1772,2024-12-04 01:30:45,2074.48,17.49,6.84
1773,2024-12-04 01:30:46,2075.65,17.49,6.84
1774,2024-12-04 01:30:47,2076.81,17.49,6.84
1775,2024-12-04 01:30:49,2077.98,17.49,6.84
1776,2024-12-04 01:30:50,2079.15,17.49,6.84
1777,2024-12-04 01:30:51,2080.33,17.49,6.84
1778,2024-12-04 01:30:52,2081.51,17.49,6.84
1779,2024-12-04 01:30:53,2082.68,17.49,6.84
1780,2024-12-04 01:30:54,2083.85,17.49,6.84
1781,2024-12-04 01:30:56,2085.02,17.49,6.84
1782,2024-12-04 01:30:57,2086.19,17.49,6.84
1783,2024-12-04 01:30:58,2087.37,17.49,6.84
1784,2024-12-04 01:30:59,2088.54,17.49,6.84
1785,2024-12-04 01:31:00,2089.71,17.49,6.84
1786,2024-12-04 01:31:01,2090.88,17.49,6.84
1787,2024-12-04 01:31:03,2092.05,17.49,6.84
1788,2024-12-04 01:31:04,2093.23,17.49,6.84
1789,2024-12-04 01:31:05,2094.41,17.49,6.84
1790,2024-12-04 01:31:06,2095.57,17.49,6.84
1791,2024-12-04 01:31:07,2096.74,17.49,6.84
1792,2024-12-04 01:31:08,2097.92,17.49,6.84
1793,2024-12-04 01:31:10,2099.08,17.49,6.84
1794,2024-12-04 01:31:11,2100.26,17.49,6.84
1795,2024-12-04 01:31:12,2101.43,17.49,6.84
1796,2024-12-04 01:31:13,2102.60,17.49,6.84
1797,2024-12-04 01:31:14,2103.78,17.49,6.84
1798,2024-12-04 01:31:15,2104.95,17.49,6.84
1799,2024-12-04 01:31:17,2106.12,17.49,6.84
1800,2024-12-04 01:31:18,2107.28,17.49,6.84
1801,2024-12-04 01:31:19,2108.45,17.49,6.84
1802,2024-12-04 01:31:20,2109.63,17.49,6.84
1803,2024-12-04 01:31:21,2110.80,17.49,6.84
1804,2024-12-04 01:31:23,2111.97,17.49,6.84
1805,2024-12-04 01:31:24,2113.14,17.49,6.84
1806,2024-12-04 01:31:25,2114.31,17.49,6.84
1807,2024-12-04 01:31:26,2115.48,17.49,6.84
1808,2024-12-04 01:31:27,2116.66,17.49,6.84
1809,2024-12-04 01:31:28,2117.83,17.49,6.84
1810,2024-12-04 01:31:30,2119.01,17.49,6.84
1811,2024-12-04 01:31:31,2120.18,17.49,6.84
1812,2024-12-04 01:31:32,2121.34,17.49,6.84
1813,2024-12-04 01:31:33,2122.52,17.49,6.84
1814,2024-12-04 01:31:34,2123.68,17.49,6.84
1815,2024-12-04 01:31:35,2124.85,17.49,6.84
1816,2024-12-04 01:31:37,2126.02,17.49,6.84
1817,2024-12-04 01:31:38,2127.19,17.49,6.84
1818,2024-12-04 01:31:39,2128.36,17.49,6.84
1819,2024-12-04 01:31:40,2129.54,17.49,6.84
1820,2024-12-04 01:31:41,2130.71,17.49,6.84
1821,2024-12-04 01:31:42,2131.89,17.49,6.84
1822,2024-12-04 01:31:44,2133.05,17.49,6.84
1823,2024-12-04 01:31:45,2134.22,17.49,6.84
1824,2024-12-04 01:31:46,2135.39,17.49,6.84
1825,2024-12-04 01:31:47,2136.55,17.49,6.84
1826,2024-12-04 01:31:48,2137.72,17.49,6.84
1827,2024-12-04 01:31:49,2138.89,17.49,6.84
1828,2024-12-04 01:31:51,2140.06,17.49,6.84
1829,2024-12-04 01:31:52,2141.24,17.49,6.84
1830,2024-12-04 01:31:53,2142.41,17.49,6.84
1831,2024-12-04 01:31:54,2143.59,17.49,6.84
1832,2024-12-04 01:31:55,2144.77,17.49,6.84
1833,2024-12-04 01:31:56,2145.93,17.49,6.84
1834,2024-12-04 01:31:58,2147.10,17.49,6.84
1835,2024-12-04 01:31:59,2148.28,17.49,6.84
1836,2024-12-04 01:32:00,2149.45,17.49,6.84
1837,2024-12-04 01:32:01,2150.63,17.49,6.84
1838,2024-12-04 01:32:02,2151.80,17.49,6.84
1839,2024-12-04 01:32:04,2152.97,17.49,6.84
1840,2024-12-04 01:32:05,2154.15,17.49,6.84
1841,2024-12-04 01:32:06,2155.33,17.49,6.84
1842,2024-12-04 01:32:07,2156.49,17.49,6.84
1843,2024-12-04 01:32:08,2157.66,17.49,6.84
1844,2024-12-04 01:32:09,2158.83,17.49,6.84
1845,2024-12-04 01:32:11,2160.00,17.49,6.84
1846,2024-12-04 01:32:12,2161.17,17.49,6.84
1847,2024-12-04 01:32:13,2162.36,17.49,6.84
1848,2024-12-04 01:32:14,2163.53,17.49,6.84
1849,2024-12-04 01:32:15,2164.69,17.49,6.84
1850,2024-12-04 01:32:16,2165.86,17.49,6.84
1851,2024-12-04 01:32:18,2167.03,17.49,6.84
1852,2024-12-04 01:32:19,2168.20,17.49,6.84
1853,2024-12-04 01:32:20,2169.36,17.49,6.84
1854,2024-12-04 01:32:21,2170.53,17.49,6.84
1855,2024-12-04 01:32:22,2171.70,17.49,6.84
1856,2024-12-04 01:32:23,2172.87,17.49,6.84
1857,2024-12-04 01:32:25,2174.04,17.49,6.84
1858,2024-12-04 01:32:26,2175.20,17.49,6.84
1859,2024-12-04 01:32:27,2176.37,17.49,6.84
1860,2024-12-04 01:32:28,2177.53,17.49,6.84
1861,2024-12-04 01:32:29,2178.70,17.49,6.84
1862,2024-12-04 01:32:30,2179.87,17.49,6.84
1863,2024-12-04 01:32:32,2181.03,17.49,6.84
1864,2024-12-04 01:32:33,2182.20,17.49,6.84
1865,2024-12-04 01:32:34,2183.38,17.49,6.84
1866,2024-12-04 01:32:35,2184.54,17.49,6.84
1867,2024-12-04 01:32:36,2185.71,17.49,6.84
1868,2024-12-04 01:32:37,2186.89,17.49,6.84
1869,2024-12-04 01:32:39,2188.05,17.49,6.84
1870,2024-12-04 01:32:40,2189.21,17.49,6.84
1871,2024-12-04 01:32:41,2190.39,17.49,6.84
1872,2024-12-04 01:32:42,2191.55,17.49,6.84
1873,2024-12-04 01:32:43,2192.71,17.49,6.84
1874,2024-12-04 01:32:44,2193.88,17.49,6.84
1875,2024-12-04 01:32:46,2195.05,17.49,6.84
1876,2024-12-04 01:32:47,2196.21,17.49,6.84
1877,2024-12-04 01:32:48,2197.38,17.49,6.84
1878,2024-12-04 01:32:49,2198.55,17.49,6.84
1879,2024-12-04 01:32:50,2199.72,17.49,6.84
1880,2024-12-04 01:32:51,2200.88,17.49,6.84
1881,2024-12-04 01:32:53,2202.05,17.49,6.84
1882,2024-12-04 01:32:54,2203.22,17.49,6.84
1883,2024-12-04 01:32:55,2204.39,17.49,6.84
1884,2024-12-04 01:32:56,2205.56,17.49,6.84
1885,2024-12-04 01:32:57,2206.73,17.49,6.84
1886,2024-12-04 01:32:58,2207.89,17.49,6.84
1887,2024-12-04 01:33:00,2209.06,17.49,6.84
1888,2024-12-04 01:33:01,2210.23,17.49,6.84
1889,2024-12-04 01:33:02,2211.39,17.49,6.84
1890,2024-12-04 01:33:03,2212.57,17.49,6.84
1891,2024-12-04 01:33:04,2213.74,17.49,6.84
1892,2024-12-04 01:33:05,2214.91,17.49,6.84
1893,2024-12-04 01:33:07,2216.07,17.49,6.84
1894,2024-12-04 01:33:08,2217.24,17.49,6.84
1895,2024-12-04 01:33:09,2218.41,17.49,6.84
1896,2024-12-04 01:33:10,2219.58,17.49,6.84
1897,2024-12-04 01:33:11,2220.74,17.49,6.84
1898,2024-12-04 01:33:12,2221.91,17.49,6.84
1899,2024-12-04 01:33:14,2223.08,17.49,6.84
1900,2024-12-04 01:33:15,2224.25,17.49,6.84
1901,2024-12-04 01:33:16,2225.43,17.49,6.84
1902,2024-12-04 01:33:17,2226.61,17.49,6.84
1903,2024-12-04 01:33:18,2227.77,17.49,6.84
1904,2024-12-04 01:33:19,2228.94,17.49,6.84
1905,2024-12-04 01:33:21,2230.10,17.49,6.84
1906,2024-12-04 01:33:22,2231.27,17.49,6.84
1907,2024-12-04 01:33:23,2232.44,17.49,6.84
1908,2024-12-04 01:33:24,2233.62,17.49,6.84
1909,2024-12-04 01:33:25,2234.78,17.49,6.84
1910,2024-12-04 01:33:26,2235.95,17.49,6.84
1911,2024-12-04 01:33:28,2237.11,17.49,6.84
1912,2024-12-04 01:33:29,2238.28,17.49,6.84
1913,2024-12-04 01:33:30,2239.45,17.49,6.84
1914,2024-12-04 01:33:31,2240.62,17.49,6.84
1915,2024-12-04 01:33:32,2241.79,17.49,6.84
1916,2024-12-04 01:33:34,2242.96,17.49,6.84
1917,2024-12-04 01:33:35,2244.13,17.49,6.84
1918,2024-12-04 01:33:36,2245.30,17.49,6.84
1919,2024-12-04 01:33:37,2246.46,17.49,6.84
1920,2024-12-04 01:33:38,2247.63,17.49,6.84
1921,2024-12-04 01:33:39,2248.79,17.49,6.84
1922,2024-12-04 01:33:41,2249.96,17.49,6.84
1923,2024-12-04 01:33:42,2251.13,17.49,6.84
1924,2024-12-04 01:33:43,2252.30,17.49,6.84
1925,2024-12-04 01:33:44,2253.46,17.49,6.84
1926,2024-12-04 01:33:45,2254.63,17.49,6.84
1927,2024-12-04 01:33:46,2255.80,17.49,6.84
1928,2024-12-04 01:33:48,2256.97,17.49,6.84
1929,2024-12-04 01:33:49,2258.14,17.49,6.84
1930,2024-12-04 01:33:50,2259.32,17.49,6.84
1931,2024-12-04 01:33:51,2260.49,17.49,6.84
1932,2024-12-04 01:33:52,2261.67,17.49,6.84
1933,2024-12-04 01:33:53,2262.84,17.49,6.84
1934,2024-12-04 01:33:55,2264.02,17.49,6.84
1935,2024-12-04 01:33:56,2265.18,17.49,6.84
1936,2024-12-04 01:33:57,2266.35,17.49,6.84
1937,2024-12-04 01:33:58,2267.51,17.49,6.84
1938,2024-12-04 01:33:59,2268.69,17.49,6.84
1939,2024-12-04 01:34:00,2269.85,17.49,6.84
1940,2024-12-04 01:34:02,2271.01,17.49,6.84
1941,2024-12-04 01:34:03,2272.19,17.49,6.84
1942,2024-12-04 01:34:04,2273.35,17.49,6.84
1943,2024-12-04 01:34:05,2274.51,17.49,6.84
1944,2024-12-04 01:34:06,2275.68,17.49,6.84
1945,2024-12-04 01:34:07,2276.85,17.49,6.84
1946,2024-12-04 01:34:09,2278.02,17.49,6.84
1947,2024-12-04 01:34:10,2279.18,17.49,6.84
1948,2024-12-04 01:34:11,2280.35,17.49,6.84
1949,2024-12-04 01:34:12,2281.52,17.49,6.84
1950,2024-12-04 01:34:13,2282.70,17.49,6.84
1951,2024-12-04 01:34:14,2283.87,17.49,6.84
1952,2024-12-04 01:34:16,2285.04,17.49,6.84
1953,2024-12-04 01:34:17,2286.21,17.49,6.84
1954,2024-12-04 01:34:18,2287.37,17.49,6.84
1955,2024-12-04 01:34:19,2288.54,17.49,6.84
1956,2024-12-04 01:34:20,2289.72,17.49,6.84
1957,2024-12-04 01:34:21,2290.89,17.49,6.84
1958,2024-12-04 01:34:23,2292.06,17.49,6.84
1959,2024-12-04 01:34:24,2293.22,17.49,6.84
1960,2024-12-04 01:34:25,2294.40,17.49,6.84
1961,2024-12-04 01:34:26,2295.57,17.49,6.84
1962,2024-12-04 01:34:27,2296.74,17.49,6.84
1963,2024-12-04 01:34:28,2297.90,17.49,6.84
1964,2024-12-04 01:34:30,2299.07,17.49,6.84
1965,2024-12-04 01:34:31,2300.24,17.49,6.84
1966,2024-12-04 01:34:32,2301.41,17.49,6.84
1967,2024-12-04 01:34:33,2302.58,17.49,6.84
1968,2024-12-04 01:34:34,2303.76,17.49,6.84
1969,2024-12-04 01:34:35,2304.91,17.49,6.84
1970,2024-12-04 01:34:37,2306.09,17.49,6.84
1971,2024-12-04 01:34:38,2307.27,17.49,6.84
1972,2024-12-04 01:34:39,2308.43,17.49,6.84
1973,2024-12-04 01:34:40,2309.61,17.49,6.84
1974,2024-12-04 01:34:41,2310.78,17.49,6.84
1975,2024-12-04 01:34:42,2311.95,17.49,6.84
1976,2024-12-04 01:34:44,2313.12,17.49,6.84
1977,2024-12-04 01:34:45,2314.30,17.49,6.84
1978,2024-12-04 01:34:46,2315.47,17.49,6.84
1979,2024-12-04 01:34:47,2316.65,17.49,6.84
1980,2024-12-04 01:34:48,2317.81,17.49,6.84
1981,2024-12-04 01:34:50,2318.98,17.49,6.84
1982,2024-12-04 01:34:51,2320.17,17.49,6.84
1983,2024-12-04 01:34:52,2321.33,17.49,6.84
1984,2024-12-04 01:34:53,2322.50,17.49,6.84
1985,2024-12-04 01:34:54,2323.66,17.49,6.84
1986,2024-12-04 01:34:55,2324.83,17.49,6.84
1987,2024-12-04 01:34:57,2326.00,17.49,6.84
1988,2024-12-04 01:34:58,2327.17,17.49,6.84
1989,2024-12-04 01:34:59,2328.33,17.49,6.84
1990,2024-12-04 01:35:00,2329.50,17.49,6.84
1991,2024-12-04 01:35:01,2330.67,17.49,6.84
1992,2024-12-04 01:35:02,2331.84,17.49,6.84
1993,2024-12-04 01:35:04,2333.02,17.49,6.84
1994,2024-12-04 01:35:05,2334.20,17.49,6.84
1995,2024-12-04 01:35:06,2335.36,17.49,6.84
1996,2024-12-04 01:35:07,2336.53,17.49,6.84
1997,2024-12-04 01:35:08,2337.69,17.49,6.84
1998,2024-12-04 01:35:09,2338.86,17.49,6.84
1999,2024-12-04 01:35:11,2340.04,17.49,6.84
2000,2024-12-04 01:35:12,2341.20,17.49,6.84
2001,2024-12-04 01:35:13,2342.37,17.49,6.84
2002,2024-12-04 01:35:14,2343.54,17.49,6.84
2003,2024-12-04 01:35:15,2344.71,17.49,6.84
2004,2024-12-04 01:35:16,2345.88,17.49,6.84
2005,2024-12-04 01:35:18,2347.05,17.49,6.84
2006,2024-12-04 01:35:19,2348.22,17.49,6.84
2007,2024-12-04 01:35:20,2349.39,17.49,6.84
2008,2024-12-04 01:35:21,2350.57,17.49,6.84
2009,2024-12-04 01:35:22,2351.74,17.49,6.84
2010,2024-12-04 01:35:23,2352.91,17.49,6.84
2011,2024-12-04 01:35:25,2354.07,17.49,6.84
2012,2024-12-04 01:35:26,2355.24,17.49,6.84
2013,2024-12-04 01:35:27,2356.42,17.49,6.84
2014,2024-12-04 01:35:28,2357.58,17.49,6.84
2015,2024-12-04 01:35:29,2358.75,17.49,6.84
2016,2024-12-04 01:35:30,2359.91,17.49,6.84
2017,2024-12-04 01:35:32,2361.08,17.49,6.84
2018,2024-12-04 01:35:33,2362.25,17.49,6.84
2019,2024-12-04 01:35:34,2363.43,17.49,6.84
2020,2024-12-04 01:35:35,2364.60,17.49,6.84
2021,2024-12-04 01:35:36,2365.77,17.49,6.84
2022,2024-12-04 01:35:37,2366.94,17.49,6.84
2023,2024-12-04 01:35:39,2368.11,17.49,6.84
2024,2024-12-04 01:35:40,2369.28,17.49,6.84
2025,2024-12-04 01:35:41,2370.45,17.49,6.84
2026,2024-12-04 01:35:42,2371.63,17.49,6.84
2027,2024-12-04 01:35:43,2372.80,17.49,6.84
2028,2024-12-04 01:35:45,2373.98,17.49,6.84
2029,2024-12-04 01:35:46,2375.15,17.49,6.84
2030,2024-12-04 01:35:47,2376.33,17.49,6.84
2031,2024-12-04 01:35:48,2377.50,17.49,6.84
2032,2024-12-04 01:35:49,2378.67,17.49,6.84
2033,2024-12-04 01:35:50,2379.84,17.49,6.84
2034,2024-12-04 01:35:52,2381.02,17.49,6.84
2035,2024-12-04 01:35:53,2382.19,17.49,6.84
2036,2024-12-04 01:35:54,2383.36,17.49,6.84
2037,2024-12-04 01:35:55,2384.53,17.49,6.84
2038,2024-12-04 01:35:56,2385.69,17.49,6.84
2039,2024-12-04 01:35:57,2386.87,17.49,6.84
2040,2024-12-04 01:35:59,2388.05,17.49,6.84
2041,2024-12-04 01:36:00,2389.21,17.49,6.84
2042,2024-12-04 01:36:01,2390.37,17.49,6.84
2043,2024-12-04 01:36:02,2391.53,17.49,6.84
2044,2024-12-04 01:36:03,2392.69,17.49,6.84
2045,2024-12-04 01:36:04,2393.87,17.49,6.84
2046,2024-12-04 01:36:06,2395.03,17.49,6.84
2047,2024-12-04 01:36:07,2396.19,17.49,6.84
2048,2024-12-04 01:36:08,2397.36,17.49,6.84
2049,2024-12-04 01:36:09,2398.53,17.49,6.84
2050,2024-12-04 01:36:10,2399.71,17.49,6.84
2051,2024-12-04 01:36:11,2400.88,17.49,6.84
2052,2024-12-04 01:36:13,2402.05,17.49,6.84
2053,2024-12-04 01:36:14,2403.23,17.49,6.84
2054,2024-12-04 01:36:15,2404.40,17.49,6.84
2055,2024-12-04 01:36:16,2405.57,17.49,6.84
2056,2024-12-04 01:36:17,2406.75,17.49,6.84
2057,2024-12-04 01:36:18,2407.92,17.49,6.84
2058,2024-12-04 01:36:20,2409.09,17.49,6.84
2059,2024-12-04 01:36:21,2410.27,17.49,6.84
2060,2024-12-04 01:36:22,2411.43,17.49,6.84
2061,2024-12-04 01:36:23,2412.60,17.49,6.84
2062,2024-12-04 01:36:24,2413.76,17.49,6.84
2063,2024-12-04 01:36:25,2414.93,17.49,6.84
2064,2024-12-04 01:36:27,2416.10,17.49,6.84
2065,2024-12-04 01:36:28,2417.28,17.49,6.84
2066,2024-12-04 01:36:29,2418.44,17.49,6.84
2067,2024-12-04 01:36:30,2419.60,17.49,6.84
2068,2024-12-04 01:36:31,2420.76,17.49,6.84
2069,2024-12-04 01:36:32,2421.94,17.49,6.84
2070,2024-12-04 01:36:34,2423.11,17.49,6.84
2071,2024-12-04 01:36:35,2424.27,17.49,6.84
2072,2024-12-04 01:36:36,2425.44,17.49,6.84
2073,2024-12-04 01:36:37,2426.61,17.49,6.84
2074,2024-12-04 01:36:38,2427.78,17.49,6.84
2075,2024-12-04 01:36:39,2428.94,17.49,6.84
2076,2024-12-04 01:36:41,2430.10,17.49,6.84
2077,2024-12-04 01:36:42,2431.28,17.49,6.84
2078,2024-12-04 01:36:43,2432.44,17.49,6.84
2079,2024-12-04 01:36:44,2433.60,17.49,6.84
2080,2024-12-04 01:36:45,2434.76,17.49,6.84
2081,2024-12-04 01:36:46,2435.94,17.49,6.84
2082,2024-12-04 01:36:48,2437.10,17.49,6.84
2083,2024-12-04 01:36:49,2438.26,17.49,6.84
2084,2024-12-04 01:36:50,2439.44,17.49,6.84
2085,2024-12-04 01:36:51,2440.61,17.49,6.84
2086,2024-12-04 01:36:52,2441.78,17.49,6.84
2087,2024-12-04 01:36:54,2442.95,17.49,6.84
2088,2024-12-04 01:36:55,2444.13,17.49,6.84
2089,2024-12-04 01:36:56,2445.30,17.49,6.84
2090,2024-12-04 01:36:57,2446.47,17.49,6.84
2091,2024-12-04 01:36:58,2447.64,17.49,6.84
2092,2024-12-04 01:36:59,2448.81,17.49,6.84
2093,2024-12-04 01:37:01,2449.97,17.49,6.84
2094,2024-12-04 01:37:02,2451.15,17.49,6.84
2095,2024-12-04 01:37:03,2452.32,17.49,6.84
2096,2024-12-04 01:37:04,2453.48,17.49,6.84
2097,2024-12-04 01:37:05,2454.65,17.49,6.84
2098,2024-12-04 01:37:06,2455.81,17.49,6.84
2099,2024-12-04 01:37:08,2456.98,17.49,6.84
2100,2024-12-04 01:37:09,2458.15,17.49,6.84
2101,2024-12-04 01:37:10,2459.33,17.49,6.84
2102,2024-12-04 01:37:11,2460.50,17.49,6.84
2103,2024-12-04 01:37:12,2461.68,17.49,6.84
2104,2024-12-04 01:37:13,2462.86,17.49,6.84
2105,2024-12-04 01:37:15,2464.02,17.49,6.84
2106,2024-12-04 01:37:16,2465.18,17.49,6.84
2107,2024-12-04 01:37:17,2466.35,17.49,6.84
2108,2024-12-04 01:37:18,2467.52,17.49,6.84
2109,2024-12-04 01:37:19,2468.69,17.49,6.84
2110,2024-12-04 01:37:20,2469.85,17.49,6.84
2111,2024-12-04 01:37:22,2471.02,17.49,6.84
2112,2024-12-04 01:37:23,2472.19,17.49,6.84
2113,2024-12-04 01:37:24,2473.35,17.49,6.84
2114,2024-12-04 01:37:25,2474.53,17.49,6.84
2115,2024-12-04 01:37:26,2475.71,17.49,6.84
2116,2024-12-04 01:37:27,2476.87,17.49,6.84
2117,2024-12-04 01:37:29,2478.05,17.49,6.84
2118,2024-12-04 01:37:30,2479.23,17.49,6.84
2119,2024-12-04 01:37:31,2480.40,17.49,6.84
2120,2024-12-04 01:37:32,2481.58,17.49,6.84
2121,2024-12-04 01:37:33,2482.74,17.49,6.84
2122,2024-12-04 01:37:34,2483.91,17.49,6.84
2123,2024-12-04 01:37:36,2485.07,17.49,6.84
2124,2024-12-04 01:37:37,2486.23,17.49,6.84
2125,2024-12-04 01:37:38,2487.41,17.49,6.84
2126,2024-12-04 01:37:39,2488.59,17.49,6.84
2127,2024-12-04 01:37:40,2489.76,17.49,6.84
2128,2024-12-04 01:37:41,2490.93,17.49,6.84
2129,2024-12-04 01:37:43,2492.11,17.49,6.84
2130,2024-12-04 01:37:44,2493.29,17.49,6.84
2131,2024-12-04 01:37:45,2494.45,17.49,6.84
2132,2024-12-04 01:37:46,2495.63,17.49,6.84
2133,2024-12-04 01:37:47,2496.80,17.49,6.84
2134,2024-12-04 01:37:49,2497.98,17.49,6.84
2135,2024-12-04 01:37:50,2499.14,17.49,6.84
2136,2024-12-04 01:37:51,2500.31,17.49,6.84
2137,2024-12-04 01:37:52,2501.48,17.49,6.84
2138,2024-12-04 01:37:53,2502.64,17.49,6.84
2139,2024-12-04 01:37:54,2503.81,17.49,6.84
2140,2024-12-04 01:37:56,2504.98,17.49,6.84
2141,2024-12-04 01:37:57,2506.15,17.49,6.84
2142,2024-12-04 01:37:58,2507.32,17.49,6.84
2143,2024-12-04 01:37:59,2508.49,17.49,6.84
2144,2024-12-04 01:38:00,2509.66,17.49,6.84
2145,2024-12-04 01:38:01,2510.82,17.49,6.84
2146,2024-12-04 01:38:03,2511.99,17.49,6.84
2147,2024-12-04 01:38:04,2513.16,17.49,6.84
2148,2024-12-04 01:38:05,2514.33,17.49,6.84
2149,2024-12-04 01:38:06,2515.50,17.49,6.84
2150,2024-12-04 01:38:07,2516.67,17.49,6.84
2151,2024-12-04 01:38:08,2517.85,17.49,6.84
2152,2024-12-04 01:38:10,2519.02,17.49,6.84
2153,2024-12-04 01:38:11,2520.19,17.49,6.84
2154,2024-12-04 01:38:12,2521.37,17.49,6.84
2155,2024-12-04 01:38:13,2522.55,17.49,6.84
2156,2024-12-04 01:38:14,2523.72,17.49,6.84
2157,2024-12-04 01:38:15,2524.89,17.49,6.84
2158,2024-12-04 01:38:17,2526.05,17.49,6.84
2159,2024-12-04 01:38:18,2527.23,17.49,6.84
2160,2024-12-04 01:38:19,2528.40,17.49,6.84
2161,2024-12-04 01:38:20,2529.58,17.49,6.84
2162,2024-12-04 01:38:21,2530.75,17.49,6.84
2163,2024-12-04 01:38:22,2531.92,17.49,6.84
2164,2024-12-04 01:38:24,2533.09,17.49,6.84
2165,2024-12-04 01:38:25,2534.26,17.49,6.84
2166,2024-12-04 01:38:26,2535.42,17.49,6.84
2167,2024-12-04 01:38:27,2536.59,17.49,6.84
2168,2024-12-04 01:38:28,2537.76,17.49,6.84
2169,2024-12-04 01:38:29,2538.92,17.49,6.84
2170,2024-12-04 01:38:31,2540.09,17.49,6.84
2171,2024-12-04 01:38:32,2541.25,17.49,6.84
2172,2024-12-04 01:38:33,2542.42,17.49,6.84
2173,2024-12-04 01:38:34,2543.59,17.49,6.84
2174,2024-12-04 01:38:35,2544.75,17.49,6.84
2175,2024-12-04 01:38:36,2545.93,17.49,6.84
2176,2024-12-04 01:38:38,2547.09,17.49,6.84
2177,2024-12-04 01:38:39,2548.26,17.49,6.84
2178,2024-12-04 01:38:40,2549.44,17.49,6.84
2179,2024-12-04 01:38:41,2550.61,17.49,6.84
2180,2024-12-04 01:38:42,2551.77,17.49,6.84
2181,2024-12-04 01:38:43,2552.94,17.49,6.84
2182,2024-12-04 01:38:45,2554.10,17.49,6.84
2183,2024-12-04 01:38:46,2555.27,17.49,6.84
2184,2024-12-04 01:38:47,2556.44,17.49,6.84
2185,2024-12-04 01:38:48,2557.61,17.49,6.84
2186,2024-12-04 01:38:49,2558.79,17.49,6.84
2187,2024-12-04 01:38:50,2559.94,17.49,6.84
2188,2024-12-04 01:38:52,2561.12,17.49,6.84
2189,2024-12-04 01:38:53,2562.28,17.49,6.84
2190,2024-12-04 01:38:54,2563.46,17.49,6.84
2191,2024-12-04 01:38:55,2564.64,17.49,6.84
2192,2024-12-04 01:38:56,2565.81,17.49,6.84
2193,2024-12-04 01:38:58,2566.97,17.49,6.84
2194,2024-12-04 01:38:59,2568.14,17.49,6.84
2195,2024-12-04 01:39:00,2569.30,17.49,6.84
2196,2024-12-04 01:39:01,2570.47,17.49,6.84
2197,2024-12-04 01:39:02,2571.66,17.49,6.84
2198,2024-12-04 01:39:03,2572.84,17.49,6.84
2199,2024-12-04 01:39:05,2574.00,17.49,6.84
2200,2024-12-04 01:39:06,2575.16,17.49,6.84
2201,2024-12-04 01:39:07,2576.32,17.49,6.84
2202,2024-12-04 01:39:08,2577.48,17.49,6.84
2203,2024-12-04 01:39:09,2578.64,17.49,6.84
2204,2024-12-04 01:39:10,2579.80,17.49,6.84
2205,2024-12-04 01:39:12,2580.97,17.49,6.84
2206,2024-12-04 01:39:13,2582.14,17.49,6.84
2207,2024-12-04 01:39:14,2583.31,17.49,6.84
2208,2024-12-04 01:39:15,2584.48,17.49,6.84
2209,2024-12-04 01:39:16,2585.64,17.49,6.84
2210,2024-12-04 01:39:17,2586.80,17.49,6.84
2211,2024-12-04 01:39:19,2587.97,17.49,6.84
2212,2024-12-04 01:39:20,2589.13,17.49,6.84
2213,2024-12-04 01:39:21,2590.31,17.49,6.84
2214,2024-12-04 01:39:22,2591.48,17.49,6.84
2215,2024-12-04 01:39:23,2592.65,17.49,6.84
2216,2024-12-04 01:39:24,2593.82,17.49,6.84
2217,2024-12-04 01:39:26,2594.98,17.49,6.84
2218,2024-12-04 01:39:27,2596.15,17.49,6.84
2219,2024-12-04 01:39:28,2597.32,17.49,6.84
2220,2024-12-04 01:39:29,2598.49,17.49,6.84
2221,2024-12-04 01:39:30,2599.66,17.49,6.84
2222,2024-12-04 01:39:31,2600.83,17.49,6.84
2223,2024-12-04 01:39:33,2602.00,17.49,6.84
2224,2024-12-04 01:39:34,2603.16,17.49,6.84
2225,2024-12-04 01:39:35,2604.33,17.49,6.84
2226,2024-12-04 01:39:36,2605.50,17.49,6.84
2227,2024-12-04 01:39:37,2606.66,17.49,6.84
2228,2024-12-04 01:39:38,2607.83,17.49,6.84
2229,2024-12-04 01:39:40,2609.01,17.49,6.84
2230,2024-12-04 01:39:41,2610.18,17.49,6.84
2231,2024-12-04 01:39:42,2611.35,17.49,6.84
2232,2024-12-04 01:39:43,2612.51,17.49,6.84
2233,2024-12-04 01:39:44,2613.68,17.49,6.84
2234,2024-12-04 01:39:45,2614.85,17.49,6.84
2235,2024-12-04 01:39:47,2616.02,17.49,6.84
2236,2024-12-04 01:39:48,2617.18,17.49,6.84
2237,2024-12-04 01:39:49,2618.34,17.49,6.84
2238,2024-12-04 01:39:50,2619.50,17.49,6.84
2239,2024-12-04 01:39:51,2620.67,17.49,6.84
2240,2024-12-04 01:39:52,2621.84,17.49,6.84
2241,2024-12-04 01:39:54,2623.01,17.49,6.84
2242,2024-12-04 01:39:55,2624.18,17.49,6.84
2243,2024-12-04 01:39:56,2625.35,17.49,6.84
2244,2024-12-04 01:39:57,2626.51,17.49,6.84
2245,2024-12-04 01:39:58,2627.68,17.49,6.84
2246,2024-12-04 01:39:59,2628.85,17.49,6.84
2247,2024-12-04 01:40:01,2630.02,17.49,6.84
2248,2024-12-04 01:40:02,2631.18,17.49,6.84
2249,2024-12-04 01:40:03,2632.35,17.49,6.84
2250,2024-12-04 01:40:04,2633.51,17.49,6.84
2251,2024-12-04 01:40:05,2634.69,17.49,6.84
2252,2024-12-04 01:40:06,2635.85,17.49,6.84
2253,2024-12-04 01:40:08,2637.03,17.49,6.84
2254,2024-12-04 01:40:09,2638.20,17.49,6.84
2255,2024-12-04 01:40:10,2639.37,17.49,6.84
2256,2024-12-04 01:40:11,2640.55,17.49,6.84
2257,2024-12-04 01:40:12,2641.72,17.49,6.84
2258,2024-12-04 01:40:13,2642.89,17.49,6.84
2259,2024-12-04 01:40:15,2644.06,17.49,6.84
2260,2024-12-04 01:40:16,2645.23,17.49,6.84
2261,2024-12-04 01:40:17,2646.41,17.49,6.84
2262,2024-12-04 01:40:18,2647.59,17.49,6.84
2263,2024-12-04 01:40:19,2648.76,17.49,6.84
2264,2024-12-04 01:40:20,2649.94,17.49,6.84
2265,2024-12-04 01:40:22,2651.10,17.49,6.84
2266,2024-12-04 01:40:23,2652.28,17.49,6.84
2267,2024-12-04 01:40:24,2653.45,17.49,6.84
2268,2024-12-04 01:40:25,2654.62,17.49,6.84
2269,2024-12-04 01:40:26,2655.80,17.49,6.84
2270,2024-12-04 01:40:28,2656.98,17.49,6.84
2271,2024-12-04 01:40:29,2658.14,17.49,6.84
2272,2024-12-04 01:40:30,2659.30,17.49,6.84
2273,2024-12-04 01:40:31,2660.47,17.49,6.84
2274,2024-12-04 01:40:32,2661.64,17.49,6.84
2275,2024-12-04 01:40:33,2662.80,17.49,6.84
2276,2024-12-04 01:40:35,2663.97,17.49,6.84
2277,2024-12-04 01:40:36,2665.15,17.49,6.84
2278,2024-12-04 01:40:37,2666.32,17.49,6.84
2279,2024-12-04 01:40:38,2667.50,17.49,6.84
2280,2024-12-04 01:40:39,2668.67,17.49,6.84
2281,2024-12-04 01:40:40,2669.84,17.49,6.84
2282,2024-12-04 01:40:42,2671.00,17.49,6.84
2283,2024-12-04 01:40:43,2672.17,17.49,6.84
2284,2024-12-04 01:40:44,2673.34,17.49,6.84
2285,2024-12-04 01:40:45,2674.51,17.49,6.84
2286,2024-12-04 01:40:46,2675.67,17.49,6.84
2287,2024-12-04 01:40:47,2676.84,17.49,6.84
2288,2024-12-04 01:40:49,2678.00,17.49,6.84
2289,2024-12-04 01:40:50,2679.17,17.49,6.84
2290,2024-12-04 01:40:51,2680.33,17.49,6.84
2291,2024-12-04 01:40:52,2681.51,17.49,6.84
2292,2024-12-04 01:40:53,2682.67,17.49,6.84
2293,2024-12-04 01:40:54,2683.85,17.49,6.84
2294,2024-12-04 01:40:56,2685.02,17.49,6.84
2295,2024-12-04 01:40:57,2686.19,17.49,6.84
2296,2024-12-04 01:40:58,2687.38,17.49,6.84
2297,2024-12-04 01:40:59,2688.55,17.49,6.84
2298,2024-12-04 01:41:00,2689.72,17.49,6.84
2299,2024-12-04 01:41:01,2690.89,17.49,6.84
2300,2024-12-04 01:41:03,2692.06,17.49,6.84
2301,2024-12-04 01:41:04,2693.23,17.49,6.84
2302,2024-12-04 01:41:05,2694.41,17.49,6.84
2303,2024-12-04 01:41:06,2695.58,17.49,6.84
2304,2024-12-04 01:41:07,2696.76,17.49,6.84
2305,2024-12-04 01:41:08,2697.94,17.49,6.84
2306,2024-12-04 01:41:10,2699.11,17.49,6.84
2307,2024-12-04 01:41:11,2700.28,17.49,6.84
2308,2024-12-04 01:41:12,2701.45,17.49,6.84
2309,2024-12-04 01:41:13,2702.62,17.49,6.84
2310,2024-12-04 01:41:14,2703.79,17.49,6.84
2311,2024-12-04 01:41:16,2704.96,17.49,6.84
2312,2024-12-04 01:41:17,2706.13,17.49,6.84
2313,2024-12-04 01:41:18,2707.31,17.49,6.84
2314,2024-12-04 01:41:19,2708.49,17.49,6.84
2315,2024-12-04 01:41:20,2709.67,17.49,6.84
2316,2024-12-04 01:41:21,2710.84,17.49,6.84
2317,2024-12-04 01:41:23,2712.00,17.49,6.84
2318,2024-12-04 01:41:24,2713.18,17.49,6.84
2319,2024-12-04 01:41:25,2714.36,17.49,6.84
2320,2024-12-04 01:41:26,2715.53,17.49,6.84
2321,2024-12-04 01:41:27,2716.70,17.49,6.84
2322,2024-12-04 01:41:28,2717.86,17.49,6.84
2323,2024-12-04 01:41:30,2719.03,17.49,6.84
2324,2024-12-04 01:41:31,2720.20,17.49,6.84
2325,2024-12-04 01:41:32,2721.37,17.49,6.84
2326,2024-12-04 01:41:33,2722.54,17.49,6.84
2327,2024-12-04 01:41:34,2723.71,17.49,6.84
2328,2024-12-04 01:41:35,2724.87,17.49,6.84
2329,2024-12-04 01:41:37,2726.05,17.49,6.84
2330,2024-12-04 01:41:38,2727.22,17.49,6.84
2331,2024-12-04 01:41:39,2728.40,17.49,6.84
2332,2024-12-04 01:41:40,2729.57,17.49,6.84
2333,2024-12-04 01:41:41,2730.74,17.49,6.84
2334,2024-12-04 01:41:42,2731.91,17.49,6.84
2335,2024-12-04 01:41:44,2733.09,17.49,6.84
2336,2024-12-04 01:41:45,2734.26,17.49,6.84
2337,2024-12-04 01:41:46,2735.45,17.49,6.84
2338,2024-12-04 01:41:47,2736.62,17.49,6.84
2339,2024-12-04 01:41:48,2737.79,17.49,6.84
2340,2024-12-04 01:41:49,2738.95,17.49,6.84
2341,2024-12-04 01:41:51,2740.13,17.49,6.84
2342,2024-12-04 01:41:52,2741.29,17.49,6.84
2343,2024-12-04 01:41:53,2742.46,17.49,6.84
2344,2024-12-04 01:41:54,2743.63,17.49,6.84
2345,2024-12-04 01:41:55,2744.81,17.49,6.84
2346,2024-12-04 01:41:57,2745.99,17.49,6.84
2347,2024-12-04 01:41:58,2747.16,17.49,6.84
2348,2024-12-04 01:41:59,2748.34,17.49,6.84
2349,2024-12-04 01:42:00,2749.50,17.49,6.84
2350,2024-12-04 01:42:01,2750.68,17.49,6.84
2351,2024-12-04 01:42:02,2751.85,17.49,6.84
2352,2024-12-04 01:42:04,2753.03,17.49,6.84
2353,2024-12-04 01:42:05,2754.20,17.49,6.84
2354,2024-12-04 01:42:06,2755.38,17.49,6.84
2355,2024-12-04 01:42:07,2756.55,17.49,6.84
2356,2024-12-04 01:42:08,2757.73,17.49,6.84
2357,2024-12-04 01:42:09,2758.90,17.49,6.84
2358,2024-12-04 01:42:11,2760.07,17.49,6.84
2359,2024-12-04 01:42:12,2761.25,17.49,6.84
2360,2024-12-04 01:42:13,2762.42,17.49,6.84
2361,2024-12-04 01:42:14,2763.59,17.49,6.84
2362,2024-12-04 01:42:15,2764.76,17.49,6.84
2363,2024-12-04 01:42:16,2765.93,17.49,6.84
2364,2024-12-04 01:42:18,2767.11,17.49,6.84
2365,2024-12-04 01:42:19,2768.29,17.49,6.84
2366,2024-12-04 01:42:20,2769.46,17.49,6.84
2367,2024-12-04 01:42:21,2770.62,17.49,6.84
2368,2024-12-04 01:42:22,2771.79,17.49,6.84
2369,2024-12-04 01:42:24,2772.95,17.49,6.84
2370,2024-12-04 01:42:25,2774.13,17.49,6.84
2371,2024-12-04 01:42:26,2775.29,17.49,6.84
2372,2024-12-04 01:42:27,2776.46,17.49,6.84
2373,2024-12-04 01:42:28,2777.65,17.49,6.84
2374,2024-12-04 01:42:29,2778.82,17.49,6.84
2375,2024-12-04 01:42:31,2779.98,17.49,6.84
2376,2024-12-04 01:42:32,2781.16,17.49,6.84
2377,2024-12-04 01:42:33,2782.33,17.49,6.84
2378,2024-12-04 01:42:34,2783.51,17.49,6.84
2379,2024-12-04 01:42:35,2784.68,17.49,6.84
2380,2024-12-04 01:42:36,2785.85,17.49,6.84
2381,2024-12-04 01:42:38,2787.03,17.49,6.84
2382,2024-12-04 01:42:39,2788.20,17.49,6.84
2383,2024-12-04 01:42:40,2789.38,17.49,6.84
2384,2024-12-04 01:42:41,2790.55,17.49,6.84
2385,2024-12-04 01:42:42,2791.72,17.49,6.84
2386,2024-12-04 01:42:43,2792.89,17.49,6.84
2387,2024-12-04 01:42:45,2794.06,17.49,6.84
2388,2024-12-04 01:42:46,2795.23,17.49,6.84
2389,2024-12-04 01:42:47,2796.41,17.49,6.84
2390,2024-12-04 01:42:48,2797.58,17.49,6.84
2391,2024-12-04 01:42:49,2798.76,17.49,6.84
2392,2024-12-04 01:42:50,2799.92,17.49,6.84
2393,2024-12-04 01:42:52,2801.10,17.49,6.84
2394,2024-12-04 01:42:53,2802.28,17.49,6.84
2395,2024-12-04 01:42:54,2803.44,17.49,6.84
2396,2024-12-04 01:42:55,2804.61,17.49,6.84
2397,2024-12-04 01:42:56,2805.78,17.49,6.84
2398,2024-12-04 01:42:57,2806.95,17.49,6.84
2399,2024-12-04 01:42:59,2808.12,17.49,6.84
2400,2024-12-04 01:43:00,2809.28,17.49,6.84
2401,2024-12-04 01:43:01,2810.45,17.49,6.84
2402,2024-12-04 01:43:02,2811.62,17.49,6.84
2403,2024-12-04 01:43:03,2812.79,17.49,6.84
2404,2024-12-04 01:43:05,2813.96,17.49,6.84
2405,2024-12-04 01:43:06,2815.12,17.49,6.84
2406,2024-12-04 01:43:07,2816.28,17.49,6.84
2407,2024-12-04 01:43:08,2817.45,17.49,6.84
2408,2024-12-04 01:43:09,2818.62,17.49,6.84
2409,2024-12-04 01:43:10,2819.79,17.49,6.84
2410,2024-12-04 01:43:12,2820.96,17.49,6.84
2411,2024-12-04 01:43:13,2822.13,17.49,6.84
2412,2024-12-04 01:43:14,2823.29,17.49,6.84
2413,2024-12-04 01:43:15,2824.46,17.49,6.84
2414,2024-12-04 01:43:16,2825.63,17.49,6.84
2415,2024-12-04 01:43:17,2826.80,17.49,6.84
2416,2024-12-04 01:43:19,2827.96,17.49,6.84
2417,2024-12-04 01:43:20,2829.13,17.49,6.84
2418,2024-12-04 01:43:21,2830.30,17.49,6.84
2419,2024-12-04 01:43:22,2831.46,17.49,6.84
2420,2024-12-04 01:43:23,2832.62,17.49,6.84
2421,2024-12-04 01:43:24,2833.79,17.49,6.84
2422,2024-12-04 01:43:25,2834.95,17.49,6.84
2423,2024-12-04 01:43:27,2836.12,17.49,6.84
2424,2024-12-04 01:43:28,2837.29,17.49,6.84
2425,2024-12-04 01:43:29,2838.46,17.49,6.84
2426,2024-12-04 01:43:30,2839.63,17.49,6.84
2427,2024-12-04 01:43:31,2840.80,17.49,6.84
2428,2024-12-04 01:43:33,2841.97,17.49,6.84
2429,2024-12-04 01:43:34,2843.15,17.49,6.84
2430,2024-12-04 01:43:35,2844.32,17.49,6.84
2431,2024-12-04 01:43:36,2845.49,17.49,6.84
2432,2024-12-04 01:43:37,2846.65,17.49,6.84
2433,2024-12-04 01:43:38,2847.82,17.49,6.84
2434,2024-12-04 01:43:40,2848.98,17.49,6.84
2435,2024-12-04 01:43:41,2850.15,17.49,6.84
2436,2024-12-04 01:43:42,2851.33,17.49,6.84
2437,2024-12-04 01:43:43,2852.50,17.49,6.84
2438,2024-12-04 01:43:44,2853.69,17.49,6.84
2439,2024-12-04 01:43:45,2854.86,17.49,6.84
2440,2024-12-04 01:43:47,2856.03,17.49,6.84
2441,2024-12-04 01:43:48,2857.19,17.49,6.84
2442,2024-12-04 01:43:49,2858.36,17.49,6.84
2443,2024-12-04 01:43:50,2859.53,17.49,6.84
2444,2024-12-04 01:43:51,2860.71,17.49,6.84
2445,2024-12-04 01:43:52,2861.88,17.49,6.84
2446,2024-12-04 01:43:54,2863.05,17.49,6.84
2447,2024-12-04 01:43:55,2864.22,17.49,6.84
2448,2024-12-04 01:43:56,2865.40,17.49,6.84
2449,2024-12-04 01:43:57,2866.57,17.49,6.84
2450,2024-12-04 01:43:58,2867.75,17.49,6.84
2451,2024-12-04 01:43:59,2868.92,17.49,6.84
2452,2024-12-04 01:44:01,2870.09,17.49,6.84
2453,2024-12-04 01:44:02,2871.26,17.49,6.84
2454,2024-12-04 01:44:03,2872.43,17.49,6.84
2455,2024-12-04 01:44:04,2873.59,17.49,6.84
2456,2024-12-04 01:44:05,2874.76,17.49,6.84
2457,2024-12-04 01:44:06,2875.94,17.49,6.84
2458,2024-12-04 01:44:08,2877.11,17.49,6.84
2459,2024-12-04 01:44:09,2878.29,17.49,6.84
2460,2024-12-04 01:44:10,2879.45,17.49,6.84
2461,2024-12-04 01:44:11,2880.63,17.49,6.84
2462,2024-12-04 01:44:12,2881.79,17.49,6.84
2463,2024-12-04 01:44:14,2882.97,17.49,6.84
2464,2024-12-04 01:44:15,2884.13,17.49,6.84
2465,2024-12-04 01:44:16,2885.31,17.49,6.84
2466,2024-12-04 01:44:17,2886.48,17.49,6.84
2467,2024-12-04 01:44:18,2887.65,17.49,6.84
2468,2024-12-04 01:44:19,2888.82,17.49,6.84
2469,2024-12-04 01:44:21,2889.98,17.49,6.84
2470,2024-12-04 01:44:22,2891.15,17.49,6.84
2471,2024-12-04 01:44:23,2892.32,17.49,6.84
2472,2024-12-04 01:44:24,2893.50,17.49,6.84
2473,2024-12-04 01:44:25,2894.67,17.49,6.84
2474,2024-12-04 01:44:26,2895.85,17.49,6.84
2475,2024-12-04 01:44:28,2897.03,17.49,6.84
2476,2024-12-04 01:44:29,2898.19,17.49,6.84
2477,2024-12-04 01:44:30,2899.36,17.49,6.84
2478,2024-12-04 01:44:31,2900.54,17.49,6.84
2479,2024-12-04 01:44:32,2901.72,17.49,6.84
2480,2024-12-04 01:44:33,2902.89,17.49,6.84
2481,2024-12-04 01:44:35,2904.06,17.49,6.84
2482,2024-12-04 01:44:36,2905.23,17.49,6.84
2483,2024-12-04 01:44:37,2906.39,17.49,6.84
2484,2024-12-04 01:44:38,2907.55,17.49,6.84
2485,2024-12-04 01:44:39,2908.73,17.49,6.84
2486,2024-12-04 01:44:40,2909.90,17.49,6.84
2487,2024-12-04 01:44:42,2911.07,17.49,6.84
2488,2024-12-04 01:44:43,2912.23,17.49,6.84
2489,2024-12-04 01:44:44,2913.40,17.49,6.84
2490,2024-12-04 01:44:45,2914.57,17.49,6.84
2491,2024-12-04 01:44:46,2915.74,17.49,6.84
2492,2024-12-04 01:44:47,2916.91,17.49,6.84
2493,2024-12-04 01:44:49,2918.08,17.49,6.84
2494,2024-12-04 01:44:50,2919.26,17.49,6.84
2495,2024-12-04 01:44:51,2920.44,17.49,6.84
2496,2024-12-04 01:44:52,2921.61,17.49,6.84
2497,2024-12-04 01:44:53,2922.78,17.49,6.84
2498,2024-12-04 01:44:54,2923.95,17.49,6.84
2499,2024-12-04 01:44:56,2925.12,17.49,6.84
2500,2024-12-04 01:44:57,2926.30,17.49,6.84
