Step,Timestamp,Time (s),RAM Usage (GB),GPU Memory Usage (GB)
1,2024-12-04 17:08:39,1.16,15.24,1.84
2,2024-12-04 17:08:39,1.37,15.24,1.84
3,2024-12-04 17:08:40,1.59,15.24,1.84
4,2024-12-04 17:08:40,1.80,15.24,1.84
5,2024-12-04 17:08:40,2.01,15.24,1.84
6,2024-12-04 17:08:40,2.23,15.24,1.84
7,2024-12-04 17:08:41,2.45,15.24,1.84
8,2024-12-04 17:08:41,2.66,15.24,1.84
9,2024-12-04 17:08:41,2.87,15.24,1.84
10,2024-12-04 17:08:41,3.08,15.24,1.84
11,2024-12-04 17:08:41,3.29,15.24,1.84
12,2024-12-04 17:08:42,3.50,15.24,1.84
13,2024-12-04 17:08:42,3.71,15.24,1.84
14,2024-12-04 17:08:42,3.93,15.24,1.84
15,2024-12-04 17:08:42,4.14,15.24,1.84
16,2024-12-04 17:08:42,4.35,15.24,1.84
17,2024-12-04 17:08:43,4.56,15.24,1.84
18,2024-12-04 17:08:43,4.77,15.24,1.84
19,2024-12-04 17:08:43,4.98,15.24,1.84
20,2024-12-04 17:08:43,5.20,15.24,1.84
21,2024-12-04 17:08:44,5.42,15.24,1.84
22,2024-12-04 17:08:44,5.64,15.24,1.84
23,2024-12-04 17:08:44,5.85,15.24,1.84
24,2024-12-04 17:08:44,6.05,15.24,1.84
25,2024-12-04 17:08:44,6.27,15.24,1.84
26,2024-12-04 17:08:45,6.49,15.24,1.84
27,2024-12-04 17:08:45,6.68,15.24,1.84
28,2024-12-04 17:08:45,6.90,15.24,1.84
29,2024-12-04 17:08:45,7.10,15.24,1.84
30,2024-12-04 17:08:45,7.31,15.24,1.84
31,2024-12-04 17:08:46,7.52,15.24,1.84
32,2024-12-04 17:08:46,7.73,15.24,1.84
33,2024-12-04 17:08:46,7.94,15.24,1.84
34,2024-12-04 17:08:46,8.16,15.24,1.84
35,2024-12-04 17:08:46,8.37,15.24,1.84
36,2024-12-04 17:08:47,8.59,15.24,1.84
37,2024-12-04 17:08:47,8.81,15.24,1.84
38,2024-12-04 17:08:47,9.03,15.24,1.84
39,2024-12-04 17:08:47,9.25,15.24,1.84
40,2024-12-04 17:08:48,9.46,15.24,1.84
41,2024-12-04 17:08:48,9.68,15.24,1.84
42,2024-12-04 17:08:48,9.89,15.24,1.84
43,2024-12-04 17:08:48,10.11,15.24,1.84
44,2024-12-04 17:08:48,10.33,15.24,1.84
45,2024-12-04 17:08:49,10.55,15.24,1.84
46,2024-12-04 17:08:49,10.77,15.24,1.84
47,2024-12-04 17:08:49,10.98,15.24,1.84
48,2024-12-04 17:08:49,11.19,15.24,1.84
49,2024-12-04 17:08:50,11.42,15.24,1.84
50,2024-12-04 17:08:50,11.65,15.24,1.84
51,2024-12-04 17:08:50,11.87,15.24,1.84
52,2024-12-04 17:08:50,12.09,15.24,1.84
53,2024-12-04 17:08:50,12.30,15.24,1.84
54,2024-12-04 17:08:51,12.50,15.24,1.84
55,2024-12-04 17:08:51,12.73,15.24,1.84
56,2024-12-04 17:08:51,12.94,15.24,1.84
57,2024-12-04 17:08:51,13.15,15.24,1.84
58,2024-12-04 17:08:51,13.36,15.24,1.84
59,2024-12-04 17:08:52,13.58,15.24,1.84
60,2024-12-04 17:08:52,13.79,15.24,1.84
61,2024-12-04 17:08:52,14.01,15.24,1.84
62,2024-12-04 17:08:52,14.22,15.24,1.84
63,2024-12-04 17:08:53,14.44,15.24,1.84
64,2024-12-04 17:08:53,14.66,15.24,1.84
65,2024-12-04 17:08:53,14.88,15.24,1.84
66,2024-12-04 17:08:53,15.10,15.24,1.84
67,2024-12-04 17:08:53,15.32,15.24,1.84
68,2024-12-04 17:08:54,15.54,15.24,1.84
69,2024-12-04 17:08:54,15.76,15.24,1.84
70,2024-12-04 17:08:54,15.98,15.24,1.84
71,2024-12-04 17:08:54,16.20,15.24,1.84
72,2024-12-04 17:08:55,16.41,15.24,1.84
73,2024-12-04 17:08:55,16.63,15.24,1.84
74,2024-12-04 17:08:55,16.84,15.24,1.84
75,2024-12-04 17:08:55,17.05,15.24,1.84
76,2024-12-04 17:08:55,17.27,15.24,1.84
77,2024-12-04 17:08:56,17.48,15.24,1.84
78,2024-12-04 17:08:56,17.69,15.24,1.84
79,2024-12-04 17:08:56,17.91,15.24,1.84
80,2024-12-04 17:08:56,18.11,15.24,1.84
81,2024-12-04 17:08:56,18.32,15.24,1.84
82,2024-12-04 17:08:57,18.54,15.24,1.84
83,2024-12-04 17:08:57,18.76,15.24,1.84
84,2024-12-04 17:08:57,18.97,15.24,1.84
85,2024-12-04 17:08:57,19.19,15.24,1.84
86,2024-12-04 17:08:58,19.40,15.24,1.84
87,2024-12-04 17:08:58,19.63,15.24,1.84
88,2024-12-04 17:08:58,19.86,15.24,1.84
89,2024-12-04 17:08:58,20.07,15.24,1.84
90,2024-12-04 17:08:58,20.28,15.24,1.84
91,2024-12-04 17:08:59,20.49,15.24,1.84
92,2024-12-04 17:08:59,20.71,15.24,1.84
93,2024-12-04 17:08:59,20.93,15.24,1.84
94,2024-12-04 17:08:59,21.13,15.24,1.84
95,2024-12-04 17:08:59,21.33,15.24,1.84
96,2024-12-04 17:09:00,21.54,15.24,1.84
97,2024-12-04 17:09:00,21.76,15.24,1.84
98,2024-12-04 17:09:00,21.98,15.24,1.84
99,2024-12-04 17:09:00,22.19,15.24,1.84
100,2024-12-04 17:09:01,22.41,15.24,1.84
101,2024-12-04 17:09:01,22.62,15.24,1.84
102,2024-12-04 17:09:01,22.83,15.24,1.84
103,2024-12-04 17:09:01,23.05,15.24,1.84
104,2024-12-04 17:09:01,23.27,15.24,1.84
105,2024-12-04 17:09:02,23.48,15.24,1.84
106,2024-12-04 17:09:02,23.70,15.24,1.84
107,2024-12-04 17:09:02,23.92,15.24,1.84
108,2024-12-04 17:09:02,24.14,15.24,1.84
109,2024-12-04 17:09:02,24.36,15.24,1.84
110,2024-12-04 17:09:03,24.58,15.24,1.84
111,2024-12-04 17:09:03,24.79,15.24,1.84
112,2024-12-04 17:09:03,25.01,15.24,1.84
113,2024-12-04 17:09:03,25.22,15.24,1.84
114,2024-12-04 17:09:04,25.44,15.24,1.84
115,2024-12-04 17:09:04,25.65,15.24,1.84
116,2024-12-04 17:09:04,25.87,15.24,1.84
117,2024-12-04 17:09:04,26.08,15.24,1.84
118,2024-12-04 17:09:04,26.30,15.24,1.84
119,2024-12-04 17:09:05,26.52,15.24,1.84
120,2024-12-04 17:09:05,26.74,15.24,1.84
121,2024-12-04 17:09:05,26.96,15.24,1.84
122,2024-12-04 17:09:05,27.18,15.24,1.84
123,2024-12-04 17:09:06,27.39,15.24,1.84
124,2024-12-04 17:09:06,27.61,15.24,1.84
125,2024-12-04 17:09:06,27.82,15.24,1.84
126,2024-12-04 17:09:06,28.03,15.24,1.84
127,2024-12-04 17:09:06,28.24,15.24,1.84
128,2024-12-04 17:09:07,28.45,15.24,1.84
129,2024-12-04 17:09:07,28.66,15.24,1.84
130,2024-12-04 17:09:07,28.87,15.24,1.84
131,2024-12-04 17:09:07,29.09,15.24,1.84
132,2024-12-04 17:09:07,29.31,15.24,1.84
133,2024-12-04 17:09:08,29.52,15.24,1.84
134,2024-12-04 17:09:08,29.74,15.24,1.84
135,2024-12-04 17:09:08,29.95,15.24,1.84
136,2024-12-04 17:09:08,30.17,15.24,1.84
137,2024-12-04 17:09:09,30.38,15.24,1.84
138,2024-12-04 17:09:09,30.61,15.24,1.84
139,2024-12-04 17:09:09,30.81,15.24,1.84
140,2024-12-04 17:09:09,31.04,15.24,1.84
141,2024-12-04 17:09:09,31.26,15.24,1.84
142,2024-12-04 17:09:10,31.48,15.24,1.84
143,2024-12-04 17:09:10,31.71,15.24,1.84
144,2024-12-04 17:09:10,31.94,15.24,1.84
145,2024-12-04 17:09:10,32.15,15.24,1.84
146,2024-12-04 17:09:10,32.36,15.24,1.84
147,2024-12-04 17:09:11,32.58,15.24,1.84
148,2024-12-04 17:09:11,32.80,15.24,1.84
149,2024-12-04 17:09:11,33.02,15.24,1.84
150,2024-12-04 17:09:11,33.23,15.24,1.84
151,2024-12-04 17:09:12,33.44,15.24,1.84
152,2024-12-04 17:09:12,33.66,15.24,1.84
153,2024-12-04 17:09:12,33.88,15.24,1.84
154,2024-12-04 17:09:12,34.10,15.24,1.84
155,2024-12-04 17:09:12,34.32,15.24,1.84
156,2024-12-04 17:09:13,34.53,15.24,1.84
157,2024-12-04 17:09:13,34.75,15.24,1.84
158,2024-12-04 17:09:13,34.96,15.24,1.84
159,2024-12-04 17:09:13,35.17,15.24,1.84
160,2024-12-04 17:09:14,35.39,15.24,1.84
161,2024-12-04 17:09:14,35.61,15.24,1.84
162,2024-12-04 17:09:14,35.82,15.24,1.84
163,2024-12-04 17:09:14,36.04,15.24,1.84
164,2024-12-04 17:09:14,36.26,15.24,1.84
165,2024-12-04 17:09:15,36.48,15.24,1.84
166,2024-12-04 17:09:15,36.70,15.24,1.84
167,2024-12-04 17:09:15,36.91,15.24,1.84
168,2024-12-04 17:09:15,37.11,15.24,1.84
169,2024-12-04 17:09:15,37.33,15.24,1.84
170,2024-12-04 17:09:16,37.53,15.24,1.84
171,2024-12-04 17:09:16,37.74,15.24,1.84
172,2024-12-04 17:09:16,37.96,15.24,1.84
173,2024-12-04 17:09:16,38.18,15.24,1.84
174,2024-12-04 17:09:17,38.39,15.24,1.84
175,2024-12-04 17:09:17,38.61,15.24,1.84
176,2024-12-04 17:09:17,38.82,15.24,1.84
177,2024-12-04 17:09:17,39.03,15.24,1.84
178,2024-12-04 17:09:17,39.24,15.24,1.84
179,2024-12-04 17:09:18,39.46,15.24,1.84
180,2024-12-04 17:09:18,39.67,15.24,1.84
181,2024-12-04 17:09:18,39.89,15.24,1.84
182,2024-12-04 17:09:18,40.12,15.24,1.84
183,2024-12-04 17:09:18,40.32,15.24,1.84
184,2024-12-04 17:09:19,40.53,15.24,1.84
185,2024-12-04 17:09:19,40.73,15.24,1.84
186,2024-12-04 17:09:19,40.93,15.24,1.84
187,2024-12-04 17:09:19,41.14,15.24,1.84
188,2024-12-04 17:09:19,41.34,15.24,1.84
189,2024-12-04 17:09:20,41.56,15.24,1.84
190,2024-12-04 17:09:20,41.77,15.24,1.84
191,2024-12-04 17:09:20,42.00,15.24,1.84
192,2024-12-04 17:09:20,42.21,15.24,1.84
193,2024-12-04 17:09:21,42.44,15.24,1.84
194,2024-12-04 17:09:21,42.66,15.24,1.84
195,2024-12-04 17:09:21,42.88,15.24,1.84
196,2024-12-04 17:09:21,43.10,15.24,1.84
197,2024-12-04 17:09:21,43.30,15.24,1.84
198,2024-12-04 17:09:22,43.52,15.24,1.84
199,2024-12-04 17:09:22,43.72,15.24,1.84
200,2024-12-04 17:09:22,43.92,15.24,1.84
201,2024-12-04 17:09:22,44.15,15.24,1.84
202,2024-12-04 17:09:22,44.36,15.24,1.84
203,2024-12-04 17:09:23,44.58,15.24,1.84
204,2024-12-04 17:09:23,44.79,15.24,1.84
205,2024-12-04 17:09:23,45.01,15.24,1.84
206,2024-12-04 17:09:23,45.23,15.24,1.84
207,2024-12-04 17:09:24,45.45,15.24,1.84
208,2024-12-04 17:09:24,45.64,15.24,1.84
209,2024-12-04 17:09:24,45.86,15.24,1.84
210,2024-12-04 17:09:24,46.07,15.24,1.84
211,2024-12-04 17:09:24,46.29,15.24,1.84
212,2024-12-04 17:09:25,46.50,15.24,1.84
213,2024-12-04 17:09:25,46.72,15.24,1.84
214,2024-12-04 17:09:25,46.92,15.24,1.84
215,2024-12-04 17:09:25,47.14,15.24,1.84
216,2024-12-04 17:09:25,47.35,15.24,1.84
217,2024-12-04 17:09:26,47.56,15.24,1.84
218,2024-12-04 17:09:26,47.77,15.24,1.84
219,2024-12-04 17:09:26,47.99,15.24,1.84
220,2024-12-04 17:09:26,48.22,15.24,1.84
221,2024-12-04 17:09:27,48.44,15.24,1.84
222,2024-12-04 17:09:27,48.64,15.24,1.84
223,2024-12-04 17:09:27,48.86,15.24,1.84
224,2024-12-04 17:09:27,49.07,15.24,1.84
225,2024-12-04 17:09:27,49.29,15.24,1.84
226,2024-12-04 17:09:28,49.51,15.24,1.84
227,2024-12-04 17:09:28,49.70,15.24,1.84
228,2024-12-04 17:09:28,49.90,15.24,1.84
229,2024-12-04 17:09:28,50.10,15.24,1.84
230,2024-12-04 17:09:28,50.32,15.24,1.84
231,2024-12-04 17:09:29,50.53,15.24,1.84
232,2024-12-04 17:09:29,50.75,15.24,1.84
233,2024-12-04 17:09:29,50.97,15.24,1.84
234,2024-12-04 17:09:29,51.19,15.24,1.84
235,2024-12-04 17:09:30,51.41,15.24,1.84
236,2024-12-04 17:09:30,51.62,15.24,1.84
237,2024-12-04 17:09:30,51.84,15.24,1.84
238,2024-12-04 17:09:30,52.05,15.24,1.84
239,2024-12-04 17:09:30,52.28,15.24,1.84
240,2024-12-04 17:09:31,52.49,15.24,1.84
241,2024-12-04 17:09:31,52.69,15.24,1.84
242,2024-12-04 17:09:31,52.89,15.24,1.84
243,2024-12-04 17:09:31,53.11,15.24,1.84
244,2024-12-04 17:09:31,53.33,15.24,1.84
245,2024-12-04 17:09:32,53.55,15.24,1.84
246,2024-12-04 17:09:32,53.77,15.24,1.84
247,2024-12-04 17:09:32,53.99,15.24,1.84
248,2024-12-04 17:09:32,54.20,15.24,1.84
249,2024-12-04 17:09:33,54.42,15.24,1.84
250,2024-12-04 17:09:33,54.61,15.24,1.84
251,2024-12-04 17:09:33,54.82,15.24,1.84
252,2024-12-04 17:09:33,55.03,15.24,1.84
253,2024-12-04 17:09:33,55.25,15.24,1.84
254,2024-12-04 17:09:34,55.45,15.24,1.84
255,2024-12-04 17:09:34,55.66,15.24,1.84
256,2024-12-04 17:09:34,55.87,15.24,1.84
257,2024-12-04 17:09:34,56.08,15.24,1.84
258,2024-12-04 17:09:34,56.30,15.24,1.84
259,2024-12-04 17:09:35,56.52,15.24,1.84
260,2024-12-04 17:09:35,56.72,15.24,1.84
261,2024-12-04 17:09:35,56.93,15.24,1.84
262,2024-12-04 17:09:35,57.15,15.24,1.84
263,2024-12-04 17:09:35,57.37,15.24,1.84
264,2024-12-04 17:09:36,57.58,15.24,1.84
265,2024-12-04 17:09:36,57.79,15.24,1.84
266,2024-12-04 17:09:36,58.00,15.24,1.84
267,2024-12-04 17:09:36,58.22,15.24,1.84
268,2024-12-04 17:09:37,58.44,15.24,1.84
269,2024-12-04 17:09:37,58.64,15.24,1.84
270,2024-12-04 17:09:37,58.86,15.24,1.84
271,2024-12-04 17:09:37,59.07,15.24,1.84
272,2024-12-04 17:09:37,59.29,15.24,1.84
273,2024-12-04 17:09:38,59.50,15.24,1.84
274,2024-12-04 17:09:38,59.72,15.24,1.84
275,2024-12-04 17:09:38,59.94,15.24,1.84
276,2024-12-04 17:09:38,60.15,15.24,1.84
277,2024-12-04 17:09:38,60.37,15.24,1.84
278,2024-12-04 17:09:39,60.58,15.24,1.84
279,2024-12-04 17:09:39,60.81,15.24,1.84
280,2024-12-04 17:09:39,61.02,15.24,1.84
281,2024-12-04 17:09:39,61.24,15.24,1.84
282,2024-12-04 17:09:40,61.46,15.24,1.84
283,2024-12-04 17:09:40,61.67,15.24,1.84
284,2024-12-04 17:09:40,61.90,15.24,1.84
285,2024-12-04 17:09:40,62.11,15.24,1.84
286,2024-12-04 17:09:40,62.34,15.24,1.84
287,2024-12-04 17:09:41,62.56,15.24,1.84
288,2024-12-04 17:09:41,62.78,15.24,1.84
289,2024-12-04 17:09:41,62.99,15.24,1.84
290,2024-12-04 17:09:41,63.21,15.24,1.84
291,2024-12-04 17:09:42,63.41,15.24,1.84
292,2024-12-04 17:09:42,63.63,15.24,1.84
293,2024-12-04 17:09:42,63.85,15.24,1.84
294,2024-12-04 17:09:42,64.06,15.24,1.84
295,2024-12-04 17:09:42,64.27,15.24,1.84
296,2024-12-04 17:09:43,64.49,15.24,1.84
297,2024-12-04 17:09:43,64.71,15.24,1.84
298,2024-12-04 17:09:43,64.91,15.24,1.84
299,2024-12-04 17:09:43,65.13,15.24,1.84
300,2024-12-04 17:09:43,65.35,15.24,1.84
301,2024-12-04 17:09:44,65.55,15.24,1.84
302,2024-12-04 17:09:44,65.78,15.24,1.84
303,2024-12-04 17:09:44,65.99,15.24,1.84
304,2024-12-04 17:09:44,66.21,15.24,1.84
305,2024-12-04 17:09:45,66.41,15.24,1.84
306,2024-12-04 17:09:45,66.62,15.24,1.84
307,2024-12-04 17:09:45,66.85,15.24,1.84
308,2024-12-04 17:09:45,67.05,15.24,1.84
309,2024-12-04 17:09:45,67.26,15.24,1.84
310,2024-12-04 17:09:46,67.47,15.24,1.84
311,2024-12-04 17:09:46,67.69,15.24,1.84
312,2024-12-04 17:09:46,67.90,15.24,1.84
313,2024-12-04 17:09:46,68.11,15.24,1.84
314,2024-12-04 17:09:46,68.33,15.24,1.84
315,2024-12-04 17:09:47,68.56,15.24,1.84
316,2024-12-04 17:09:47,68.77,15.24,1.84
317,2024-12-04 17:09:47,68.98,15.24,1.84
318,2024-12-04 17:09:47,69.19,15.24,1.84
319,2024-12-04 17:09:48,69.40,15.24,1.84
320,2024-12-04 17:09:48,69.60,15.24,1.84
321,2024-12-04 17:09:48,69.81,15.24,1.84
322,2024-12-04 17:09:48,70.03,15.24,1.84
323,2024-12-04 17:09:48,70.23,15.24,1.84
324,2024-12-04 17:09:49,70.45,15.24,1.84
325,2024-12-04 17:09:49,70.66,15.24,1.84
326,2024-12-04 17:09:49,70.87,15.24,1.84
327,2024-12-04 17:09:49,71.08,15.24,1.84
328,2024-12-04 17:09:49,71.30,15.24,1.84
329,2024-12-04 17:09:50,71.51,15.24,1.84
330,2024-12-04 17:09:50,71.73,15.24,1.84
331,2024-12-04 17:09:50,71.95,15.24,1.84
332,2024-12-04 17:09:50,72.17,15.24,1.84
333,2024-12-04 17:09:50,72.37,15.24,1.84
334,2024-12-04 17:09:51,72.59,15.24,1.84
335,2024-12-04 17:09:51,72.82,15.24,1.84
336,2024-12-04 17:09:51,73.01,15.24,1.84
337,2024-12-04 17:09:51,73.22,15.24,1.84
338,2024-12-04 17:09:52,73.43,15.24,1.84
339,2024-12-04 17:09:52,73.64,15.24,1.84
340,2024-12-04 17:09:52,73.86,15.24,1.84
341,2024-12-04 17:09:52,74.08,15.24,1.84
342,2024-12-04 17:09:52,74.29,15.24,1.84
343,2024-12-04 17:09:53,74.50,15.24,1.84
344,2024-12-04 17:09:53,74.71,15.24,1.84
345,2024-12-04 17:09:53,74.93,15.24,1.84
346,2024-12-04 17:09:53,75.14,15.24,1.84
347,2024-12-04 17:09:53,75.36,15.24,1.84
348,2024-12-04 17:09:54,75.58,15.24,1.84
349,2024-12-04 17:09:54,75.80,15.24,1.84
350,2024-12-04 17:09:54,76.02,15.24,1.84
351,2024-12-04 17:09:54,76.22,15.24,1.84
352,2024-12-04 17:09:55,76.44,15.24,1.84
353,2024-12-04 17:09:55,76.65,15.24,1.84
354,2024-12-04 17:09:55,76.88,15.24,1.84
355,2024-12-04 17:09:55,77.10,15.24,1.84
356,2024-12-04 17:09:55,77.31,15.24,1.84
357,2024-12-04 17:09:56,77.52,15.24,1.84
358,2024-12-04 17:09:56,77.74,15.24,1.84
359,2024-12-04 17:09:56,77.96,15.24,1.84
360,2024-12-04 17:09:56,78.18,15.24,1.84
361,2024-12-04 17:09:57,78.38,15.24,1.84
362,2024-12-04 17:09:57,78.59,15.24,1.84
363,2024-12-04 17:09:57,78.80,15.24,1.84
364,2024-12-04 17:09:57,79.01,15.24,1.84
365,2024-12-04 17:09:57,79.23,15.24,1.84
366,2024-12-04 17:09:58,79.45,15.24,1.84
367,2024-12-04 17:09:58,79.67,15.24,1.84
368,2024-12-04 17:09:58,79.88,15.24,1.84
369,2024-12-04 17:09:58,80.09,15.24,1.84
370,2024-12-04 17:09:58,80.30,15.24,1.84
371,2024-12-04 17:09:59,80.52,15.24,1.84
372,2024-12-04 17:09:59,80.74,15.24,1.84
373,2024-12-04 17:09:59,80.95,15.24,1.84
374,2024-12-04 17:09:59,81.16,15.24,1.84
375,2024-12-04 17:09:59,81.37,15.24,1.84
376,2024-12-04 17:10:00,81.58,15.24,1.84
377,2024-12-04 17:10:00,81.80,15.24,1.84
378,2024-12-04 17:10:00,82.02,15.24,1.84
379,2024-12-04 17:10:00,82.23,15.24,1.84
380,2024-12-04 17:10:01,82.45,15.24,1.84
381,2024-12-04 17:10:01,82.65,15.24,1.84
382,2024-12-04 17:10:01,82.87,15.24,1.84
383,2024-12-04 17:10:01,83.09,15.24,1.84
384,2024-12-04 17:10:01,83.32,15.24,1.84
385,2024-12-04 17:10:02,83.54,15.24,1.84
386,2024-12-04 17:10:02,83.75,15.24,1.84
387,2024-12-04 17:10:02,83.96,15.24,1.84
388,2024-12-04 17:10:02,84.18,15.24,1.84
389,2024-12-04 17:10:03,84.39,15.24,1.84
390,2024-12-04 17:10:03,84.62,15.24,1.84
391,2024-12-04 17:10:03,84.84,15.24,1.84
392,2024-12-04 17:10:03,85.06,15.24,1.84
393,2024-12-04 17:10:03,85.29,15.24,1.84
394,2024-12-04 17:10:04,85.48,15.24,1.84
395,2024-12-04 17:10:04,85.68,15.24,1.84
396,2024-12-04 17:10:04,85.90,15.24,1.84
397,2024-12-04 17:10:04,86.12,15.24,1.84
398,2024-12-04 17:10:04,86.34,15.24,1.84
399,2024-12-04 17:10:05,86.57,15.24,1.84
400,2024-12-04 17:10:05,86.78,15.24,1.84
401,2024-12-04 17:10:05,86.99,15.24,1.84
402,2024-12-04 17:10:05,87.19,15.24,1.84
403,2024-12-04 17:10:06,87.40,15.24,1.84
404,2024-12-04 17:10:06,87.62,15.24,1.84
405,2024-12-04 17:10:06,87.84,15.24,1.84
406,2024-12-04 17:10:06,88.05,15.24,1.84
407,2024-12-04 17:10:06,88.26,15.24,1.84
408,2024-12-04 17:10:07,88.46,15.24,1.84
409,2024-12-04 17:10:07,88.67,15.24,1.84
410,2024-12-04 17:10:07,88.89,15.24,1.84
411,2024-12-04 17:10:07,89.09,15.24,1.84
412,2024-12-04 17:10:07,89.30,15.24,1.84
413,2024-12-04 17:10:08,89.52,15.24,1.84
414,2024-12-04 17:10:08,89.72,15.24,1.84
415,2024-12-04 17:10:08,89.95,15.24,1.84
416,2024-12-04 17:10:08,90.15,15.24,1.84
417,2024-12-04 17:10:08,90.35,15.24,1.84
418,2024-12-04 17:10:09,90.57,15.24,1.84
419,2024-12-04 17:10:09,90.79,15.24,1.84
420,2024-12-04 17:10:09,91.01,15.24,1.84
421,2024-12-04 17:10:09,91.22,15.24,1.84
422,2024-12-04 17:10:10,91.44,15.24,1.84
423,2024-12-04 17:10:10,91.65,15.24,1.84
424,2024-12-04 17:10:10,91.87,15.24,1.84
425,2024-12-04 17:10:10,92.08,15.24,1.84
426,2024-12-04 17:10:10,92.30,15.24,1.84
427,2024-12-04 17:10:11,92.49,15.24,1.84
428,2024-12-04 17:10:11,92.71,15.24,1.84
429,2024-12-04 17:10:11,92.92,15.24,1.84
430,2024-12-04 17:10:11,93.12,15.24,1.84
431,2024-12-04 17:10:11,93.35,15.24,1.84
432,2024-12-04 17:10:12,93.56,15.24,1.84
433,2024-12-04 17:10:12,93.77,15.24,1.84
434,2024-12-04 17:10:12,93.97,15.24,1.84
435,2024-12-04 17:10:12,94.17,15.24,1.84
436,2024-12-04 17:10:13,94.38,15.24,1.84
437,2024-12-04 17:10:13,94.60,15.24,1.84
438,2024-12-04 17:10:13,94.81,15.24,1.84
439,2024-12-04 17:10:13,95.03,15.24,1.84
440,2024-12-04 17:10:13,95.24,15.24,1.84
441,2024-12-04 17:10:14,95.46,15.24,1.84
442,2024-12-04 17:10:14,95.66,15.24,1.84
443,2024-12-04 17:10:14,95.87,15.24,1.84
444,2024-12-04 17:10:14,96.08,15.24,1.84
445,2024-12-04 17:10:14,96.28,15.24,1.84
446,2024-12-04 17:10:15,96.50,15.24,1.84
447,2024-12-04 17:10:15,96.73,15.24,1.84
448,2024-12-04 17:10:15,96.95,15.24,1.84
449,2024-12-04 17:10:15,97.16,15.24,1.84
450,2024-12-04 17:10:15,97.37,15.24,1.84
451,2024-12-04 17:10:16,97.59,15.24,1.84
452,2024-12-04 17:10:16,97.81,15.24,1.84
453,2024-12-04 17:10:16,98.02,15.24,1.84
454,2024-12-04 17:10:16,98.22,15.24,1.84
455,2024-12-04 17:10:17,98.44,15.24,1.84
456,2024-12-04 17:10:17,98.66,15.24,1.84
457,2024-12-04 17:10:17,98.88,15.24,1.84
458,2024-12-04 17:10:17,99.10,15.24,1.84
459,2024-12-04 17:10:17,99.30,15.24,1.84
460,2024-12-04 17:10:18,99.52,15.24,1.84
461,2024-12-04 17:10:18,99.74,15.24,1.84
462,2024-12-04 17:10:18,99.94,15.24,1.84
463,2024-12-04 17:10:18,100.16,15.24,1.84
464,2024-12-04 17:10:18,100.38,15.24,1.84
465,2024-12-04 17:10:19,100.59,15.24,1.84
466,2024-12-04 17:10:19,100.81,15.24,1.84
467,2024-12-04 17:10:19,101.03,15.24,1.84
468,2024-12-04 17:10:19,101.24,15.24,1.84
469,2024-12-04 17:10:20,101.45,15.24,1.84
470,2024-12-04 17:10:20,101.67,15.24,1.84
471,2024-12-04 17:10:20,101.88,15.24,1.84
472,2024-12-04 17:10:20,102.10,15.24,1.84
473,2024-12-04 17:10:20,102.32,15.24,1.84
474,2024-12-04 17:10:21,102.53,15.24,1.84
475,2024-12-04 17:10:21,102.75,15.24,1.84
476,2024-12-04 17:10:21,102.97,15.24,1.84
477,2024-12-04 17:10:21,103.19,15.24,1.84
478,2024-12-04 17:10:22,103.40,15.24,1.84
479,2024-12-04 17:10:22,103.62,15.24,1.84
480,2024-12-04 17:10:22,103.83,15.24,1.84
481,2024-12-04 17:10:22,104.04,15.24,1.84
482,2024-12-04 17:10:22,104.26,15.24,1.84
483,2024-12-04 17:10:23,104.48,15.24,1.84
484,2024-12-04 17:10:23,104.69,15.24,1.84
485,2024-12-04 17:10:23,104.91,15.24,1.84
486,2024-12-04 17:10:23,105.13,15.24,1.84
487,2024-12-04 17:10:23,105.33,15.24,1.84
488,2024-12-04 17:10:24,105.54,15.24,1.84
489,2024-12-04 17:10:24,105.75,15.24,1.84
490,2024-12-04 17:10:24,105.96,15.24,1.84
491,2024-12-04 17:10:24,106.16,15.24,1.84
492,2024-12-04 17:10:25,106.39,15.24,1.84
493,2024-12-04 17:10:25,106.60,15.24,1.84
494,2024-12-04 17:10:25,106.80,15.24,1.84
495,2024-12-04 17:10:25,107.02,15.24,1.84
496,2024-12-04 17:10:25,107.23,15.24,1.84
497,2024-12-04 17:10:26,107.45,15.24,1.84
498,2024-12-04 17:10:26,107.67,15.24,1.84
499,2024-12-04 17:10:26,107.88,15.24,1.84
500,2024-12-04 17:10:26,108.09,15.24,1.84
501,2024-12-04 17:10:26,108.31,15.24,1.84
502,2024-12-04 17:10:27,108.51,15.24,1.84
503,2024-12-04 17:10:27,108.74,15.24,1.84
504,2024-12-04 17:10:27,108.95,15.24,1.84
505,2024-12-04 17:10:27,109.17,15.24,1.84
506,2024-12-04 17:10:28,109.38,15.24,1.84
507,2024-12-04 17:10:28,109.60,15.24,1.84
508,2024-12-04 17:10:28,109.81,15.24,1.84
509,2024-12-04 17:10:28,110.03,15.24,1.84
510,2024-12-04 17:10:28,110.25,15.24,1.84
511,2024-12-04 17:10:29,110.46,15.24,1.84
512,2024-12-04 17:10:29,110.68,15.24,1.84
513,2024-12-04 17:10:29,110.88,15.24,1.84
514,2024-12-04 17:10:29,111.09,15.24,1.84
515,2024-12-04 17:10:29,111.32,15.24,1.84
516,2024-12-04 17:10:30,111.53,15.24,1.84
517,2024-12-04 17:10:30,111.74,15.24,1.84
518,2024-12-04 17:10:30,111.96,15.24,1.84
519,2024-12-04 17:10:30,112.17,15.24,1.84
520,2024-12-04 17:10:31,112.38,15.24,1.84
521,2024-12-04 17:10:31,112.60,15.24,1.84
522,2024-12-04 17:10:31,112.81,15.24,1.84
523,2024-12-04 17:10:31,113.02,15.24,1.84
524,2024-12-04 17:10:31,113.24,15.24,1.84
525,2024-12-04 17:10:32,113.45,15.24,1.84
526,2024-12-04 17:10:32,113.66,15.24,1.84
527,2024-12-04 17:10:32,113.86,15.24,1.84
528,2024-12-04 17:10:32,114.09,15.24,1.84
529,2024-12-04 17:10:32,114.30,15.24,1.84
530,2024-12-04 17:10:33,114.52,15.24,1.84
531,2024-12-04 17:10:33,114.73,15.24,1.84
532,2024-12-04 17:10:33,114.95,15.24,1.84
533,2024-12-04 17:10:33,115.17,15.24,1.84
534,2024-12-04 17:10:33,115.38,15.24,1.84
535,2024-12-04 17:10:34,115.60,15.24,1.84
536,2024-12-04 17:10:34,115.82,15.24,1.84
537,2024-12-04 17:10:34,116.03,15.24,1.84
538,2024-12-04 17:10:34,116.24,15.24,1.84
539,2024-12-04 17:10:35,116.46,15.24,1.84
540,2024-12-04 17:10:35,116.67,15.24,1.84
541,2024-12-04 17:10:35,116.89,15.24,1.84
542,2024-12-04 17:10:35,117.10,15.24,1.84
543,2024-12-04 17:10:35,117.32,15.24,1.84
544,2024-12-04 17:10:36,117.54,15.24,1.84
545,2024-12-04 17:10:36,117.76,15.24,1.84
546,2024-12-04 17:10:36,117.97,15.24,1.84
547,2024-12-04 17:10:36,118.19,15.24,1.84
548,2024-12-04 17:10:37,118.40,15.24,1.84
549,2024-12-04 17:10:37,118.61,15.24,1.84
550,2024-12-04 17:10:37,118.82,15.24,1.84
551,2024-12-04 17:10:37,119.03,15.24,1.84
552,2024-12-04 17:10:37,119.23,15.24,1.84
553,2024-12-04 17:10:38,119.45,15.24,1.84
554,2024-12-04 17:10:38,119.66,15.24,1.84
555,2024-12-04 17:10:38,119.87,15.24,1.84
556,2024-12-04 17:10:38,120.09,15.24,1.84
557,2024-12-04 17:10:38,120.31,15.24,1.84
558,2024-12-04 17:10:39,120.53,15.24,1.84
559,2024-12-04 17:10:39,120.73,15.24,1.84
560,2024-12-04 17:10:39,120.95,15.24,1.84
561,2024-12-04 17:10:39,121.17,15.24,1.84
562,2024-12-04 17:10:40,121.39,15.24,1.84
563,2024-12-04 17:10:40,121.61,15.24,1.84
564,2024-12-04 17:10:40,121.82,15.24,1.84
565,2024-12-04 17:10:40,122.03,15.24,1.84
566,2024-12-04 17:10:40,122.23,15.24,1.84
567,2024-12-04 17:10:41,122.45,15.24,1.84
568,2024-12-04 17:10:41,122.66,15.24,1.84
569,2024-12-04 17:10:41,122.87,15.24,1.84
570,2024-12-04 17:10:41,123.09,15.24,1.84
571,2024-12-04 17:10:41,123.31,15.24,1.84
572,2024-12-04 17:10:42,123.53,15.24,1.84
573,2024-12-04 17:10:42,123.74,15.24,1.84
574,2024-12-04 17:10:42,123.96,15.24,1.84
575,2024-12-04 17:10:42,124.18,15.24,1.84
576,2024-12-04 17:10:43,124.40,15.24,1.84
577,2024-12-04 17:10:43,124.62,15.24,1.84
578,2024-12-04 17:10:43,124.84,15.24,1.84
579,2024-12-04 17:10:43,125.05,15.24,1.84
580,2024-12-04 17:10:43,125.26,15.24,1.84
581,2024-12-04 17:10:44,125.48,15.24,1.84
582,2024-12-04 17:10:44,125.70,15.24,1.84
583,2024-12-04 17:10:44,125.91,15.24,1.84
584,2024-12-04 17:10:44,126.13,15.24,1.84
585,2024-12-04 17:10:44,126.35,15.24,1.84
586,2024-12-04 17:10:45,126.57,15.24,1.84
587,2024-12-04 17:10:45,126.78,15.24,1.84
588,2024-12-04 17:10:45,127.00,15.24,1.84
589,2024-12-04 17:10:45,127.22,15.24,1.84
590,2024-12-04 17:10:46,127.43,15.24,1.84
591,2024-12-04 17:10:46,127.65,15.24,1.84
592,2024-12-04 17:10:46,127.86,15.24,1.84
593,2024-12-04 17:10:46,128.07,15.24,1.84
594,2024-12-04 17:10:46,128.28,15.24,1.84
595,2024-12-04 17:10:47,128.50,15.24,1.84
596,2024-12-04 17:10:47,128.72,15.24,1.84
597,2024-12-04 17:10:47,128.93,15.24,1.84
598,2024-12-04 17:10:47,129.14,15.24,1.84
599,2024-12-04 17:10:47,129.36,15.24,1.84
600,2024-12-04 17:10:48,129.59,15.24,1.84
601,2024-12-04 17:10:48,129.81,15.24,1.84
602,2024-12-04 17:10:48,130.03,15.24,1.84
603,2024-12-04 17:10:48,130.25,15.24,1.84
604,2024-12-04 17:10:49,130.45,15.24,1.84
605,2024-12-04 17:10:49,130.67,15.24,1.84
606,2024-12-04 17:10:49,130.88,15.24,1.84
607,2024-12-04 17:10:49,131.08,15.24,1.84
608,2024-12-04 17:10:49,131.29,15.24,1.84
609,2024-12-04 17:10:50,131.50,15.24,1.84
610,2024-12-04 17:10:50,131.72,15.24,1.84
611,2024-12-04 17:10:50,131.94,15.24,1.84
612,2024-12-04 17:10:50,132.16,15.24,1.84
613,2024-12-04 17:10:50,132.38,15.24,1.84
614,2024-12-04 17:10:51,132.59,15.24,1.84
615,2024-12-04 17:10:51,132.81,15.24,1.84
616,2024-12-04 17:10:51,133.03,15.24,1.84
617,2024-12-04 17:10:51,133.25,15.24,1.84
618,2024-12-04 17:10:52,133.46,15.24,1.84
619,2024-12-04 17:10:52,133.67,15.24,1.84
620,2024-12-04 17:10:52,133.89,15.24,1.84
621,2024-12-04 17:10:52,134.11,15.24,1.84
622,2024-12-04 17:10:52,134.32,15.24,1.84
623,2024-12-04 17:10:53,134.55,15.24,1.84
624,2024-12-04 17:10:53,134.77,15.24,1.84
625,2024-12-04 17:10:53,134.99,15.24,1.84
626,2024-12-04 17:10:53,135.21,15.24,1.84
627,2024-12-04 17:10:54,135.42,15.24,1.84
628,2024-12-04 17:10:54,135.64,15.24,1.84
629,2024-12-04 17:10:54,135.85,15.24,1.84
630,2024-12-04 17:10:54,136.06,15.24,1.84
631,2024-12-04 17:10:54,136.27,15.24,1.84
632,2024-12-04 17:10:55,136.49,15.24,1.84
633,2024-12-04 17:10:55,136.70,15.24,1.84
634,2024-12-04 17:10:55,136.91,15.24,1.84
635,2024-12-04 17:10:55,137.12,15.24,1.84
636,2024-12-04 17:10:55,137.34,15.24,1.84
637,2024-12-04 17:10:56,137.57,15.24,1.84
638,2024-12-04 17:10:56,137.79,15.24,1.84
639,2024-12-04 17:10:56,137.99,15.24,1.84
640,2024-12-04 17:10:56,138.20,15.24,1.84
641,2024-12-04 17:10:57,138.42,15.24,1.84
642,2024-12-04 17:10:57,138.63,15.24,1.84
643,2024-12-04 17:10:57,138.85,15.24,1.84
644,2024-12-04 17:10:57,139.05,15.24,1.84
645,2024-12-04 17:10:57,139.27,15.24,1.84
646,2024-12-04 17:10:58,139.49,15.24,1.84
647,2024-12-04 17:10:58,139.71,15.24,1.84
648,2024-12-04 17:10:58,139.94,15.24,1.84
649,2024-12-04 17:10:58,140.16,15.24,1.84
650,2024-12-04 17:10:59,140.38,15.24,1.84
651,2024-12-04 17:10:59,140.61,15.24,1.84
652,2024-12-04 17:10:59,140.82,15.24,1.84
653,2024-12-04 17:10:59,141.03,15.24,1.84
654,2024-12-04 17:10:59,141.25,15.24,1.84
655,2024-12-04 17:11:00,141.47,15.24,1.84
656,2024-12-04 17:11:00,141.69,15.24,1.84
657,2024-12-04 17:11:00,141.90,15.24,1.84
658,2024-12-04 17:11:00,142.11,15.24,1.84
659,2024-12-04 17:11:00,142.33,15.24,1.84
660,2024-12-04 17:11:01,142.52,15.24,1.84
661,2024-12-04 17:11:01,142.74,15.24,1.84
662,2024-12-04 17:11:01,142.96,15.24,1.84
663,2024-12-04 17:11:01,143.18,15.24,1.84
664,2024-12-04 17:11:02,143.40,15.24,1.84
665,2024-12-04 17:11:02,143.61,15.24,1.84
666,2024-12-04 17:11:02,143.82,15.24,1.84
667,2024-12-04 17:11:02,144.03,15.24,1.84
668,2024-12-04 17:11:02,144.25,15.24,1.84
669,2024-12-04 17:11:03,144.47,15.24,1.84
670,2024-12-04 17:11:03,144.70,15.24,1.84
671,2024-12-04 17:11:03,144.92,15.24,1.84
672,2024-12-04 17:11:03,145.12,15.24,1.84
673,2024-12-04 17:11:03,145.34,15.24,1.84
674,2024-12-04 17:11:04,145.55,15.24,1.84
675,2024-12-04 17:11:04,145.77,15.24,1.84
676,2024-12-04 17:11:04,145.99,15.24,1.84
677,2024-12-04 17:11:04,146.22,15.24,1.84
678,2024-12-04 17:11:05,146.44,15.24,1.84
679,2024-12-04 17:11:05,146.65,15.24,1.84
680,2024-12-04 17:11:05,146.87,15.24,1.84
681,2024-12-04 17:11:05,147.09,15.24,1.84
682,2024-12-04 17:11:05,147.31,15.24,1.84
683,2024-12-04 17:11:06,147.52,15.24,1.84
684,2024-12-04 17:11:06,147.74,15.24,1.84
685,2024-12-04 17:11:06,147.95,15.24,1.84
686,2024-12-04 17:11:06,148.15,15.24,1.84
687,2024-12-04 17:11:06,148.36,15.24,1.84
688,2024-12-04 17:11:07,148.58,15.24,1.84
689,2024-12-04 17:11:07,148.80,15.24,1.84
690,2024-12-04 17:11:07,149.01,15.24,1.84
691,2024-12-04 17:11:07,149.24,15.24,1.84
692,2024-12-04 17:11:08,149.45,15.24,1.84
693,2024-12-04 17:11:08,149.66,15.24,1.84
694,2024-12-04 17:11:08,149.89,15.24,1.84
695,2024-12-04 17:11:08,150.11,15.24,1.84
696,2024-12-04 17:11:08,150.33,15.24,1.84
697,2024-12-04 17:11:09,150.54,15.24,1.84
698,2024-12-04 17:11:09,150.74,15.24,1.84
699,2024-12-04 17:11:09,150.96,15.24,1.84
700,2024-12-04 17:11:09,151.17,15.24,1.84
701,2024-12-04 17:11:10,151.38,15.24,1.84
702,2024-12-04 17:11:10,151.60,15.24,1.84
703,2024-12-04 17:11:10,151.82,15.24,1.84
704,2024-12-04 17:11:10,152.04,15.24,1.84
705,2024-12-04 17:11:10,152.25,15.24,1.84
706,2024-12-04 17:11:11,152.47,15.24,1.84
707,2024-12-04 17:11:11,152.68,15.24,1.84
708,2024-12-04 17:11:11,152.88,15.24,1.84
709,2024-12-04 17:11:11,153.11,15.24,1.84
710,2024-12-04 17:11:11,153.32,15.24,1.84
711,2024-12-04 17:11:12,153.54,15.24,1.84
712,2024-12-04 17:11:12,153.76,15.24,1.84
713,2024-12-04 17:11:12,154.00,15.24,1.84
714,2024-12-04 17:11:12,154.21,15.24,1.84
715,2024-12-04 17:11:13,154.43,15.24,1.84
716,2024-12-04 17:11:13,154.65,15.24,1.84
717,2024-12-04 17:11:13,154.87,15.24,1.84
718,2024-12-04 17:11:13,155.08,15.24,1.84
719,2024-12-04 17:11:13,155.30,15.24,1.84
720,2024-12-04 17:11:14,155.51,15.24,1.84
721,2024-12-04 17:11:14,155.73,15.24,1.84
722,2024-12-04 17:11:14,155.94,15.24,1.84
723,2024-12-04 17:11:14,156.15,15.24,1.84
724,2024-12-04 17:11:14,156.36,15.24,1.84
725,2024-12-04 17:11:15,156.57,15.24,1.84
726,2024-12-04 17:11:15,156.79,15.24,1.84
727,2024-12-04 17:11:15,157.00,15.24,1.84
728,2024-12-04 17:11:15,157.22,15.24,1.84
729,2024-12-04 17:11:16,157.44,15.24,1.84
730,2024-12-04 17:11:16,157.64,15.24,1.84
731,2024-12-04 17:11:16,157.86,15.24,1.84
732,2024-12-04 17:11:16,158.08,15.24,1.84
733,2024-12-04 17:11:16,158.30,15.24,1.84
734,2024-12-04 17:11:17,158.51,15.24,1.84
735,2024-12-04 17:11:17,158.73,15.24,1.84
736,2024-12-04 17:11:17,158.95,15.24,1.84
737,2024-12-04 17:11:17,159.17,15.24,1.84
738,2024-12-04 17:11:18,159.39,15.24,1.84
739,2024-12-04 17:11:18,159.60,15.24,1.84
740,2024-12-04 17:11:18,159.82,15.24,1.84
741,2024-12-04 17:11:18,160.03,15.24,1.84
742,2024-12-04 17:11:18,160.25,15.24,1.84
743,2024-12-04 17:11:19,160.48,15.24,1.84
744,2024-12-04 17:11:19,160.69,15.24,1.84
745,2024-12-04 17:11:19,160.90,15.24,1.84
746,2024-12-04 17:11:19,161.11,15.24,1.84
747,2024-12-04 17:11:19,161.32,15.24,1.84
748,2024-12-04 17:11:20,161.54,15.24,1.84
749,2024-12-04 17:11:20,161.76,15.24,1.84
750,2024-12-04 17:11:20,161.97,15.24,1.84
751,2024-12-04 17:11:20,162.19,15.24,1.84
752,2024-12-04 17:11:21,162.41,15.24,1.84
753,2024-12-04 17:11:21,162.63,15.24,1.84
754,2024-12-04 17:11:21,162.84,15.24,1.84
755,2024-12-04 17:11:21,163.06,15.24,1.84
756,2024-12-04 17:11:21,163.28,15.24,1.84
757,2024-12-04 17:11:22,163.50,15.24,1.84
758,2024-12-04 17:11:22,163.72,15.24,1.84
759,2024-12-04 17:11:22,163.93,15.24,1.84
760,2024-12-04 17:11:22,164.13,15.24,1.84
761,2024-12-04 17:11:22,164.35,15.24,1.84
762,2024-12-04 17:11:23,164.55,15.24,1.84
763,2024-12-04 17:11:23,164.77,15.24,1.84
764,2024-12-04 17:11:23,164.98,15.24,1.84
765,2024-12-04 17:11:23,165.20,15.24,1.84
766,2024-12-04 17:11:24,165.40,15.24,1.84
767,2024-12-04 17:11:24,165.62,15.24,1.84
768,2024-12-04 17:11:24,165.82,15.24,1.84
769,2024-12-04 17:11:24,166.04,15.24,1.84
770,2024-12-04 17:11:24,166.25,15.24,1.84
771,2024-12-04 17:11:25,166.46,15.24,1.84
772,2024-12-04 17:11:25,166.68,15.24,1.84
773,2024-12-04 17:11:25,166.88,15.24,1.84
774,2024-12-04 17:11:25,167.10,15.24,1.84
775,2024-12-04 17:11:25,167.32,15.24,1.84
776,2024-12-04 17:11:26,167.54,15.24,1.84
777,2024-12-04 17:11:26,167.75,15.24,1.84
778,2024-12-04 17:11:26,167.96,15.24,1.84
779,2024-12-04 17:11:26,168.16,15.24,1.84
780,2024-12-04 17:11:26,168.36,15.24,1.84
781,2024-12-04 17:11:27,168.58,15.24,1.84
782,2024-12-04 17:11:27,168.78,15.24,1.84
783,2024-12-04 17:11:27,169.00,15.24,1.84
784,2024-12-04 17:11:27,169.20,15.24,1.84
785,2024-12-04 17:11:28,169.41,15.24,1.84
786,2024-12-04 17:11:28,169.63,15.24,1.84
787,2024-12-04 17:11:28,169.85,15.24,1.84
788,2024-12-04 17:11:28,170.06,15.24,1.84
789,2024-12-04 17:11:28,170.27,15.24,1.84
790,2024-12-04 17:11:29,170.49,15.24,1.84
791,2024-12-04 17:11:29,170.70,15.24,1.84
792,2024-12-04 17:11:29,170.92,15.24,1.84
793,2024-12-04 17:11:29,171.14,15.24,1.84
794,2024-12-04 17:11:29,171.36,15.24,1.84
795,2024-12-04 17:11:30,171.58,15.24,1.84
796,2024-12-04 17:11:30,171.81,15.24,1.84
797,2024-12-04 17:11:30,172.03,15.24,1.84
798,2024-12-04 17:11:30,172.24,15.24,1.84
799,2024-12-04 17:11:31,172.45,15.24,1.84
800,2024-12-04 17:11:31,172.67,15.24,1.84
801,2024-12-04 17:11:31,172.88,15.24,1.84
802,2024-12-04 17:11:31,173.10,15.24,1.84
803,2024-12-04 17:11:31,173.30,15.24,1.84
804,2024-12-04 17:11:32,173.52,15.24,1.84
805,2024-12-04 17:11:32,173.73,15.24,1.84
806,2024-12-04 17:11:32,173.94,15.24,1.84
807,2024-12-04 17:11:32,174.15,15.24,1.84
808,2024-12-04 17:11:32,174.38,15.24,1.84
809,2024-12-04 17:11:33,174.59,15.24,1.84
810,2024-12-04 17:11:33,174.81,15.24,1.84
811,2024-12-04 17:11:33,175.03,15.24,1.84
812,2024-12-04 17:11:33,175.24,15.24,1.84
813,2024-12-04 17:11:34,175.46,15.24,1.84
814,2024-12-04 17:11:34,175.68,15.24,1.84
815,2024-12-04 17:11:34,175.89,15.24,1.84
816,2024-12-04 17:11:34,176.10,15.24,1.84
817,2024-12-04 17:11:34,176.32,15.24,1.84
818,2024-12-04 17:11:35,176.51,15.24,1.84
819,2024-12-04 17:11:35,176.73,15.24,1.84
820,2024-12-04 17:11:35,176.94,15.24,1.84
821,2024-12-04 17:11:35,177.16,15.24,1.84
822,2024-12-04 17:11:35,177.37,15.24,1.84
823,2024-12-04 17:11:36,177.60,15.24,1.84
824,2024-12-04 17:11:36,177.80,15.24,1.84
825,2024-12-04 17:11:36,178.00,15.24,1.84
826,2024-12-04 17:11:36,178.21,15.24,1.84
827,2024-12-04 17:11:37,178.45,15.24,1.84
828,2024-12-04 17:11:37,178.66,15.24,1.84
829,2024-12-04 17:11:37,178.88,15.24,1.84
830,2024-12-04 17:11:37,179.10,15.24,1.84
831,2024-12-04 17:11:37,179.32,15.24,1.84
832,2024-12-04 17:11:38,179.53,15.24,1.84
833,2024-12-04 17:11:38,179.75,15.24,1.84
834,2024-12-04 17:11:38,179.96,15.24,1.84
835,2024-12-04 17:11:38,180.18,15.24,1.84
836,2024-12-04 17:11:39,180.40,15.24,1.84
837,2024-12-04 17:11:39,180.61,15.24,1.84
838,2024-12-04 17:11:39,180.83,15.24,1.84
839,2024-12-04 17:11:39,181.06,15.24,1.84
840,2024-12-04 17:11:39,181.27,15.24,1.84
841,2024-12-04 17:11:40,181.49,15.24,1.84
842,2024-12-04 17:11:40,181.70,15.24,1.84
843,2024-12-04 17:11:40,181.92,15.24,1.84
844,2024-12-04 17:11:40,182.14,15.24,1.84
845,2024-12-04 17:11:40,182.36,15.24,1.84
846,2024-12-04 17:11:41,182.60,15.24,1.84
847,2024-12-04 17:11:41,182.82,15.24,1.84
848,2024-12-04 17:11:41,183.04,15.24,1.84
849,2024-12-04 17:11:41,183.26,15.24,1.84
850,2024-12-04 17:11:42,183.48,15.24,1.84
851,2024-12-04 17:11:42,183.71,15.24,1.84
852,2024-12-04 17:11:42,183.90,15.24,1.84
853,2024-12-04 17:11:42,184.12,15.24,1.84
854,2024-12-04 17:11:42,184.33,15.24,1.84
855,2024-12-04 17:11:43,184.54,15.24,1.84
856,2024-12-04 17:11:43,184.76,15.24,1.84
857,2024-12-04 17:11:43,184.98,15.24,1.84
858,2024-12-04 17:11:43,185.20,15.24,1.84
859,2024-12-04 17:11:44,185.43,15.24,1.84
860,2024-12-04 17:11:44,185.64,15.24,1.84
861,2024-12-04 17:11:44,185.84,15.24,1.84
862,2024-12-04 17:11:44,186.05,15.24,1.84
863,2024-12-04 17:11:44,186.27,15.24,1.84
864,2024-12-04 17:11:45,186.48,15.24,1.84
865,2024-12-04 17:11:45,186.70,15.24,1.84
866,2024-12-04 17:11:45,186.92,15.24,1.84
867,2024-12-04 17:11:45,187.15,15.24,1.84
868,2024-12-04 17:11:45,187.36,15.24,1.84
869,2024-12-04 17:11:46,187.58,15.24,1.84
870,2024-12-04 17:11:46,187.80,15.24,1.84
871,2024-12-04 17:11:46,188.02,15.24,1.84
872,2024-12-04 17:11:46,188.24,15.24,1.84
873,2024-12-04 17:11:47,188.45,15.24,1.84
874,2024-12-04 17:11:47,188.67,15.24,1.84
875,2024-12-04 17:11:47,188.89,15.24,1.84
876,2024-12-04 17:11:47,189.11,15.24,1.84
877,2024-12-04 17:11:47,189.33,15.24,1.84
878,2024-12-04 17:11:48,189.54,15.24,1.84
879,2024-12-04 17:11:48,189.75,15.24,1.84
880,2024-12-04 17:11:48,189.97,15.24,1.84
881,2024-12-04 17:11:48,190.19,15.24,1.84
882,2024-12-04 17:11:49,190.40,15.24,1.84
883,2024-12-04 17:11:49,190.62,15.24,1.84
884,2024-12-04 17:11:49,190.83,15.24,1.84
885,2024-12-04 17:11:49,191.05,15.24,1.84
886,2024-12-04 17:11:49,191.26,15.24,1.84
887,2024-12-04 17:11:50,191.48,15.24,1.84
888,2024-12-04 17:11:50,191.70,15.24,1.84
889,2024-12-04 17:11:50,191.91,15.24,1.84
890,2024-12-04 17:11:50,192.10,15.24,1.84
891,2024-12-04 17:11:50,192.32,15.24,1.84
892,2024-12-04 17:11:51,192.53,15.24,1.84
893,2024-12-04 17:11:51,192.75,15.24,1.84
894,2024-12-04 17:11:51,192.96,15.24,1.84
895,2024-12-04 17:11:51,193.18,15.24,1.84
896,2024-12-04 17:11:52,193.40,15.24,1.84
897,2024-12-04 17:11:52,193.63,15.24,1.84
898,2024-12-04 17:11:52,193.83,15.24,1.84
899,2024-12-04 17:11:52,194.05,15.24,1.84
900,2024-12-04 17:11:52,194.27,15.24,1.84
901,2024-12-04 17:11:53,194.49,15.24,1.84
902,2024-12-04 17:11:53,194.71,15.24,1.84
903,2024-12-04 17:11:53,194.92,15.24,1.84
904,2024-12-04 17:11:53,195.15,15.24,1.84
905,2024-12-04 17:11:53,195.37,15.24,1.84
906,2024-12-04 17:11:54,195.59,15.24,1.84
907,2024-12-04 17:11:54,195.82,15.24,1.84
908,2024-12-04 17:11:54,196.03,15.24,1.84
909,2024-12-04 17:11:54,196.25,15.24,1.84
910,2024-12-04 17:11:55,196.46,15.24,1.84
911,2024-12-04 17:11:55,196.68,15.24,1.84
912,2024-12-04 17:11:55,196.91,15.24,1.84
913,2024-12-04 17:11:55,197.11,15.24,1.84
914,2024-12-04 17:11:55,197.33,15.24,1.84
915,2024-12-04 17:11:56,197.54,15.24,1.84
916,2024-12-04 17:11:56,197.75,15.24,1.84
917,2024-12-04 17:11:56,197.96,15.24,1.84
918,2024-12-04 17:11:56,198.18,15.24,1.84
919,2024-12-04 17:11:57,198.39,15.24,1.84
920,2024-12-04 17:11:57,198.60,15.24,1.84
921,2024-12-04 17:11:57,198.82,15.24,1.84
922,2024-12-04 17:11:57,199.03,15.24,1.84
923,2024-12-04 17:11:57,199.25,15.24,1.84
924,2024-12-04 17:11:58,199.47,15.24,1.84
925,2024-12-04 17:11:58,199.68,15.24,1.84
926,2024-12-04 17:11:58,199.91,15.24,1.84
927,2024-12-04 17:11:58,200.13,15.24,1.84
928,2024-12-04 17:11:58,200.35,15.24,1.84
929,2024-12-04 17:11:59,200.57,15.24,1.84
930,2024-12-04 17:11:59,200.79,15.24,1.84
931,2024-12-04 17:11:59,200.99,15.24,1.84
932,2024-12-04 17:11:59,201.21,15.24,1.84
933,2024-12-04 17:12:00,201.43,15.24,1.84
934,2024-12-04 17:12:00,201.65,15.24,1.84
935,2024-12-04 17:12:00,201.87,15.24,1.84
936,2024-12-04 17:12:00,202.09,15.24,1.84
937,2024-12-04 17:12:00,202.30,15.24,1.84
938,2024-12-04 17:12:01,202.52,15.24,1.84
939,2024-12-04 17:12:01,202.73,15.24,1.84
940,2024-12-04 17:12:01,202.95,15.24,1.84
941,2024-12-04 17:12:01,203.17,15.24,1.84
942,2024-12-04 17:12:01,203.37,15.24,1.84
943,2024-12-04 17:12:02,203.59,15.24,1.84
944,2024-12-04 17:12:02,203.81,15.24,1.84
945,2024-12-04 17:12:02,204.02,15.24,1.84
946,2024-12-04 17:12:02,204.23,15.24,1.84
947,2024-12-04 17:12:03,204.45,15.24,1.84
948,2024-12-04 17:12:03,204.66,15.24,1.84
949,2024-12-04 17:12:03,204.88,15.24,1.84
950,2024-12-04 17:12:03,205.10,15.24,1.84
951,2024-12-04 17:12:03,205.31,15.24,1.84
952,2024-12-04 17:12:04,205.52,15.24,1.84
953,2024-12-04 17:12:04,205.73,15.24,1.84
954,2024-12-04 17:12:04,205.95,15.24,1.84
955,2024-12-04 17:12:04,206.17,15.24,1.84
956,2024-12-04 17:12:05,206.39,15.24,1.84
957,2024-12-04 17:12:05,206.61,15.24,1.84
958,2024-12-04 17:12:05,206.83,15.24,1.84
959,2024-12-04 17:12:05,207.04,15.24,1.84
960,2024-12-04 17:12:05,207.26,15.24,1.84
961,2024-12-04 17:12:06,207.48,15.24,1.84
962,2024-12-04 17:12:06,207.70,15.24,1.84
963,2024-12-04 17:12:06,207.90,15.24,1.84
964,2024-12-04 17:12:06,208.11,15.24,1.84
965,2024-12-04 17:12:06,208.32,15.24,1.84
966,2024-12-04 17:12:07,208.53,15.24,1.84
967,2024-12-04 17:12:07,208.72,15.24,1.84
968,2024-12-04 17:12:07,208.94,15.24,1.84
969,2024-12-04 17:12:07,209.16,15.24,1.84
970,2024-12-04 17:12:07,209.38,15.24,1.84
971,2024-12-04 17:12:08,209.59,15.24,1.84
972,2024-12-04 17:12:08,209.81,15.24,1.84
973,2024-12-04 17:12:08,210.02,15.24,1.84
974,2024-12-04 17:12:08,210.24,15.24,1.84
975,2024-12-04 17:12:09,210.43,15.24,1.84
976,2024-12-04 17:12:09,210.65,15.24,1.84
977,2024-12-04 17:12:09,210.87,15.24,1.84
978,2024-12-04 17:12:09,211.07,15.24,1.84
979,2024-12-04 17:12:09,211.29,15.24,1.84
980,2024-12-04 17:12:10,211.50,15.24,1.84
981,2024-12-04 17:12:10,211.71,15.24,1.84
982,2024-12-04 17:12:10,211.93,15.24,1.84
983,2024-12-04 17:12:10,212.15,15.24,1.84
984,2024-12-04 17:12:10,212.36,15.24,1.84
985,2024-12-04 17:12:11,212.58,15.24,1.84
986,2024-12-04 17:12:11,212.79,15.24,1.84
987,2024-12-04 17:12:11,213.00,15.24,1.84
988,2024-12-04 17:12:11,213.21,15.24,1.84
989,2024-12-04 17:12:12,213.43,15.24,1.84
990,2024-12-04 17:12:12,213.66,15.24,1.84
991,2024-12-04 17:12:12,213.88,15.24,1.84
992,2024-12-04 17:12:12,214.09,15.24,1.84
993,2024-12-04 17:12:12,214.29,15.24,1.84
994,2024-12-04 17:12:13,214.50,15.24,1.84
995,2024-12-04 17:12:13,214.73,15.24,1.84
996,2024-12-04 17:12:13,214.93,15.24,1.84
997,2024-12-04 17:12:13,215.13,15.24,1.84
998,2024-12-04 17:12:13,215.35,15.24,1.84
999,2024-12-04 17:12:14,215.57,15.24,1.84
1000,2024-12-04 17:12:14,215.79,15.24,1.84
1001,2024-12-04 17:12:14,216.01,15.24,1.84
1002,2024-12-04 17:12:14,216.23,15.24,1.84
1003,2024-12-04 17:12:15,216.46,15.24,1.84
1004,2024-12-04 17:12:15,216.67,15.24,1.84
1005,2024-12-04 17:12:15,216.89,15.24,1.84
1006,2024-12-04 17:12:15,217.10,15.24,1.84
1007,2024-12-04 17:12:15,217.30,15.24,1.84
1008,2024-12-04 17:12:16,217.51,15.24,1.84
1009,2024-12-04 17:12:16,217.73,15.24,1.84
1010,2024-12-04 17:12:16,217.94,15.24,1.84
1011,2024-12-04 17:12:16,218.15,15.24,1.84
1012,2024-12-04 17:12:16,218.36,15.24,1.84
1013,2024-12-04 17:12:17,218.58,15.24,1.84
1014,2024-12-04 17:12:17,218.80,15.24,1.84
1015,2024-12-04 17:12:17,219.02,15.24,1.84
1016,2024-12-04 17:12:17,219.23,15.24,1.84
1017,2024-12-04 17:12:18,219.46,15.24,1.84
1018,2024-12-04 17:12:18,219.68,15.24,1.84
1019,2024-12-04 17:12:18,219.89,15.24,1.84
1020,2024-12-04 17:12:18,220.10,15.24,1.84
1021,2024-12-04 17:12:18,220.31,15.24,1.84
1022,2024-12-04 17:12:19,220.53,15.24,1.84
1023,2024-12-04 17:12:19,220.74,15.24,1.84
1024,2024-12-04 17:12:19,220.97,15.24,1.84
1025,2024-12-04 17:12:19,221.16,15.24,1.84
1026,2024-12-04 17:12:20,221.38,15.24,1.84
1027,2024-12-04 17:12:20,221.60,15.24,1.84
1028,2024-12-04 17:12:20,221.81,15.24,1.84
1029,2024-12-04 17:12:20,222.03,15.24,1.84
1030,2024-12-04 17:12:20,222.24,15.24,1.84
1031,2024-12-04 17:12:21,222.45,15.24,1.84
1032,2024-12-04 17:12:21,222.68,15.24,1.84
1033,2024-12-04 17:12:21,222.88,15.24,1.84
1034,2024-12-04 17:12:21,223.10,15.24,1.84
1035,2024-12-04 17:12:21,223.32,15.24,1.84
1036,2024-12-04 17:12:22,223.54,15.24,1.84
1037,2024-12-04 17:12:22,223.75,15.24,1.84
1038,2024-12-04 17:12:22,223.96,15.24,1.84
1039,2024-12-04 17:12:22,224.18,15.24,1.84
1040,2024-12-04 17:12:23,224.40,15.24,1.84
1041,2024-12-04 17:12:23,224.60,15.24,1.84
1042,2024-12-04 17:12:23,224.81,15.24,1.84
1043,2024-12-04 17:12:23,225.02,15.24,1.84
1044,2024-12-04 17:12:23,225.23,15.24,1.84
1045,2024-12-04 17:12:24,225.46,15.24,1.84
1046,2024-12-04 17:12:24,225.66,15.24,1.84
1047,2024-12-04 17:12:24,225.87,15.24,1.84
1048,2024-12-04 17:12:24,226.09,15.24,1.84
1049,2024-12-04 17:12:24,226.31,15.24,1.84
1050,2024-12-04 17:12:25,226.51,15.24,1.84
1051,2024-12-04 17:12:25,226.73,15.24,1.84
1052,2024-12-04 17:12:25,226.95,15.24,1.84
1053,2024-12-04 17:12:25,227.17,15.24,1.84
1054,2024-12-04 17:12:26,227.39,15.24,1.84
1055,2024-12-04 17:12:26,227.58,15.24,1.84
1056,2024-12-04 17:12:26,227.80,15.24,1.84
1057,2024-12-04 17:12:26,228.01,15.24,1.84
1058,2024-12-04 17:12:26,228.23,15.24,1.84
1059,2024-12-04 17:12:27,228.45,15.24,1.84
1060,2024-12-04 17:12:27,228.66,15.24,1.84
1061,2024-12-04 17:12:27,228.88,15.24,1.84
1062,2024-12-04 17:12:27,229.09,15.24,1.84
1063,2024-12-04 17:12:27,229.31,15.24,1.84
1064,2024-12-04 17:12:28,229.52,15.24,1.84
1065,2024-12-04 17:12:28,229.74,15.24,1.84
1066,2024-12-04 17:12:28,229.96,15.24,1.84
1067,2024-12-04 17:12:28,230.17,15.24,1.84
1068,2024-12-04 17:12:29,230.40,15.24,1.84
1069,2024-12-04 17:12:29,230.60,15.24,1.84
1070,2024-12-04 17:12:29,230.82,15.24,1.84
1071,2024-12-04 17:12:29,231.05,15.24,1.84
1072,2024-12-04 17:12:29,231.26,15.24,1.84
1073,2024-12-04 17:12:30,231.47,15.24,1.84
1074,2024-12-04 17:12:30,231.69,15.24,1.84
1075,2024-12-04 17:12:30,231.91,15.24,1.84
1076,2024-12-04 17:12:30,232.11,15.24,1.84
1077,2024-12-04 17:12:30,232.33,15.24,1.84
1078,2024-12-04 17:12:31,232.55,15.24,1.84
1079,2024-12-04 17:12:31,232.76,15.24,1.84
1080,2024-12-04 17:12:31,232.97,15.24,1.84
1081,2024-12-04 17:12:31,233.18,15.24,1.84
1082,2024-12-04 17:12:32,233.38,15.24,1.84
1083,2024-12-04 17:12:32,233.60,15.24,1.84
1084,2024-12-04 17:12:32,233.81,15.24,1.84
1085,2024-12-04 17:12:32,234.02,15.24,1.84
1086,2024-12-04 17:12:32,234.23,15.24,1.84
1087,2024-12-04 17:12:33,234.45,15.24,1.84
1088,2024-12-04 17:12:33,234.65,15.24,1.84
1089,2024-12-04 17:12:33,234.87,15.24,1.84
1090,2024-12-04 17:12:33,235.09,15.24,1.84
1091,2024-12-04 17:12:33,235.29,15.24,1.84
1092,2024-12-04 17:12:34,235.52,15.24,1.84
1093,2024-12-04 17:12:34,235.74,15.24,1.84
1094,2024-12-04 17:12:34,235.96,15.24,1.84
1095,2024-12-04 17:12:34,236.15,15.24,1.84
1096,2024-12-04 17:12:34,236.36,15.24,1.84
1097,2024-12-04 17:12:35,236.58,15.24,1.84
1098,2024-12-04 17:12:35,236.80,15.24,1.84
1099,2024-12-04 17:12:35,237.01,15.24,1.84
1100,2024-12-04 17:12:35,237.22,15.24,1.84
1101,2024-12-04 17:12:36,237.44,15.24,1.84
1102,2024-12-04 17:12:36,237.66,15.24,1.84
1103,2024-12-04 17:12:36,237.88,15.24,1.84
1104,2024-12-04 17:12:36,238.08,15.24,1.84
1105,2024-12-04 17:12:36,238.28,15.24,1.84
1106,2024-12-04 17:12:37,238.50,15.24,1.84
1107,2024-12-04 17:12:37,238.71,15.24,1.84
1108,2024-12-04 17:12:37,238.91,15.24,1.84
1109,2024-12-04 17:12:37,239.13,15.24,1.84
1110,2024-12-04 17:12:37,239.35,15.24,1.84
1111,2024-12-04 17:12:38,239.58,15.24,1.84
1112,2024-12-04 17:12:38,239.80,15.24,1.84
1113,2024-12-04 17:12:38,240.02,15.24,1.84
1114,2024-12-04 17:12:38,240.23,15.24,1.84
1115,2024-12-04 17:12:39,240.45,15.24,1.84
1116,2024-12-04 17:12:39,240.67,15.24,1.84
1117,2024-12-04 17:12:39,240.89,15.24,1.84
1118,2024-12-04 17:12:39,241.10,15.24,1.84
1119,2024-12-04 17:12:39,241.30,15.24,1.84
1120,2024-12-04 17:12:40,241.52,15.24,1.84
1121,2024-12-04 17:12:40,241.74,15.24,1.84
1122,2024-12-04 17:12:40,241.95,15.24,1.84
1123,2024-12-04 17:12:40,242.17,15.24,1.84
1124,2024-12-04 17:12:41,242.39,15.24,1.84
1125,2024-12-04 17:12:41,242.61,15.24,1.84
1126,2024-12-04 17:12:41,242.81,15.24,1.84
1127,2024-12-04 17:12:41,243.02,15.24,1.84
1128,2024-12-04 17:12:41,243.24,15.24,1.84
1129,2024-12-04 17:12:42,243.46,15.24,1.84
1130,2024-12-04 17:12:42,243.70,15.24,1.84
1131,2024-12-04 17:12:42,243.92,15.24,1.84
1132,2024-12-04 17:12:42,244.14,15.24,1.84
1133,2024-12-04 17:12:42,244.36,15.24,1.84
1134,2024-12-04 17:12:43,244.57,15.24,1.84
1135,2024-12-04 17:12:43,244.79,15.24,1.84
1136,2024-12-04 17:12:43,245.02,15.24,1.84
1137,2024-12-04 17:12:43,245.24,15.24,1.84
1138,2024-12-04 17:12:44,245.46,15.24,1.84
1139,2024-12-04 17:12:44,245.68,15.24,1.84
1140,2024-12-04 17:12:44,245.89,15.24,1.84
1141,2024-12-04 17:12:44,246.11,15.24,1.84
1142,2024-12-04 17:12:44,246.33,15.24,1.84
1143,2024-12-04 17:12:45,246.54,15.24,1.84
1144,2024-12-04 17:12:45,246.76,15.24,1.84
1145,2024-12-04 17:12:45,246.96,15.24,1.84
1146,2024-12-04 17:12:45,247.18,15.24,1.84
1147,2024-12-04 17:12:46,247.39,15.24,1.84
1148,2024-12-04 17:12:46,247.60,15.24,1.84
1149,2024-12-04 17:12:46,247.83,15.24,1.84
1150,2024-12-04 17:12:46,248.03,15.24,1.84
1151,2024-12-04 17:12:46,248.25,15.24,1.84
1152,2024-12-04 17:12:47,248.46,15.24,1.84
1153,2024-12-04 17:12:47,248.67,15.24,1.84
1154,2024-12-04 17:12:47,248.88,15.24,1.84
1155,2024-12-04 17:12:47,249.09,15.24,1.84
1156,2024-12-04 17:12:47,249.31,15.24,1.84
1157,2024-12-04 17:12:48,249.53,15.24,1.84
1158,2024-12-04 17:12:48,249.75,15.24,1.84
1159,2024-12-04 17:12:48,249.95,15.24,1.84
1160,2024-12-04 17:12:48,250.17,15.24,1.84
1161,2024-12-04 17:12:49,250.39,15.24,1.84
1162,2024-12-04 17:12:49,250.61,15.24,1.84
1163,2024-12-04 17:12:49,250.83,15.24,1.84
1164,2024-12-04 17:12:49,251.03,15.24,1.84
1165,2024-12-04 17:12:49,251.24,15.24,1.84
1166,2024-12-04 17:12:50,251.46,15.24,1.84
1167,2024-12-04 17:12:50,251.67,15.24,1.84
1168,2024-12-04 17:12:50,251.90,15.24,1.84
1169,2024-12-04 17:12:50,252.11,15.24,1.84
1170,2024-12-04 17:12:50,252.31,15.24,1.84
1171,2024-12-04 17:12:51,252.52,15.24,1.84
1172,2024-12-04 17:12:51,252.74,15.24,1.84
1173,2024-12-04 17:12:51,252.95,15.24,1.84
1174,2024-12-04 17:12:51,253.17,15.24,1.84
1175,2024-12-04 17:12:52,253.38,15.24,1.84
1176,2024-12-04 17:12:52,253.58,15.24,1.84
1177,2024-12-04 17:12:52,253.80,15.24,1.84
1178,2024-12-04 17:12:52,254.02,15.24,1.84
1179,2024-12-04 17:12:52,254.23,15.24,1.84
1180,2024-12-04 17:12:53,254.45,15.24,1.84
1181,2024-12-04 17:12:53,254.66,15.24,1.84
1182,2024-12-04 17:12:53,254.85,15.24,1.84
1183,2024-12-04 17:12:53,255.06,15.24,1.84
1184,2024-12-04 17:12:53,255.28,15.24,1.84
1185,2024-12-04 17:12:54,255.49,15.24,1.84
1186,2024-12-04 17:12:54,255.70,15.24,1.84
1187,2024-12-04 17:12:54,255.93,15.24,1.84
1188,2024-12-04 17:12:54,256.15,15.24,1.84
1189,2024-12-04 17:12:54,256.36,15.24,1.84
1190,2024-12-04 17:12:55,256.57,15.24,1.84
1191,2024-12-04 17:12:55,256.79,15.24,1.84
1192,2024-12-04 17:12:55,257.02,15.24,1.84
1193,2024-12-04 17:12:55,257.24,15.24,1.84
1194,2024-12-04 17:12:56,257.45,15.24,1.84
1195,2024-12-04 17:12:56,257.66,15.24,1.84
1196,2024-12-04 17:12:56,257.87,15.24,1.84
1197,2024-12-04 17:12:56,258.09,15.24,1.84
1198,2024-12-04 17:12:56,258.29,15.24,1.84
1199,2024-12-04 17:12:57,258.51,15.24,1.84
1200,2024-12-04 17:12:57,258.71,15.24,1.84
1201,2024-12-04 17:12:57,258.93,15.24,1.84
1202,2024-12-04 17:12:57,259.14,15.24,1.84
1203,2024-12-04 17:12:57,259.36,15.24,1.84
1204,2024-12-04 17:12:58,259.57,15.24,1.84
1205,2024-12-04 17:12:58,259.79,15.24,1.84
1206,2024-12-04 17:12:58,260.01,15.24,1.84
1207,2024-12-04 17:12:58,260.23,15.24,1.84
1208,2024-12-04 17:12:59,260.43,15.24,1.84
1209,2024-12-04 17:12:59,260.65,15.24,1.84
1210,2024-12-04 17:12:59,260.86,15.24,1.84
1211,2024-12-04 17:12:59,261.07,15.24,1.84
1212,2024-12-04 17:12:59,261.29,15.24,1.84
1213,2024-12-04 17:13:00,261.51,15.24,1.84
1214,2024-12-04 17:13:00,261.72,15.24,1.84
1215,2024-12-04 17:13:00,261.91,15.24,1.84
1216,2024-12-04 17:13:00,262.13,15.24,1.84
1217,2024-12-04 17:13:00,262.36,15.24,1.84
1218,2024-12-04 17:13:01,262.57,15.24,1.84
1219,2024-12-04 17:13:01,262.79,15.24,1.84
1220,2024-12-04 17:13:01,263.00,15.24,1.84
1221,2024-12-04 17:13:01,263.21,15.24,1.84
1222,2024-12-04 17:13:02,263.42,15.24,1.84
1223,2024-12-04 17:13:02,263.64,15.24,1.84
1224,2024-12-04 17:13:02,263.85,15.24,1.84
1225,2024-12-04 17:13:02,264.08,15.24,1.84
1226,2024-12-04 17:13:02,264.30,15.24,1.84
1227,2024-12-04 17:13:03,264.52,15.24,1.84
1228,2024-12-04 17:13:03,264.74,15.24,1.84
1229,2024-12-04 17:13:03,264.93,15.24,1.84
1230,2024-12-04 17:13:03,265.14,15.24,1.84
1231,2024-12-04 17:13:03,265.35,15.24,1.84
1232,2024-12-04 17:13:04,265.57,15.24,1.84
1233,2024-12-04 17:13:04,265.78,15.24,1.84
1234,2024-12-04 17:13:04,265.98,15.24,1.84
1235,2024-12-04 17:13:04,266.19,15.24,1.84
1236,2024-12-04 17:13:05,266.40,15.24,1.84
1237,2024-12-04 17:13:05,266.62,15.24,1.84
1238,2024-12-04 17:13:05,266.83,15.24,1.84
1239,2024-12-04 17:13:05,267.04,15.24,1.84
1240,2024-12-04 17:13:05,267.25,15.24,1.84
1241,2024-12-04 17:13:06,267.47,15.24,1.84
1242,2024-12-04 17:13:06,267.68,15.24,1.84
1243,2024-12-04 17:13:06,267.90,15.24,1.84
1244,2024-12-04 17:13:06,268.13,15.24,1.84
1245,2024-12-04 17:13:06,268.34,15.24,1.84
1246,2024-12-04 17:13:07,268.56,15.24,1.84
1247,2024-12-04 17:13:07,268.78,15.24,1.84
1248,2024-12-04 17:13:07,269.00,15.24,1.84
1249,2024-12-04 17:13:07,269.22,15.24,1.84
1250,2024-12-04 17:13:08,269.44,15.24,1.84
1251,2024-12-04 17:13:08,269.62,15.24,1.84
1252,2024-12-04 17:13:08,269.82,15.24,1.84
1253,2024-12-04 17:13:08,270.04,15.24,1.84
1254,2024-12-04 17:13:08,270.25,15.24,1.84
1255,2024-12-04 17:13:09,270.48,15.24,1.84
1256,2024-12-04 17:13:09,270.69,15.24,1.84
1257,2024-12-04 17:13:09,270.90,15.24,1.84
1258,2024-12-04 17:13:09,271.10,15.24,1.84
1259,2024-12-04 17:13:09,271.32,15.24,1.84
1260,2024-12-04 17:13:10,271.53,15.24,1.84
1261,2024-12-04 17:13:10,271.73,15.24,1.84
1262,2024-12-04 17:13:10,271.94,15.24,1.84
1263,2024-12-04 17:13:10,272.15,15.24,1.84
1264,2024-12-04 17:13:10,272.37,15.24,1.84
1265,2024-12-04 17:13:11,272.58,15.24,1.84
1266,2024-12-04 17:13:11,272.78,15.24,1.84
1267,2024-12-04 17:13:11,272.99,15.24,1.84
1268,2024-12-04 17:13:11,273.22,15.24,1.84
1269,2024-12-04 17:13:12,273.43,15.24,1.84
1270,2024-12-04 17:13:12,273.64,15.24,1.84
1271,2024-12-04 17:13:12,273.87,15.24,1.84
1272,2024-12-04 17:13:12,274.08,15.24,1.84
1273,2024-12-04 17:13:12,274.30,15.24,1.84
1274,2024-12-04 17:13:13,274.52,15.24,1.84
1275,2024-12-04 17:13:13,274.74,15.24,1.84
1276,2024-12-04 17:13:13,274.95,15.24,1.84
1277,2024-12-04 17:13:13,275.16,15.24,1.84
1278,2024-12-04 17:13:14,275.38,15.24,1.84
1279,2024-12-04 17:13:14,275.60,15.24,1.84
1280,2024-12-04 17:13:14,275.82,15.24,1.84
1281,2024-12-04 17:13:14,276.03,15.24,1.84
1282,2024-12-04 17:13:14,276.25,15.24,1.84
1283,2024-12-04 17:13:15,276.48,15.24,1.84
1284,2024-12-04 17:13:15,276.70,15.24,1.84
1285,2024-12-04 17:13:15,276.92,15.24,1.84
1286,2024-12-04 17:13:15,277.14,15.24,1.84
1287,2024-12-04 17:13:15,277.35,15.24,1.84
1288,2024-12-04 17:13:16,277.57,15.24,1.84
1289,2024-12-04 17:13:16,277.78,15.24,1.84
1290,2024-12-04 17:13:16,277.99,15.24,1.84
1291,2024-12-04 17:13:16,278.22,15.24,1.84
1292,2024-12-04 17:13:17,278.44,15.24,1.84
1293,2024-12-04 17:13:17,278.66,15.24,1.84
1294,2024-12-04 17:13:17,278.87,15.24,1.84
1295,2024-12-04 17:13:17,279.09,15.24,1.84
1296,2024-12-04 17:13:17,279.31,15.24,1.84
1297,2024-12-04 17:13:18,279.53,15.24,1.84
1298,2024-12-04 17:13:18,279.73,15.24,1.84
1299,2024-12-04 17:13:18,279.94,15.24,1.84
1300,2024-12-04 17:13:18,280.16,15.24,1.84
1301,2024-12-04 17:13:19,280.39,15.24,1.84
1302,2024-12-04 17:13:19,280.60,15.24,1.84
1303,2024-12-04 17:13:19,280.82,15.24,1.84
1304,2024-12-04 17:13:19,281.04,15.24,1.84
1305,2024-12-04 17:13:19,281.26,15.24,1.84
1306,2024-12-04 17:13:20,281.48,15.24,1.84
1307,2024-12-04 17:13:20,281.70,15.24,1.84
1308,2024-12-04 17:13:20,281.91,15.24,1.84
1309,2024-12-04 17:13:20,282.13,15.24,1.84
1310,2024-12-04 17:13:20,282.33,15.24,1.84
1311,2024-12-04 17:13:21,282.55,15.24,1.84
1312,2024-12-04 17:13:21,282.76,15.24,1.84
1313,2024-12-04 17:13:21,282.98,15.24,1.84
1314,2024-12-04 17:13:21,283.20,15.24,1.84
1315,2024-12-04 17:13:22,283.42,15.24,1.84
1316,2024-12-04 17:13:22,283.62,15.24,1.84
1317,2024-12-04 17:13:22,283.84,15.24,1.84
1318,2024-12-04 17:13:22,284.05,15.24,1.84
1319,2024-12-04 17:13:22,284.27,15.24,1.84
1320,2024-12-04 17:13:23,284.49,15.24,1.84
1321,2024-12-04 17:13:23,284.70,15.24,1.84
1322,2024-12-04 17:13:23,284.91,15.24,1.84
1323,2024-12-04 17:13:23,285.13,15.24,1.84
1324,2024-12-04 17:13:23,285.32,15.24,1.84
1325,2024-12-04 17:13:24,285.54,15.24,1.84
1326,2024-12-04 17:13:24,285.75,15.24,1.84
1327,2024-12-04 17:13:24,285.97,15.24,1.84
1328,2024-12-04 17:13:24,286.18,15.24,1.84
1329,2024-12-04 17:13:25,286.39,15.24,1.84
1330,2024-12-04 17:13:25,286.61,15.24,1.84
1331,2024-12-04 17:13:25,286.81,15.24,1.84
1332,2024-12-04 17:13:25,287.02,15.24,1.84
1333,2024-12-04 17:13:25,287.24,15.24,1.84
1334,2024-12-04 17:13:26,287.46,15.24,1.84
1335,2024-12-04 17:13:26,287.68,15.24,1.84
1336,2024-12-04 17:13:26,287.90,15.24,1.84
1337,2024-12-04 17:13:26,288.11,15.24,1.84
1338,2024-12-04 17:13:26,288.32,15.24,1.84
1339,2024-12-04 17:13:27,288.54,15.24,1.84
1340,2024-12-04 17:13:27,288.76,15.24,1.84
1341,2024-12-04 17:13:27,288.97,15.24,1.84
1342,2024-12-04 17:13:27,289.18,15.24,1.84
1343,2024-12-04 17:13:28,289.39,15.24,1.84
1344,2024-12-04 17:13:28,289.59,15.24,1.84
1345,2024-12-04 17:13:28,289.81,15.24,1.84
1346,2024-12-04 17:13:28,290.02,15.24,1.84
1347,2024-12-04 17:13:28,290.23,15.24,1.84
1348,2024-12-04 17:13:29,290.45,15.24,1.84
1349,2024-12-04 17:13:29,290.67,15.24,1.84
1350,2024-12-04 17:13:29,290.89,15.24,1.84
1351,2024-12-04 17:13:29,291.10,15.24,1.84
1352,2024-12-04 17:13:29,291.32,15.24,1.84
1353,2024-12-04 17:13:30,291.53,15.24,1.84
1354,2024-12-04 17:13:30,291.74,15.24,1.84
1355,2024-12-04 17:13:30,291.95,15.24,1.84
1356,2024-12-04 17:13:30,292.17,15.24,1.84
1357,2024-12-04 17:13:31,292.38,15.24,1.84
1358,2024-12-04 17:13:31,292.61,15.24,1.84
1359,2024-12-04 17:13:31,292.83,15.24,1.84
1360,2024-12-04 17:13:31,293.04,15.24,1.84
1361,2024-12-04 17:13:31,293.26,15.24,1.84
1362,2024-12-04 17:13:32,293.47,15.24,1.84
1363,2024-12-04 17:13:32,293.69,15.24,1.84
1364,2024-12-04 17:13:32,293.90,15.24,1.84
1365,2024-12-04 17:13:32,294.13,15.24,1.84
1366,2024-12-04 17:13:32,294.34,15.24,1.84
1367,2024-12-04 17:13:33,294.56,15.24,1.84
1368,2024-12-04 17:13:33,294.76,15.24,1.84
1369,2024-12-04 17:13:33,294.98,15.24,1.84
1370,2024-12-04 17:13:33,295.20,15.24,1.84
1371,2024-12-04 17:13:34,295.43,15.24,1.84
1372,2024-12-04 17:13:34,295.65,15.24,1.84
1373,2024-12-04 17:13:34,295.85,15.24,1.84
1374,2024-12-04 17:13:34,296.07,15.24,1.84
1375,2024-12-04 17:13:34,296.29,15.24,1.84
1376,2024-12-04 17:13:35,296.50,15.24,1.84
1377,2024-12-04 17:13:35,296.72,15.24,1.84
1378,2024-12-04 17:13:35,296.94,15.24,1.84
1379,2024-12-04 17:13:35,297.14,15.24,1.84
1380,2024-12-04 17:13:35,297.36,15.24,1.84
1381,2024-12-04 17:13:36,297.57,15.24,1.84
1382,2024-12-04 17:13:36,297.78,15.24,1.84
1383,2024-12-04 17:13:36,298.00,15.24,1.84
1384,2024-12-04 17:13:36,298.22,15.24,1.84
1385,2024-12-04 17:13:37,298.44,15.24,1.84
1386,2024-12-04 17:13:37,298.65,15.24,1.84
1387,2024-12-04 17:13:37,298.88,15.24,1.84
1388,2024-12-04 17:13:37,299.09,15.24,1.84
1389,2024-12-04 17:13:37,299.31,15.24,1.84
1390,2024-12-04 17:13:38,299.52,15.24,1.84
1391,2024-12-04 17:13:38,299.73,15.24,1.84
1392,2024-12-04 17:13:38,299.95,15.24,1.84
1393,2024-12-04 17:13:38,300.17,15.24,1.84
1394,2024-12-04 17:13:39,300.39,15.24,1.84
1395,2024-12-04 17:13:39,300.60,15.24,1.84
1396,2024-12-04 17:13:39,300.84,15.24,1.84
1397,2024-12-04 17:13:39,301.06,15.24,1.84
1398,2024-12-04 17:13:39,301.26,15.24,1.84
1399,2024-12-04 17:13:40,301.47,15.24,1.84
1400,2024-12-04 17:13:40,301.69,15.24,1.84
1401,2024-12-04 17:13:40,301.90,15.24,1.84
1402,2024-12-04 17:13:40,302.11,15.24,1.84
1403,2024-12-04 17:13:40,302.31,15.24,1.84
1404,2024-12-04 17:13:41,302.52,15.24,1.84
1405,2024-12-04 17:13:41,302.73,15.24,1.84
1406,2024-12-04 17:13:41,302.95,15.24,1.84
1407,2024-12-04 17:13:41,303.16,15.24,1.84
1408,2024-12-04 17:13:41,303.37,15.24,1.84
1409,2024-12-04 17:13:42,303.58,15.24,1.84
1410,2024-12-04 17:13:42,303.80,15.24,1.84
1411,2024-12-04 17:13:42,304.02,15.24,1.84
1412,2024-12-04 17:13:42,304.23,15.24,1.84
1413,2024-12-04 17:13:43,304.44,15.24,1.84
1414,2024-12-04 17:13:43,304.66,15.24,1.84
1415,2024-12-04 17:13:43,304.89,15.24,1.84
1416,2024-12-04 17:13:43,305.10,15.24,1.84
1417,2024-12-04 17:13:43,305.30,15.24,1.84
1418,2024-12-04 17:13:44,305.51,15.24,1.84
1419,2024-12-04 17:13:44,305.72,15.24,1.84
1420,2024-12-04 17:13:44,305.94,15.24,1.84
1421,2024-12-04 17:13:44,306.15,15.24,1.84
1422,2024-12-04 17:13:44,306.35,15.24,1.84
1423,2024-12-04 17:13:45,306.57,15.24,1.84
1424,2024-12-04 17:13:45,306.79,15.24,1.84
1425,2024-12-04 17:13:45,307.00,15.24,1.84
1426,2024-12-04 17:13:45,307.21,15.24,1.84
1427,2024-12-04 17:13:46,307.42,15.24,1.84
1428,2024-12-04 17:13:46,307.63,15.24,1.84
1429,2024-12-04 17:13:46,307.84,15.24,1.84
1430,2024-12-04 17:13:46,308.06,15.24,1.84
1431,2024-12-04 17:13:46,308.26,15.24,1.84
1432,2024-12-04 17:13:47,308.46,15.24,1.84
1433,2024-12-04 17:13:47,308.68,15.24,1.84
1434,2024-12-04 17:13:47,308.91,15.24,1.84
1435,2024-12-04 17:13:47,309.13,15.24,1.84
1436,2024-12-04 17:13:47,309.35,15.24,1.84
1437,2024-12-04 17:13:48,309.56,15.24,1.84
1438,2024-12-04 17:13:48,309.78,15.24,1.84
1439,2024-12-04 17:13:48,309.99,15.24,1.84
1440,2024-12-04 17:13:48,310.20,15.24,1.84
1441,2024-12-04 17:13:49,310.41,15.24,1.84
1442,2024-12-04 17:13:49,310.62,15.24,1.84
1443,2024-12-04 17:13:49,310.84,15.24,1.84
1444,2024-12-04 17:13:49,311.05,15.24,1.84
1445,2024-12-04 17:13:49,311.27,15.24,1.84
1446,2024-12-04 17:13:50,311.49,15.24,1.84
1447,2024-12-04 17:13:50,311.70,15.24,1.84
1448,2024-12-04 17:13:50,311.92,15.24,1.84
1449,2024-12-04 17:13:50,312.14,15.24,1.84
1450,2024-12-04 17:13:50,312.35,15.24,1.84
1451,2024-12-04 17:13:51,312.56,15.24,1.84
1452,2024-12-04 17:13:51,312.76,15.24,1.84
1453,2024-12-04 17:13:51,312.98,15.24,1.84
1454,2024-12-04 17:13:51,313.20,15.24,1.84
1455,2024-12-04 17:13:52,313.42,15.24,1.84
1456,2024-12-04 17:13:52,313.63,15.24,1.84
1457,2024-12-04 17:13:52,313.84,15.24,1.84
1458,2024-12-04 17:13:52,314.04,15.24,1.84
1459,2024-12-04 17:13:52,314.24,15.24,1.84
1460,2024-12-04 17:13:53,314.46,15.24,1.84
1461,2024-12-04 17:13:53,314.68,15.24,1.84
1462,2024-12-04 17:13:53,314.89,15.24,1.84
1463,2024-12-04 17:13:53,315.11,15.24,1.84
1464,2024-12-04 17:13:53,315.33,15.24,1.84
1465,2024-12-04 17:13:54,315.54,15.24,1.84
1466,2024-12-04 17:13:54,315.75,15.24,1.84
1467,2024-12-04 17:13:54,315.98,15.24,1.84
1468,2024-12-04 17:13:54,316.19,15.24,1.84
1469,2024-12-04 17:13:55,316.42,15.24,1.84
1470,2024-12-04 17:13:55,316.63,15.24,1.84
1471,2024-12-04 17:13:55,316.84,15.24,1.84
1472,2024-12-04 17:13:55,317.05,15.24,1.84
1473,2024-12-04 17:13:55,317.27,15.24,1.84
1474,2024-12-04 17:13:56,317.50,15.24,1.84
1475,2024-12-04 17:13:56,317.72,15.24,1.84
1476,2024-12-04 17:13:56,317.93,15.24,1.84
1477,2024-12-04 17:13:56,318.16,15.24,1.84
1478,2024-12-04 17:13:56,318.38,15.24,1.84
1479,2024-12-04 17:13:57,318.60,15.24,1.84
1480,2024-12-04 17:13:57,318.80,15.24,1.84
1481,2024-12-04 17:13:57,319.02,15.24,1.84
1482,2024-12-04 17:13:57,319.24,15.24,1.84
1483,2024-12-04 17:13:58,319.45,15.24,1.84
1484,2024-12-04 17:13:58,319.68,15.24,1.84
1485,2024-12-04 17:13:58,319.90,15.24,1.84
1486,2024-12-04 17:13:58,320.11,15.24,1.84
1487,2024-12-04 17:13:58,320.33,15.24,1.84
1488,2024-12-04 17:13:59,320.55,15.24,1.84
1489,2024-12-04 17:13:59,320.77,15.24,1.84
1490,2024-12-04 17:13:59,320.97,15.24,1.84
1491,2024-12-04 17:13:59,321.20,15.24,1.84
1492,2024-12-04 17:14:00,321.42,15.24,1.84
1493,2024-12-04 17:14:00,321.64,15.24,1.84
1494,2024-12-04 17:14:00,321.85,15.24,1.84
1495,2024-12-04 17:14:00,322.07,15.24,1.84
1496,2024-12-04 17:14:00,322.29,15.24,1.84
1497,2024-12-04 17:14:01,322.51,15.24,1.84
1498,2024-12-04 17:14:01,322.71,15.24,1.84
1499,2024-12-04 17:14:01,322.93,15.24,1.84
1500,2024-12-04 17:14:01,323.14,15.24,1.84
1501,2024-12-04 17:14:01,323.36,15.24,1.84
1502,2024-12-04 17:14:02,323.57,15.24,1.84
1503,2024-12-04 17:14:02,323.79,15.24,1.84
1504,2024-12-04 17:14:02,324.01,15.24,1.84
1505,2024-12-04 17:14:02,324.23,15.24,1.84
1506,2024-12-04 17:14:03,324.45,15.24,1.84
1507,2024-12-04 17:14:03,324.66,15.24,1.84
1508,2024-12-04 17:14:03,324.86,15.24,1.84
1509,2024-12-04 17:14:03,325.08,15.24,1.84
1510,2024-12-04 17:14:03,325.30,15.24,1.84
1511,2024-12-04 17:14:04,325.51,15.24,1.84
1512,2024-12-04 17:14:04,325.70,15.24,1.84
1513,2024-12-04 17:14:04,325.92,15.24,1.84
1514,2024-12-04 17:14:04,326.14,15.24,1.84
1515,2024-12-04 17:14:04,326.35,15.24,1.84
1516,2024-12-04 17:14:05,326.56,15.24,1.84
1517,2024-12-04 17:14:05,326.77,15.24,1.84
1518,2024-12-04 17:14:05,326.98,15.24,1.84
1519,2024-12-04 17:14:05,327.20,15.24,1.84
1520,2024-12-04 17:14:06,327.41,15.24,1.84
1521,2024-12-04 17:14:06,327.62,15.24,1.84
1522,2024-12-04 17:14:06,327.84,15.24,1.84
1523,2024-12-04 17:14:06,328.05,15.24,1.84
1524,2024-12-04 17:14:06,328.27,15.24,1.84
1525,2024-12-04 17:14:07,328.49,15.24,1.84
1526,2024-12-04 17:14:07,328.69,15.24,1.84
1527,2024-12-04 17:14:07,328.90,15.24,1.84
1528,2024-12-04 17:14:07,329.12,15.24,1.84
1529,2024-12-04 17:14:07,329.34,15.24,1.84
1530,2024-12-04 17:14:08,329.56,15.24,1.84
1531,2024-12-04 17:14:08,329.77,15.24,1.84
1532,2024-12-04 17:14:08,329.99,15.24,1.84
1533,2024-12-04 17:14:08,330.21,15.24,1.84
1534,2024-12-04 17:14:09,330.43,15.24,1.84
1535,2024-12-04 17:14:09,330.66,15.24,1.84
1536,2024-12-04 17:14:09,330.88,15.24,1.84
1537,2024-12-04 17:14:09,331.10,15.24,1.84
1538,2024-12-04 17:14:09,331.32,15.24,1.84
1539,2024-12-04 17:14:10,331.52,15.24,1.84
1540,2024-12-04 17:14:10,331.73,15.24,1.84
1541,2024-12-04 17:14:10,331.93,15.24,1.84
1542,2024-12-04 17:14:10,332.15,15.24,1.84
1543,2024-12-04 17:14:10,332.36,15.24,1.84
1544,2024-12-04 17:14:11,332.58,15.24,1.84
1545,2024-12-04 17:14:11,332.79,15.24,1.84
1546,2024-12-04 17:14:11,333.00,15.24,1.84
1547,2024-12-04 17:14:11,333.21,15.24,1.84
1548,2024-12-04 17:14:12,333.43,15.24,1.84
1549,2024-12-04 17:14:12,333.65,15.24,1.84
1550,2024-12-04 17:14:12,333.87,15.24,1.84
1551,2024-12-04 17:14:12,334.09,15.24,1.84
1552,2024-12-04 17:14:12,334.29,15.24,1.84
1553,2024-12-04 17:14:13,334.50,15.24,1.84
1554,2024-12-04 17:14:13,334.73,15.24,1.84
1555,2024-12-04 17:14:13,334.93,15.24,1.84
1556,2024-12-04 17:14:13,335.15,15.24,1.84
1557,2024-12-04 17:14:13,335.36,15.24,1.84
1558,2024-12-04 17:14:14,335.57,15.24,1.84
1559,2024-12-04 17:14:14,335.78,15.24,1.84
1560,2024-12-04 17:14:14,336.00,15.24,1.84
1561,2024-12-04 17:14:14,336.21,15.24,1.84
1562,2024-12-04 17:14:15,336.43,15.24,1.84
1563,2024-12-04 17:14:15,336.64,15.24,1.84
1564,2024-12-04 17:14:15,336.85,15.24,1.84
1565,2024-12-04 17:14:15,337.07,15.24,1.84
1566,2024-12-04 17:14:15,337.28,15.24,1.84
1567,2024-12-04 17:14:16,337.51,15.24,1.84
1568,2024-12-04 17:14:16,337.72,15.24,1.84
1569,2024-12-04 17:14:16,337.92,15.24,1.84
1570,2024-12-04 17:14:16,338.13,15.24,1.84
1571,2024-12-04 17:14:16,338.35,15.24,1.84
1572,2024-12-04 17:14:17,338.56,15.24,1.84
1573,2024-12-04 17:14:17,338.78,15.24,1.84
1574,2024-12-04 17:14:17,339.00,15.24,1.84
1575,2024-12-04 17:14:17,339.21,15.24,1.84
1576,2024-12-04 17:14:18,339.43,15.24,1.84
1577,2024-12-04 17:14:18,339.64,15.24,1.84
1578,2024-12-04 17:14:18,339.85,15.24,1.84
1579,2024-12-04 17:14:18,340.08,15.24,1.84
1580,2024-12-04 17:14:18,340.30,15.24,1.84
1581,2024-12-04 17:14:19,340.52,15.24,1.84
1582,2024-12-04 17:14:19,340.74,15.24,1.84
1583,2024-12-04 17:14:19,340.96,15.24,1.84
1584,2024-12-04 17:14:19,341.18,15.24,1.84
1585,2024-12-04 17:14:20,341.40,15.24,1.84
1586,2024-12-04 17:14:20,341.62,15.24,1.84
1587,2024-12-04 17:14:20,341.83,15.24,1.84
1588,2024-12-04 17:14:20,342.04,15.24,1.84
1589,2024-12-04 17:14:20,342.25,15.24,1.84
1590,2024-12-04 17:14:21,342.47,15.24,1.84
1591,2024-12-04 17:14:21,342.69,15.24,1.84
1592,2024-12-04 17:14:21,342.90,15.24,1.84
1593,2024-12-04 17:14:21,343.12,15.24,1.84
1594,2024-12-04 17:14:21,343.34,15.24,1.84
1595,2024-12-04 17:14:22,343.55,15.24,1.84
1596,2024-12-04 17:14:22,343.77,15.24,1.84
1597,2024-12-04 17:14:22,343.98,15.24,1.84
1598,2024-12-04 17:14:22,344.20,15.24,1.84
1599,2024-12-04 17:14:23,344.41,15.24,1.84
1600,2024-12-04 17:14:23,344.63,15.24,1.84
1601,2024-12-04 17:14:23,344.83,15.24,1.84
1602,2024-12-04 17:14:23,345.04,15.24,1.84
1603,2024-12-04 17:14:23,345.25,15.24,1.84
1604,2024-12-04 17:14:24,345.46,15.24,1.84
1605,2024-12-04 17:14:24,345.67,15.24,1.84
1606,2024-12-04 17:14:24,345.89,15.24,1.84
1607,2024-12-04 17:14:24,346.11,15.24,1.84
1608,2024-12-04 17:14:24,346.33,15.24,1.84
1609,2024-12-04 17:14:25,346.54,15.24,1.84
1610,2024-12-04 17:14:25,346.75,15.24,1.84
1611,2024-12-04 17:14:25,346.96,15.24,1.84
1612,2024-12-04 17:14:25,347.19,15.24,1.84
1613,2024-12-04 17:14:26,347.41,15.24,1.84
1614,2024-12-04 17:14:26,347.63,15.24,1.84
1615,2024-12-04 17:14:26,347.83,15.24,1.84
1616,2024-12-04 17:14:26,348.04,15.24,1.84
1617,2024-12-04 17:14:26,348.26,15.24,1.84
1618,2024-12-04 17:14:27,348.47,15.24,1.84
1619,2024-12-04 17:14:27,348.69,15.24,1.84
1620,2024-12-04 17:14:27,348.91,15.24,1.84
1621,2024-12-04 17:14:27,349.13,15.24,1.84
1622,2024-12-04 17:14:27,349.34,15.24,1.84
1623,2024-12-04 17:14:28,349.56,15.24,1.84
1624,2024-12-04 17:14:28,349.78,15.24,1.84
1625,2024-12-04 17:14:28,349.98,15.24,1.84
1626,2024-12-04 17:14:28,350.20,15.24,1.84
1627,2024-12-04 17:14:29,350.41,15.24,1.84
1628,2024-12-04 17:14:29,350.63,15.24,1.84
1629,2024-12-04 17:14:29,350.84,15.24,1.84
1630,2024-12-04 17:14:29,351.06,15.24,1.84
1631,2024-12-04 17:14:29,351.26,15.24,1.84
1632,2024-12-04 17:14:30,351.46,15.24,1.84
1633,2024-12-04 17:14:30,351.68,15.24,1.84
1634,2024-12-04 17:14:30,351.91,15.24,1.84
1635,2024-12-04 17:14:30,352.12,15.24,1.84
1636,2024-12-04 17:14:30,352.33,15.24,1.84
1637,2024-12-04 17:14:31,352.55,15.24,1.84
1638,2024-12-04 17:14:31,352.76,15.24,1.84
1639,2024-12-04 17:14:31,352.98,15.24,1.84
1640,2024-12-04 17:14:31,353.19,15.24,1.84
1641,2024-12-04 17:14:32,353.40,15.24,1.84
1642,2024-12-04 17:14:32,353.63,15.24,1.84
1643,2024-12-04 17:14:32,353.84,15.24,1.84
1644,2024-12-04 17:14:32,354.06,15.24,1.84
1645,2024-12-04 17:14:32,354.27,15.24,1.84
1646,2024-12-04 17:14:33,354.50,15.24,1.84
1647,2024-12-04 17:14:33,354.71,15.24,1.84
1648,2024-12-04 17:14:33,354.92,15.24,1.84
1649,2024-12-04 17:14:33,355.13,15.24,1.84
1650,2024-12-04 17:14:33,355.35,15.24,1.84
1651,2024-12-04 17:14:34,355.57,15.24,1.84
1652,2024-12-04 17:14:34,355.78,15.24,1.84
1653,2024-12-04 17:14:34,356.00,15.24,1.84
1654,2024-12-04 17:14:34,356.22,15.24,1.84
1655,2024-12-04 17:14:35,356.43,15.24,1.84
1656,2024-12-04 17:14:35,356.63,15.24,1.84
1657,2024-12-04 17:14:35,356.85,15.24,1.84
1658,2024-12-04 17:14:35,357.07,15.24,1.84
1659,2024-12-04 17:14:35,357.28,15.24,1.84
1660,2024-12-04 17:14:36,357.50,15.24,1.84
1661,2024-12-04 17:14:36,357.72,15.24,1.84
1662,2024-12-04 17:14:36,357.94,15.24,1.84
1663,2024-12-04 17:14:36,358.15,15.24,1.84
1664,2024-12-04 17:14:36,358.37,15.24,1.84
1665,2024-12-04 17:14:37,358.58,15.24,1.84
1666,2024-12-04 17:14:37,358.79,15.24,1.84
1667,2024-12-04 17:14:37,359.00,15.24,1.84
1668,2024-12-04 17:14:37,359.22,15.24,1.84
1669,2024-12-04 17:14:38,359.44,15.24,1.84
1670,2024-12-04 17:14:38,359.65,15.24,1.84
1671,2024-12-04 17:14:38,359.85,15.24,1.84
1672,2024-12-04 17:14:38,360.07,15.24,1.84
1673,2024-12-04 17:14:38,360.28,15.24,1.84
1674,2024-12-04 17:14:39,360.49,15.24,1.84
1675,2024-12-04 17:14:39,360.71,15.24,1.84
1676,2024-12-04 17:14:39,360.93,15.24,1.84
1677,2024-12-04 17:14:39,361.14,15.24,1.84
1678,2024-12-04 17:14:39,361.35,15.24,1.84
1679,2024-12-04 17:14:40,361.57,15.24,1.84
1680,2024-12-04 17:14:40,361.78,15.24,1.84
1681,2024-12-04 17:14:40,361.99,15.24,1.84
1682,2024-12-04 17:14:40,362.21,15.24,1.84
1683,2024-12-04 17:14:41,362.42,15.24,1.84
1684,2024-12-04 17:14:41,362.63,15.24,1.84
1685,2024-12-04 17:14:41,362.85,15.24,1.84
1686,2024-12-04 17:14:41,363.07,15.24,1.84
1687,2024-12-04 17:14:41,363.26,15.24,1.84
1688,2024-12-04 17:14:42,363.48,15.24,1.84
1689,2024-12-04 17:14:42,363.69,15.24,1.84
1690,2024-12-04 17:14:42,363.90,15.24,1.84
1691,2024-12-04 17:14:42,364.13,15.24,1.84
1692,2024-12-04 17:14:42,364.34,15.24,1.84
1693,2024-12-04 17:14:43,364.56,15.24,1.84
1694,2024-12-04 17:14:43,364.78,15.24,1.84
1695,2024-12-04 17:14:43,365.00,15.24,1.84
1696,2024-12-04 17:14:43,365.22,15.24,1.84
1697,2024-12-04 17:14:44,365.44,15.24,1.84
1698,2024-12-04 17:14:44,365.64,15.24,1.84
1699,2024-12-04 17:14:44,365.86,15.24,1.84
1700,2024-12-04 17:14:44,366.08,15.24,1.84
1701,2024-12-04 17:14:44,366.30,15.24,1.84
1702,2024-12-04 17:14:45,366.52,15.24,1.84
1703,2024-12-04 17:14:45,366.73,15.24,1.84
1704,2024-12-04 17:14:45,366.95,15.24,1.84
1705,2024-12-04 17:14:45,367.14,15.24,1.84
1706,2024-12-04 17:14:45,367.34,15.24,1.84
1707,2024-12-04 17:14:46,367.56,15.24,1.84
1708,2024-12-04 17:14:46,367.79,15.24,1.84
1709,2024-12-04 17:14:46,368.01,15.24,1.84
1710,2024-12-04 17:14:46,368.22,15.24,1.84
1711,2024-12-04 17:14:47,368.44,15.24,1.84
1712,2024-12-04 17:14:47,368.64,15.24,1.84
1713,2024-12-04 17:14:47,368.86,15.24,1.84
1714,2024-12-04 17:14:47,369.07,15.24,1.84
1715,2024-12-04 17:14:47,369.29,15.24,1.84
1716,2024-12-04 17:14:48,369.49,15.24,1.84
1717,2024-12-04 17:14:48,369.71,15.24,1.84
1718,2024-12-04 17:14:48,369.94,15.24,1.84
1719,2024-12-04 17:14:48,370.16,15.24,1.84
1720,2024-12-04 17:14:48,370.38,15.24,1.84
1721,2024-12-04 17:14:49,370.60,15.24,1.84
1722,2024-12-04 17:14:49,370.81,15.24,1.84
1723,2024-12-04 17:14:49,371.03,15.24,1.84
1724,2024-12-04 17:14:49,371.25,15.24,1.84
1725,2024-12-04 17:14:50,371.46,15.24,1.84
1726,2024-12-04 17:14:50,371.68,15.24,1.84
1727,2024-12-04 17:14:50,371.90,15.24,1.84
1728,2024-12-04 17:14:50,372.12,15.24,1.84
1729,2024-12-04 17:14:50,372.35,15.24,1.84
1730,2024-12-04 17:14:51,372.56,15.24,1.84
1731,2024-12-04 17:14:51,372.77,15.24,1.84
1732,2024-12-04 17:14:51,372.99,15.24,1.84
1733,2024-12-04 17:14:51,373.20,15.24,1.84
1734,2024-12-04 17:14:52,373.42,15.24,1.84
1735,2024-12-04 17:14:52,373.63,15.24,1.84
1736,2024-12-04 17:14:52,373.85,15.24,1.84
1737,2024-12-04 17:14:52,374.06,15.24,1.84
1738,2024-12-04 17:14:52,374.28,15.24,1.84
1739,2024-12-04 17:14:53,374.49,15.24,1.84
1740,2024-12-04 17:14:53,374.71,15.24,1.84
1741,2024-12-04 17:14:53,374.92,15.24,1.84
1742,2024-12-04 17:14:53,375.14,15.24,1.84
1743,2024-12-04 17:14:53,375.34,15.24,1.84
1744,2024-12-04 17:14:54,375.55,15.24,1.84
1745,2024-12-04 17:14:54,375.77,15.24,1.84
1746,2024-12-04 17:14:54,375.97,15.24,1.84
1747,2024-12-04 17:14:54,376.18,15.24,1.84
1748,2024-12-04 17:14:55,376.40,15.24,1.84
1749,2024-12-04 17:14:55,376.62,15.24,1.84
1750,2024-12-04 17:14:55,376.84,15.24,1.84
1751,2024-12-04 17:14:55,377.04,15.24,1.84
1752,2024-12-04 17:14:55,377.25,15.24,1.84
1753,2024-12-04 17:14:56,377.46,15.24,1.84
1754,2024-12-04 17:14:56,377.67,15.24,1.84
1755,2024-12-04 17:14:56,377.89,15.24,1.84
1756,2024-12-04 17:14:56,378.10,15.24,1.84
1757,2024-12-04 17:14:56,378.32,15.24,1.84
1758,2024-12-04 17:14:57,378.54,15.24,1.84
1759,2024-12-04 17:14:57,378.76,15.24,1.84
1760,2024-12-04 17:14:57,378.98,15.24,1.84
1761,2024-12-04 17:14:57,379.18,15.24,1.84
1762,2024-12-04 17:14:58,379.39,15.24,1.84
1763,2024-12-04 17:14:58,379.61,15.24,1.84
1764,2024-12-04 17:14:58,379.82,15.24,1.84
1765,2024-12-04 17:14:58,380.04,15.24,1.84
1766,2024-12-04 17:14:58,380.24,15.24,1.84
1767,2024-12-04 17:14:59,380.45,15.24,1.84
1768,2024-12-04 17:14:59,380.67,15.24,1.84
1769,2024-12-04 17:14:59,380.89,15.24,1.84
1770,2024-12-04 17:14:59,381.09,15.24,1.84
1771,2024-12-04 17:14:59,381.31,15.24,1.84
1772,2024-12-04 17:15:00,381.53,15.24,1.84
1773,2024-12-04 17:15:00,381.74,15.24,1.84
1774,2024-12-04 17:15:00,381.96,15.24,1.84
1775,2024-12-04 17:15:00,382.17,15.24,1.84
1776,2024-12-04 17:15:01,382.39,15.24,1.84
1777,2024-12-04 17:15:01,382.61,15.24,1.84
1778,2024-12-04 17:15:01,382.83,15.24,1.84
1779,2024-12-04 17:15:01,383.04,15.24,1.84
1780,2024-12-04 17:15:01,383.25,15.24,1.84
1781,2024-12-04 17:15:02,383.47,15.24,1.84
1782,2024-12-04 17:15:02,383.68,15.24,1.84
1783,2024-12-04 17:15:02,383.89,15.24,1.84
1784,2024-12-04 17:15:02,384.09,15.24,1.84
1785,2024-12-04 17:15:02,384.31,15.24,1.84
1786,2024-12-04 17:15:03,384.50,15.24,1.84
1787,2024-12-04 17:15:03,384.71,15.24,1.84
1788,2024-12-04 17:15:03,384.93,15.24,1.84
1789,2024-12-04 17:15:03,385.14,15.24,1.84
1790,2024-12-04 17:15:03,385.36,15.24,1.84
1791,2024-12-04 17:15:04,385.57,15.24,1.84
1792,2024-12-04 17:15:04,385.78,15.24,1.84
1793,2024-12-04 17:15:04,386.00,15.24,1.84
1794,2024-12-04 17:15:04,386.22,15.24,1.84
1795,2024-12-04 17:15:05,386.44,15.24,1.84
1796,2024-12-04 17:15:05,386.66,15.24,1.84
1797,2024-12-04 17:15:05,386.88,15.24,1.84
1798,2024-12-04 17:15:05,387.10,15.24,1.84
1799,2024-12-04 17:15:05,387.31,15.24,1.84
1800,2024-12-04 17:15:06,387.51,15.24,1.84
1801,2024-12-04 17:15:06,387.73,15.24,1.84
1802,2024-12-04 17:15:06,387.94,15.24,1.84
1803,2024-12-04 17:15:06,388.17,15.24,1.84
1804,2024-12-04 17:15:07,388.39,15.24,1.84
1805,2024-12-04 17:15:07,388.60,15.24,1.84
1806,2024-12-04 17:15:07,388.83,15.24,1.84
1807,2024-12-04 17:15:07,389.04,15.24,1.84
1808,2024-12-04 17:15:07,389.25,15.24,1.84
1809,2024-12-04 17:15:08,389.46,15.24,1.84
1810,2024-12-04 17:15:08,389.68,15.24,1.84
1811,2024-12-04 17:15:08,389.89,15.24,1.84
1812,2024-12-04 17:15:08,390.10,15.24,1.84
1813,2024-12-04 17:15:08,390.32,15.24,1.84
1814,2024-12-04 17:15:09,390.53,15.24,1.84
1815,2024-12-04 17:15:09,390.75,15.24,1.84
1816,2024-12-04 17:15:09,390.95,15.24,1.84
1817,2024-12-04 17:15:09,391.15,15.24,1.84
1818,2024-12-04 17:15:09,391.36,15.24,1.84
1819,2024-12-04 17:15:10,391.58,15.24,1.84
1820,2024-12-04 17:15:10,391.80,15.24,1.84
1821,2024-12-04 17:15:10,392.01,15.24,1.84
1822,2024-12-04 17:15:10,392.22,15.24,1.84
1823,2024-12-04 17:15:11,392.44,15.24,1.84
1824,2024-12-04 17:15:11,392.65,15.24,1.84
1825,2024-12-04 17:15:11,392.87,15.24,1.84
1826,2024-12-04 17:15:11,393.09,15.24,1.84
1827,2024-12-04 17:15:11,393.30,15.24,1.84
1828,2024-12-04 17:15:12,393.52,15.24,1.84
1829,2024-12-04 17:15:12,393.73,15.24,1.84
1830,2024-12-04 17:15:12,393.93,15.24,1.84
1831,2024-12-04 17:15:12,394.14,15.24,1.84
1832,2024-12-04 17:15:12,394.36,15.24,1.84
1833,2024-12-04 17:15:13,394.56,15.24,1.84
1834,2024-12-04 17:15:13,394.77,15.24,1.84
1835,2024-12-04 17:15:13,394.99,15.24,1.84
1836,2024-12-04 17:15:13,395.21,15.24,1.84
1837,2024-12-04 17:15:14,395.43,15.24,1.84
1838,2024-12-04 17:15:14,395.65,15.24,1.84
1839,2024-12-04 17:15:14,395.87,15.24,1.84
1840,2024-12-04 17:15:14,396.10,15.24,1.84
1841,2024-12-04 17:15:14,396.31,15.24,1.84
1842,2024-12-04 17:15:15,396.54,15.24,1.84
1843,2024-12-04 17:15:15,396.76,15.24,1.84
1844,2024-12-04 17:15:15,396.98,15.24,1.84
1845,2024-12-04 17:15:15,397.19,15.24,1.84
1846,2024-12-04 17:15:16,397.39,15.24,1.84
1847,2024-12-04 17:15:16,397.61,15.24,1.84
1848,2024-12-04 17:15:16,397.82,15.24,1.84
1849,2024-12-04 17:15:16,398.04,15.24,1.84
1850,2024-12-04 17:15:16,398.25,15.24,1.84
1851,2024-12-04 17:15:17,398.48,15.24,1.84
1852,2024-12-04 17:15:17,398.68,15.24,1.84
1853,2024-12-04 17:15:17,398.89,15.24,1.84
1854,2024-12-04 17:15:17,399.10,15.24,1.84
1855,2024-12-04 17:15:17,399.32,15.24,1.84
1856,2024-12-04 17:15:18,399.55,15.24,1.84
1857,2024-12-04 17:15:18,399.77,15.24,1.84
1858,2024-12-04 17:15:18,399.97,15.24,1.84
1859,2024-12-04 17:15:18,400.18,15.24,1.84
1860,2024-12-04 17:15:19,400.38,15.24,1.84
1861,2024-12-04 17:15:19,400.61,15.24,1.84
1862,2024-12-04 17:15:19,400.83,15.24,1.84
1863,2024-12-04 17:15:19,401.05,15.24,1.84
1864,2024-12-04 17:15:19,401.27,15.24,1.84
1865,2024-12-04 17:15:20,401.50,15.24,1.84
1866,2024-12-04 17:15:20,401.72,15.24,1.84
1867,2024-12-04 17:15:20,401.94,15.24,1.84
1868,2024-12-04 17:15:20,402.15,15.24,1.84
1869,2024-12-04 17:15:20,402.36,15.24,1.84
1870,2024-12-04 17:15:21,402.59,15.24,1.84
1871,2024-12-04 17:15:21,402.80,15.24,1.84
1872,2024-12-04 17:15:21,403.02,15.24,1.84
1873,2024-12-04 17:15:21,403.24,15.24,1.84
1874,2024-12-04 17:15:22,403.44,15.24,1.84
1875,2024-12-04 17:15:22,403.65,15.24,1.84
1876,2024-12-04 17:15:22,403.86,15.24,1.84
1877,2024-12-04 17:15:22,404.07,15.24,1.84
1878,2024-12-04 17:15:22,404.30,15.24,1.84
1879,2024-12-04 17:15:23,404.51,15.24,1.84
1880,2024-12-04 17:15:23,404.74,15.24,1.84
1881,2024-12-04 17:15:23,404.95,15.24,1.84
1882,2024-12-04 17:15:23,405.18,15.24,1.84
1883,2024-12-04 17:15:24,405.39,15.24,1.84
1884,2024-12-04 17:15:24,405.61,15.24,1.84
1885,2024-12-04 17:15:24,405.82,15.24,1.84
1886,2024-12-04 17:15:24,406.03,15.24,1.84
1887,2024-12-04 17:15:24,406.25,15.24,1.84
1888,2024-12-04 17:15:25,406.47,15.24,1.84
1889,2024-12-04 17:15:25,406.70,15.24,1.84
1890,2024-12-04 17:15:25,406.91,15.24,1.84
1891,2024-12-04 17:15:25,407.13,15.24,1.84
1892,2024-12-04 17:15:25,407.35,15.24,1.84
1893,2024-12-04 17:15:26,407.57,15.24,1.84
1894,2024-12-04 17:15:26,407.78,15.24,1.84
1895,2024-12-04 17:15:26,407.99,15.24,1.84
1896,2024-12-04 17:15:26,408.20,15.24,1.84
1897,2024-12-04 17:15:27,408.42,15.24,1.84
1898,2024-12-04 17:15:27,408.63,15.24,1.84
1899,2024-12-04 17:15:27,408.83,15.24,1.84
1900,2024-12-04 17:15:27,409.05,15.24,1.84
1901,2024-12-04 17:15:27,409.26,15.24,1.84
1902,2024-12-04 17:15:28,409.47,15.24,1.84
1903,2024-12-04 17:15:28,409.68,15.24,1.84
1904,2024-12-04 17:15:28,409.90,15.24,1.84
1905,2024-12-04 17:15:28,410.09,15.24,1.84
1906,2024-12-04 17:15:28,410.30,15.24,1.84
1907,2024-12-04 17:15:29,410.51,15.24,1.84
1908,2024-12-04 17:15:29,410.72,15.24,1.84
1909,2024-12-04 17:15:29,410.94,15.24,1.84
1910,2024-12-04 17:15:29,411.15,15.24,1.84
1911,2024-12-04 17:15:29,411.35,15.24,1.84
1912,2024-12-04 17:15:30,411.56,15.24,1.84
1913,2024-12-04 17:15:30,411.76,15.24,1.84
1914,2024-12-04 17:15:30,411.97,15.24,1.84
1915,2024-12-04 17:15:30,412.17,15.24,1.84
1916,2024-12-04 17:15:31,412.39,15.24,1.84
1917,2024-12-04 17:15:31,412.59,15.24,1.84
1918,2024-12-04 17:15:31,412.81,15.24,1.84
1919,2024-12-04 17:15:31,413.02,15.24,1.84
1920,2024-12-04 17:15:31,413.22,15.24,1.84
1921,2024-12-04 17:15:32,413.43,15.24,1.84
1922,2024-12-04 17:15:32,413.65,15.24,1.84
1923,2024-12-04 17:15:32,413.87,15.24,1.84
1924,2024-12-04 17:15:32,414.09,15.24,1.84
1925,2024-12-04 17:15:32,414.32,15.24,1.84
1926,2024-12-04 17:15:33,414.54,15.24,1.84
1927,2024-12-04 17:15:33,414.76,15.24,1.84
1928,2024-12-04 17:15:33,414.98,15.24,1.84
1929,2024-12-04 17:15:33,415.19,15.24,1.84
1930,2024-12-04 17:15:34,415.41,15.24,1.84
1931,2024-12-04 17:15:34,415.63,15.24,1.84
1932,2024-12-04 17:15:34,415.83,15.24,1.84
1933,2024-12-04 17:15:34,416.04,15.24,1.84
1934,2024-12-04 17:15:34,416.26,15.24,1.84
1935,2024-12-04 17:15:35,416.48,15.24,1.84
1936,2024-12-04 17:15:35,416.70,15.24,1.84
1937,2024-12-04 17:15:35,416.91,15.24,1.84
1938,2024-12-04 17:15:35,417.13,15.24,1.84
1939,2024-12-04 17:15:35,417.34,15.24,1.84
1940,2024-12-04 17:15:36,417.56,15.24,1.84
1941,2024-12-04 17:15:36,417.78,15.24,1.84
1942,2024-12-04 17:15:36,417.98,15.24,1.84
1943,2024-12-04 17:15:36,418.19,15.24,1.84
1944,2024-12-04 17:15:37,418.42,15.24,1.84
1945,2024-12-04 17:15:37,418.63,15.24,1.84
1946,2024-12-04 17:15:37,418.86,15.24,1.84
1947,2024-12-04 17:15:37,419.07,15.24,1.84
1948,2024-12-04 17:15:37,419.28,15.24,1.84
1949,2024-12-04 17:15:38,419.49,15.24,1.84
1950,2024-12-04 17:15:38,419.70,15.24,1.84
1951,2024-12-04 17:15:38,419.91,15.24,1.84
1952,2024-12-04 17:15:38,420.13,15.24,1.84
1953,2024-12-04 17:15:38,420.34,15.24,1.84
1954,2024-12-04 17:15:39,420.56,15.24,1.84
1955,2024-12-04 17:15:39,420.78,15.24,1.84
1956,2024-12-04 17:15:39,420.99,15.24,1.84
1957,2024-12-04 17:15:39,421.21,15.24,1.84
1958,2024-12-04 17:15:40,421.43,15.24,1.84
1959,2024-12-04 17:15:40,421.65,15.24,1.84
1960,2024-12-04 17:15:40,421.86,15.24,1.84
1961,2024-12-04 17:15:40,422.06,15.24,1.84
1962,2024-12-04 17:15:40,422.28,15.24,1.84
1963,2024-12-04 17:15:41,422.49,15.24,1.84
1964,2024-12-04 17:15:41,422.71,15.24,1.84
1965,2024-12-04 17:15:41,422.93,15.24,1.84
1966,2024-12-04 17:15:41,423.13,15.24,1.84
1967,2024-12-04 17:15:41,423.33,15.24,1.84
1968,2024-12-04 17:15:42,423.54,15.24,1.84
1969,2024-12-04 17:15:42,423.73,15.24,1.84
1970,2024-12-04 17:15:42,423.95,15.24,1.84
1971,2024-12-04 17:15:42,424.17,15.24,1.84
1972,2024-12-04 17:15:43,424.38,15.24,1.84
1973,2024-12-04 17:15:43,424.59,15.24,1.84
1974,2024-12-04 17:15:43,424.81,15.24,1.84
1975,2024-12-04 17:15:43,425.02,15.24,1.84
1976,2024-12-04 17:15:43,425.22,15.24,1.84
1977,2024-12-04 17:15:44,425.44,15.24,1.84
1978,2024-12-04 17:15:44,425.65,15.24,1.84
1979,2024-12-04 17:15:44,425.87,15.24,1.84
1980,2024-12-04 17:15:44,426.09,15.24,1.84
1981,2024-12-04 17:15:44,426.30,15.24,1.84
1982,2024-12-04 17:15:45,426.52,15.24,1.84
1983,2024-12-04 17:15:45,426.73,15.24,1.84
1984,2024-12-04 17:15:45,426.94,15.24,1.84
1985,2024-12-04 17:15:45,427.17,15.24,1.84
1986,2024-12-04 17:15:46,427.39,15.24,1.84
1987,2024-12-04 17:15:46,427.61,15.24,1.84
1988,2024-12-04 17:15:46,427.82,15.24,1.84
1989,2024-12-04 17:15:46,428.02,15.24,1.84
1990,2024-12-04 17:15:46,428.25,15.24,1.84
1991,2024-12-04 17:15:47,428.46,15.24,1.84
1992,2024-12-04 17:15:47,428.67,15.24,1.84
1993,2024-12-04 17:15:47,428.90,15.24,1.84
1994,2024-12-04 17:15:47,429.11,15.24,1.84
1995,2024-12-04 17:15:47,429.33,15.24,1.84
1996,2024-12-04 17:15:48,429.54,15.24,1.84
1997,2024-12-04 17:15:48,429.76,15.24,1.84
1998,2024-12-04 17:15:48,429.98,15.24,1.84
1999,2024-12-04 17:15:48,430.19,15.24,1.84
2000,2024-12-04 17:15:49,430.40,15.24,1.84
2001,2024-12-04 17:15:49,430.61,15.24,1.84
2002,2024-12-04 17:15:49,430.82,15.24,1.84
2003,2024-12-04 17:15:49,431.04,15.24,1.84
2004,2024-12-04 17:15:49,431.26,15.24,1.84
2005,2024-12-04 17:15:50,431.48,15.24,1.84
2006,2024-12-04 17:15:50,431.71,15.24,1.84
2007,2024-12-04 17:15:50,431.92,15.24,1.84
2008,2024-12-04 17:15:50,432.12,15.24,1.84
2009,2024-12-04 17:15:50,432.34,15.24,1.84
2010,2024-12-04 17:15:51,432.55,15.24,1.84
2011,2024-12-04 17:15:51,432.76,15.24,1.84
2012,2024-12-04 17:15:51,432.97,15.24,1.84
2013,2024-12-04 17:15:51,433.18,15.24,1.84
2014,2024-12-04 17:15:52,433.38,15.24,1.84
2015,2024-12-04 17:15:52,433.60,15.24,1.84
2016,2024-12-04 17:15:52,433.82,15.24,1.84
2017,2024-12-04 17:15:52,434.03,15.24,1.84
2018,2024-12-04 17:15:52,434.24,15.24,1.84
2019,2024-12-04 17:15:53,434.46,15.24,1.84
2020,2024-12-04 17:15:53,434.67,15.24,1.84
2021,2024-12-04 17:15:53,434.88,15.24,1.84
2022,2024-12-04 17:15:53,435.08,15.24,1.84
2023,2024-12-04 17:15:53,435.30,15.24,1.84
2024,2024-12-04 17:15:54,435.51,15.24,1.84
2025,2024-12-04 17:15:54,435.73,15.24,1.84
2026,2024-12-04 17:15:54,435.95,15.24,1.84
2027,2024-12-04 17:15:54,436.16,15.24,1.84
2028,2024-12-04 17:15:54,436.37,15.24,1.84
2029,2024-12-04 17:15:55,436.59,15.24,1.84
2030,2024-12-04 17:15:55,436.80,15.24,1.84
2031,2024-12-04 17:15:55,437.02,15.24,1.84
2032,2024-12-04 17:15:55,437.23,15.24,1.84
2033,2024-12-04 17:15:56,437.45,15.24,1.84
2034,2024-12-04 17:15:56,437.65,15.24,1.84
2035,2024-12-04 17:15:56,437.87,15.24,1.84
2036,2024-12-04 17:15:56,438.09,15.24,1.84
2037,2024-12-04 17:15:56,438.31,15.24,1.84
2038,2024-12-04 17:15:57,438.53,15.24,1.84
2039,2024-12-04 17:15:57,438.75,15.24,1.84
2040,2024-12-04 17:15:57,438.96,15.24,1.84
2041,2024-12-04 17:15:57,439.18,15.24,1.84
2042,2024-12-04 17:15:58,439.39,15.24,1.84
2043,2024-12-04 17:15:58,439.60,15.24,1.84
2044,2024-12-04 17:15:58,439.83,15.24,1.84
2045,2024-12-04 17:15:58,440.05,15.24,1.84
2046,2024-12-04 17:15:58,440.27,15.24,1.84
2047,2024-12-04 17:15:59,440.48,15.24,1.84
2048,2024-12-04 17:15:59,440.70,15.24,1.84
2049,2024-12-04 17:15:59,440.91,15.24,1.84
2050,2024-12-04 17:15:59,441.12,15.24,1.84
2051,2024-12-04 17:15:59,441.34,15.24,1.84
2052,2024-12-04 17:16:00,441.55,15.24,1.84
2053,2024-12-04 17:16:00,441.77,15.24,1.84
2054,2024-12-04 17:16:00,441.99,15.24,1.84
2055,2024-12-04 17:16:00,442.22,15.24,1.84
2056,2024-12-04 17:16:01,442.43,15.24,1.84
2057,2024-12-04 17:16:01,442.63,15.24,1.84
2058,2024-12-04 17:16:01,442.85,15.24,1.84
2059,2024-12-04 17:16:01,443.06,15.24,1.84
2060,2024-12-04 17:16:01,443.29,15.24,1.84
2061,2024-12-04 17:16:02,443.50,15.24,1.84
2062,2024-12-04 17:16:02,443.72,15.24,1.84
2063,2024-12-04 17:16:02,443.93,15.24,1.84
2064,2024-12-04 17:16:02,444.15,15.24,1.84
2065,2024-12-04 17:16:02,444.36,15.24,1.84
2066,2024-12-04 17:16:03,444.58,15.24,1.84
2067,2024-12-04 17:16:03,444.80,15.24,1.84
2068,2024-12-04 17:16:03,445.02,15.24,1.84
2069,2024-12-04 17:16:03,445.23,15.24,1.84
2070,2024-12-04 17:16:04,445.44,15.24,1.84
2071,2024-12-04 17:16:04,445.64,15.24,1.84
2072,2024-12-04 17:16:04,445.86,15.24,1.84
2073,2024-12-04 17:16:04,446.08,15.24,1.84
2074,2024-12-04 17:16:04,446.29,15.24,1.84
2075,2024-12-04 17:16:05,446.51,15.24,1.84
2076,2024-12-04 17:16:05,446.72,15.24,1.84
2077,2024-12-04 17:16:05,446.94,15.24,1.84
2078,2024-12-04 17:16:05,447.15,15.24,1.84
2079,2024-12-04 17:16:05,447.37,15.24,1.84
2080,2024-12-04 17:16:06,447.59,15.24,1.84
2081,2024-12-04 17:16:06,447.80,15.24,1.84
2082,2024-12-04 17:16:06,448.02,15.24,1.84
2083,2024-12-04 17:16:06,448.23,15.24,1.84
2084,2024-12-04 17:16:07,448.45,15.24,1.84
2085,2024-12-04 17:16:07,448.67,15.24,1.84
2086,2024-12-04 17:16:07,448.89,15.24,1.84
2087,2024-12-04 17:16:07,449.10,15.24,1.84
2088,2024-12-04 17:16:07,449.32,15.24,1.84
2089,2024-12-04 17:16:08,449.54,15.24,1.84
2090,2024-12-04 17:16:08,449.77,15.24,1.84
2091,2024-12-04 17:16:08,449.97,15.24,1.84
2092,2024-12-04 17:16:08,450.19,15.24,1.84
2093,2024-12-04 17:16:09,450.39,15.24,1.84
2094,2024-12-04 17:16:09,450.60,15.24,1.84
2095,2024-12-04 17:16:09,450.82,15.24,1.84
2096,2024-12-04 17:16:09,451.04,15.24,1.84
2097,2024-12-04 17:16:09,451.25,15.24,1.84
2098,2024-12-04 17:16:10,451.47,15.24,1.84
2099,2024-12-04 17:16:10,451.68,15.24,1.84
2100,2024-12-04 17:16:10,451.91,15.24,1.84
2101,2024-12-04 17:16:10,452.13,15.24,1.84
2102,2024-12-04 17:16:10,452.34,15.24,1.84
2103,2024-12-04 17:16:11,452.55,15.24,1.84
2104,2024-12-04 17:16:11,452.76,15.24,1.84
2105,2024-12-04 17:16:11,452.97,15.24,1.84
2106,2024-12-04 17:16:11,453.18,15.24,1.84
2107,2024-12-04 17:16:12,453.39,15.24,1.84
2108,2024-12-04 17:16:12,453.62,15.24,1.84
2109,2024-12-04 17:16:12,453.84,15.24,1.84
2110,2024-12-04 17:16:12,454.05,15.24,1.84
2111,2024-12-04 17:16:12,454.27,15.24,1.84
2112,2024-12-04 17:16:13,454.49,15.24,1.84
2113,2024-12-04 17:16:13,454.70,15.24,1.84
2114,2024-12-04 17:16:13,454.91,15.24,1.84
2115,2024-12-04 17:16:13,455.12,15.24,1.84
2116,2024-12-04 17:16:13,455.33,15.24,1.84
2117,2024-12-04 17:16:14,455.55,15.24,1.84
2118,2024-12-04 17:16:14,455.75,15.24,1.84
2119,2024-12-04 17:16:14,455.97,15.24,1.84
2120,2024-12-04 17:16:14,456.19,15.24,1.84
2121,2024-12-04 17:16:15,456.41,15.24,1.84
2122,2024-12-04 17:16:15,456.63,15.24,1.84
2123,2024-12-04 17:16:15,456.84,15.24,1.84
2124,2024-12-04 17:16:15,457.05,15.24,1.84
2125,2024-12-04 17:16:15,457.25,15.24,1.84
2126,2024-12-04 17:16:16,457.47,15.24,1.84
2127,2024-12-04 17:16:16,457.68,15.24,1.84
2128,2024-12-04 17:16:16,457.89,15.24,1.84
2129,2024-12-04 17:16:16,458.11,15.24,1.84
2130,2024-12-04 17:16:16,458.33,15.24,1.84
2131,2024-12-04 17:16:17,458.53,15.24,1.84
2132,2024-12-04 17:16:17,458.75,15.24,1.84
2133,2024-12-04 17:16:17,458.95,15.24,1.84
2134,2024-12-04 17:16:17,459.16,15.24,1.84
2135,2024-12-04 17:16:17,459.38,15.24,1.84
2136,2024-12-04 17:16:18,459.59,15.24,1.84
2137,2024-12-04 17:16:18,459.81,15.24,1.84
2138,2024-12-04 17:16:18,460.04,15.24,1.84
2139,2024-12-04 17:16:18,460.25,15.24,1.84
2140,2024-12-04 17:16:19,460.45,15.24,1.84
2141,2024-12-04 17:16:19,460.66,15.24,1.84
2142,2024-12-04 17:16:19,460.88,15.24,1.84
2143,2024-12-04 17:16:19,461.10,15.24,1.84
2144,2024-12-04 17:16:19,461.32,15.24,1.84
2145,2024-12-04 17:16:20,461.51,15.24,1.84
2146,2024-12-04 17:16:20,461.73,15.24,1.84
2147,2024-12-04 17:16:20,461.95,15.24,1.84
2148,2024-12-04 17:16:20,462.17,15.24,1.84
2149,2024-12-04 17:16:21,462.39,15.24,1.84
2150,2024-12-04 17:16:21,462.60,15.24,1.84
2151,2024-12-04 17:16:21,462.81,15.24,1.84
2152,2024-12-04 17:16:21,463.02,15.24,1.84
2153,2024-12-04 17:16:21,463.25,15.24,1.84
2154,2024-12-04 17:16:22,463.47,15.24,1.84
2155,2024-12-04 17:16:22,463.70,15.24,1.84
2156,2024-12-04 17:16:22,463.90,15.24,1.84
2157,2024-12-04 17:16:22,464.12,15.24,1.84
2158,2024-12-04 17:16:22,464.33,15.24,1.84
2159,2024-12-04 17:16:23,464.55,15.24,1.84
2160,2024-12-04 17:16:23,464.77,15.24,1.84
2161,2024-12-04 17:16:23,464.99,15.24,1.84
2162,2024-12-04 17:16:23,465.20,15.24,1.84
2163,2024-12-04 17:16:24,465.42,15.24,1.84
2164,2024-12-04 17:16:24,465.64,15.24,1.84
2165,2024-12-04 17:16:24,465.87,15.24,1.84
2166,2024-12-04 17:16:24,466.08,15.24,1.84
2167,2024-12-04 17:16:24,466.30,15.24,1.84
2168,2024-12-04 17:16:25,466.51,15.24,1.84
2169,2024-12-04 17:16:25,466.73,15.24,1.84
2170,2024-12-04 17:16:25,466.94,15.24,1.84
2171,2024-12-04 17:16:25,467.15,15.24,1.84
2172,2024-12-04 17:16:25,467.37,15.24,1.84
2173,2024-12-04 17:16:26,467.58,15.24,1.84
2174,2024-12-04 17:16:26,467.79,15.24,1.84
2175,2024-12-04 17:16:26,468.01,15.24,1.84
2176,2024-12-04 17:16:26,468.23,15.24,1.84
2177,2024-12-04 17:16:27,468.45,15.24,1.84
2178,2024-12-04 17:16:27,468.68,15.24,1.84
2179,2024-12-04 17:16:27,468.90,15.24,1.84
2180,2024-12-04 17:16:27,469.11,15.24,1.84
2181,2024-12-04 17:16:27,469.32,15.24,1.84
2182,2024-12-04 17:16:28,469.53,15.24,1.84
2183,2024-12-04 17:16:28,469.74,15.24,1.84
2184,2024-12-04 17:16:28,469.96,15.24,1.84
2185,2024-12-04 17:16:28,470.17,15.24,1.84
2186,2024-12-04 17:16:28,470.37,15.24,1.84
2187,2024-12-04 17:16:29,470.58,15.24,1.84
2188,2024-12-04 17:16:29,470.79,15.24,1.84
2189,2024-12-04 17:16:29,471.01,15.24,1.84
2190,2024-12-04 17:16:29,471.23,15.24,1.84
2191,2024-12-04 17:16:30,471.46,15.24,1.84
2192,2024-12-04 17:16:30,471.66,15.24,1.84
2193,2024-12-04 17:16:30,471.87,15.24,1.84
2194,2024-12-04 17:16:30,472.09,15.24,1.84
2195,2024-12-04 17:16:30,472.32,15.24,1.84
2196,2024-12-04 17:16:31,472.54,15.24,1.84
2197,2024-12-04 17:16:31,472.75,15.24,1.84
2198,2024-12-04 17:16:31,472.97,15.24,1.84
2199,2024-12-04 17:16:31,473.20,15.24,1.84
2200,2024-12-04 17:16:32,473.41,15.24,1.84
2201,2024-12-04 17:16:32,473.63,15.24,1.84
2202,2024-12-04 17:16:32,473.84,15.24,1.84
2203,2024-12-04 17:16:32,474.07,15.24,1.84
2204,2024-12-04 17:16:32,474.29,15.24,1.84
2205,2024-12-04 17:16:33,474.51,15.24,1.84
2206,2024-12-04 17:16:33,474.73,15.24,1.84
2207,2024-12-04 17:16:33,474.95,15.24,1.84
2208,2024-12-04 17:16:33,475.17,15.24,1.84
2209,2024-12-04 17:16:34,475.40,15.24,1.84
2210,2024-12-04 17:16:34,475.60,15.24,1.84
2211,2024-12-04 17:16:34,475.82,15.24,1.84
2212,2024-12-04 17:16:34,476.02,15.24,1.84
2213,2024-12-04 17:16:34,476.24,15.24,1.84
2214,2024-12-04 17:16:35,476.44,15.24,1.84
2215,2024-12-04 17:16:35,476.65,15.24,1.84
2216,2024-12-04 17:16:35,476.86,15.24,1.84
2217,2024-12-04 17:16:35,477.08,15.24,1.84
2218,2024-12-04 17:16:35,477.29,15.24,1.84
2219,2024-12-04 17:16:36,477.50,15.24,1.84
2220,2024-12-04 17:16:36,477.73,15.24,1.84
2221,2024-12-04 17:16:36,477.93,15.24,1.84
2222,2024-12-04 17:16:36,478.13,15.24,1.84
2223,2024-12-04 17:16:36,478.33,15.24,1.84
2224,2024-12-04 17:16:37,478.56,15.24,1.84
2225,2024-12-04 17:16:37,478.78,15.24,1.84
2226,2024-12-04 17:16:37,479.01,15.24,1.84
2227,2024-12-04 17:16:37,479.21,15.24,1.84
2228,2024-12-04 17:16:38,479.43,15.24,1.84
2229,2024-12-04 17:16:38,479.65,15.24,1.84
2230,2024-12-04 17:16:38,479.87,15.24,1.84
2231,2024-12-04 17:16:38,480.09,15.24,1.84
2232,2024-12-04 17:16:38,480.30,15.24,1.84
2233,2024-12-04 17:16:39,480.52,15.24,1.84
2234,2024-12-04 17:16:39,480.72,15.24,1.84
2235,2024-12-04 17:16:39,480.94,15.24,1.84
2236,2024-12-04 17:16:39,481.16,15.24,1.84
2237,2024-12-04 17:16:39,481.35,15.24,1.84
2238,2024-12-04 17:16:40,481.58,15.24,1.84
2239,2024-12-04 17:16:40,481.80,15.24,1.84
2240,2024-12-04 17:16:40,482.01,15.24,1.84
2241,2024-12-04 17:16:40,482.23,15.24,1.84
2242,2024-12-04 17:16:41,482.44,15.24,1.84
2243,2024-12-04 17:16:41,482.66,15.24,1.84
2244,2024-12-04 17:16:41,482.88,15.24,1.84
2245,2024-12-04 17:16:41,483.10,15.24,1.84
2246,2024-12-04 17:16:41,483.32,15.24,1.84
2247,2024-12-04 17:16:42,483.54,15.24,1.84
2248,2024-12-04 17:16:42,483.76,15.24,1.84
2249,2024-12-04 17:16:42,483.99,15.24,1.84
2250,2024-12-04 17:16:42,484.22,15.24,1.84
2251,2024-12-04 17:16:43,484.44,15.24,1.84
2252,2024-12-04 17:16:43,484.63,15.24,1.84
2253,2024-12-04 17:16:43,484.85,15.24,1.84
2254,2024-12-04 17:16:43,485.07,15.24,1.84
2255,2024-12-04 17:16:43,485.29,15.24,1.84
2256,2024-12-04 17:16:44,485.51,15.24,1.84
2257,2024-12-04 17:16:44,485.71,15.24,1.84
2258,2024-12-04 17:16:44,485.93,15.24,1.84
2259,2024-12-04 17:16:44,486.15,15.24,1.84
2260,2024-12-04 17:16:44,486.37,15.24,1.84
2261,2024-12-04 17:16:45,486.59,15.24,1.84
2262,2024-12-04 17:16:45,486.81,15.24,1.84
2263,2024-12-04 17:16:45,487.03,15.24,1.84
2264,2024-12-04 17:16:45,487.25,15.24,1.84
2265,2024-12-04 17:16:46,487.48,15.24,1.84
2266,2024-12-04 17:16:46,487.68,15.24,1.84
2267,2024-12-04 17:16:46,487.90,15.24,1.84
2268,2024-12-04 17:16:46,488.12,15.24,1.84
2269,2024-12-04 17:16:46,488.34,15.24,1.84
2270,2024-12-04 17:16:47,488.54,15.24,1.84
2271,2024-12-04 17:16:47,488.75,15.24,1.84
2272,2024-12-04 17:16:47,488.97,15.24,1.84
2273,2024-12-04 17:16:47,489.20,15.24,1.84
2274,2024-12-04 17:16:48,489.42,15.24,1.84
2275,2024-12-04 17:16:48,489.64,15.24,1.84
2276,2024-12-04 17:16:48,489.86,15.24,1.84
2277,2024-12-04 17:16:48,490.07,15.24,1.84
2278,2024-12-04 17:16:48,490.28,15.24,1.84
2279,2024-12-04 17:16:49,490.50,15.24,1.84
2280,2024-12-04 17:16:49,490.72,15.24,1.84
2281,2024-12-04 17:16:49,490.93,15.24,1.84
2282,2024-12-04 17:16:49,491.13,15.24,1.84
2283,2024-12-04 17:16:49,491.34,15.24,1.84
2284,2024-12-04 17:16:50,491.55,15.24,1.84
2285,2024-12-04 17:16:50,491.78,15.24,1.84
2286,2024-12-04 17:16:50,491.98,15.24,1.84
2287,2024-12-04 17:16:50,492.21,15.24,1.84
2288,2024-12-04 17:16:51,492.42,15.24,1.84
2289,2024-12-04 17:16:51,492.64,15.24,1.84
2290,2024-12-04 17:16:51,492.85,15.24,1.84
2291,2024-12-04 17:16:51,493.07,15.24,1.84
2292,2024-12-04 17:16:51,493.29,15.24,1.84
2293,2024-12-04 17:16:52,493.51,15.24,1.84
2294,2024-12-04 17:16:52,493.72,15.24,1.84
2295,2024-12-04 17:16:52,493.94,15.24,1.84
2296,2024-12-04 17:16:52,494.16,15.24,1.84
2297,2024-12-04 17:16:52,494.37,15.24,1.84
2298,2024-12-04 17:16:53,494.59,15.24,1.84
2299,2024-12-04 17:16:53,494.81,15.24,1.84
2300,2024-12-04 17:16:53,495.02,15.24,1.84
2301,2024-12-04 17:16:53,495.24,15.24,1.84
2302,2024-12-04 17:16:54,495.46,15.24,1.84
2303,2024-12-04 17:16:54,495.68,15.24,1.84
2304,2024-12-04 17:16:54,495.89,15.24,1.84
2305,2024-12-04 17:16:54,496.11,15.24,1.84
2306,2024-12-04 17:16:54,496.33,15.24,1.84
2307,2024-12-04 17:16:55,496.55,15.24,1.84
2308,2024-12-04 17:16:55,496.76,15.24,1.84
2309,2024-12-04 17:16:55,496.98,15.24,1.84
2310,2024-12-04 17:16:55,497.19,15.24,1.84
2311,2024-12-04 17:16:56,497.40,15.24,1.84
2312,2024-12-04 17:16:56,497.62,15.24,1.84
2313,2024-12-04 17:16:56,497.84,15.24,1.84
2314,2024-12-04 17:16:56,498.04,15.24,1.84
2315,2024-12-04 17:16:56,498.26,15.24,1.84
2316,2024-12-04 17:16:57,498.48,15.24,1.84
2317,2024-12-04 17:16:57,498.69,15.24,1.84
2318,2024-12-04 17:16:57,498.90,15.24,1.84
2319,2024-12-04 17:16:57,499.11,15.24,1.84
2320,2024-12-04 17:16:57,499.32,15.24,1.84
2321,2024-12-04 17:16:58,499.54,15.24,1.84
2322,2024-12-04 17:16:58,499.76,15.24,1.84
2323,2024-12-04 17:16:58,499.98,15.24,1.84
2324,2024-12-04 17:16:58,500.20,15.24,1.84
2325,2024-12-04 17:16:59,500.42,15.24,1.84
2326,2024-12-04 17:16:59,500.64,15.24,1.84
2327,2024-12-04 17:16:59,500.86,15.24,1.84
2328,2024-12-04 17:16:59,501.08,15.24,1.84
2329,2024-12-04 17:16:59,501.29,15.24,1.84
2330,2024-12-04 17:17:00,501.51,15.24,1.84
2331,2024-12-04 17:17:00,501.74,15.24,1.84
2332,2024-12-04 17:17:00,501.96,15.24,1.84
2333,2024-12-04 17:17:00,502.17,15.24,1.84
2334,2024-12-04 17:17:01,502.39,15.24,1.84
2335,2024-12-04 17:17:01,502.61,15.24,1.84
2336,2024-12-04 17:17:01,502.82,15.24,1.84
2337,2024-12-04 17:17:01,503.03,15.24,1.84
2338,2024-12-04 17:17:01,503.24,15.24,1.84
2339,2024-12-04 17:17:02,503.46,15.24,1.84
2340,2024-12-04 17:17:02,503.66,15.24,1.84
2341,2024-12-04 17:17:02,503.87,15.24,1.84
2342,2024-12-04 17:17:02,504.06,15.24,1.84
2343,2024-12-04 17:17:02,504.28,15.24,1.84
2344,2024-12-04 17:17:03,504.50,15.24,1.84
2345,2024-12-04 17:17:03,504.71,15.24,1.84
2346,2024-12-04 17:17:03,504.93,15.24,1.84
2347,2024-12-04 17:17:03,505.15,15.24,1.84
2348,2024-12-04 17:17:03,505.36,15.24,1.84
2349,2024-12-04 17:17:04,505.57,15.24,1.84
2350,2024-12-04 17:17:04,505.80,15.24,1.84
2351,2024-12-04 17:17:04,506.01,15.24,1.84
2352,2024-12-04 17:17:04,506.22,15.24,1.84
2353,2024-12-04 17:17:05,506.43,15.24,1.84
2354,2024-12-04 17:17:05,506.65,15.24,1.84
2355,2024-12-04 17:17:05,506.87,15.24,1.84
2356,2024-12-04 17:17:05,507.08,15.24,1.84
2357,2024-12-04 17:17:05,507.29,15.24,1.84
2358,2024-12-04 17:17:06,507.51,15.24,1.84
2359,2024-12-04 17:17:06,507.72,15.24,1.84
2360,2024-12-04 17:17:06,507.93,15.24,1.84
2361,2024-12-04 17:17:06,508.16,15.24,1.84
2362,2024-12-04 17:17:06,508.38,15.24,1.84
2363,2024-12-04 17:17:07,508.59,15.24,1.84
2364,2024-12-04 17:17:07,508.79,15.24,1.84
2365,2024-12-04 17:17:07,509.00,15.24,1.84
2366,2024-12-04 17:17:07,509.22,15.24,1.84
2367,2024-12-04 17:17:08,509.43,15.24,1.84
2368,2024-12-04 17:17:08,509.64,15.24,1.84
2369,2024-12-04 17:17:08,509.85,15.24,1.84
2370,2024-12-04 17:17:08,510.06,15.24,1.84
2371,2024-12-04 17:17:08,510.27,15.24,1.84
2372,2024-12-04 17:17:09,510.48,15.24,1.84
2373,2024-12-04 17:17:09,510.68,15.24,1.84
2374,2024-12-04 17:17:09,510.89,15.24,1.84
2375,2024-12-04 17:17:09,511.11,15.24,1.84
2376,2024-12-04 17:17:09,511.32,15.24,1.84
2377,2024-12-04 17:17:10,511.54,15.24,1.84
2378,2024-12-04 17:17:10,511.74,15.24,1.84
2379,2024-12-04 17:17:10,511.97,15.24,1.84
2380,2024-12-04 17:17:10,512.18,15.24,1.84
2381,2024-12-04 17:17:11,512.39,15.24,1.84
2382,2024-12-04 17:17:11,512.60,15.24,1.84
2383,2024-12-04 17:17:11,512.82,15.24,1.84
2384,2024-12-04 17:17:11,513.04,15.24,1.84
2385,2024-12-04 17:17:11,513.26,15.24,1.84
2386,2024-12-04 17:17:12,513.46,15.24,1.84
2387,2024-12-04 17:17:12,513.68,15.24,1.84
2388,2024-12-04 17:17:12,513.88,15.24,1.84
2389,2024-12-04 17:17:12,514.10,15.24,1.84
2390,2024-12-04 17:17:12,514.32,15.24,1.84
2391,2024-12-04 17:17:13,514.54,15.24,1.84
2392,2024-12-04 17:17:13,514.76,15.24,1.84
2393,2024-12-04 17:17:13,514.99,15.24,1.84
2394,2024-12-04 17:17:13,515.18,15.24,1.84
2395,2024-12-04 17:17:14,515.38,15.24,1.84
2396,2024-12-04 17:17:14,515.60,15.24,1.84
2397,2024-12-04 17:17:14,515.82,15.24,1.84
2398,2024-12-04 17:17:14,516.04,15.24,1.84
2399,2024-12-04 17:17:14,516.25,15.24,1.84
2400,2024-12-04 17:17:15,516.46,15.24,1.84
2401,2024-12-04 17:17:15,516.67,15.24,1.84
2402,2024-12-04 17:17:15,516.88,15.24,1.84
2403,2024-12-04 17:17:15,517.09,15.24,1.84
2404,2024-12-04 17:17:15,517.31,15.24,1.84
2405,2024-12-04 17:17:16,517.52,15.24,1.84
2406,2024-12-04 17:17:16,517.73,15.24,1.84
2407,2024-12-04 17:17:16,517.94,15.24,1.84
2408,2024-12-04 17:17:16,518.16,15.24,1.84
2409,2024-12-04 17:17:16,518.38,15.24,1.84
2410,2024-12-04 17:17:17,518.60,15.24,1.84
2411,2024-12-04 17:17:17,518.82,15.24,1.84
2412,2024-12-04 17:17:17,519.03,15.24,1.84
2413,2024-12-04 17:17:17,519.25,15.24,1.84
2414,2024-12-04 17:17:18,519.47,15.24,1.84
2415,2024-12-04 17:17:18,519.68,15.24,1.84
2416,2024-12-04 17:17:18,519.90,15.24,1.84
2417,2024-12-04 17:17:18,520.12,15.24,1.84
2418,2024-12-04 17:17:18,520.32,15.24,1.84
2419,2024-12-04 17:17:19,520.54,15.24,1.84
2420,2024-12-04 17:17:19,520.74,15.24,1.84
2421,2024-12-04 17:17:19,520.96,15.24,1.84
2422,2024-12-04 17:17:19,521.18,15.24,1.84
2423,2024-12-04 17:17:19,521.38,15.24,1.84
2424,2024-12-04 17:17:20,521.60,15.24,1.84
2425,2024-12-04 17:17:20,521.80,15.24,1.84
2426,2024-12-04 17:17:20,522.02,15.24,1.84
2427,2024-12-04 17:17:20,522.22,15.24,1.84
2428,2024-12-04 17:17:21,522.44,15.24,1.84
2429,2024-12-04 17:17:21,522.66,15.24,1.84
2430,2024-12-04 17:17:21,522.88,15.24,1.84
2431,2024-12-04 17:17:21,523.10,15.24,1.84
2432,2024-12-04 17:17:21,523.32,15.24,1.84
2433,2024-12-04 17:17:22,523.53,15.24,1.84
2434,2024-12-04 17:17:22,523.75,15.24,1.84
2435,2024-12-04 17:17:22,523.97,15.24,1.84
2436,2024-12-04 17:17:22,524.19,15.24,1.84
2437,2024-12-04 17:17:23,524.40,15.24,1.84
2438,2024-12-04 17:17:23,524.60,15.24,1.84
2439,2024-12-04 17:17:23,524.82,15.24,1.84
2440,2024-12-04 17:17:23,525.04,15.24,1.84
2441,2024-12-04 17:17:23,525.26,15.24,1.84
2442,2024-12-04 17:17:24,525.49,15.24,1.84
2443,2024-12-04 17:17:24,525.70,15.24,1.84
2444,2024-12-04 17:17:24,525.89,15.24,1.84
2445,2024-12-04 17:17:24,526.11,15.24,1.84
2446,2024-12-04 17:17:24,526.32,15.24,1.84
2447,2024-12-04 17:17:25,526.53,15.24,1.84
2448,2024-12-04 17:17:25,526.75,15.24,1.84
2449,2024-12-04 17:17:25,526.97,15.24,1.84
2450,2024-12-04 17:17:25,527.19,15.24,1.84
2451,2024-12-04 17:17:26,527.41,15.24,1.84
2452,2024-12-04 17:17:26,527.64,15.24,1.84
2453,2024-12-04 17:17:26,527.85,15.24,1.84
2454,2024-12-04 17:17:26,528.06,15.24,1.84
2455,2024-12-04 17:17:26,528.25,15.24,1.84
2456,2024-12-04 17:17:27,528.47,15.24,1.84
2457,2024-12-04 17:17:27,528.68,15.24,1.84
2458,2024-12-04 17:17:27,528.90,15.24,1.84
2459,2024-12-04 17:17:27,529.11,15.24,1.84
2460,2024-12-04 17:17:27,529.34,15.24,1.84
2461,2024-12-04 17:17:28,529.56,15.24,1.84
2462,2024-12-04 17:17:28,529.77,15.24,1.84
2463,2024-12-04 17:17:28,529.98,15.24,1.84
2464,2024-12-04 17:17:28,530.20,15.24,1.84
2465,2024-12-04 17:17:29,530.41,15.24,1.84
2466,2024-12-04 17:17:29,530.63,15.24,1.84
2467,2024-12-04 17:17:29,530.84,15.24,1.84
2468,2024-12-04 17:17:29,531.05,15.24,1.84
2469,2024-12-04 17:17:29,531.27,15.24,1.84
2470,2024-12-04 17:17:30,531.49,15.24,1.84
2471,2024-12-04 17:17:30,531.71,15.24,1.84
2472,2024-12-04 17:17:30,531.93,15.24,1.84
2473,2024-12-04 17:17:30,532.15,15.24,1.84
2474,2024-12-04 17:17:30,532.37,15.24,1.84
2475,2024-12-04 17:17:31,532.59,15.24,1.84
2476,2024-12-04 17:17:31,532.81,15.24,1.84
2477,2024-12-04 17:17:31,533.04,15.24,1.84
2478,2024-12-04 17:17:31,533.25,15.24,1.84
2479,2024-12-04 17:17:32,533.47,15.24,1.84
2480,2024-12-04 17:17:32,533.68,15.24,1.84
2481,2024-12-04 17:17:32,533.90,15.24,1.84
2482,2024-12-04 17:17:32,534.11,15.24,1.84
2483,2024-12-04 17:17:32,534.32,15.24,1.84
2484,2024-12-04 17:17:33,534.52,15.24,1.84
2485,2024-12-04 17:17:33,534.73,15.24,1.84
2486,2024-12-04 17:17:33,534.95,15.24,1.84
2487,2024-12-04 17:17:33,535.15,15.24,1.84
2488,2024-12-04 17:17:33,535.36,15.24,1.84
2489,2024-12-04 17:17:34,535.58,15.24,1.84
2490,2024-12-04 17:17:34,535.78,15.24,1.84
2491,2024-12-04 17:17:34,535.99,15.24,1.84
2492,2024-12-04 17:17:34,536.20,15.24,1.84
2493,2024-12-04 17:17:35,536.41,15.24,1.84
2494,2024-12-04 17:17:35,536.63,15.24,1.84
2495,2024-12-04 17:17:35,536.85,15.24,1.84
2496,2024-12-04 17:17:35,537.07,15.24,1.84
2497,2024-12-04 17:17:35,537.27,15.24,1.84
2498,2024-12-04 17:17:36,537.49,15.24,1.84
2499,2024-12-04 17:17:36,537.70,15.24,1.84
2500,2024-12-04 17:17:36,537.91,15.24,1.84
2501,2024-12-04 17:18:09,570.78,15.24,1.84
2502,2024-12-04 17:18:09,570.99,15.24,1.84
2503,2024-12-04 17:18:09,571.21,15.24,1.84
2504,2024-12-04 17:18:10,571.42,15.24,1.84
2505,2024-12-04 17:18:10,571.63,15.24,1.84
2506,2024-12-04 17:18:10,571.85,15.24,1.84
2507,2024-12-04 17:18:10,572.07,15.24,1.84
2508,2024-12-04 17:18:10,572.27,15.24,1.84
2509,2024-12-04 17:18:11,572.49,15.24,1.84
2510,2024-12-04 17:18:11,572.72,15.24,1.84
2511,2024-12-04 17:18:11,572.94,15.24,1.84
2512,2024-12-04 17:18:11,573.15,15.24,1.84
2513,2024-12-04 17:18:11,573.37,15.24,1.84
2514,2024-12-04 17:18:12,573.59,15.24,1.84
2515,2024-12-04 17:18:12,573.81,15.24,1.84
2516,2024-12-04 17:18:12,574.01,15.24,1.84
2517,2024-12-04 17:18:12,574.23,15.24,1.84
2518,2024-12-04 17:18:13,574.45,15.24,1.84
2519,2024-12-04 17:18:13,574.66,15.24,1.84
2520,2024-12-04 17:18:13,574.88,15.24,1.84
2521,2024-12-04 17:18:13,575.10,15.24,1.84
2522,2024-12-04 17:18:13,575.32,15.24,1.84
2523,2024-12-04 17:18:14,575.53,15.24,1.84
2524,2024-12-04 17:18:14,575.75,15.24,1.84
2525,2024-12-04 17:18:14,575.96,15.24,1.84
2526,2024-12-04 17:18:14,576.18,15.24,1.84
2527,2024-12-04 17:18:15,576.38,15.24,1.84
2528,2024-12-04 17:18:15,576.60,15.24,1.84
2529,2024-12-04 17:18:15,576.82,15.24,1.84
2530,2024-12-04 17:18:15,577.04,15.24,1.84
2531,2024-12-04 17:18:15,577.26,15.24,1.84
2532,2024-12-04 17:18:16,577.46,15.24,1.84
2533,2024-12-04 17:18:16,577.67,15.24,1.84
2534,2024-12-04 17:18:16,577.88,15.24,1.84
2535,2024-12-04 17:18:16,578.11,15.24,1.84
2536,2024-12-04 17:18:16,578.32,15.24,1.84
2537,2024-12-04 17:18:17,578.55,15.24,1.84
2538,2024-12-04 17:18:17,578.77,15.24,1.84
2539,2024-12-04 17:18:17,578.97,15.24,1.84
2540,2024-12-04 17:18:17,579.19,15.24,1.84
2541,2024-12-04 17:18:18,579.41,15.24,1.84
2542,2024-12-04 17:18:18,579.63,15.24,1.84
2543,2024-12-04 17:18:18,579.85,15.24,1.84
2544,2024-12-04 17:18:18,580.07,15.24,1.84
2545,2024-12-04 17:18:18,580.29,15.24,1.84
2546,2024-12-04 17:18:19,580.51,15.24,1.84
2547,2024-12-04 17:18:19,580.72,15.24,1.84
2548,2024-12-04 17:18:19,580.95,15.24,1.84
2549,2024-12-04 17:18:19,581.16,15.24,1.84
2550,2024-12-04 17:18:19,581.36,15.24,1.84
2551,2024-12-04 17:18:20,581.57,15.24,1.84
2552,2024-12-04 17:18:20,581.79,15.24,1.84
2553,2024-12-04 17:18:20,582.01,15.24,1.84
2554,2024-12-04 17:18:20,582.22,15.24,1.84
2555,2024-12-04 17:18:21,582.43,15.24,1.84
2556,2024-12-04 17:18:21,582.64,15.24,1.84
2557,2024-12-04 17:18:21,582.86,15.24,1.84
2558,2024-12-04 17:18:21,583.08,15.24,1.84
2559,2024-12-04 17:18:21,583.30,15.24,1.84
2560,2024-12-04 17:18:22,583.52,15.24,1.84
2561,2024-12-04 17:18:22,583.72,15.24,1.84
2562,2024-12-04 17:18:22,583.93,15.24,1.84
2563,2024-12-04 17:18:22,584.13,15.24,1.84
2564,2024-12-04 17:18:22,584.35,15.24,1.84
2565,2024-12-04 17:18:23,584.56,15.24,1.84
2566,2024-12-04 17:18:23,584.78,15.24,1.84
2567,2024-12-04 17:18:23,584.99,15.24,1.84
2568,2024-12-04 17:18:23,585.21,15.24,1.84
2569,2024-12-04 17:18:24,585.43,15.24,1.84
2570,2024-12-04 17:18:24,585.65,15.24,1.84
2571,2024-12-04 17:18:24,585.85,15.24,1.84
2572,2024-12-04 17:18:24,586.07,15.24,1.84
2573,2024-12-04 17:18:24,586.30,15.24,1.84
2574,2024-12-04 17:18:25,586.51,15.24,1.84
2575,2024-12-04 17:18:25,586.74,15.24,1.84
2576,2024-12-04 17:18:25,586.96,15.24,1.84
2577,2024-12-04 17:18:25,587.19,15.24,1.84
2578,2024-12-04 17:18:26,587.40,15.24,1.84
2579,2024-12-04 17:18:26,587.62,15.24,1.84
2580,2024-12-04 17:18:26,587.84,15.24,1.84
2581,2024-12-04 17:18:26,588.05,15.24,1.84
2582,2024-12-04 17:18:26,588.28,15.24,1.84
2583,2024-12-04 17:18:27,588.50,15.24,1.84
2584,2024-12-04 17:18:27,588.72,15.24,1.84
2585,2024-12-04 17:18:27,588.94,15.24,1.84
2586,2024-12-04 17:18:27,589.16,15.24,1.84
2587,2024-12-04 17:18:27,589.37,15.24,1.84
2588,2024-12-04 17:18:28,589.58,15.24,1.84
2589,2024-12-04 17:18:28,589.80,15.24,1.84
2590,2024-12-04 17:18:28,590.02,15.24,1.84
2591,2024-12-04 17:18:28,590.24,15.24,1.84
2592,2024-12-04 17:18:29,590.46,15.24,1.84
2593,2024-12-04 17:18:29,590.68,15.24,1.84
2594,2024-12-04 17:18:29,590.91,15.24,1.84
2595,2024-12-04 17:18:29,591.13,15.24,1.84
2596,2024-12-04 17:18:29,591.34,15.24,1.84
2597,2024-12-04 17:18:30,591.55,15.24,1.84
2598,2024-12-04 17:18:30,591.76,15.24,1.84
2599,2024-12-04 17:18:30,591.98,15.24,1.84
2600,2024-12-04 17:18:30,592.19,15.24,1.84
2601,2024-12-04 17:18:31,592.41,15.24,1.84
2602,2024-12-04 17:18:31,592.63,15.24,1.84
2603,2024-12-04 17:18:31,592.85,15.24,1.84
2604,2024-12-04 17:18:31,593.08,15.24,1.84
2605,2024-12-04 17:18:31,593.30,15.24,1.84
2606,2024-12-04 17:18:32,593.53,15.24,1.84
2607,2024-12-04 17:18:32,593.75,15.24,1.84
2608,2024-12-04 17:18:32,593.97,15.24,1.84
2609,2024-12-04 17:18:32,594.19,15.24,1.84
2610,2024-12-04 17:18:33,594.41,15.24,1.84
2611,2024-12-04 17:18:33,594.63,15.24,1.84
2612,2024-12-04 17:18:33,594.84,15.24,1.84
2613,2024-12-04 17:18:33,595.06,15.24,1.84
2614,2024-12-04 17:18:33,595.28,15.24,1.84
2615,2024-12-04 17:18:34,595.51,15.24,1.84
2616,2024-12-04 17:18:34,595.70,15.24,1.84
2617,2024-12-04 17:18:34,595.91,15.24,1.84
2618,2024-12-04 17:18:34,596.12,15.24,1.84
2619,2024-12-04 17:18:34,596.34,15.24,1.84
2620,2024-12-04 17:18:35,596.56,15.24,1.84
2621,2024-12-04 17:18:35,596.79,15.24,1.84
2622,2024-12-04 17:18:35,597.00,15.24,1.84
2623,2024-12-04 17:18:35,597.21,15.24,1.84
2624,2024-12-04 17:18:36,597.41,15.24,1.84
2625,2024-12-04 17:18:36,597.63,15.24,1.84
2626,2024-12-04 17:18:36,597.85,15.24,1.84
2627,2024-12-04 17:18:36,598.07,15.24,1.84
2628,2024-12-04 17:18:36,598.29,15.24,1.84
2629,2024-12-04 17:18:37,598.51,15.24,1.84
2630,2024-12-04 17:18:37,598.72,15.24,1.84
2631,2024-12-04 17:18:37,598.93,15.24,1.84
2632,2024-12-04 17:18:37,599.14,15.24,1.84
2633,2024-12-04 17:18:37,599.36,15.24,1.84
2634,2024-12-04 17:18:38,599.58,15.24,1.84
2635,2024-12-04 17:18:38,599.80,15.24,1.84
2636,2024-12-04 17:18:38,600.02,15.24,1.84
2637,2024-12-04 17:18:38,600.22,15.24,1.84
2638,2024-12-04 17:18:39,600.44,15.24,1.84
2639,2024-12-04 17:18:39,600.67,15.24,1.84
2640,2024-12-04 17:18:39,600.89,15.24,1.84
2641,2024-12-04 17:18:39,601.10,15.24,1.84
2642,2024-12-04 17:18:39,601.30,15.24,1.84
2643,2024-12-04 17:18:40,601.52,15.24,1.84
2644,2024-12-04 17:18:40,601.74,15.24,1.84
2645,2024-12-04 17:18:40,601.96,15.24,1.84
2646,2024-12-04 17:18:40,602.17,15.24,1.84
2647,2024-12-04 17:18:41,602.39,15.24,1.84
2648,2024-12-04 17:18:41,602.61,15.24,1.84
2649,2024-12-04 17:18:41,602.83,15.24,1.84
2650,2024-12-04 17:18:41,603.06,15.24,1.84
2651,2024-12-04 17:18:41,603.27,15.24,1.84
2652,2024-12-04 17:18:42,603.49,15.24,1.84
2653,2024-12-04 17:18:42,603.72,15.24,1.84
2654,2024-12-04 17:18:42,603.94,15.24,1.84
2655,2024-12-04 17:18:42,604.16,15.24,1.84
2656,2024-12-04 17:18:42,604.38,15.24,1.84
2657,2024-12-04 17:18:43,604.60,15.24,1.84
2658,2024-12-04 17:18:43,604.82,15.24,1.84
2659,2024-12-04 17:18:43,605.04,15.24,1.84
2660,2024-12-04 17:18:43,605.24,15.24,1.84
2661,2024-12-04 17:18:44,605.45,15.24,1.84
2662,2024-12-04 17:18:44,605.66,15.24,1.84
2663,2024-12-04 17:18:44,605.86,15.24,1.84
2664,2024-12-04 17:18:44,606.08,15.24,1.84
2665,2024-12-04 17:18:44,606.27,15.24,1.84
2666,2024-12-04 17:18:45,606.49,15.24,1.84
2667,2024-12-04 17:18:45,606.70,15.24,1.84
2668,2024-12-04 17:18:45,606.93,15.24,1.84
2669,2024-12-04 17:18:45,607.15,15.24,1.84
2670,2024-12-04 17:18:45,607.37,15.24,1.84
2671,2024-12-04 17:18:46,607.59,15.24,1.84
2672,2024-12-04 17:18:46,607.80,15.24,1.84
2673,2024-12-04 17:18:46,608.01,15.24,1.84
2674,2024-12-04 17:18:46,608.24,15.24,1.84
2675,2024-12-04 17:18:47,608.45,15.24,1.84
2676,2024-12-04 17:18:47,608.67,15.24,1.84
2677,2024-12-04 17:18:47,608.89,15.24,1.84
2678,2024-12-04 17:18:47,609.11,15.24,1.84
2679,2024-12-04 17:18:47,609.32,15.24,1.84
2680,2024-12-04 17:18:48,609.55,15.24,1.84
2681,2024-12-04 17:18:48,609.76,15.24,1.84
2682,2024-12-04 17:18:48,609.99,15.24,1.84
2683,2024-12-04 17:18:48,610.21,15.24,1.84
2684,2024-12-04 17:18:49,610.43,15.24,1.84
2685,2024-12-04 17:18:49,610.64,15.24,1.84
2686,2024-12-04 17:18:49,610.85,15.24,1.84
2687,2024-12-04 17:18:49,611.05,15.24,1.84
2688,2024-12-04 17:18:49,611.27,15.24,1.84
2689,2024-12-04 17:18:50,611.48,15.24,1.84
2690,2024-12-04 17:18:50,611.71,15.24,1.84
2691,2024-12-04 17:18:50,611.93,15.24,1.84
2692,2024-12-04 17:18:50,612.15,15.24,1.84
2693,2024-12-04 17:18:50,612.37,15.24,1.84
2694,2024-12-04 17:18:51,612.58,15.24,1.84
2695,2024-12-04 17:18:51,612.80,15.24,1.84
2696,2024-12-04 17:18:51,613.01,15.24,1.84
2697,2024-12-04 17:18:51,613.22,15.24,1.84
2698,2024-12-04 17:18:52,613.44,15.24,1.84
2699,2024-12-04 17:18:52,613.65,15.24,1.84
2700,2024-12-04 17:18:52,613.88,15.24,1.84
2701,2024-12-04 17:18:52,614.09,15.24,1.84
2702,2024-12-04 17:18:52,614.31,15.24,1.84
2703,2024-12-04 17:18:53,614.53,15.24,1.84
2704,2024-12-04 17:18:53,614.76,15.24,1.84
2705,2024-12-04 17:18:53,614.97,15.24,1.84
2706,2024-12-04 17:18:53,615.19,15.24,1.84
2707,2024-12-04 17:18:54,615.40,15.24,1.84
2708,2024-12-04 17:18:54,615.62,15.24,1.84
2709,2024-12-04 17:18:54,615.84,15.24,1.84
2710,2024-12-04 17:18:54,616.06,15.24,1.84
2711,2024-12-04 17:18:54,616.29,15.24,1.84
2712,2024-12-04 17:18:55,616.52,15.24,1.84
2713,2024-12-04 17:18:55,616.74,15.24,1.84
2714,2024-12-04 17:18:55,616.96,15.24,1.84
2715,2024-12-04 17:18:55,617.18,15.24,1.84
2716,2024-12-04 17:18:56,617.40,15.24,1.84
2717,2024-12-04 17:18:56,617.60,15.24,1.84
2718,2024-12-04 17:18:56,617.81,15.24,1.84
2719,2024-12-04 17:18:56,618.02,15.24,1.84
2720,2024-12-04 17:18:56,618.24,15.24,1.84
2721,2024-12-04 17:18:57,618.45,15.24,1.84
2722,2024-12-04 17:18:57,618.68,15.24,1.84
2723,2024-12-04 17:18:57,618.90,15.24,1.84
2724,2024-12-04 17:18:57,619.11,15.24,1.84
2725,2024-12-04 17:18:57,619.32,15.24,1.84
2726,2024-12-04 17:18:58,619.54,15.24,1.84
2727,2024-12-04 17:18:58,619.76,15.24,1.84
2728,2024-12-04 17:18:58,619.97,15.24,1.84
2729,2024-12-04 17:18:58,620.18,15.24,1.84
2730,2024-12-04 17:18:59,620.40,15.24,1.84
2731,2024-12-04 17:18:59,620.62,15.24,1.84
2732,2024-12-04 17:18:59,620.84,15.24,1.84
2733,2024-12-04 17:18:59,621.06,15.24,1.84
2734,2024-12-04 17:18:59,621.27,15.24,1.84
2735,2024-12-04 17:19:00,621.49,15.24,1.84
2736,2024-12-04 17:19:00,621.69,15.24,1.84
2737,2024-12-04 17:19:00,621.89,15.24,1.84
2738,2024-12-04 17:19:00,622.11,15.24,1.84
2739,2024-12-04 17:19:00,622.32,15.24,1.84
2740,2024-12-04 17:19:01,622.55,15.24,1.84
2741,2024-12-04 17:19:01,622.76,15.24,1.84
2742,2024-12-04 17:19:01,622.98,15.24,1.84
2743,2024-12-04 17:19:01,623.20,15.24,1.84
2744,2024-12-04 17:19:02,623.42,15.24,1.84
2745,2024-12-04 17:19:02,623.65,15.24,1.84
2746,2024-12-04 17:19:02,623.86,15.24,1.84
2747,2024-12-04 17:19:02,624.08,15.24,1.84
2748,2024-12-04 17:19:02,624.30,15.24,1.84
2749,2024-12-04 17:19:03,624.52,15.24,1.84
2750,2024-12-04 17:19:03,624.73,15.24,1.84
2751,2024-12-04 17:19:03,624.96,15.24,1.84
2752,2024-12-04 17:19:03,625.18,15.24,1.84
2753,2024-12-04 17:19:04,625.42,15.24,1.84
2754,2024-12-04 17:19:04,625.63,15.24,1.84
2755,2024-12-04 17:19:04,625.84,15.24,1.84
2756,2024-12-04 17:19:04,626.05,15.24,1.84
2757,2024-12-04 17:19:04,626.26,15.24,1.84
2758,2024-12-04 17:19:05,626.48,15.24,1.84
2759,2024-12-04 17:19:05,626.69,15.24,1.84
2760,2024-12-04 17:19:05,626.90,15.24,1.84
2761,2024-12-04 17:19:05,627.11,15.24,1.84
2762,2024-12-04 17:19:05,627.33,15.24,1.84
2763,2024-12-04 17:19:06,627.54,15.24,1.84
2764,2024-12-04 17:19:06,627.74,15.24,1.84
2765,2024-12-04 17:19:06,627.96,15.24,1.84
2766,2024-12-04 17:19:06,628.18,15.24,1.84
2767,2024-12-04 17:19:07,628.40,15.24,1.84
2768,2024-12-04 17:19:07,628.61,15.24,1.84
2769,2024-12-04 17:19:07,628.83,15.24,1.84
2770,2024-12-04 17:19:07,629.06,15.24,1.84
2771,2024-12-04 17:19:07,629.29,15.24,1.84
2772,2024-12-04 17:19:08,629.50,15.24,1.84
2773,2024-12-04 17:19:08,629.72,15.24,1.84
2774,2024-12-04 17:19:08,629.94,15.24,1.84
2775,2024-12-04 17:19:08,630.15,15.24,1.84
2776,2024-12-04 17:19:08,630.37,15.24,1.84
2777,2024-12-04 17:19:09,630.59,15.24,1.84
2778,2024-12-04 17:19:09,630.80,15.24,1.84
2779,2024-12-04 17:19:09,631.00,15.24,1.84
2780,2024-12-04 17:19:09,631.22,15.24,1.84
2781,2024-12-04 17:19:10,631.43,15.24,1.84
2782,2024-12-04 17:19:10,631.65,15.24,1.84
2783,2024-12-04 17:19:10,631.85,15.24,1.84
2784,2024-12-04 17:19:10,632.05,15.24,1.84
2785,2024-12-04 17:19:10,632.28,15.24,1.84
2786,2024-12-04 17:19:11,632.48,15.24,1.84
2787,2024-12-04 17:19:11,632.69,15.24,1.84
2788,2024-12-04 17:19:11,632.90,15.24,1.84
2789,2024-12-04 17:19:11,633.10,15.24,1.84
2790,2024-12-04 17:19:11,633.30,15.24,1.84
2791,2024-12-04 17:19:12,633.51,15.24,1.84
2792,2024-12-04 17:19:12,633.72,15.24,1.84
2793,2024-12-04 17:19:12,633.93,15.24,1.84
2794,2024-12-04 17:19:12,634.15,15.24,1.84
2795,2024-12-04 17:19:12,634.35,15.24,1.84
2796,2024-12-04 17:19:13,634.56,15.24,1.84
2797,2024-12-04 17:19:13,634.77,15.24,1.84
2798,2024-12-04 17:19:13,634.97,15.24,1.84
2799,2024-12-04 17:19:13,635.20,15.24,1.84
2800,2024-12-04 17:19:14,635.42,15.24,1.84
2801,2024-12-04 17:19:14,635.64,15.24,1.84
2802,2024-12-04 17:19:14,635.85,15.24,1.84
2803,2024-12-04 17:19:14,636.07,15.24,1.84
2804,2024-12-04 17:19:14,636.29,15.24,1.84
2805,2024-12-04 17:19:15,636.51,15.24,1.84
2806,2024-12-04 17:19:15,636.73,15.24,1.84
2807,2024-12-04 17:19:15,636.94,15.24,1.84
2808,2024-12-04 17:19:15,637.15,15.24,1.84
2809,2024-12-04 17:19:15,637.36,15.24,1.84
2810,2024-12-04 17:19:16,637.58,15.24,1.84
2811,2024-12-04 17:19:16,637.79,15.24,1.84
2812,2024-12-04 17:19:16,638.01,15.24,1.84
2813,2024-12-04 17:19:16,638.22,15.24,1.84
2814,2024-12-04 17:19:17,638.44,15.24,1.84
2815,2024-12-04 17:19:17,638.65,15.24,1.84
2816,2024-12-04 17:19:17,638.87,15.24,1.84
2817,2024-12-04 17:19:17,639.08,15.24,1.84
2818,2024-12-04 17:19:17,639.30,15.24,1.84
2819,2024-12-04 17:19:18,639.51,15.24,1.84
2820,2024-12-04 17:19:18,639.71,15.24,1.84
2821,2024-12-04 17:19:18,639.93,15.24,1.84
2822,2024-12-04 17:19:18,640.13,15.24,1.84
2823,2024-12-04 17:19:18,640.36,15.24,1.84
2824,2024-12-04 17:19:19,640.58,15.24,1.84
2825,2024-12-04 17:19:19,640.80,15.24,1.84
2826,2024-12-04 17:19:19,641.02,15.24,1.84
2827,2024-12-04 17:19:19,641.23,15.24,1.84
2828,2024-12-04 17:19:20,641.45,15.24,1.84
2829,2024-12-04 17:19:20,641.66,15.24,1.84
2830,2024-12-04 17:19:20,641.87,15.24,1.84
2831,2024-12-04 17:19:20,642.09,15.24,1.84
2832,2024-12-04 17:19:20,642.32,15.24,1.84
2833,2024-12-04 17:19:21,642.53,15.24,1.84
2834,2024-12-04 17:19:21,642.74,15.24,1.84
2835,2024-12-04 17:19:21,642.96,15.24,1.84
2836,2024-12-04 17:19:21,643.18,15.24,1.84
2837,2024-12-04 17:19:22,643.40,15.24,1.84
2838,2024-12-04 17:19:22,643.61,15.24,1.84
2839,2024-12-04 17:19:22,643.82,15.24,1.84
2840,2024-12-04 17:19:22,644.02,15.24,1.84
2841,2024-12-04 17:19:22,644.23,15.24,1.84
2842,2024-12-04 17:19:23,644.42,15.24,1.84
2843,2024-12-04 17:19:23,644.63,15.24,1.84
2844,2024-12-04 17:19:23,644.84,15.24,1.84
2845,2024-12-04 17:19:23,645.06,15.24,1.84
2846,2024-12-04 17:19:23,645.25,15.24,1.84
2847,2024-12-04 17:19:24,645.47,15.24,1.84
2848,2024-12-04 17:19:24,645.68,15.24,1.84
2849,2024-12-04 17:19:24,645.90,15.24,1.84
2850,2024-12-04 17:19:24,646.11,15.24,1.84
2851,2024-12-04 17:19:24,646.31,15.24,1.84
2852,2024-12-04 17:19:25,646.52,15.24,1.84
2853,2024-12-04 17:19:25,646.74,15.24,1.84
2854,2024-12-04 17:19:25,646.96,15.24,1.84
2855,2024-12-04 17:19:25,647.17,15.24,1.84
2856,2024-12-04 17:19:25,647.38,15.24,1.84
2857,2024-12-04 17:19:26,647.60,15.24,1.84
2858,2024-12-04 17:19:26,647.81,15.24,1.84
2859,2024-12-04 17:19:26,648.04,15.24,1.84
2860,2024-12-04 17:19:26,648.22,15.24,1.84
2861,2024-12-04 17:19:27,648.44,15.24,1.84
2862,2024-12-04 17:19:27,648.66,15.24,1.84
2863,2024-12-04 17:19:27,648.88,15.24,1.84
2864,2024-12-04 17:19:27,649.11,15.24,1.84
2865,2024-12-04 17:19:27,649.32,15.24,1.84
2866,2024-12-04 17:19:28,649.55,15.24,1.84
2867,2024-12-04 17:19:28,649.77,15.24,1.84
2868,2024-12-04 17:19:28,649.98,15.24,1.84
2869,2024-12-04 17:19:28,650.20,15.24,1.84
2870,2024-12-04 17:19:29,650.41,15.24,1.84
2871,2024-12-04 17:19:29,650.63,15.24,1.84
2872,2024-12-04 17:19:29,650.85,15.24,1.84
2873,2024-12-04 17:19:29,651.06,15.24,1.84
2874,2024-12-04 17:19:29,651.27,15.24,1.84
2875,2024-12-04 17:19:30,651.48,15.24,1.84
2876,2024-12-04 17:19:30,651.69,15.24,1.84
2877,2024-12-04 17:19:30,651.89,15.24,1.84
2878,2024-12-04 17:19:30,652.10,15.24,1.84
2879,2024-12-04 17:19:30,652.32,15.24,1.84
2880,2024-12-04 17:19:31,652.55,15.24,1.84
2881,2024-12-04 17:19:31,652.77,15.24,1.84
2882,2024-12-04 17:19:31,652.98,15.24,1.84
2883,2024-12-04 17:19:31,653.19,15.24,1.84
2884,2024-12-04 17:19:32,653.41,15.24,1.84
2885,2024-12-04 17:19:32,653.63,15.24,1.84
2886,2024-12-04 17:19:32,653.84,15.24,1.84
2887,2024-12-04 17:19:32,654.05,15.24,1.84
2888,2024-12-04 17:19:32,654.27,15.24,1.84
2889,2024-12-04 17:19:33,654.49,15.24,1.84
2890,2024-12-04 17:19:33,654.70,15.24,1.84
2891,2024-12-04 17:19:33,654.93,15.24,1.84
2892,2024-12-04 17:19:33,655.14,15.24,1.84
2893,2024-12-04 17:19:33,655.36,15.24,1.84
2894,2024-12-04 17:19:34,655.58,15.24,1.84
2895,2024-12-04 17:19:34,655.80,15.24,1.84
2896,2024-12-04 17:19:34,656.02,15.24,1.84
2897,2024-12-04 17:19:34,656.24,15.24,1.84
2898,2024-12-04 17:19:35,656.44,15.24,1.84
2899,2024-12-04 17:19:35,656.66,15.24,1.84
2900,2024-12-04 17:19:35,656.88,15.24,1.84
2901,2024-12-04 17:19:35,657.09,15.24,1.84
2902,2024-12-04 17:19:35,657.31,15.24,1.84
2903,2024-12-04 17:19:36,657.53,15.24,1.84
2904,2024-12-04 17:19:36,657.75,15.24,1.84
2905,2024-12-04 17:19:36,657.97,15.24,1.84
2906,2024-12-04 17:19:36,658.19,15.24,1.84
2907,2024-12-04 17:19:37,658.40,15.24,1.84
2908,2024-12-04 17:19:37,658.62,15.24,1.84
2909,2024-12-04 17:19:37,658.84,15.24,1.84
2910,2024-12-04 17:19:37,659.05,15.24,1.84
2911,2024-12-04 17:19:37,659.26,15.24,1.84
2912,2024-12-04 17:19:38,659.46,15.24,1.84
2913,2024-12-04 17:19:38,659.67,15.24,1.84
2914,2024-12-04 17:19:38,659.89,15.24,1.84
2915,2024-12-04 17:19:38,660.12,15.24,1.84
2916,2024-12-04 17:19:38,660.31,15.24,1.84
2917,2024-12-04 17:19:39,660.53,15.24,1.84
2918,2024-12-04 17:19:39,660.74,15.24,1.84
2919,2024-12-04 17:19:39,660.95,15.24,1.84
2920,2024-12-04 17:19:39,661.16,15.24,1.84
2921,2024-12-04 17:19:39,661.36,15.24,1.84
2922,2024-12-04 17:19:40,661.58,15.24,1.84
2923,2024-12-04 17:19:40,661.80,15.24,1.84
2924,2024-12-04 17:19:40,662.02,15.24,1.84
2925,2024-12-04 17:19:40,662.23,15.24,1.84
2926,2024-12-04 17:19:41,662.45,15.24,1.84
2927,2024-12-04 17:19:41,662.67,15.24,1.84
2928,2024-12-04 17:19:41,662.89,15.24,1.84
2929,2024-12-04 17:19:41,663.12,15.24,1.84
2930,2024-12-04 17:19:41,663.33,15.24,1.84
2931,2024-12-04 17:19:42,663.54,15.24,1.84
2932,2024-12-04 17:19:42,663.75,15.24,1.84
2933,2024-12-04 17:19:42,663.97,15.24,1.84
2934,2024-12-04 17:19:42,664.18,15.24,1.84
2935,2024-12-04 17:19:43,664.40,15.24,1.84
2936,2024-12-04 17:19:43,664.62,15.24,1.84
2937,2024-12-04 17:19:43,664.84,15.24,1.84
2938,2024-12-04 17:19:43,665.06,15.24,1.84
2939,2024-12-04 17:19:43,665.27,15.24,1.84
2940,2024-12-04 17:19:44,665.49,15.24,1.84
2941,2024-12-04 17:19:44,665.71,15.24,1.84
2942,2024-12-04 17:19:44,665.92,15.24,1.84
2943,2024-12-04 17:19:44,666.14,15.24,1.84
2944,2024-12-04 17:19:44,666.35,15.24,1.84
2945,2024-12-04 17:19:45,666.58,15.24,1.84
2946,2024-12-04 17:19:45,666.80,15.24,1.84
2947,2024-12-04 17:19:45,667.01,15.24,1.84
2948,2024-12-04 17:19:45,667.22,15.24,1.84
2949,2024-12-04 17:19:46,667.45,15.24,1.84
2950,2024-12-04 17:19:46,667.66,15.24,1.84
2951,2024-12-04 17:19:46,667.86,15.24,1.84
2952,2024-12-04 17:19:46,668.08,15.24,1.84
2953,2024-12-04 17:19:46,668.29,15.24,1.84
2954,2024-12-04 17:19:47,668.51,15.24,1.84
2955,2024-12-04 17:19:47,668.71,15.24,1.84
2956,2024-12-04 17:19:47,668.93,15.24,1.84
2957,2024-12-04 17:19:47,669.15,15.24,1.84
2958,2024-12-04 17:19:47,669.37,15.24,1.84
2959,2024-12-04 17:19:48,669.59,15.24,1.84
2960,2024-12-04 17:19:48,669.81,15.24,1.84
2961,2024-12-04 17:19:48,670.02,15.24,1.84
2962,2024-12-04 17:19:48,670.23,15.24,1.84
2963,2024-12-04 17:19:49,670.45,15.24,1.84
2964,2024-12-04 17:19:49,670.67,15.24,1.84
2965,2024-12-04 17:19:49,670.88,15.24,1.84
2966,2024-12-04 17:19:49,671.10,15.24,1.84
2967,2024-12-04 17:19:49,671.31,15.24,1.84
2968,2024-12-04 17:19:50,671.52,15.24,1.84
2969,2024-12-04 17:19:50,671.73,15.24,1.84
2970,2024-12-04 17:19:50,671.94,15.24,1.84
2971,2024-12-04 17:19:50,672.16,15.24,1.84
2972,2024-12-04 17:19:51,672.39,15.24,1.84
2973,2024-12-04 17:19:51,672.61,15.24,1.84
2974,2024-12-04 17:19:51,672.82,15.24,1.84
2975,2024-12-04 17:19:51,673.03,15.24,1.84
2976,2024-12-04 17:19:51,673.26,15.24,1.84
2977,2024-12-04 17:19:52,673.46,15.24,1.84
2978,2024-12-04 17:19:52,673.68,15.24,1.84
2979,2024-12-04 17:19:52,673.90,15.24,1.84
2980,2024-12-04 17:19:52,674.13,15.24,1.84
2981,2024-12-04 17:19:52,674.34,15.24,1.84
2982,2024-12-04 17:19:53,674.57,15.24,1.84
2983,2024-12-04 17:19:53,674.79,15.24,1.84
2984,2024-12-04 17:19:53,675.01,15.24,1.84
2985,2024-12-04 17:19:53,675.23,15.24,1.84
2986,2024-12-04 17:19:54,675.45,15.24,1.84
2987,2024-12-04 17:19:54,675.68,15.24,1.84
2988,2024-12-04 17:19:54,675.90,15.24,1.84
2989,2024-12-04 17:19:54,676.13,15.24,1.84
2990,2024-12-04 17:19:54,676.35,15.24,1.84
2991,2024-12-04 17:19:55,676.56,15.24,1.84
2992,2024-12-04 17:19:55,676.77,15.24,1.84
2993,2024-12-04 17:19:55,676.99,15.24,1.84
2994,2024-12-04 17:19:55,677.20,15.24,1.84
2995,2024-12-04 17:19:56,677.42,15.24,1.84
2996,2024-12-04 17:19:56,677.64,15.24,1.84
2997,2024-12-04 17:19:56,677.86,15.24,1.84
2998,2024-12-04 17:19:56,678.08,15.24,1.84
2999,2024-12-04 17:19:56,678.29,15.24,1.84
3000,2024-12-04 17:19:57,678.51,15.24,1.84
3001,2024-12-04 17:19:57,678.70,15.24,1.84
3002,2024-12-04 17:19:57,678.91,15.24,1.84
3003,2024-12-04 17:19:57,679.13,15.24,1.84
3004,2024-12-04 17:19:57,679.35,15.24,1.84
3005,2024-12-04 17:19:58,679.56,15.24,1.84
3006,2024-12-04 17:19:58,679.78,15.24,1.84
3007,2024-12-04 17:19:58,680.00,15.24,1.84
3008,2024-12-04 17:19:58,680.21,15.24,1.84
3009,2024-12-04 17:19:59,680.43,15.24,1.84
3010,2024-12-04 17:19:59,680.64,15.24,1.84
3011,2024-12-04 17:19:59,680.86,15.24,1.84
3012,2024-12-04 17:19:59,681.07,15.24,1.84
3013,2024-12-04 17:19:59,681.28,15.24,1.84
3014,2024-12-04 17:20:00,681.48,15.24,1.84
3015,2024-12-04 17:20:00,681.68,15.24,1.84
3016,2024-12-04 17:20:00,681.90,15.24,1.84
3017,2024-12-04 17:20:00,682.11,15.24,1.84
3018,2024-12-04 17:20:00,682.32,15.24,1.84
3019,2024-12-04 17:20:01,682.53,15.24,1.84
3020,2024-12-04 17:20:01,682.74,15.24,1.84
3021,2024-12-04 17:20:01,682.95,15.24,1.84
3022,2024-12-04 17:20:01,683.16,15.24,1.84
3023,2024-12-04 17:20:01,683.38,15.24,1.84
3024,2024-12-04 17:20:02,683.57,15.24,1.84
3025,2024-12-04 17:20:02,683.79,15.24,1.84
3026,2024-12-04 17:20:02,684.01,15.24,1.84
3027,2024-12-04 17:20:02,684.23,15.24,1.84
3028,2024-12-04 17:20:03,684.45,15.24,1.84
3029,2024-12-04 17:20:03,684.67,15.24,1.84
3030,2024-12-04 17:20:03,684.88,15.24,1.84
3031,2024-12-04 17:20:03,685.09,15.24,1.84
3032,2024-12-04 17:20:03,685.31,15.24,1.84
3033,2024-12-04 17:20:04,685.53,15.24,1.84
3034,2024-12-04 17:20:04,685.75,15.24,1.84
3035,2024-12-04 17:20:04,685.97,15.24,1.84
3036,2024-12-04 17:20:04,686.19,15.24,1.84
3037,2024-12-04 17:20:05,686.41,15.24,1.84
3038,2024-12-04 17:20:05,686.63,15.24,1.84
3039,2024-12-04 17:20:05,686.83,15.24,1.84
3040,2024-12-04 17:20:05,687.05,15.24,1.84
3041,2024-12-04 17:20:05,687.26,15.24,1.84
3042,2024-12-04 17:20:06,687.48,15.24,1.84
3043,2024-12-04 17:20:06,687.70,15.24,1.84
3044,2024-12-04 17:20:06,687.92,15.24,1.84
3045,2024-12-04 17:20:06,688.15,15.24,1.84
3046,2024-12-04 17:20:07,688.38,15.24,1.84
3047,2024-12-04 17:20:07,688.60,15.24,1.84
3048,2024-12-04 17:20:07,688.80,15.24,1.84
3049,2024-12-04 17:20:07,689.03,15.24,1.84
3050,2024-12-04 17:20:07,689.24,15.24,1.84
3051,2024-12-04 17:20:08,689.46,15.24,1.84
3052,2024-12-04 17:20:08,689.68,15.24,1.84
3053,2024-12-04 17:20:08,689.89,15.24,1.84
3054,2024-12-04 17:20:08,690.11,15.24,1.84
3055,2024-12-04 17:20:08,690.31,15.24,1.84
3056,2024-12-04 17:20:09,690.52,15.24,1.84
3057,2024-12-04 17:20:09,690.73,15.24,1.84
3058,2024-12-04 17:20:09,690.95,15.24,1.84
3059,2024-12-04 17:20:09,691.17,15.24,1.84
3060,2024-12-04 17:20:10,691.39,15.24,1.84
3061,2024-12-04 17:20:10,691.61,15.24,1.84
3062,2024-12-04 17:20:10,691.83,15.24,1.84
3063,2024-12-04 17:20:10,692.03,15.24,1.84
3064,2024-12-04 17:20:10,692.23,15.24,1.84
3065,2024-12-04 17:20:11,692.45,15.24,1.84
3066,2024-12-04 17:20:11,692.67,15.24,1.84
3067,2024-12-04 17:20:11,692.88,15.24,1.84
3068,2024-12-04 17:20:11,693.10,15.24,1.84
3069,2024-12-04 17:20:11,693.32,15.24,1.84
3070,2024-12-04 17:20:12,693.54,15.24,1.84
3071,2024-12-04 17:20:12,693.75,15.24,1.84
3072,2024-12-04 17:20:12,693.96,15.24,1.84
3073,2024-12-04 17:20:12,694.17,15.24,1.84
3074,2024-12-04 17:20:12,694.38,15.24,1.84
3075,2024-12-04 17:20:13,694.59,15.24,1.84
3076,2024-12-04 17:20:13,694.81,15.24,1.84
3077,2024-12-04 17:20:13,695.02,15.24,1.84
3078,2024-12-04 17:20:13,695.24,15.24,1.84
3079,2024-12-04 17:20:14,695.46,15.24,1.84
3080,2024-12-04 17:20:14,695.66,15.24,1.84
3081,2024-12-04 17:20:14,695.87,15.24,1.84
3082,2024-12-04 17:20:14,696.09,15.24,1.84
3083,2024-12-04 17:20:14,696.30,15.24,1.84
3084,2024-12-04 17:20:15,696.50,15.24,1.84
3085,2024-12-04 17:20:15,696.72,15.24,1.84
3086,2024-12-04 17:20:15,696.94,15.24,1.84
3087,2024-12-04 17:20:15,697.15,15.24,1.84
3088,2024-12-04 17:20:15,697.37,15.24,1.84
3089,2024-12-04 17:20:16,697.60,15.24,1.84
3090,2024-12-04 17:20:16,697.82,15.24,1.84
3091,2024-12-04 17:20:16,698.03,15.24,1.84
3092,2024-12-04 17:20:16,698.24,15.24,1.84
3093,2024-12-04 17:20:17,698.45,15.24,1.84
3094,2024-12-04 17:20:17,698.67,15.24,1.84
3095,2024-12-04 17:20:17,698.88,15.24,1.84
3096,2024-12-04 17:20:17,699.10,15.24,1.84
3097,2024-12-04 17:20:17,699.31,15.24,1.84
3098,2024-12-04 17:20:18,699.52,15.24,1.84
3099,2024-12-04 17:20:18,699.73,15.24,1.84
3100,2024-12-04 17:20:18,699.95,15.24,1.84
3101,2024-12-04 17:20:18,700.17,15.24,1.84
3102,2024-12-04 17:20:19,700.39,15.24,1.84
3103,2024-12-04 17:20:19,700.62,15.24,1.84
3104,2024-12-04 17:20:19,700.84,15.24,1.84
3105,2024-12-04 17:20:19,701.07,15.24,1.84
3106,2024-12-04 17:20:19,701.29,15.24,1.84
3107,2024-12-04 17:20:20,701.51,15.24,1.84
3108,2024-12-04 17:20:20,701.72,15.24,1.84
3109,2024-12-04 17:20:20,701.94,15.24,1.84
3110,2024-12-04 17:20:20,702.15,15.24,1.84
3111,2024-12-04 17:20:20,702.36,15.24,1.84
3112,2024-12-04 17:20:21,702.58,15.24,1.84
3113,2024-12-04 17:20:21,702.79,15.24,1.84
3114,2024-12-04 17:20:21,703.00,15.24,1.84
3115,2024-12-04 17:20:21,703.21,15.24,1.84
3116,2024-12-04 17:20:22,703.43,15.24,1.84
3117,2024-12-04 17:20:22,703.65,15.24,1.84
3118,2024-12-04 17:20:22,703.86,15.24,1.84
3119,2024-12-04 17:20:22,704.08,15.24,1.84
3120,2024-12-04 17:20:22,704.30,15.24,1.84
3121,2024-12-04 17:20:23,704.52,15.24,1.84
3122,2024-12-04 17:20:23,704.75,15.24,1.84
3123,2024-12-04 17:20:23,704.95,15.24,1.84
3124,2024-12-04 17:20:23,705.17,15.24,1.84
3125,2024-12-04 17:20:24,705.39,15.24,1.84
3126,2024-12-04 17:20:24,705.60,15.24,1.84
3127,2024-12-04 17:20:24,705.82,15.24,1.84
3128,2024-12-04 17:20:24,706.02,15.24,1.84
3129,2024-12-04 17:20:24,706.25,15.24,1.84
3130,2024-12-04 17:20:25,706.46,15.24,1.84
3131,2024-12-04 17:20:25,706.67,15.24,1.84
3132,2024-12-04 17:20:25,706.89,15.24,1.84
3133,2024-12-04 17:20:25,707.10,15.24,1.84
3134,2024-12-04 17:20:25,707.31,15.24,1.84
3135,2024-12-04 17:20:26,707.52,15.24,1.84
3136,2024-12-04 17:20:26,707.74,15.24,1.84
3137,2024-12-04 17:20:26,707.97,15.24,1.84
3138,2024-12-04 17:20:26,708.19,15.24,1.84
3139,2024-12-04 17:20:27,708.41,15.24,1.84
3140,2024-12-04 17:20:27,708.64,15.24,1.84
3141,2024-12-04 17:20:27,708.85,15.24,1.84
3142,2024-12-04 17:20:27,709.08,15.24,1.84
3143,2024-12-04 17:20:27,709.30,15.24,1.84
3144,2024-12-04 17:20:28,709.53,15.24,1.84
3145,2024-12-04 17:20:28,709.75,15.24,1.84
3146,2024-12-04 17:20:28,709.97,15.24,1.84
3147,2024-12-04 17:20:28,710.19,15.24,1.84
3148,2024-12-04 17:20:29,710.40,15.24,1.84
3149,2024-12-04 17:20:29,710.62,15.24,1.84
3150,2024-12-04 17:20:29,710.83,15.24,1.84
3151,2024-12-04 17:20:29,711.05,15.24,1.84
3152,2024-12-04 17:20:29,711.27,15.24,1.84
3153,2024-12-04 17:20:30,711.48,15.24,1.84
3154,2024-12-04 17:20:30,711.70,15.24,1.84
3155,2024-12-04 17:20:30,711.92,15.24,1.84
3156,2024-12-04 17:20:30,712.11,15.24,1.84
3157,2024-12-04 17:20:30,712.32,15.24,1.84
3158,2024-12-04 17:20:31,712.55,15.24,1.84
3159,2024-12-04 17:20:31,712.76,15.24,1.84
3160,2024-12-04 17:20:31,712.97,15.24,1.84
3161,2024-12-04 17:20:31,713.20,15.24,1.84
3162,2024-12-04 17:20:32,713.41,15.24,1.84
3163,2024-12-04 17:20:32,713.63,15.24,1.84
3164,2024-12-04 17:20:32,713.86,15.24,1.84
3165,2024-12-04 17:20:32,714.07,15.24,1.84
3166,2024-12-04 17:20:32,714.28,15.24,1.84
3167,2024-12-04 17:20:33,714.50,15.24,1.84
3168,2024-12-04 17:20:33,714.72,15.24,1.84
3169,2024-12-04 17:20:33,714.93,15.24,1.84
3170,2024-12-04 17:20:33,715.14,15.24,1.84
3171,2024-12-04 17:20:33,715.36,15.24,1.84
3172,2024-12-04 17:20:34,715.58,15.24,1.84
3173,2024-12-04 17:20:34,715.80,15.24,1.84
3174,2024-12-04 17:20:34,716.02,15.24,1.84
3175,2024-12-04 17:20:34,716.23,15.24,1.84
3176,2024-12-04 17:20:35,716.45,15.24,1.84
3177,2024-12-04 17:20:35,716.66,15.24,1.84
3178,2024-12-04 17:20:35,716.87,15.24,1.84
3179,2024-12-04 17:20:35,717.09,15.24,1.84
3180,2024-12-04 17:20:35,717.30,15.24,1.84
3181,2024-12-04 17:20:36,717.52,15.24,1.84
3182,2024-12-04 17:20:36,717.73,15.24,1.84
3183,2024-12-04 17:20:36,717.94,15.24,1.84
3184,2024-12-04 17:20:36,718.16,15.24,1.84
3185,2024-12-04 17:20:37,718.38,15.24,1.84
3186,2024-12-04 17:20:37,718.59,15.24,1.84
3187,2024-12-04 17:20:37,718.82,15.24,1.84
3188,2024-12-04 17:20:37,719.04,15.24,1.84
3189,2024-12-04 17:20:37,719.24,15.24,1.84
3190,2024-12-04 17:20:38,719.45,15.24,1.84
3191,2024-12-04 17:20:38,719.65,15.24,1.84
3192,2024-12-04 17:20:38,719.86,15.24,1.84
3193,2024-12-04 17:20:38,720.07,15.24,1.84
3194,2024-12-04 17:20:38,720.28,15.24,1.84
3195,2024-12-04 17:20:39,720.50,15.24,1.84
3196,2024-12-04 17:20:39,720.72,15.24,1.84
3197,2024-12-04 17:20:39,720.93,15.24,1.84
3198,2024-12-04 17:20:39,721.15,15.24,1.84
3199,2024-12-04 17:20:39,721.37,15.24,1.84
3200,2024-12-04 17:20:40,721.58,15.24,1.84
3201,2024-12-04 17:20:40,721.80,15.24,1.84
3202,2024-12-04 17:20:40,722.01,15.24,1.84
3203,2024-12-04 17:20:40,722.23,15.24,1.84
3204,2024-12-04 17:20:41,722.45,15.24,1.84
3205,2024-12-04 17:20:41,722.67,15.24,1.84
3206,2024-12-04 17:20:41,722.87,15.24,1.84
3207,2024-12-04 17:20:41,723.09,15.24,1.84
3208,2024-12-04 17:20:41,723.29,15.24,1.84
3209,2024-12-04 17:20:42,723.51,15.24,1.84
3210,2024-12-04 17:20:42,723.71,15.24,1.84
3211,2024-12-04 17:20:42,723.91,15.24,1.84
3212,2024-12-04 17:20:42,724.12,15.24,1.84
3213,2024-12-04 17:20:42,724.34,15.24,1.84
3214,2024-12-04 17:20:43,724.57,15.24,1.84
3215,2024-12-04 17:20:43,724.76,15.24,1.84
3216,2024-12-04 17:20:43,724.98,15.24,1.84
3217,2024-12-04 17:20:43,725.20,15.24,1.84
3218,2024-12-04 17:20:44,725.42,15.24,1.84
3219,2024-12-04 17:20:44,725.64,15.24,1.84
3220,2024-12-04 17:20:44,725.86,15.24,1.84
3221,2024-12-04 17:20:44,726.06,15.24,1.84
3222,2024-12-04 17:20:44,726.28,15.24,1.84
3223,2024-12-04 17:20:45,726.50,15.24,1.84
3224,2024-12-04 17:20:45,726.72,15.24,1.84
3225,2024-12-04 17:20:45,726.93,15.24,1.84
3226,2024-12-04 17:20:45,727.14,15.24,1.84
3227,2024-12-04 17:20:45,727.36,15.24,1.84
3228,2024-12-04 17:20:46,727.58,15.24,1.84
3229,2024-12-04 17:20:46,727.78,15.24,1.84
3230,2024-12-04 17:20:46,727.99,15.24,1.84
3231,2024-12-04 17:20:46,728.20,15.24,1.84
3232,2024-12-04 17:20:47,728.41,15.24,1.84
3233,2024-12-04 17:20:47,728.63,15.24,1.84
3234,2024-12-04 17:20:47,728.85,15.24,1.84
3235,2024-12-04 17:20:47,729.06,15.24,1.84
3236,2024-12-04 17:20:47,729.28,15.24,1.84
3237,2024-12-04 17:20:48,729.49,15.24,1.84
3238,2024-12-04 17:20:48,729.71,15.24,1.84
3239,2024-12-04 17:20:48,729.92,15.24,1.84
3240,2024-12-04 17:20:48,730.12,15.24,1.84
3241,2024-12-04 17:20:48,730.34,15.24,1.84
3242,2024-12-04 17:20:49,730.55,15.24,1.84
3243,2024-12-04 17:20:49,730.77,15.24,1.84
3244,2024-12-04 17:20:49,730.98,15.24,1.84
3245,2024-12-04 17:20:49,731.20,15.24,1.84
3246,2024-12-04 17:20:50,731.41,15.24,1.84
3247,2024-12-04 17:20:50,731.63,15.24,1.84
3248,2024-12-04 17:20:50,731.83,15.24,1.84
3249,2024-12-04 17:20:50,732.03,15.24,1.84
3250,2024-12-04 17:20:50,732.25,15.24,1.84
3251,2024-12-04 17:20:51,732.46,15.24,1.84
3252,2024-12-04 17:20:51,732.68,15.24,1.84
3253,2024-12-04 17:20:51,732.89,15.24,1.84
3254,2024-12-04 17:20:51,733.10,15.24,1.84
3255,2024-12-04 17:20:51,733.32,15.24,1.84
3256,2024-12-04 17:20:52,733.53,15.24,1.84
3257,2024-12-04 17:20:52,733.75,15.24,1.84
3258,2024-12-04 17:20:52,733.97,15.24,1.84
3259,2024-12-04 17:20:52,734.20,15.24,1.84
3260,2024-12-04 17:20:53,734.42,15.24,1.84
3261,2024-12-04 17:20:53,734.64,15.24,1.84
3262,2024-12-04 17:20:53,734.85,15.24,1.84
3263,2024-12-04 17:20:53,735.07,15.24,1.84
3264,2024-12-04 17:20:53,735.30,15.24,1.84
3265,2024-12-04 17:20:54,735.51,15.24,1.84
3266,2024-12-04 17:20:54,735.73,15.24,1.84
3267,2024-12-04 17:20:54,735.96,15.24,1.84
3268,2024-12-04 17:20:54,736.17,15.24,1.84
3269,2024-12-04 17:20:55,736.39,15.24,1.84
3270,2024-12-04 17:20:55,736.61,15.24,1.84
3271,2024-12-04 17:20:55,736.84,15.24,1.84
3272,2024-12-04 17:20:55,737.05,15.24,1.84
3273,2024-12-04 17:20:55,737.27,15.24,1.84
3274,2024-12-04 17:20:56,737.49,15.24,1.84
3275,2024-12-04 17:20:56,737.71,15.24,1.84
3276,2024-12-04 17:20:56,737.93,15.24,1.84
3277,2024-12-04 17:20:56,738.15,15.24,1.84
3278,2024-12-04 17:20:56,738.36,15.24,1.84
3279,2024-12-04 17:20:57,738.56,15.24,1.84
3280,2024-12-04 17:20:57,738.78,15.24,1.84
3281,2024-12-04 17:20:57,738.99,15.24,1.84
3282,2024-12-04 17:20:57,739.22,15.24,1.84
3283,2024-12-04 17:20:58,739.43,15.24,1.84
3284,2024-12-04 17:20:58,739.65,15.24,1.84
3285,2024-12-04 17:20:58,739.87,15.24,1.84
3286,2024-12-04 17:20:58,740.09,15.24,1.84
3287,2024-12-04 17:20:58,740.31,15.24,1.84
3288,2024-12-04 17:20:59,740.53,15.24,1.84
3289,2024-12-04 17:20:59,740.74,15.24,1.84
3290,2024-12-04 17:20:59,740.96,15.24,1.84
3291,2024-12-04 17:20:59,741.18,15.24,1.84
3292,2024-12-04 17:21:00,741.41,15.24,1.84
3293,2024-12-04 17:21:00,741.63,15.24,1.84
3294,2024-12-04 17:21:00,741.85,15.24,1.84
3295,2024-12-04 17:21:00,742.06,15.24,1.84
3296,2024-12-04 17:21:00,742.27,15.24,1.84
3297,2024-12-04 17:21:01,742.49,15.24,1.84
3298,2024-12-04 17:21:01,742.70,15.24,1.84
3299,2024-12-04 17:21:01,742.92,15.24,1.84
3300,2024-12-04 17:21:01,743.14,15.24,1.84
3301,2024-12-04 17:21:01,743.36,15.24,1.84
3302,2024-12-04 17:21:02,743.58,15.24,1.84
3303,2024-12-04 17:21:02,743.78,15.24,1.84
3304,2024-12-04 17:21:02,744.00,15.24,1.84
3305,2024-12-04 17:21:02,744.22,15.24,1.84
3306,2024-12-04 17:21:03,744.43,15.24,1.84
3307,2024-12-04 17:21:03,744.64,15.24,1.84
3308,2024-12-04 17:21:03,744.86,15.24,1.84
3309,2024-12-04 17:21:03,745.08,15.24,1.84
3310,2024-12-04 17:21:03,745.30,15.24,1.84
3311,2024-12-04 17:21:04,745.52,15.24,1.84
3312,2024-12-04 17:21:04,745.72,15.24,1.84
3313,2024-12-04 17:21:04,745.93,15.24,1.84
3314,2024-12-04 17:21:04,746.15,15.24,1.84
3315,2024-12-04 17:21:04,746.36,15.24,1.84
3316,2024-12-04 17:21:05,746.57,15.24,1.84
3317,2024-12-04 17:21:05,746.79,15.24,1.84
3318,2024-12-04 17:21:05,747.01,15.24,1.84
3319,2024-12-04 17:21:05,747.23,15.24,1.84
3320,2024-12-04 17:21:06,747.44,15.24,1.84
3321,2024-12-04 17:21:06,747.64,15.24,1.84
3322,2024-12-04 17:21:06,747.86,15.24,1.84
3323,2024-12-04 17:21:06,748.08,15.24,1.84
3324,2024-12-04 17:21:06,748.30,15.24,1.84
3325,2024-12-04 17:21:07,748.51,15.24,1.84
3326,2024-12-04 17:21:07,748.72,15.24,1.84
3327,2024-12-04 17:21:07,748.94,15.24,1.84
3328,2024-12-04 17:21:07,749.17,15.24,1.84
3329,2024-12-04 17:21:08,749.38,15.24,1.84
3330,2024-12-04 17:21:08,749.60,15.24,1.84
3331,2024-12-04 17:21:08,749.82,15.24,1.84
3332,2024-12-04 17:21:08,750.04,15.24,1.84
3333,2024-12-04 17:21:08,750.24,15.24,1.84
3334,2024-12-04 17:21:09,750.46,15.24,1.84
3335,2024-12-04 17:21:09,750.67,15.24,1.84
3336,2024-12-04 17:21:09,750.90,15.24,1.84
3337,2024-12-04 17:21:09,751.11,15.24,1.84
3338,2024-12-04 17:21:09,751.33,15.24,1.84
3339,2024-12-04 17:21:10,751.53,15.24,1.84
3340,2024-12-04 17:21:10,751.74,15.24,1.84
3341,2024-12-04 17:21:10,751.97,15.24,1.84
3342,2024-12-04 17:21:10,752.19,15.24,1.84
3343,2024-12-04 17:21:11,752.40,15.24,1.84
3344,2024-12-04 17:21:11,752.61,15.24,1.84
3345,2024-12-04 17:21:11,752.83,15.24,1.84
3346,2024-12-04 17:21:11,753.04,15.24,1.84
3347,2024-12-04 17:21:11,753.26,15.24,1.84
3348,2024-12-04 17:21:12,753.46,15.24,1.84
3349,2024-12-04 17:21:12,753.68,15.24,1.84
3350,2024-12-04 17:21:12,753.90,15.24,1.84
3351,2024-12-04 17:21:12,754.11,15.24,1.84
3352,2024-12-04 17:21:12,754.33,15.24,1.84
3353,2024-12-04 17:21:13,754.55,15.24,1.84
3354,2024-12-04 17:21:13,754.78,15.24,1.84
3355,2024-12-04 17:21:13,754.99,15.24,1.84
3356,2024-12-04 17:21:13,755.21,15.24,1.84
3357,2024-12-04 17:21:14,755.43,15.24,1.84
3358,2024-12-04 17:21:14,755.65,15.24,1.84
3359,2024-12-04 17:21:14,755.85,15.24,1.84
3360,2024-12-04 17:21:14,756.06,15.24,1.84
3361,2024-12-04 17:21:14,756.28,15.24,1.84
3362,2024-12-04 17:21:15,756.50,15.24,1.84
3363,2024-12-04 17:21:15,756.72,15.24,1.84
3364,2024-12-04 17:21:15,756.94,15.24,1.84
3365,2024-12-04 17:21:15,757.14,15.24,1.84
3366,2024-12-04 17:21:15,757.36,15.24,1.84
3367,2024-12-04 17:21:16,757.58,15.24,1.84
3368,2024-12-04 17:21:16,757.79,15.24,1.84
3369,2024-12-04 17:21:16,758.01,15.24,1.84
3370,2024-12-04 17:21:16,758.23,15.24,1.84
3371,2024-12-04 17:21:17,758.45,15.24,1.84
3372,2024-12-04 17:21:17,758.68,15.24,1.84
3373,2024-12-04 17:21:17,758.89,15.24,1.84
3374,2024-12-04 17:21:17,759.11,15.24,1.84
3375,2024-12-04 17:21:17,759.32,15.24,1.84
3376,2024-12-04 17:21:18,759.54,15.24,1.84
3377,2024-12-04 17:21:18,759.76,15.24,1.84
3378,2024-12-04 17:21:18,759.97,15.24,1.84
3379,2024-12-04 17:21:18,760.19,15.24,1.84
3380,2024-12-04 17:21:19,760.40,15.24,1.84
3381,2024-12-04 17:21:19,760.61,15.24,1.84
3382,2024-12-04 17:21:19,760.83,15.24,1.84
3383,2024-12-04 17:21:19,761.05,15.24,1.84
3384,2024-12-04 17:21:19,761.26,15.24,1.84
3385,2024-12-04 17:21:20,761.48,15.24,1.84
3386,2024-12-04 17:21:20,761.69,15.24,1.84
3387,2024-12-04 17:21:20,761.89,15.24,1.84
3388,2024-12-04 17:21:20,762.10,15.24,1.84
3389,2024-12-04 17:21:20,762.32,15.24,1.84
3390,2024-12-04 17:21:21,762.53,15.24,1.84
3391,2024-12-04 17:21:21,762.75,15.24,1.84
3392,2024-12-04 17:21:21,762.97,15.24,1.84
3393,2024-12-04 17:21:21,763.19,15.24,1.84
3394,2024-12-04 17:21:22,763.41,15.24,1.84
3395,2024-12-04 17:21:22,763.62,15.24,1.84
3396,2024-12-04 17:21:22,763.84,15.24,1.84
3397,2024-12-04 17:21:22,764.06,15.24,1.84
3398,2024-12-04 17:21:22,764.27,15.24,1.84
3399,2024-12-04 17:21:23,764.49,15.24,1.84
3400,2024-12-04 17:21:23,764.72,15.24,1.84
3401,2024-12-04 17:21:23,764.94,15.24,1.84
3402,2024-12-04 17:21:23,765.16,15.24,1.84
3403,2024-12-04 17:21:23,765.38,15.24,1.84
3404,2024-12-04 17:21:24,765.60,15.24,1.84
3405,2024-12-04 17:21:24,765.80,15.24,1.84
3406,2024-12-04 17:21:24,766.02,15.24,1.84
3407,2024-12-04 17:21:24,766.23,15.24,1.84
3408,2024-12-04 17:21:25,766.44,15.24,1.84
3409,2024-12-04 17:21:25,766.64,15.24,1.84
3410,2024-12-04 17:21:25,766.86,15.24,1.84
3411,2024-12-04 17:21:25,767.08,15.24,1.84
3412,2024-12-04 17:21:25,767.28,15.24,1.84
3413,2024-12-04 17:21:26,767.50,15.24,1.84
3414,2024-12-04 17:21:26,767.72,15.24,1.84
3415,2024-12-04 17:21:26,767.93,15.24,1.84
3416,2024-12-04 17:21:26,768.14,15.24,1.84
3417,2024-12-04 17:21:26,768.36,15.24,1.84
3418,2024-12-04 17:21:27,768.58,15.24,1.84
3419,2024-12-04 17:21:27,768.80,15.24,1.84
3420,2024-12-04 17:21:27,769.01,15.24,1.84
3421,2024-12-04 17:21:27,769.21,15.24,1.84
3422,2024-12-04 17:21:28,769.44,15.24,1.84
3423,2024-12-04 17:21:28,769.66,15.24,1.84
3424,2024-12-04 17:21:28,769.87,15.24,1.84
3425,2024-12-04 17:21:28,770.09,15.24,1.84
3426,2024-12-04 17:21:28,770.31,15.24,1.84
3427,2024-12-04 17:21:29,770.52,15.24,1.84
3428,2024-12-04 17:21:29,770.75,15.24,1.84
3429,2024-12-04 17:21:29,770.97,15.24,1.84
3430,2024-12-04 17:21:29,771.20,15.24,1.84
3431,2024-12-04 17:21:30,771.41,15.24,1.84
3432,2024-12-04 17:21:30,771.63,15.24,1.84
3433,2024-12-04 17:21:30,771.84,15.24,1.84
3434,2024-12-04 17:21:30,772.06,15.24,1.84
3435,2024-12-04 17:21:30,772.29,15.24,1.84
3436,2024-12-04 17:21:31,772.51,15.24,1.84
3437,2024-12-04 17:21:31,772.73,15.24,1.84
3438,2024-12-04 17:21:31,772.94,15.24,1.84
3439,2024-12-04 17:21:31,773.17,15.24,1.84
3440,2024-12-04 17:21:32,773.38,15.24,1.84
3441,2024-12-04 17:21:32,773.60,15.24,1.84
3442,2024-12-04 17:21:32,773.82,15.24,1.84
3443,2024-12-04 17:21:32,774.02,15.24,1.84
3444,2024-12-04 17:21:32,774.25,15.24,1.84
3445,2024-12-04 17:21:33,774.46,15.24,1.84
3446,2024-12-04 17:21:33,774.68,15.24,1.84
3447,2024-12-04 17:21:33,774.89,15.24,1.84
3448,2024-12-04 17:21:33,775.09,15.24,1.84
3449,2024-12-04 17:21:33,775.30,15.24,1.84
3450,2024-12-04 17:21:34,775.51,15.24,1.84
3451,2024-12-04 17:21:34,775.71,15.24,1.84
3452,2024-12-04 17:21:34,775.93,15.24,1.84
3453,2024-12-04 17:21:34,776.12,15.24,1.84
3454,2024-12-04 17:21:34,776.33,15.24,1.84
3455,2024-12-04 17:21:35,776.54,15.24,1.84
3456,2024-12-04 17:21:35,776.75,15.24,1.84
3457,2024-12-04 17:21:35,776.97,15.24,1.84
3458,2024-12-04 17:21:35,777.18,15.24,1.84
3459,2024-12-04 17:21:36,777.41,15.24,1.84
3460,2024-12-04 17:21:36,777.63,15.24,1.84
3461,2024-12-04 17:21:36,777.85,15.24,1.84
3462,2024-12-04 17:21:36,778.07,15.24,1.84
3463,2024-12-04 17:21:36,778.28,15.24,1.84
3464,2024-12-04 17:21:37,778.49,15.24,1.84
3465,2024-12-04 17:21:37,778.70,15.24,1.84
3466,2024-12-04 17:21:37,778.91,15.24,1.84
3467,2024-12-04 17:21:37,779.12,15.24,1.84
3468,2024-12-04 17:21:37,779.33,15.24,1.84
3469,2024-12-04 17:21:38,779.55,15.24,1.84
3470,2024-12-04 17:21:38,779.78,15.24,1.84
3471,2024-12-04 17:21:38,780.00,15.24,1.84
3472,2024-12-04 17:21:38,780.22,15.24,1.84
3473,2024-12-04 17:21:39,780.45,15.24,1.84
3474,2024-12-04 17:21:39,780.65,15.24,1.84
3475,2024-12-04 17:21:39,780.86,15.24,1.84
3476,2024-12-04 17:21:39,781.08,15.24,1.84
3477,2024-12-04 17:21:39,781.30,15.24,1.84
3478,2024-12-04 17:21:40,781.50,15.24,1.84
3479,2024-12-04 17:21:40,781.71,15.24,1.84
3480,2024-12-04 17:21:40,781.92,15.24,1.84
3481,2024-12-04 17:21:40,782.14,15.24,1.84
3482,2024-12-04 17:21:40,782.34,15.24,1.84
3483,2024-12-04 17:21:41,782.56,15.24,1.84
3484,2024-12-04 17:21:41,782.78,15.24,1.84
3485,2024-12-04 17:21:41,782.99,15.24,1.84
3486,2024-12-04 17:21:41,783.21,15.24,1.84
3487,2024-12-04 17:21:42,783.44,15.24,1.84
3488,2024-12-04 17:21:42,783.65,15.24,1.84
3489,2024-12-04 17:21:42,783.88,15.24,1.84
3490,2024-12-04 17:21:42,784.10,15.24,1.84
3491,2024-12-04 17:21:42,784.32,15.24,1.84
3492,2024-12-04 17:21:43,784.53,15.24,1.84
3493,2024-12-04 17:21:43,784.74,15.24,1.84
3494,2024-12-04 17:21:43,784.95,15.24,1.84
3495,2024-12-04 17:21:43,785.14,15.24,1.84
3496,2024-12-04 17:21:43,785.35,15.24,1.84
3497,2024-12-04 17:21:44,785.57,15.24,1.84
3498,2024-12-04 17:21:44,785.78,15.24,1.84
3499,2024-12-04 17:21:44,785.99,15.24,1.84
3500,2024-12-04 17:21:44,786.20,15.24,1.84
3501,2024-12-04 17:21:45,786.42,15.24,1.84
3502,2024-12-04 17:21:45,786.63,15.24,1.84
3503,2024-12-04 17:21:45,786.85,15.24,1.84
3504,2024-12-04 17:21:45,787.06,15.24,1.84
3505,2024-12-04 17:21:45,787.27,15.24,1.84
3506,2024-12-04 17:21:46,787.50,15.24,1.84
3507,2024-12-04 17:21:46,787.72,15.24,1.84
3508,2024-12-04 17:21:46,787.94,15.24,1.84
3509,2024-12-04 17:21:46,788.15,15.24,1.84
3510,2024-12-04 17:21:46,788.37,15.24,1.84
3511,2024-12-04 17:21:47,788.58,15.24,1.84
3512,2024-12-04 17:21:47,788.80,15.24,1.84
3513,2024-12-04 17:21:47,789.02,15.24,1.84
3514,2024-12-04 17:21:47,789.24,15.24,1.84
3515,2024-12-04 17:21:48,789.45,15.24,1.84
3516,2024-12-04 17:21:48,789.65,15.24,1.84
3517,2024-12-04 17:21:48,789.86,15.24,1.84
3518,2024-12-04 17:21:48,790.09,15.24,1.84
3519,2024-12-04 17:21:48,790.28,15.24,1.84
3520,2024-12-04 17:21:49,790.50,15.24,1.84
3521,2024-12-04 17:21:49,790.72,15.24,1.84
3522,2024-12-04 17:21:49,790.93,15.24,1.84
3523,2024-12-04 17:21:49,791.14,15.24,1.84
3524,2024-12-04 17:21:49,791.36,15.24,1.84
3525,2024-12-04 17:21:50,791.57,15.24,1.84
3526,2024-12-04 17:21:50,791.78,15.24,1.84
3527,2024-12-04 17:21:50,791.99,15.24,1.84
3528,2024-12-04 17:21:50,792.21,15.24,1.84
3529,2024-12-04 17:21:51,792.42,15.24,1.84
3530,2024-12-04 17:21:51,792.63,15.24,1.84
3531,2024-12-04 17:21:51,792.85,15.24,1.84
3532,2024-12-04 17:21:51,793.06,15.24,1.84
3533,2024-12-04 17:21:51,793.28,15.24,1.84
3534,2024-12-04 17:21:52,793.49,15.24,1.84
3535,2024-12-04 17:21:52,793.71,15.24,1.84
3536,2024-12-04 17:21:52,793.93,15.24,1.84
3537,2024-12-04 17:21:52,794.14,15.24,1.84
3538,2024-12-04 17:21:52,794.36,15.24,1.84
3539,2024-12-04 17:21:53,794.57,15.24,1.84
3540,2024-12-04 17:21:53,794.79,15.24,1.84
3541,2024-12-04 17:21:53,795.01,15.24,1.84
3542,2024-12-04 17:21:53,795.21,15.24,1.84
3543,2024-12-04 17:21:54,795.43,15.24,1.84
3544,2024-12-04 17:21:54,795.64,15.24,1.84
3545,2024-12-04 17:21:54,795.86,15.24,1.84
3546,2024-12-04 17:21:54,796.08,15.24,1.84
3547,2024-12-04 17:21:54,796.30,15.24,1.84
3548,2024-12-04 17:21:55,796.51,15.24,1.84
3549,2024-12-04 17:21:55,796.73,15.24,1.84
3550,2024-12-04 17:21:55,796.95,15.24,1.84
3551,2024-12-04 17:21:55,797.16,15.24,1.84
3552,2024-12-04 17:21:55,797.37,15.24,1.84
3553,2024-12-04 17:21:56,797.58,15.24,1.84
3554,2024-12-04 17:21:56,797.79,15.24,1.84
3555,2024-12-04 17:21:56,798.01,15.24,1.84
3556,2024-12-04 17:21:56,798.21,15.24,1.84
3557,2024-12-04 17:21:57,798.44,15.24,1.84
3558,2024-12-04 17:21:57,798.67,15.24,1.84
3559,2024-12-04 17:21:57,798.89,15.24,1.84
3560,2024-12-04 17:21:57,799.09,15.24,1.84
3561,2024-12-04 17:21:57,799.29,15.24,1.84
3562,2024-12-04 17:21:58,799.50,15.24,1.84
3563,2024-12-04 17:21:58,799.71,15.24,1.84
3564,2024-12-04 17:21:58,799.91,15.24,1.84
3565,2024-12-04 17:21:58,800.13,15.24,1.84
3566,2024-12-04 17:21:58,800.35,15.24,1.84
3567,2024-12-04 17:21:59,800.55,15.24,1.84
3568,2024-12-04 17:21:59,800.77,15.24,1.84
3569,2024-12-04 17:21:59,800.99,15.24,1.84
3570,2024-12-04 17:21:59,801.20,15.24,1.84
3571,2024-12-04 17:22:00,801.41,15.24,1.84
3572,2024-12-04 17:22:00,801.62,15.24,1.84
3573,2024-12-04 17:22:00,801.85,15.24,1.84
3574,2024-12-04 17:22:00,802.07,15.24,1.84
3575,2024-12-04 17:22:00,802.26,15.24,1.84
3576,2024-12-04 17:22:01,802.49,15.24,1.84
3577,2024-12-04 17:22:01,802.70,15.24,1.84
3578,2024-12-04 17:22:01,802.92,15.24,1.84
3579,2024-12-04 17:22:01,803.14,15.24,1.84
3580,2024-12-04 17:22:01,803.35,15.24,1.84
3581,2024-12-04 17:22:02,803.56,15.24,1.84
3582,2024-12-04 17:22:02,803.78,15.24,1.84
3583,2024-12-04 17:22:02,803.99,15.24,1.84
3584,2024-12-04 17:22:02,804.20,15.24,1.84
3585,2024-12-04 17:22:03,804.41,15.24,1.84
3586,2024-12-04 17:22:03,804.63,15.24,1.84
3587,2024-12-04 17:22:03,804.84,15.24,1.84
3588,2024-12-04 17:22:03,805.06,15.24,1.84
3589,2024-12-04 17:22:03,805.28,15.24,1.84
3590,2024-12-04 17:22:04,805.50,15.24,1.84
3591,2024-12-04 17:22:04,805.70,15.24,1.84
3592,2024-12-04 17:22:04,805.92,15.24,1.84
3593,2024-12-04 17:22:04,806.14,15.24,1.84
3594,2024-12-04 17:22:04,806.36,15.24,1.84
3595,2024-12-04 17:22:05,806.56,15.24,1.84
3596,2024-12-04 17:22:05,806.78,15.24,1.84
3597,2024-12-04 17:22:05,806.98,15.24,1.84
3598,2024-12-04 17:22:05,807.18,15.24,1.84
3599,2024-12-04 17:22:06,807.41,15.24,1.84
3600,2024-12-04 17:22:06,807.63,15.24,1.84
3601,2024-12-04 17:22:06,807.83,15.24,1.84
3602,2024-12-04 17:22:06,808.04,15.24,1.84
3603,2024-12-04 17:22:06,808.26,15.24,1.84
3604,2024-12-04 17:22:07,808.47,15.24,1.84
3605,2024-12-04 17:22:07,808.69,15.24,1.84
3606,2024-12-04 17:22:07,808.91,15.24,1.84
3607,2024-12-04 17:22:07,809.13,15.24,1.84
3608,2024-12-04 17:22:07,809.35,15.24,1.84
3609,2024-12-04 17:22:08,809.55,15.24,1.84
3610,2024-12-04 17:22:08,809.77,15.24,1.84
3611,2024-12-04 17:22:08,809.95,15.24,1.84
3612,2024-12-04 17:22:08,810.17,15.24,1.84
3613,2024-12-04 17:22:09,810.38,15.24,1.84
3614,2024-12-04 17:22:09,810.59,15.24,1.84
3615,2024-12-04 17:22:09,810.81,15.24,1.84
3616,2024-12-04 17:22:09,811.03,15.24,1.84
3617,2024-12-04 17:22:09,811.24,15.24,1.84
3618,2024-12-04 17:22:10,811.46,15.24,1.84
3619,2024-12-04 17:22:10,811.66,15.24,1.84
3620,2024-12-04 17:22:10,811.87,15.24,1.84
3621,2024-12-04 17:22:10,812.09,15.24,1.84
3622,2024-12-04 17:22:10,812.31,15.24,1.84
3623,2024-12-04 17:22:11,812.53,15.24,1.84
3624,2024-12-04 17:22:11,812.73,15.24,1.84
3625,2024-12-04 17:22:11,812.95,15.24,1.84
3626,2024-12-04 17:22:11,813.17,15.24,1.84
3627,2024-12-04 17:22:11,813.38,15.24,1.84
3628,2024-12-04 17:22:12,813.58,15.24,1.84
3629,2024-12-04 17:22:12,813.80,15.24,1.84
3630,2024-12-04 17:22:12,814.01,15.24,1.84
3631,2024-12-04 17:22:12,814.22,15.24,1.84
3632,2024-12-04 17:22:13,814.44,15.24,1.84
3633,2024-12-04 17:22:13,814.66,15.24,1.84
3634,2024-12-04 17:22:13,814.87,15.24,1.84
3635,2024-12-04 17:22:13,815.09,15.24,1.84
3636,2024-12-04 17:22:13,815.31,15.24,1.84
3637,2024-12-04 17:22:14,815.51,15.24,1.84
3638,2024-12-04 17:22:14,815.73,15.24,1.84
3639,2024-12-04 17:22:14,815.94,15.24,1.84
3640,2024-12-04 17:22:14,816.16,15.24,1.84
3641,2024-12-04 17:22:15,816.38,15.24,1.84
3642,2024-12-04 17:22:15,816.61,15.24,1.84
3643,2024-12-04 17:22:15,816.83,15.24,1.84
3644,2024-12-04 17:22:15,817.05,15.24,1.84
3645,2024-12-04 17:22:15,817.26,15.24,1.84
3646,2024-12-04 17:22:16,817.48,15.24,1.84
3647,2024-12-04 17:22:16,817.70,15.24,1.84
3648,2024-12-04 17:22:16,817.90,15.24,1.84
3649,2024-12-04 17:22:16,818.12,15.24,1.84
3650,2024-12-04 17:22:16,818.34,15.24,1.84
3651,2024-12-04 17:22:17,818.55,15.24,1.84
3652,2024-12-04 17:22:17,818.76,15.24,1.84
3653,2024-12-04 17:22:17,818.97,15.24,1.84
3654,2024-12-04 17:22:17,819.17,15.24,1.84
3655,2024-12-04 17:22:18,819.38,15.24,1.84
3656,2024-12-04 17:22:18,819.60,15.24,1.84
3657,2024-12-04 17:22:18,819.82,15.24,1.84
3658,2024-12-04 17:22:18,820.03,15.24,1.84
3659,2024-12-04 17:22:18,820.25,15.24,1.84
3660,2024-12-04 17:22:19,820.46,15.24,1.84
3661,2024-12-04 17:22:19,820.67,15.24,1.84
3662,2024-12-04 17:22:19,820.88,15.24,1.84
3663,2024-12-04 17:22:19,821.09,15.24,1.84
3664,2024-12-04 17:22:19,821.31,15.24,1.84
3665,2024-12-04 17:22:20,821.53,15.24,1.84
3666,2024-12-04 17:22:20,821.73,15.24,1.84
3667,2024-12-04 17:22:20,821.95,15.24,1.84
3668,2024-12-04 17:22:20,822.16,15.24,1.84
3669,2024-12-04 17:22:20,822.38,15.24,1.84
3670,2024-12-04 17:22:21,822.58,15.24,1.84
3671,2024-12-04 17:22:21,822.80,15.24,1.84
3672,2024-12-04 17:22:21,823.01,15.24,1.84
3673,2024-12-04 17:22:21,823.22,15.24,1.84
3674,2024-12-04 17:22:22,823.43,15.24,1.84
3675,2024-12-04 17:22:22,823.65,15.24,1.84
3676,2024-12-04 17:22:22,823.85,15.24,1.84
3677,2024-12-04 17:22:22,824.07,15.24,1.84
3678,2024-12-04 17:22:22,824.27,15.24,1.84
3679,2024-12-04 17:22:23,824.47,15.24,1.84
3680,2024-12-04 17:22:23,824.68,15.24,1.84
3681,2024-12-04 17:22:23,824.90,15.24,1.84
3682,2024-12-04 17:22:23,825.10,15.24,1.84
3683,2024-12-04 17:22:23,825.33,15.24,1.84
3684,2024-12-04 17:22:24,825.55,15.24,1.84
3685,2024-12-04 17:22:24,825.77,15.24,1.84
3686,2024-12-04 17:22:24,825.99,15.24,1.84
3687,2024-12-04 17:22:24,826.20,15.24,1.84
3688,2024-12-04 17:22:25,826.43,15.24,1.84
3689,2024-12-04 17:22:25,826.62,15.24,1.84
3690,2024-12-04 17:22:25,826.84,15.24,1.84
3691,2024-12-04 17:22:25,827.07,15.24,1.84
3692,2024-12-04 17:22:25,827.27,15.24,1.84
3693,2024-12-04 17:22:26,827.49,15.24,1.84
3694,2024-12-04 17:22:26,827.70,15.24,1.84
3695,2024-12-04 17:22:26,827.92,15.24,1.84
3696,2024-12-04 17:22:26,828.15,15.24,1.84
3697,2024-12-04 17:22:26,828.37,15.24,1.84
3698,2024-12-04 17:22:27,828.59,15.24,1.84
3699,2024-12-04 17:22:27,828.80,15.24,1.84
3700,2024-12-04 17:22:27,829.02,15.24,1.84
3701,2024-12-04 17:22:27,829.25,15.24,1.84
3702,2024-12-04 17:22:28,829.46,15.24,1.84
3703,2024-12-04 17:22:28,829.66,15.24,1.84
3704,2024-12-04 17:22:28,829.88,15.24,1.84
3705,2024-12-04 17:22:28,830.10,15.24,1.84
3706,2024-12-04 17:22:28,830.32,15.24,1.84
3707,2024-12-04 17:22:29,830.54,15.24,1.84
3708,2024-12-04 17:22:29,830.76,15.24,1.84
3709,2024-12-04 17:22:29,830.97,15.24,1.84
3710,2024-12-04 17:22:29,831.19,15.24,1.84
3711,2024-12-04 17:22:30,831.41,15.24,1.84
3712,2024-12-04 17:22:30,831.61,15.24,1.84
3713,2024-12-04 17:22:30,831.84,15.24,1.84
3714,2024-12-04 17:22:30,832.05,15.24,1.84
3715,2024-12-04 17:22:30,832.26,15.24,1.84
3716,2024-12-04 17:22:31,832.48,15.24,1.84
3717,2024-12-04 17:22:31,832.69,15.24,1.84
3718,2024-12-04 17:22:31,832.90,15.24,1.84
3719,2024-12-04 17:22:31,833.12,15.24,1.84
3720,2024-12-04 17:22:31,833.34,15.24,1.84
3721,2024-12-04 17:22:32,833.55,15.24,1.84
3722,2024-12-04 17:22:32,833.77,15.24,1.84
3723,2024-12-04 17:22:32,833.97,15.24,1.84
3724,2024-12-04 17:22:32,834.18,15.24,1.84
3725,2024-12-04 17:22:33,834.39,15.24,1.84
3726,2024-12-04 17:22:33,834.61,15.24,1.84
3727,2024-12-04 17:22:33,834.84,15.24,1.84
3728,2024-12-04 17:22:33,835.05,15.24,1.84
3729,2024-12-04 17:22:33,835.26,15.24,1.84
3730,2024-12-04 17:22:34,835.48,15.24,1.84
3731,2024-12-04 17:22:34,835.70,15.24,1.84
3732,2024-12-04 17:22:34,835.92,15.24,1.84
3733,2024-12-04 17:22:34,836.14,15.24,1.84
3734,2024-12-04 17:22:34,836.37,15.24,1.84
3735,2024-12-04 17:22:35,836.59,15.24,1.84
3736,2024-12-04 17:22:35,836.81,15.24,1.84
3737,2024-12-04 17:22:35,837.03,15.24,1.84
3738,2024-12-04 17:22:35,837.24,15.24,1.84
3739,2024-12-04 17:22:36,837.44,15.24,1.84
3740,2024-12-04 17:22:36,837.66,15.24,1.84
3741,2024-12-04 17:22:36,837.88,15.24,1.84
3742,2024-12-04 17:22:36,838.10,15.24,1.84
3743,2024-12-04 17:22:36,838.31,15.24,1.84
3744,2024-12-04 17:22:37,838.53,15.24,1.84
3745,2024-12-04 17:22:37,838.74,15.24,1.84
3746,2024-12-04 17:22:37,838.96,15.24,1.84
3747,2024-12-04 17:22:37,839.16,15.24,1.84
3748,2024-12-04 17:22:37,839.38,15.24,1.84
3749,2024-12-04 17:22:38,839.58,15.24,1.84
3750,2024-12-04 17:22:38,839.80,15.24,1.84
3751,2024-12-04 17:22:38,840.02,15.24,1.84
3752,2024-12-04 17:22:38,840.22,15.24,1.84
3753,2024-12-04 17:22:39,840.43,15.24,1.84
3754,2024-12-04 17:22:39,840.66,15.24,1.84
3755,2024-12-04 17:22:39,840.88,15.24,1.84
3756,2024-12-04 17:22:39,841.10,15.24,1.84
3757,2024-12-04 17:22:39,841.31,15.24,1.84
3758,2024-12-04 17:22:40,841.52,15.24,1.84
3759,2024-12-04 17:22:40,841.74,15.24,1.84
3760,2024-12-04 17:22:40,841.96,15.24,1.84
3761,2024-12-04 17:22:40,842.16,15.24,1.84
3762,2024-12-04 17:22:40,842.38,15.24,1.84
3763,2024-12-04 17:22:41,842.59,15.24,1.84
3764,2024-12-04 17:22:41,842.78,15.24,1.84
3765,2024-12-04 17:22:41,843.00,15.24,1.84
3766,2024-12-04 17:22:41,843.21,15.24,1.84
3767,2024-12-04 17:22:42,843.43,15.24,1.84
3768,2024-12-04 17:22:42,843.64,15.24,1.84
3769,2024-12-04 17:22:42,843.87,15.24,1.84
3770,2024-12-04 17:22:42,844.09,15.24,1.84
3771,2024-12-04 17:22:42,844.31,15.24,1.84
3772,2024-12-04 17:22:43,844.51,15.24,1.84
3773,2024-12-04 17:22:43,844.73,15.24,1.84
3774,2024-12-04 17:22:43,844.95,15.24,1.84
3775,2024-12-04 17:22:43,845.17,15.24,1.84
3776,2024-12-04 17:22:43,845.38,15.24,1.84
3777,2024-12-04 17:22:44,845.59,15.24,1.84
3778,2024-12-04 17:22:44,845.81,15.24,1.84
3779,2024-12-04 17:22:44,846.03,15.24,1.84
3780,2024-12-04 17:22:44,846.24,15.24,1.84
3781,2024-12-04 17:22:45,846.47,15.24,1.84
3782,2024-12-04 17:22:45,846.69,15.24,1.84
3783,2024-12-04 17:22:45,846.90,15.24,1.84
3784,2024-12-04 17:22:45,847.12,15.24,1.84
3785,2024-12-04 17:22:45,847.33,15.24,1.84
3786,2024-12-04 17:22:46,847.55,15.24,1.84
3787,2024-12-04 17:22:46,847.77,15.24,1.84
3788,2024-12-04 17:22:46,847.99,15.24,1.84
3789,2024-12-04 17:22:46,848.21,15.24,1.84
3790,2024-12-04 17:22:47,848.42,15.24,1.84
3791,2024-12-04 17:22:47,848.64,15.24,1.84
3792,2024-12-04 17:22:47,848.85,15.24,1.84
3793,2024-12-04 17:22:47,849.07,15.24,1.84
3794,2024-12-04 17:22:47,849.27,15.24,1.84
3795,2024-12-04 17:22:48,849.48,15.24,1.84
3796,2024-12-04 17:22:48,849.70,15.24,1.84
3797,2024-12-04 17:22:48,849.90,15.24,1.84
3798,2024-12-04 17:22:48,850.11,15.24,1.84
3799,2024-12-04 17:22:48,850.33,15.24,1.84
3800,2024-12-04 17:22:49,850.55,15.24,1.84
3801,2024-12-04 17:22:49,850.76,15.24,1.84
3802,2024-12-04 17:22:49,850.97,15.24,1.84
3803,2024-12-04 17:22:49,851.19,15.24,1.84
3804,2024-12-04 17:22:50,851.41,15.24,1.84
3805,2024-12-04 17:22:50,851.63,15.24,1.84
3806,2024-12-04 17:22:50,851.84,15.24,1.84
3807,2024-12-04 17:22:50,852.04,15.24,1.84
3808,2024-12-04 17:22:50,852.25,15.24,1.84
3809,2024-12-04 17:22:51,852.46,15.24,1.84
3810,2024-12-04 17:22:51,852.67,15.24,1.84
3811,2024-12-04 17:22:51,852.89,15.24,1.84
3812,2024-12-04 17:22:51,853.11,15.24,1.84
3813,2024-12-04 17:22:51,853.31,15.24,1.84
3814,2024-12-04 17:22:52,853.53,15.24,1.84
3815,2024-12-04 17:22:52,853.74,15.24,1.84
3816,2024-12-04 17:22:52,853.96,15.24,1.84
3817,2024-12-04 17:22:52,854.19,15.24,1.84
3818,2024-12-04 17:22:53,854.41,15.24,1.84
3819,2024-12-04 17:22:53,854.62,15.24,1.84
3820,2024-12-04 17:22:53,854.83,15.24,1.84
3821,2024-12-04 17:22:53,855.05,15.24,1.84
3822,2024-12-04 17:22:53,855.26,15.24,1.84
3823,2024-12-04 17:22:54,855.48,15.24,1.84
3824,2024-12-04 17:22:54,855.69,15.24,1.84
3825,2024-12-04 17:22:54,855.91,15.24,1.84
3826,2024-12-04 17:22:54,856.11,15.24,1.84
3827,2024-12-04 17:22:54,856.33,15.24,1.84
3828,2024-12-04 17:22:55,856.55,15.24,1.84
3829,2024-12-04 17:22:55,856.77,15.24,1.84
3830,2024-12-04 17:22:55,856.99,15.24,1.84
3831,2024-12-04 17:22:55,857.21,15.24,1.84
3832,2024-12-04 17:22:56,857.42,15.24,1.84
3833,2024-12-04 17:22:56,857.64,15.24,1.84
3834,2024-12-04 17:22:56,857.86,15.24,1.84
3835,2024-12-04 17:22:56,858.07,15.24,1.84
3836,2024-12-04 17:22:56,858.27,15.24,1.84
3837,2024-12-04 17:22:57,858.50,15.24,1.84
3838,2024-12-04 17:22:57,858.71,15.24,1.84
3839,2024-12-04 17:22:57,858.93,15.24,1.84
3840,2024-12-04 17:22:57,859.15,15.24,1.84
3841,2024-12-04 17:22:57,859.36,15.24,1.84
3842,2024-12-04 17:22:58,859.59,15.24,1.84
3843,2024-12-04 17:22:58,859.80,15.24,1.84
3844,2024-12-04 17:22:58,860.01,15.24,1.84
3845,2024-12-04 17:22:58,860.22,15.24,1.84
3846,2024-12-04 17:22:59,860.43,15.24,1.84
3847,2024-12-04 17:22:59,860.66,15.24,1.84
3848,2024-12-04 17:22:59,860.87,15.24,1.84
3849,2024-12-04 17:22:59,861.09,15.24,1.84
3850,2024-12-04 17:22:59,861.31,15.24,1.84
3851,2024-12-04 17:23:00,861.53,15.24,1.84
3852,2024-12-04 17:23:00,861.76,15.24,1.84
3853,2024-12-04 17:23:00,861.97,15.24,1.84
3854,2024-12-04 17:23:00,862.18,15.24,1.84
3855,2024-12-04 17:23:01,862.41,15.24,1.84
3856,2024-12-04 17:23:01,862.61,15.24,1.84
3857,2024-12-04 17:23:01,862.83,15.24,1.84
3858,2024-12-04 17:23:01,863.05,15.24,1.84
3859,2024-12-04 17:23:01,863.27,15.24,1.84
3860,2024-12-04 17:23:02,863.48,15.24,1.84
3861,2024-12-04 17:23:02,863.70,15.24,1.84
3862,2024-12-04 17:23:02,863.91,15.24,1.84
3863,2024-12-04 17:23:02,864.13,15.24,1.84
3864,2024-12-04 17:23:02,864.35,15.24,1.84
3865,2024-12-04 17:23:03,864.57,15.24,1.84
3866,2024-12-04 17:23:03,864.78,15.24,1.84
3867,2024-12-04 17:23:03,864.99,15.24,1.84
3868,2024-12-04 17:23:03,865.20,15.24,1.84
3869,2024-12-04 17:23:04,865.42,15.24,1.84
3870,2024-12-04 17:23:04,865.63,15.24,1.84
3871,2024-12-04 17:23:04,865.85,15.24,1.84
3872,2024-12-04 17:23:04,866.06,15.24,1.84
3873,2024-12-04 17:23:04,866.28,15.24,1.84
3874,2024-12-04 17:23:05,866.48,15.24,1.84
3875,2024-12-04 17:23:05,866.70,15.24,1.84
3876,2024-12-04 17:23:05,866.92,15.24,1.84
3877,2024-12-04 17:23:05,867.13,15.24,1.84
3878,2024-12-04 17:23:05,867.34,15.24,1.84
3879,2024-12-04 17:23:06,867.56,15.24,1.84
3880,2024-12-04 17:23:06,867.78,15.24,1.84
3881,2024-12-04 17:23:06,868.00,15.24,1.84
3882,2024-12-04 17:23:06,868.21,15.24,1.84
3883,2024-12-04 17:23:07,868.43,15.24,1.84
3884,2024-12-04 17:23:07,868.65,15.24,1.84
3885,2024-12-04 17:23:07,868.87,15.24,1.84
3886,2024-12-04 17:23:07,869.09,15.24,1.84
3887,2024-12-04 17:23:07,869.31,15.24,1.84
3888,2024-12-04 17:23:08,869.53,15.24,1.84
3889,2024-12-04 17:23:08,869.74,15.24,1.84
3890,2024-12-04 17:23:08,869.96,15.24,1.84
3891,2024-12-04 17:23:08,870.19,15.24,1.84
3892,2024-12-04 17:23:09,870.41,15.24,1.84
3893,2024-12-04 17:23:09,870.63,15.24,1.84
3894,2024-12-04 17:23:09,870.85,15.24,1.84
3895,2024-12-04 17:23:09,871.07,15.24,1.84
3896,2024-12-04 17:23:09,871.30,15.24,1.84
3897,2024-12-04 17:23:10,871.51,15.24,1.84
3898,2024-12-04 17:23:10,871.72,15.24,1.84
3899,2024-12-04 17:23:10,871.92,15.24,1.84
3900,2024-12-04 17:23:10,872.14,15.24,1.84
3901,2024-12-04 17:23:10,872.35,15.24,1.84
3902,2024-12-04 17:23:11,872.57,15.24,1.84
3903,2024-12-04 17:23:11,872.79,15.24,1.84
3904,2024-12-04 17:23:11,873.02,15.24,1.84
3905,2024-12-04 17:23:11,873.24,15.24,1.84
3906,2024-12-04 17:23:12,873.46,15.24,1.84
3907,2024-12-04 17:23:12,873.67,15.24,1.84
3908,2024-12-04 17:23:12,873.88,15.24,1.84
3909,2024-12-04 17:23:12,874.09,15.24,1.84
3910,2024-12-04 17:23:12,874.31,15.24,1.84
3911,2024-12-04 17:23:13,874.54,15.24,1.84
3912,2024-12-04 17:23:13,874.76,15.24,1.84
3913,2024-12-04 17:23:13,874.97,15.24,1.84
3914,2024-12-04 17:23:13,875.19,15.24,1.84
3915,2024-12-04 17:23:14,875.41,15.24,1.84
3916,2024-12-04 17:23:14,875.62,15.24,1.84
3917,2024-12-04 17:23:14,875.84,15.24,1.84
3918,2024-12-04 17:23:14,876.06,15.24,1.84
3919,2024-12-04 17:23:14,876.26,15.24,1.84
3920,2024-12-04 17:23:15,876.47,15.24,1.84
3921,2024-12-04 17:23:15,876.69,15.24,1.84
3922,2024-12-04 17:23:15,876.91,15.24,1.84
3923,2024-12-04 17:23:15,877.11,15.24,1.84
3924,2024-12-04 17:23:15,877.33,15.24,1.84
3925,2024-12-04 17:23:16,877.54,15.24,1.84
3926,2024-12-04 17:23:16,877.75,15.24,1.84
3927,2024-12-04 17:23:16,877.97,15.24,1.84
3928,2024-12-04 17:23:16,878.18,15.24,1.84
3929,2024-12-04 17:23:17,878.40,15.24,1.84
3930,2024-12-04 17:23:17,878.61,15.24,1.84
3931,2024-12-04 17:23:17,878.83,15.24,1.84
3932,2024-12-04 17:23:17,879.05,15.24,1.84
3933,2024-12-04 17:23:17,879.26,15.24,1.84
3934,2024-12-04 17:23:18,879.48,15.24,1.84
3935,2024-12-04 17:23:18,879.70,15.24,1.84
3936,2024-12-04 17:23:18,879.92,15.24,1.84
3937,2024-12-04 17:23:18,880.14,15.24,1.84
3938,2024-12-04 17:23:18,880.35,15.24,1.84
3939,2024-12-04 17:23:19,880.57,15.24,1.84
3940,2024-12-04 17:23:19,880.79,15.24,1.84
3941,2024-12-04 17:23:19,881.00,15.24,1.84
3942,2024-12-04 17:23:19,881.21,15.24,1.84
3943,2024-12-04 17:23:20,881.43,15.24,1.84
3944,2024-12-04 17:23:20,881.65,15.24,1.84
3945,2024-12-04 17:23:20,881.86,15.24,1.84
3946,2024-12-04 17:23:20,882.07,15.24,1.84
3947,2024-12-04 17:23:20,882.29,15.24,1.84
3948,2024-12-04 17:23:21,882.49,15.24,1.84
3949,2024-12-04 17:23:21,882.72,15.24,1.84
3950,2024-12-04 17:23:21,882.94,15.24,1.84
3951,2024-12-04 17:23:21,883.16,15.24,1.84
3952,2024-12-04 17:23:21,883.38,15.24,1.84
3953,2024-12-04 17:23:22,883.59,15.24,1.84
3954,2024-12-04 17:23:22,883.81,15.24,1.84
3955,2024-12-04 17:23:22,884.02,15.24,1.84
3956,2024-12-04 17:23:22,884.23,15.24,1.84
3957,2024-12-04 17:23:23,884.44,15.24,1.84
3958,2024-12-04 17:23:23,884.65,15.24,1.84
3959,2024-12-04 17:23:23,884.87,15.24,1.84
3960,2024-12-04 17:23:23,885.08,15.24,1.84
3961,2024-12-04 17:23:23,885.30,15.24,1.84
3962,2024-12-04 17:23:24,885.52,15.24,1.84
3963,2024-12-04 17:23:24,885.73,15.24,1.84
3964,2024-12-04 17:23:24,885.95,15.24,1.84
3965,2024-12-04 17:23:24,886.15,15.24,1.84
3966,2024-12-04 17:23:24,886.37,15.24,1.84
3967,2024-12-04 17:23:25,886.59,15.24,1.84
3968,2024-12-04 17:23:25,886.81,15.24,1.84
3969,2024-12-04 17:23:25,887.03,15.24,1.84
3970,2024-12-04 17:23:25,887.25,15.24,1.84
3971,2024-12-04 17:23:26,887.48,15.24,1.84
3972,2024-12-04 17:23:26,887.70,15.24,1.84
3973,2024-12-04 17:23:26,887.91,15.24,1.84
3974,2024-12-04 17:23:26,888.12,15.24,1.84
3975,2024-12-04 17:23:26,888.33,15.24,1.84
3976,2024-12-04 17:23:27,888.55,15.24,1.84
3977,2024-12-04 17:23:27,888.77,15.24,1.84
3978,2024-12-04 17:23:27,888.98,15.24,1.84
3979,2024-12-04 17:23:27,889.21,15.24,1.84
3980,2024-12-04 17:23:28,889.43,15.24,1.84
3981,2024-12-04 17:23:28,889.64,15.24,1.84
3982,2024-12-04 17:23:28,889.85,15.24,1.84
3983,2024-12-04 17:23:28,890.05,15.24,1.84
3984,2024-12-04 17:23:28,890.26,15.24,1.84
3985,2024-12-04 17:23:29,890.47,15.24,1.84
3986,2024-12-04 17:23:29,890.68,15.24,1.84
3987,2024-12-04 17:23:29,890.89,15.24,1.84
3988,2024-12-04 17:23:29,891.11,15.24,1.84
3989,2024-12-04 17:23:29,891.33,15.24,1.84
3990,2024-12-04 17:23:30,891.55,15.24,1.84
3991,2024-12-04 17:23:30,891.77,15.24,1.84
3992,2024-12-04 17:23:30,891.97,15.24,1.84
3993,2024-12-04 17:23:30,892.18,15.24,1.84
3994,2024-12-04 17:23:31,892.39,15.24,1.84
3995,2024-12-04 17:23:31,892.61,15.24,1.84
3996,2024-12-04 17:23:31,892.83,15.24,1.84
3997,2024-12-04 17:23:31,893.05,15.24,1.84
3998,2024-12-04 17:23:31,893.26,15.24,1.84
3999,2024-12-04 17:23:32,893.48,15.24,1.84
4000,2024-12-04 17:23:32,893.71,15.24,1.84
4001,2024-12-04 17:23:32,893.92,15.24,1.84
4002,2024-12-04 17:23:32,894.14,15.24,1.84
4003,2024-12-04 17:23:32,894.36,15.24,1.84
4004,2024-12-04 17:23:33,894.59,15.24,1.84
4005,2024-12-04 17:23:33,894.81,15.24,1.84
4006,2024-12-04 17:23:33,895.02,15.24,1.84
4007,2024-12-04 17:23:33,895.23,15.24,1.84
4008,2024-12-04 17:23:34,895.45,15.24,1.84
4009,2024-12-04 17:23:34,895.67,15.24,1.84
4010,2024-12-04 17:23:34,895.88,15.24,1.84
4011,2024-12-04 17:23:34,896.10,15.24,1.84
4012,2024-12-04 17:23:34,896.30,15.24,1.84
4013,2024-12-04 17:23:35,896.51,15.24,1.84
4014,2024-12-04 17:23:35,896.73,15.24,1.84
4015,2024-12-04 17:23:35,896.95,15.24,1.84
4016,2024-12-04 17:23:35,897.17,15.24,1.84
4017,2024-12-04 17:23:35,897.37,15.24,1.84
4018,2024-12-04 17:23:36,897.59,15.24,1.84
4019,2024-12-04 17:23:36,897.81,15.24,1.84
4020,2024-12-04 17:23:36,898.03,15.24,1.84
4021,2024-12-04 17:23:36,898.24,15.24,1.84
4022,2024-12-04 17:23:37,898.46,15.24,1.84
4023,2024-12-04 17:23:37,898.68,15.24,1.84
4024,2024-12-04 17:23:37,898.90,15.24,1.84
4025,2024-12-04 17:23:37,899.12,15.24,1.84
4026,2024-12-04 17:23:37,899.34,15.24,1.84
4027,2024-12-04 17:23:38,899.55,15.24,1.84
4028,2024-12-04 17:23:38,899.76,15.24,1.84
4029,2024-12-04 17:23:38,899.98,15.24,1.84
4030,2024-12-04 17:23:38,900.20,15.24,1.84
4031,2024-12-04 17:23:39,900.41,15.24,1.84
4032,2024-12-04 17:23:39,900.61,15.24,1.84
4033,2024-12-04 17:23:39,900.83,15.24,1.84
4034,2024-12-04 17:23:39,901.04,15.24,1.84
4035,2024-12-04 17:23:39,901.26,15.24,1.84
4036,2024-12-04 17:23:40,901.46,15.24,1.84
4037,2024-12-04 17:23:40,901.67,15.24,1.84
4038,2024-12-04 17:23:40,901.89,15.24,1.84
4039,2024-12-04 17:23:40,902.11,15.24,1.84
4040,2024-12-04 17:23:40,902.32,15.24,1.84
4041,2024-12-04 17:23:41,902.54,15.24,1.84
4042,2024-12-04 17:23:41,902.74,15.24,1.84
4043,2024-12-04 17:23:41,902.97,15.24,1.84
4044,2024-12-04 17:23:41,903.19,15.24,1.84
4045,2024-12-04 17:23:42,903.41,15.24,1.84
4046,2024-12-04 17:23:42,903.61,15.24,1.84
4047,2024-12-04 17:23:42,903.83,15.24,1.84
4048,2024-12-04 17:23:42,904.06,15.24,1.84
4049,2024-12-04 17:23:42,904.28,15.24,1.84
4050,2024-12-04 17:23:43,904.51,15.24,1.84
4051,2024-12-04 17:23:43,904.72,15.24,1.84
4052,2024-12-04 17:23:43,904.95,15.24,1.84
4053,2024-12-04 17:23:43,905.17,15.24,1.84
4054,2024-12-04 17:23:44,905.39,15.24,1.84
4055,2024-12-04 17:23:44,905.61,15.24,1.84
4056,2024-12-04 17:23:44,905.83,15.24,1.84
4057,2024-12-04 17:23:44,906.06,15.24,1.84
4058,2024-12-04 17:23:44,906.28,15.24,1.84
4059,2024-12-04 17:23:45,906.51,15.24,1.84
4060,2024-12-04 17:23:45,906.70,15.24,1.84
4061,2024-12-04 17:23:45,906.91,15.24,1.84
4062,2024-12-04 17:23:45,907.12,15.24,1.84
4063,2024-12-04 17:23:45,907.34,15.24,1.84
4064,2024-12-04 17:23:46,907.56,15.24,1.84
4065,2024-12-04 17:23:46,907.78,15.24,1.84
4066,2024-12-04 17:23:46,908.01,15.24,1.84
4067,2024-12-04 17:23:46,908.22,15.24,1.84
4068,2024-12-04 17:23:47,908.43,15.24,1.84
4069,2024-12-04 17:23:47,908.66,15.24,1.84
4070,2024-12-04 17:23:47,908.88,15.24,1.84
4071,2024-12-04 17:23:47,909.10,15.24,1.84
4072,2024-12-04 17:23:47,909.33,15.24,1.84
4073,2024-12-04 17:23:48,909.54,15.24,1.84
4074,2024-12-04 17:23:48,909.76,15.24,1.84
4075,2024-12-04 17:23:48,909.98,15.24,1.84
4076,2024-12-04 17:23:48,910.20,15.24,1.84
4077,2024-12-04 17:23:49,910.41,15.24,1.84
4078,2024-12-04 17:23:49,910.62,15.24,1.84
4079,2024-12-04 17:23:49,910.82,15.24,1.84
4080,2024-12-04 17:23:49,911.04,15.24,1.84
4081,2024-12-04 17:23:49,911.27,15.24,1.84
4082,2024-12-04 17:23:50,911.49,15.24,1.84
4083,2024-12-04 17:23:50,911.71,15.24,1.84
4084,2024-12-04 17:23:50,911.93,15.24,1.84
4085,2024-12-04 17:23:50,912.15,15.24,1.84
4086,2024-12-04 17:23:50,912.35,15.24,1.84
4087,2024-12-04 17:23:51,912.57,15.24,1.84
4088,2024-12-04 17:23:51,912.80,15.24,1.84
4089,2024-12-04 17:23:51,913.02,15.24,1.84
4090,2024-12-04 17:23:51,913.24,15.24,1.84
4091,2024-12-04 17:23:52,913.45,15.24,1.84
4092,2024-12-04 17:23:52,913.68,15.24,1.84
4093,2024-12-04 17:23:52,913.90,15.24,1.84
4094,2024-12-04 17:23:52,914.12,15.24,1.84
4095,2024-12-04 17:23:52,914.33,15.24,1.84
4096,2024-12-04 17:23:53,914.55,15.24,1.84
4097,2024-12-04 17:23:53,914.77,15.24,1.84
4098,2024-12-04 17:23:53,914.99,15.24,1.84
4099,2024-12-04 17:23:53,915.19,15.24,1.84
4100,2024-12-04 17:23:54,915.41,15.24,1.84
4101,2024-12-04 17:23:54,915.63,15.24,1.84
4102,2024-12-04 17:23:54,915.85,15.24,1.84
4103,2024-12-04 17:23:54,916.07,15.24,1.84
4104,2024-12-04 17:23:54,916.29,15.24,1.84
4105,2024-12-04 17:23:55,916.51,15.24,1.84
4106,2024-12-04 17:23:55,916.72,15.24,1.84
4107,2024-12-04 17:23:55,916.94,15.24,1.84
4108,2024-12-04 17:23:55,917.16,15.24,1.84
4109,2024-12-04 17:23:55,917.38,15.24,1.84
4110,2024-12-04 17:23:56,917.59,15.24,1.84
4111,2024-12-04 17:23:56,917.81,15.24,1.84
4112,2024-12-04 17:23:56,918.03,15.24,1.84
4113,2024-12-04 17:23:56,918.26,15.24,1.84
4114,2024-12-04 17:23:57,918.48,15.24,1.84
4115,2024-12-04 17:23:57,918.70,15.24,1.84
4116,2024-12-04 17:23:57,918.92,15.24,1.84
4117,2024-12-04 17:23:57,919.15,15.24,1.84
4118,2024-12-04 17:23:57,919.37,15.24,1.84
4119,2024-12-04 17:23:58,919.59,15.24,1.84
4120,2024-12-04 17:23:58,919.81,15.24,1.84
4121,2024-12-04 17:23:58,920.02,15.24,1.84
4122,2024-12-04 17:23:58,920.22,15.24,1.84
4123,2024-12-04 17:23:59,920.44,15.24,1.84
4124,2024-12-04 17:23:59,920.66,15.24,1.84
4125,2024-12-04 17:23:59,920.89,15.24,1.84
4126,2024-12-04 17:23:59,921.09,15.24,1.84
4127,2024-12-04 17:23:59,921.31,15.24,1.84
4128,2024-12-04 17:24:00,921.53,15.24,1.84
4129,2024-12-04 17:24:00,921.74,15.24,1.84
4130,2024-12-04 17:24:00,921.95,15.24,1.84
4131,2024-12-04 17:24:00,922.16,15.24,1.84
4132,2024-12-04 17:24:00,922.37,15.24,1.84
4133,2024-12-04 17:24:01,922.59,15.24,1.84
4134,2024-12-04 17:24:01,922.81,15.24,1.84
4135,2024-12-04 17:24:01,923.03,15.24,1.84
4136,2024-12-04 17:24:01,923.25,15.24,1.84
4137,2024-12-04 17:24:02,923.46,15.24,1.84
4138,2024-12-04 17:24:02,923.66,15.24,1.84
4139,2024-12-04 17:24:02,923.86,15.24,1.84
4140,2024-12-04 17:24:02,924.08,15.24,1.84
4141,2024-12-04 17:24:02,924.29,15.24,1.84
4142,2024-12-04 17:24:03,924.51,15.24,1.84
4143,2024-12-04 17:24:03,924.71,15.24,1.84
4144,2024-12-04 17:24:03,924.92,15.24,1.84
4145,2024-12-04 17:24:03,925.15,15.24,1.84
4146,2024-12-04 17:24:03,925.37,15.24,1.84
4147,2024-12-04 17:24:04,925.59,15.24,1.84
4148,2024-12-04 17:24:04,925.81,15.24,1.84
4149,2024-12-04 17:24:04,926.02,15.24,1.84
4150,2024-12-04 17:24:04,926.23,15.24,1.84
4151,2024-12-04 17:24:05,926.45,15.24,1.84
4152,2024-12-04 17:24:05,926.67,15.24,1.84
4153,2024-12-04 17:24:05,926.89,15.24,1.84
4154,2024-12-04 17:24:05,927.11,15.24,1.84
4155,2024-12-04 17:24:05,927.33,15.24,1.84
4156,2024-12-04 17:24:06,927.55,15.24,1.84
4157,2024-12-04 17:24:06,927.77,15.24,1.84
4158,2024-12-04 17:24:06,927.98,15.24,1.84
4159,2024-12-04 17:24:06,928.20,15.24,1.84
4160,2024-12-04 17:24:07,928.42,15.24,1.84
4161,2024-12-04 17:24:07,928.64,15.24,1.84
4162,2024-12-04 17:24:07,928.84,15.24,1.84
4163,2024-12-04 17:24:07,929.06,15.24,1.84
4164,2024-12-04 17:24:07,929.26,15.24,1.84
4165,2024-12-04 17:24:08,929.48,15.24,1.84
4166,2024-12-04 17:24:08,929.70,15.24,1.84
4167,2024-12-04 17:24:08,929.92,15.24,1.84
4168,2024-12-04 17:24:08,930.13,15.24,1.84
4169,2024-12-04 17:24:08,930.35,15.24,1.84
4170,2024-12-04 17:24:09,930.58,15.24,1.84
4171,2024-12-04 17:24:09,930.79,15.24,1.84
4172,2024-12-04 17:24:09,931.01,15.24,1.84
4173,2024-12-04 17:24:09,931.22,15.24,1.84
4174,2024-12-04 17:24:10,931.42,15.24,1.84
4175,2024-12-04 17:24:10,931.63,15.24,1.84
4176,2024-12-04 17:24:10,931.86,15.24,1.84
4177,2024-12-04 17:24:10,932.08,15.24,1.84
4178,2024-12-04 17:24:10,932.30,15.24,1.84
4179,2024-12-04 17:24:11,932.52,15.24,1.84
4180,2024-12-04 17:24:11,932.74,15.24,1.84
4181,2024-12-04 17:24:11,932.95,15.24,1.84
4182,2024-12-04 17:24:11,933.15,15.24,1.84
4183,2024-12-04 17:24:11,933.36,15.24,1.84
4184,2024-12-04 17:24:12,933.56,15.24,1.84
4185,2024-12-04 17:24:12,933.78,15.24,1.84
4186,2024-12-04 17:24:12,934.00,15.24,1.84
4187,2024-12-04 17:24:12,934.22,15.24,1.84
4188,2024-12-04 17:24:13,934.44,15.24,1.84
4189,2024-12-04 17:24:13,934.65,15.24,1.84
4190,2024-12-04 17:24:13,934.85,15.24,1.84
4191,2024-12-04 17:24:13,935.07,15.24,1.84
4192,2024-12-04 17:24:13,935.28,15.24,1.84
4193,2024-12-04 17:24:14,935.49,15.24,1.84
4194,2024-12-04 17:24:14,935.70,15.24,1.84
4195,2024-12-04 17:24:14,935.91,15.24,1.84
4196,2024-12-04 17:24:14,936.13,15.24,1.84
4197,2024-12-04 17:24:14,936.33,15.24,1.84
4198,2024-12-04 17:24:15,936.55,15.24,1.84
4199,2024-12-04 17:24:15,936.78,15.24,1.84
4200,2024-12-04 17:24:15,936.99,15.24,1.84
4201,2024-12-04 17:24:15,937.19,15.24,1.84
4202,2024-12-04 17:24:16,937.40,15.24,1.84
4203,2024-12-04 17:24:16,937.61,15.24,1.84
4204,2024-12-04 17:24:16,937.82,15.24,1.84
4205,2024-12-04 17:24:16,938.03,15.24,1.84
4206,2024-12-04 17:24:16,938.26,15.24,1.84
4207,2024-12-04 17:24:17,938.48,15.24,1.84
4208,2024-12-04 17:24:17,938.70,15.24,1.84
4209,2024-12-04 17:24:17,938.92,15.24,1.84
4210,2024-12-04 17:24:17,939.14,15.24,1.84
4211,2024-12-04 17:24:17,939.35,15.24,1.84
4212,2024-12-04 17:24:18,939.57,15.24,1.84
4213,2024-12-04 17:24:18,939.80,15.24,1.84
4214,2024-12-04 17:24:18,940.02,15.24,1.84
4215,2024-12-04 17:24:18,940.24,15.24,1.84
4216,2024-12-04 17:24:19,940.46,15.24,1.84
4217,2024-12-04 17:24:19,940.68,15.24,1.84
4218,2024-12-04 17:24:19,940.90,15.24,1.84
4219,2024-12-04 17:24:19,941.11,15.24,1.84
4220,2024-12-04 17:24:19,941.30,15.24,1.84
4221,2024-12-04 17:24:20,941.53,15.24,1.84
4222,2024-12-04 17:24:20,941.73,15.24,1.84
4223,2024-12-04 17:24:20,941.95,15.24,1.84
4224,2024-12-04 17:24:20,942.17,15.24,1.84
4225,2024-12-04 17:24:21,942.38,15.24,1.84
4226,2024-12-04 17:24:21,942.60,15.24,1.84
4227,2024-12-04 17:24:21,942.83,15.24,1.84
4228,2024-12-04 17:24:21,943.04,15.24,1.84
4229,2024-12-04 17:24:21,943.26,15.24,1.84
4230,2024-12-04 17:24:22,943.47,15.24,1.84
4231,2024-12-04 17:24:22,943.67,15.24,1.84
4232,2024-12-04 17:24:22,943.90,15.24,1.84
4233,2024-12-04 17:24:22,944.13,15.24,1.84
4234,2024-12-04 17:24:22,944.35,15.24,1.84
4235,2024-12-04 17:24:23,944.57,15.24,1.84
4236,2024-12-04 17:24:23,944.79,15.24,1.84
4237,2024-12-04 17:24:23,945.00,15.24,1.84
4238,2024-12-04 17:24:23,945.22,15.24,1.84
4239,2024-12-04 17:24:24,945.42,15.24,1.84
4240,2024-12-04 17:24:24,945.64,15.24,1.84
4241,2024-12-04 17:24:24,945.86,15.24,1.84
4242,2024-12-04 17:24:24,946.07,15.24,1.84
4243,2024-12-04 17:24:24,946.29,15.24,1.84
4244,2024-12-04 17:24:25,946.51,15.24,1.84
4245,2024-12-04 17:24:25,946.73,15.24,1.84
4246,2024-12-04 17:24:25,946.94,15.24,1.84
4247,2024-12-04 17:24:25,947.16,15.24,1.84
4248,2024-12-04 17:24:25,947.38,15.24,1.84
4249,2024-12-04 17:24:26,947.59,15.24,1.84
4250,2024-12-04 17:24:26,947.81,15.24,1.84
4251,2024-12-04 17:24:26,948.03,15.24,1.84
4252,2024-12-04 17:24:26,948.24,15.24,1.84
4253,2024-12-04 17:24:27,948.46,15.24,1.84
4254,2024-12-04 17:24:27,948.67,15.24,1.84
4255,2024-12-04 17:24:27,948.89,15.24,1.84
4256,2024-12-04 17:24:27,949.10,15.24,1.84
4257,2024-12-04 17:24:27,949.31,15.24,1.84
4258,2024-12-04 17:24:28,949.52,15.24,1.84
4259,2024-12-04 17:24:28,949.74,15.24,1.84
4260,2024-12-04 17:24:28,949.95,15.24,1.84
4261,2024-12-04 17:24:28,950.16,15.24,1.84
4262,2024-12-04 17:24:28,950.38,15.24,1.84
4263,2024-12-04 17:24:29,950.58,15.24,1.84
4264,2024-12-04 17:24:29,950.80,15.24,1.84
4265,2024-12-04 17:24:29,951.01,15.24,1.84
4266,2024-12-04 17:24:29,951.23,15.24,1.84
4267,2024-12-04 17:24:30,951.45,15.24,1.84
4268,2024-12-04 17:24:30,951.67,15.24,1.84
4269,2024-12-04 17:24:30,951.89,15.24,1.84
4270,2024-12-04 17:24:30,952.11,15.24,1.84
4271,2024-12-04 17:24:30,952.32,15.24,1.84
4272,2024-12-04 17:24:31,952.52,15.24,1.84
4273,2024-12-04 17:24:31,952.74,15.24,1.84
4274,2024-12-04 17:24:31,952.94,15.24,1.84
4275,2024-12-04 17:24:31,953.15,15.24,1.84
4276,2024-12-04 17:24:31,953.36,15.24,1.84
4277,2024-12-04 17:24:32,953.58,15.24,1.84
4278,2024-12-04 17:24:32,953.80,15.24,1.84
4279,2024-12-04 17:24:32,954.01,15.24,1.84
4280,2024-12-04 17:24:32,954.21,15.24,1.84
4281,2024-12-04 17:24:33,954.43,15.24,1.84
4282,2024-12-04 17:24:33,954.65,15.24,1.84
4283,2024-12-04 17:24:33,954.87,15.24,1.84
4284,2024-12-04 17:24:33,955.08,15.24,1.84
4285,2024-12-04 17:24:33,955.30,15.24,1.84
4286,2024-12-04 17:24:34,955.52,15.24,1.84
4287,2024-12-04 17:24:34,955.73,15.24,1.84
4288,2024-12-04 17:24:34,955.96,15.24,1.84
4289,2024-12-04 17:24:34,956.18,15.24,1.84
4290,2024-12-04 17:24:35,956.41,15.24,1.84
4291,2024-12-04 17:24:35,956.63,15.24,1.84
4292,2024-12-04 17:24:35,956.85,15.24,1.84
4293,2024-12-04 17:24:35,957.07,15.24,1.84
4294,2024-12-04 17:24:35,957.29,15.24,1.84
4295,2024-12-04 17:24:36,957.51,15.24,1.84
4296,2024-12-04 17:24:36,957.72,15.24,1.84
4297,2024-12-04 17:24:36,957.94,15.24,1.84
4298,2024-12-04 17:24:36,958.16,15.24,1.84
4299,2024-12-04 17:24:36,958.38,15.24,1.84
4300,2024-12-04 17:24:37,958.59,15.24,1.84
4301,2024-12-04 17:24:37,958.81,15.24,1.84
4302,2024-12-04 17:24:37,959.03,15.24,1.84
4303,2024-12-04 17:24:37,959.23,15.24,1.84
4304,2024-12-04 17:24:38,959.47,15.24,1.84
4305,2024-12-04 17:24:38,959.68,15.24,1.84
4306,2024-12-04 17:24:38,959.88,15.24,1.84
4307,2024-12-04 17:24:38,960.10,15.24,1.84
4308,2024-12-04 17:24:38,960.31,15.24,1.84
4309,2024-12-04 17:24:39,960.52,15.24,1.84
4310,2024-12-04 17:24:39,960.74,15.24,1.84
4311,2024-12-04 17:24:39,960.96,15.24,1.84
4312,2024-12-04 17:24:39,961.18,15.24,1.84
4313,2024-12-04 17:24:40,961.40,15.24,1.84
4314,2024-12-04 17:24:40,961.61,15.24,1.84
4315,2024-12-04 17:24:40,961.81,15.24,1.84
4316,2024-12-04 17:24:40,962.03,15.24,1.84
4317,2024-12-04 17:24:40,962.26,15.24,1.84
4318,2024-12-04 17:24:41,962.48,15.24,1.84
4319,2024-12-04 17:24:41,962.69,15.24,1.84
4320,2024-12-04 17:24:41,962.90,15.24,1.84
4321,2024-12-04 17:24:41,963.12,15.24,1.84
4322,2024-12-04 17:24:41,963.33,15.24,1.84
4323,2024-12-04 17:24:42,963.55,15.24,1.84
4324,2024-12-04 17:24:42,963.77,15.24,1.84
4325,2024-12-04 17:24:42,963.98,15.24,1.84
4326,2024-12-04 17:24:42,964.18,15.24,1.84
4327,2024-12-04 17:24:43,964.40,15.24,1.84
4328,2024-12-04 17:24:43,964.61,15.24,1.84
4329,2024-12-04 17:24:43,964.81,15.24,1.84
4330,2024-12-04 17:24:43,965.04,15.24,1.84
4331,2024-12-04 17:24:43,965.25,15.24,1.84
4332,2024-12-04 17:24:44,965.47,15.24,1.84
4333,2024-12-04 17:24:44,965.68,15.24,1.84
4334,2024-12-04 17:24:44,965.89,15.24,1.84
4335,2024-12-04 17:24:44,966.11,15.24,1.84
4336,2024-12-04 17:24:44,966.33,15.24,1.84
4337,2024-12-04 17:24:45,966.55,15.24,1.84
4338,2024-12-04 17:24:45,966.76,15.24,1.84
4339,2024-12-04 17:24:45,966.98,15.24,1.84
4340,2024-12-04 17:24:45,967.20,15.24,1.84
4341,2024-12-04 17:24:46,967.40,15.24,1.84
4342,2024-12-04 17:24:46,967.61,15.24,1.84
4343,2024-12-04 17:24:46,967.82,15.24,1.84
4344,2024-12-04 17:24:46,968.04,15.24,1.84
4345,2024-12-04 17:24:46,968.26,15.24,1.84
4346,2024-12-04 17:24:47,968.48,15.24,1.84
4347,2024-12-04 17:24:47,968.70,15.24,1.84
4348,2024-12-04 17:24:47,968.91,15.24,1.84
4349,2024-12-04 17:24:47,969.13,15.24,1.84
4350,2024-12-04 17:24:47,969.34,15.24,1.84
4351,2024-12-04 17:24:48,969.55,15.24,1.84
4352,2024-12-04 17:24:48,969.77,15.24,1.84
4353,2024-12-04 17:24:48,969.98,15.24,1.84
4354,2024-12-04 17:24:48,970.19,15.24,1.84
4355,2024-12-04 17:24:49,970.40,15.24,1.84
4356,2024-12-04 17:24:49,970.62,15.24,1.84
4357,2024-12-04 17:24:49,970.83,15.24,1.84
4358,2024-12-04 17:24:49,971.05,15.24,1.84
4359,2024-12-04 17:24:49,971.26,15.24,1.84
4360,2024-12-04 17:24:50,971.47,15.24,1.84
4361,2024-12-04 17:24:50,971.68,15.24,1.84
4362,2024-12-04 17:24:50,971.90,15.24,1.84
4363,2024-12-04 17:24:50,972.12,15.24,1.84
4364,2024-12-04 17:24:50,972.32,15.24,1.84
4365,2024-12-04 17:24:51,972.54,15.24,1.84
4366,2024-12-04 17:24:51,972.75,15.24,1.84
4367,2024-12-04 17:24:51,972.98,15.24,1.84
4368,2024-12-04 17:24:51,973.19,15.24,1.84
4369,2024-12-04 17:24:52,973.41,15.24,1.84
4370,2024-12-04 17:24:52,973.63,15.24,1.84
4371,2024-12-04 17:24:52,973.84,15.24,1.84
4372,2024-12-04 17:24:52,974.05,15.24,1.84
4373,2024-12-04 17:24:52,974.25,15.24,1.84
4374,2024-12-04 17:24:53,974.47,15.24,1.84
4375,2024-12-04 17:24:53,974.68,15.24,1.84
4376,2024-12-04 17:24:53,974.90,15.24,1.84
4377,2024-12-04 17:24:53,975.12,15.24,1.84
4378,2024-12-04 17:24:53,975.33,15.24,1.84
4379,2024-12-04 17:24:54,975.55,15.24,1.84
4380,2024-12-04 17:24:54,975.77,15.24,1.84
4381,2024-12-04 17:24:54,975.98,15.24,1.84
4382,2024-12-04 17:24:54,976.19,15.24,1.84
4383,2024-12-04 17:24:55,976.41,15.24,1.84
4384,2024-12-04 17:24:55,976.61,15.24,1.84
4385,2024-12-04 17:24:55,976.82,15.24,1.84
4386,2024-12-04 17:24:55,977.04,15.24,1.84
4387,2024-12-04 17:24:55,977.25,15.24,1.84
4388,2024-12-04 17:24:56,977.45,15.24,1.84
4389,2024-12-04 17:24:56,977.66,15.24,1.84
4390,2024-12-04 17:24:56,977.87,15.24,1.84
4391,2024-12-04 17:24:56,978.08,15.24,1.84
4392,2024-12-04 17:24:56,978.28,15.24,1.84
4393,2024-12-04 17:24:57,978.48,15.24,1.84
4394,2024-12-04 17:24:57,978.70,15.24,1.84
4395,2024-12-04 17:24:57,978.92,15.24,1.84
4396,2024-12-04 17:24:57,979.14,15.24,1.84
4397,2024-12-04 17:24:57,979.35,15.24,1.84
4398,2024-12-04 17:24:58,979.58,15.24,1.84
4399,2024-12-04 17:24:58,979.80,15.24,1.84
4400,2024-12-04 17:24:58,980.01,15.24,1.84
4401,2024-12-04 17:24:58,980.23,15.24,1.84
4402,2024-12-04 17:24:59,980.45,15.24,1.84
4403,2024-12-04 17:24:59,980.67,15.24,1.84
4404,2024-12-04 17:24:59,980.90,15.24,1.84
4405,2024-12-04 17:24:59,981.11,15.24,1.84
4406,2024-12-04 17:24:59,981.33,15.24,1.84
4407,2024-12-04 17:25:00,981.56,15.24,1.84
4408,2024-12-04 17:25:00,981.77,15.24,1.84
4409,2024-12-04 17:25:00,981.99,15.24,1.84
4410,2024-12-04 17:25:00,982.21,15.24,1.84
4411,2024-12-04 17:25:01,982.42,15.24,1.84
4412,2024-12-04 17:25:01,982.63,15.24,1.84
4413,2024-12-04 17:25:01,982.84,15.24,1.84
4414,2024-12-04 17:25:01,983.06,15.24,1.84
4415,2024-12-04 17:25:01,983.28,15.24,1.84
4416,2024-12-04 17:25:02,983.48,15.24,1.84
4417,2024-12-04 17:25:02,983.70,15.24,1.84
4418,2024-12-04 17:25:02,983.91,15.24,1.84
4419,2024-12-04 17:25:02,984.13,15.24,1.84
4420,2024-12-04 17:25:02,984.33,15.24,1.84
4421,2024-12-04 17:25:03,984.54,15.24,1.84
4422,2024-12-04 17:25:03,984.78,15.24,1.84
4423,2024-12-04 17:25:03,985.00,15.24,1.84
4424,2024-12-04 17:25:03,985.20,15.24,1.84
4425,2024-12-04 17:25:04,985.42,15.24,1.84
4426,2024-12-04 17:25:04,985.63,15.24,1.84
4427,2024-12-04 17:25:04,985.85,15.24,1.84
4428,2024-12-04 17:25:04,986.07,15.24,1.84
4429,2024-12-04 17:25:04,986.27,15.24,1.84
4430,2024-12-04 17:25:05,986.49,15.24,1.84
4431,2024-12-04 17:25:05,986.69,15.24,1.84
4432,2024-12-04 17:25:05,986.91,15.24,1.84
4433,2024-12-04 17:25:05,987.13,15.24,1.84
4434,2024-12-04 17:25:05,987.34,15.24,1.84
4435,2024-12-04 17:25:06,987.56,15.24,1.84
4436,2024-12-04 17:25:06,987.77,15.24,1.84
4437,2024-12-04 17:25:06,987.99,15.24,1.84
4438,2024-12-04 17:25:06,988.19,15.24,1.84
4439,2024-12-04 17:25:07,988.41,15.24,1.84
4440,2024-12-04 17:25:07,988.61,15.24,1.84
4441,2024-12-04 17:25:07,988.84,15.24,1.84
4442,2024-12-04 17:25:07,989.05,15.24,1.84
4443,2024-12-04 17:25:07,989.26,15.24,1.84
4444,2024-12-04 17:25:08,989.47,15.24,1.84
4445,2024-12-04 17:25:08,989.69,15.24,1.84
4446,2024-12-04 17:25:08,989.91,15.24,1.84
4447,2024-12-04 17:25:08,990.12,15.24,1.84
4448,2024-12-04 17:25:08,990.33,15.24,1.84
4449,2024-12-04 17:25:09,990.55,15.24,1.84
4450,2024-12-04 17:25:09,990.77,15.24,1.84
4451,2024-12-04 17:25:09,990.99,15.24,1.84
4452,2024-12-04 17:25:09,991.20,15.24,1.84
4453,2024-12-04 17:25:10,991.41,15.24,1.84
4454,2024-12-04 17:25:10,991.63,15.24,1.84
4455,2024-12-04 17:25:10,991.84,15.24,1.84
4456,2024-12-04 17:25:10,992.05,15.24,1.84
4457,2024-12-04 17:25:10,992.26,15.24,1.84
4458,2024-12-04 17:25:11,992.48,15.24,1.84
4459,2024-12-04 17:25:11,992.70,15.24,1.84
4460,2024-12-04 17:25:11,992.92,15.24,1.84
4461,2024-12-04 17:25:11,993.16,15.24,1.84
4462,2024-12-04 17:25:11,993.37,15.24,1.84
4463,2024-12-04 17:25:12,993.58,15.24,1.84
4464,2024-12-04 17:25:12,993.80,15.24,1.84
4465,2024-12-04 17:25:12,994.01,15.24,1.84
4466,2024-12-04 17:25:12,994.22,15.24,1.84
4467,2024-12-04 17:25:13,994.44,15.24,1.84
4468,2024-12-04 17:25:13,994.64,15.24,1.84
4469,2024-12-04 17:25:13,994.86,15.24,1.84
4470,2024-12-04 17:25:13,995.08,15.24,1.84
4471,2024-12-04 17:25:13,995.30,15.24,1.84
4472,2024-12-04 17:25:14,995.50,15.24,1.84
4473,2024-12-04 17:25:14,995.71,15.24,1.84
4474,2024-12-04 17:25:14,995.93,15.24,1.84
4475,2024-12-04 17:25:14,996.15,15.24,1.84
4476,2024-12-04 17:25:14,996.38,15.24,1.84
4477,2024-12-04 17:25:15,996.59,15.24,1.84
4478,2024-12-04 17:25:15,996.81,15.24,1.84
4479,2024-12-04 17:25:15,997.02,15.24,1.84
4480,2024-12-04 17:25:15,997.25,15.24,1.84
4481,2024-12-04 17:25:16,997.47,15.24,1.84
4482,2024-12-04 17:25:16,997.69,15.24,1.84
4483,2024-12-04 17:25:16,997.91,15.24,1.84
4484,2024-12-04 17:25:16,998.12,15.24,1.84
4485,2024-12-04 17:25:16,998.34,15.24,1.84
4486,2024-12-04 17:25:17,998.56,15.24,1.84
4487,2024-12-04 17:25:17,998.78,15.24,1.84
4488,2024-12-04 17:25:17,998.98,15.24,1.84
4489,2024-12-04 17:25:17,999.20,15.24,1.84
4490,2024-12-04 17:25:18,999.42,15.24,1.84
4491,2024-12-04 17:25:18,999.63,15.24,1.84
4492,2024-12-04 17:25:18,999.85,15.24,1.84
4493,2024-12-04 17:25:18,1000.07,15.24,1.84
4494,2024-12-04 17:25:18,1000.28,15.24,1.84
4495,2024-12-04 17:25:19,1000.51,15.24,1.84
4496,2024-12-04 17:25:19,1000.71,15.24,1.84
4497,2024-12-04 17:25:19,1000.93,15.24,1.84
4498,2024-12-04 17:25:19,1001.14,15.24,1.84
4499,2024-12-04 17:25:19,1001.36,15.24,1.84
4500,2024-12-04 17:25:20,1001.58,15.24,1.84
4501,2024-12-04 17:25:20,1001.81,15.24,1.84
4502,2024-12-04 17:25:20,1002.03,15.24,1.84
4503,2024-12-04 17:25:20,1002.25,15.24,1.84
4504,2024-12-04 17:25:21,1002.47,15.24,1.84
4505,2024-12-04 17:25:21,1002.68,15.24,1.84
4506,2024-12-04 17:25:21,1002.88,15.24,1.84
4507,2024-12-04 17:25:21,1003.09,15.24,1.84
4508,2024-12-04 17:25:21,1003.31,15.24,1.84
4509,2024-12-04 17:25:22,1003.52,15.24,1.84
4510,2024-12-04 17:25:22,1003.73,15.24,1.84
4511,2024-12-04 17:25:22,1003.94,15.24,1.84
4512,2024-12-04 17:25:22,1004.16,15.24,1.84
4513,2024-12-04 17:25:22,1004.37,15.24,1.84
4514,2024-12-04 17:25:23,1004.59,15.24,1.84
4515,2024-12-04 17:25:23,1004.80,15.24,1.84
4516,2024-12-04 17:25:23,1005.02,15.24,1.84
4517,2024-12-04 17:25:23,1005.23,15.24,1.84
4518,2024-12-04 17:25:24,1005.45,15.24,1.84
4519,2024-12-04 17:25:24,1005.67,15.24,1.84
4520,2024-12-04 17:25:24,1005.89,15.24,1.84
4521,2024-12-04 17:25:24,1006.11,15.24,1.84
4522,2024-12-04 17:25:24,1006.32,15.24,1.84
4523,2024-12-04 17:25:25,1006.51,15.24,1.84
4524,2024-12-04 17:25:25,1006.74,15.24,1.84
4525,2024-12-04 17:25:25,1006.95,15.24,1.84
4526,2024-12-04 17:25:25,1007.17,15.24,1.84
4527,2024-12-04 17:25:26,1007.39,15.24,1.84
4528,2024-12-04 17:25:26,1007.62,15.24,1.84
4529,2024-12-04 17:25:26,1007.81,15.24,1.84
4530,2024-12-04 17:25:26,1008.02,15.24,1.84
4531,2024-12-04 17:25:26,1008.23,15.24,1.84
4532,2024-12-04 17:25:27,1008.45,15.24,1.84
4533,2024-12-04 17:25:27,1008.67,15.24,1.84
4534,2024-12-04 17:25:27,1008.89,15.24,1.84
4535,2024-12-04 17:25:27,1009.11,15.24,1.84
4536,2024-12-04 17:25:27,1009.33,15.24,1.84
4537,2024-12-04 17:25:28,1009.54,15.24,1.84
4538,2024-12-04 17:25:28,1009.76,15.24,1.84
4539,2024-12-04 17:25:28,1009.97,15.24,1.84
4540,2024-12-04 17:25:28,1010.21,15.24,1.84
4541,2024-12-04 17:25:29,1010.43,15.24,1.84
4542,2024-12-04 17:25:29,1010.65,15.24,1.84
4543,2024-12-04 17:25:29,1010.85,15.24,1.84
4544,2024-12-04 17:25:29,1011.07,15.24,1.84
4545,2024-12-04 17:25:29,1011.28,15.24,1.84
4546,2024-12-04 17:25:30,1011.49,15.24,1.84
4547,2024-12-04 17:25:30,1011.71,15.24,1.84
4548,2024-12-04 17:25:30,1011.93,15.24,1.84
4549,2024-12-04 17:25:30,1012.14,15.24,1.84
4550,2024-12-04 17:25:30,1012.36,15.24,1.84
4551,2024-12-04 17:25:31,1012.58,15.24,1.84
4552,2024-12-04 17:25:31,1012.80,15.24,1.84
4553,2024-12-04 17:25:31,1013.01,15.24,1.84
4554,2024-12-04 17:25:31,1013.22,15.24,1.84
4555,2024-12-04 17:25:32,1013.44,15.24,1.84
4556,2024-12-04 17:25:32,1013.65,15.24,1.84
4557,2024-12-04 17:25:32,1013.85,15.24,1.84
4558,2024-12-04 17:25:32,1014.06,15.24,1.84
4559,2024-12-04 17:25:32,1014.27,15.24,1.84
4560,2024-12-04 17:25:33,1014.48,15.24,1.84
4561,2024-12-04 17:25:33,1014.69,15.24,1.84
4562,2024-12-04 17:25:33,1014.90,15.24,1.84
4563,2024-12-04 17:25:33,1015.11,15.24,1.84
4564,2024-12-04 17:25:33,1015.32,15.24,1.84
4565,2024-12-04 17:25:34,1015.55,15.24,1.84
4566,2024-12-04 17:25:34,1015.77,15.24,1.84
4567,2024-12-04 17:25:34,1015.98,15.24,1.84
4568,2024-12-04 17:25:34,1016.20,15.24,1.84
4569,2024-12-04 17:25:35,1016.42,15.24,1.84
4570,2024-12-04 17:25:35,1016.64,15.24,1.84
4571,2024-12-04 17:25:35,1016.85,15.24,1.84
4572,2024-12-04 17:25:35,1017.06,15.24,1.84
4573,2024-12-04 17:25:35,1017.27,15.24,1.84
4574,2024-12-04 17:25:36,1017.47,15.24,1.84
4575,2024-12-04 17:25:36,1017.69,15.24,1.84
4576,2024-12-04 17:25:36,1017.90,15.24,1.84
4577,2024-12-04 17:25:36,1018.11,15.24,1.84
4578,2024-12-04 17:25:36,1018.33,15.24,1.84
4579,2024-12-04 17:25:37,1018.55,15.24,1.84
4580,2024-12-04 17:25:37,1018.77,15.24,1.84
4581,2024-12-04 17:25:37,1019.00,15.24,1.84
4582,2024-12-04 17:25:37,1019.22,15.24,1.84
4583,2024-12-04 17:25:38,1019.42,15.24,1.84
4584,2024-12-04 17:25:38,1019.65,15.24,1.84
4585,2024-12-04 17:25:38,1019.87,15.24,1.84
4586,2024-12-04 17:25:38,1020.09,15.24,1.84
4587,2024-12-04 17:25:38,1020.31,15.24,1.84
4588,2024-12-04 17:25:39,1020.53,15.24,1.84
4589,2024-12-04 17:25:39,1020.75,15.24,1.84
4590,2024-12-04 17:25:39,1020.97,15.24,1.84
4591,2024-12-04 17:25:39,1021.18,15.24,1.84
4592,2024-12-04 17:25:40,1021.40,15.24,1.84
4593,2024-12-04 17:25:40,1021.62,15.24,1.84
4594,2024-12-04 17:25:40,1021.83,15.24,1.84
4595,2024-12-04 17:25:40,1022.04,15.24,1.84
4596,2024-12-04 17:25:40,1022.25,15.24,1.84
4597,2024-12-04 17:25:41,1022.46,15.24,1.84
4598,2024-12-04 17:25:41,1022.68,15.24,1.84
4599,2024-12-04 17:25:41,1022.90,15.24,1.84
4600,2024-12-04 17:25:41,1023.11,15.24,1.84
4601,2024-12-04 17:25:41,1023.33,15.24,1.84
4602,2024-12-04 17:25:42,1023.55,15.24,1.84
4603,2024-12-04 17:25:42,1023.77,15.24,1.84
4604,2024-12-04 17:25:42,1023.99,15.24,1.84
4605,2024-12-04 17:25:42,1024.21,15.24,1.84
4606,2024-12-04 17:25:43,1024.43,15.24,1.84
4607,2024-12-04 17:25:43,1024.65,15.24,1.84
4608,2024-12-04 17:25:43,1024.86,15.24,1.84
4609,2024-12-04 17:25:43,1025.07,15.24,1.84
4610,2024-12-04 17:25:43,1025.28,15.24,1.84
4611,2024-12-04 17:25:44,1025.48,15.24,1.84
4612,2024-12-04 17:25:44,1025.67,15.24,1.84
4613,2024-12-04 17:25:44,1025.89,15.24,1.84
4614,2024-12-04 17:25:44,1026.11,15.24,1.84
4615,2024-12-04 17:25:44,1026.32,15.24,1.84
4616,2024-12-04 17:25:45,1026.54,15.24,1.84
4617,2024-12-04 17:25:45,1026.76,15.24,1.84
4618,2024-12-04 17:25:45,1026.98,15.24,1.84
4619,2024-12-04 17:25:45,1027.21,15.24,1.84
4620,2024-12-04 17:25:46,1027.43,15.24,1.84
4621,2024-12-04 17:25:46,1027.64,15.24,1.84
4622,2024-12-04 17:25:46,1027.86,15.24,1.84
4623,2024-12-04 17:25:46,1028.08,15.24,1.84
4624,2024-12-04 17:25:46,1028.31,15.24,1.84
4625,2024-12-04 17:25:47,1028.52,15.24,1.84
4626,2024-12-04 17:25:47,1028.75,15.24,1.84
4627,2024-12-04 17:25:47,1028.96,15.24,1.84
4628,2024-12-04 17:25:47,1029.17,15.24,1.84
4629,2024-12-04 17:25:48,1029.38,15.24,1.84
4630,2024-12-04 17:25:48,1029.61,15.24,1.84
4631,2024-12-04 17:25:48,1029.84,15.24,1.84
4632,2024-12-04 17:25:48,1030.06,15.24,1.84
4633,2024-12-04 17:25:48,1030.27,15.24,1.84
4634,2024-12-04 17:25:49,1030.49,15.24,1.84
4635,2024-12-04 17:25:49,1030.72,15.24,1.84
4636,2024-12-04 17:25:49,1030.93,15.24,1.84
4637,2024-12-04 17:25:49,1031.15,15.24,1.84
4638,2024-12-04 17:25:49,1031.38,15.24,1.84
4639,2024-12-04 17:25:50,1031.61,15.24,1.84
4640,2024-12-04 17:25:50,1031.83,15.24,1.84
4641,2024-12-04 17:25:50,1032.05,15.24,1.84
4642,2024-12-04 17:25:50,1032.27,15.24,1.84
4643,2024-12-04 17:25:51,1032.48,15.24,1.84
4644,2024-12-04 17:25:51,1032.70,15.24,1.84
4645,2024-12-04 17:25:51,1032.91,15.24,1.84
4646,2024-12-04 17:25:51,1033.13,15.24,1.84
4647,2024-12-04 17:25:51,1033.34,15.24,1.84
4648,2024-12-04 17:25:52,1033.55,15.24,1.84
4649,2024-12-04 17:25:52,1033.77,15.24,1.84
4650,2024-12-04 17:25:52,1033.99,15.24,1.84
4651,2024-12-04 17:25:52,1034.20,15.24,1.84
4652,2024-12-04 17:25:53,1034.42,15.24,1.84
4653,2024-12-04 17:25:53,1034.64,15.24,1.84
4654,2024-12-04 17:25:53,1034.85,15.24,1.84
4655,2024-12-04 17:25:53,1035.07,15.24,1.84
4656,2024-12-04 17:25:53,1035.28,15.24,1.84
4657,2024-12-04 17:25:54,1035.50,15.24,1.84
4658,2024-12-04 17:25:54,1035.72,15.24,1.84
4659,2024-12-04 17:25:54,1035.94,15.24,1.84
4660,2024-12-04 17:25:54,1036.15,15.24,1.84
4661,2024-12-04 17:25:54,1036.37,15.24,1.84
4662,2024-12-04 17:25:55,1036.58,15.24,1.84
4663,2024-12-04 17:25:55,1036.79,15.24,1.84
4664,2024-12-04 17:25:55,1037.02,15.24,1.84
4665,2024-12-04 17:25:55,1037.23,15.24,1.84
4666,2024-12-04 17:25:56,1037.45,15.24,1.84
4667,2024-12-04 17:25:56,1037.66,15.24,1.84
4668,2024-12-04 17:25:56,1037.87,15.24,1.84
4669,2024-12-04 17:25:56,1038.08,15.24,1.84
4670,2024-12-04 17:25:56,1038.30,15.24,1.84
4671,2024-12-04 17:25:57,1038.52,15.24,1.84
4672,2024-12-04 17:25:57,1038.73,15.24,1.84
4673,2024-12-04 17:25:57,1038.95,15.24,1.84
4674,2024-12-04 17:25:57,1039.17,15.24,1.84
4675,2024-12-04 17:25:57,1039.38,15.24,1.84
4676,2024-12-04 17:25:58,1039.60,15.24,1.84
4677,2024-12-04 17:25:58,1039.81,15.24,1.84
4678,2024-12-04 17:25:58,1040.03,15.24,1.84
4679,2024-12-04 17:25:58,1040.23,15.24,1.84
4680,2024-12-04 17:25:59,1040.45,15.24,1.84
4681,2024-12-04 17:25:59,1040.67,15.24,1.84
4682,2024-12-04 17:25:59,1040.88,15.24,1.84
4683,2024-12-04 17:25:59,1041.10,15.24,1.84
4684,2024-12-04 17:25:59,1041.32,15.24,1.84
4685,2024-12-04 17:26:00,1041.55,15.24,1.84
4686,2024-12-04 17:26:00,1041.77,15.24,1.84
4687,2024-12-04 17:26:00,1041.99,15.24,1.84
4688,2024-12-04 17:26:00,1042.20,15.24,1.84
4689,2024-12-04 17:26:01,1042.40,15.24,1.84
4690,2024-12-04 17:26:01,1042.63,15.24,1.84
4691,2024-12-04 17:26:01,1042.85,15.24,1.84
4692,2024-12-04 17:26:01,1043.06,15.24,1.84
4693,2024-12-04 17:26:01,1043.28,15.24,1.84
4694,2024-12-04 17:26:02,1043.50,15.24,1.84
4695,2024-12-04 17:26:02,1043.70,15.24,1.84
4696,2024-12-04 17:26:02,1043.93,15.24,1.84
4697,2024-12-04 17:26:02,1044.17,15.24,1.84
4698,2024-12-04 17:26:02,1044.37,15.24,1.84
4699,2024-12-04 17:26:03,1044.57,15.24,1.84
4700,2024-12-04 17:26:03,1044.79,15.24,1.84
4701,2024-12-04 17:26:03,1045.01,15.24,1.84
4702,2024-12-04 17:26:03,1045.23,15.24,1.84
4703,2024-12-04 17:26:04,1045.44,15.24,1.84
4704,2024-12-04 17:26:04,1045.66,15.24,1.84
4705,2024-12-04 17:26:04,1045.88,15.24,1.84
4706,2024-12-04 17:26:04,1046.10,15.24,1.84
4707,2024-12-04 17:26:04,1046.32,15.24,1.84
4708,2024-12-04 17:26:05,1046.53,15.24,1.84
4709,2024-12-04 17:26:05,1046.76,15.24,1.84
4710,2024-12-04 17:26:05,1046.96,15.24,1.84
4711,2024-12-04 17:26:05,1047.18,15.24,1.84
4712,2024-12-04 17:26:06,1047.41,15.24,1.84
4713,2024-12-04 17:26:06,1047.63,15.24,1.84
4714,2024-12-04 17:26:06,1047.84,15.24,1.84
4715,2024-12-04 17:26:06,1048.06,15.24,1.84
4716,2024-12-04 17:26:06,1048.27,15.24,1.84
4717,2024-12-04 17:26:07,1048.49,15.24,1.84
4718,2024-12-04 17:26:07,1048.70,15.24,1.84
4719,2024-12-04 17:26:07,1048.92,15.24,1.84
4720,2024-12-04 17:26:07,1049.14,15.24,1.84
4721,2024-12-04 17:26:07,1049.35,15.24,1.84
4722,2024-12-04 17:26:08,1049.56,15.24,1.84
4723,2024-12-04 17:26:08,1049.78,15.24,1.84
4724,2024-12-04 17:26:08,1049.99,15.24,1.84
4725,2024-12-04 17:26:08,1050.21,15.24,1.84
4726,2024-12-04 17:26:09,1050.42,15.24,1.84
4727,2024-12-04 17:26:09,1050.63,15.24,1.84
4728,2024-12-04 17:26:09,1050.83,15.24,1.84
4729,2024-12-04 17:26:09,1051.05,15.24,1.84
4730,2024-12-04 17:26:09,1051.27,15.24,1.84
4731,2024-12-04 17:26:10,1051.49,15.24,1.84
4732,2024-12-04 17:26:10,1051.70,15.24,1.84
4733,2024-12-04 17:26:10,1051.92,15.24,1.84
4734,2024-12-04 17:26:10,1052.14,15.24,1.84
4735,2024-12-04 17:26:10,1052.35,15.24,1.84
4736,2024-12-04 17:26:11,1052.57,15.24,1.84
4737,2024-12-04 17:26:11,1052.79,15.24,1.84
4738,2024-12-04 17:26:11,1053.01,15.24,1.84
4739,2024-12-04 17:26:11,1053.20,15.24,1.84
4740,2024-12-04 17:26:12,1053.42,15.24,1.84
4741,2024-12-04 17:26:12,1053.64,15.24,1.84
4742,2024-12-04 17:26:12,1053.86,15.24,1.84
4743,2024-12-04 17:26:12,1054.08,15.24,1.84
4744,2024-12-04 17:26:12,1054.31,15.24,1.84
4745,2024-12-04 17:26:13,1054.53,15.24,1.84
4746,2024-12-04 17:26:13,1054.74,15.24,1.84
4747,2024-12-04 17:26:13,1054.96,15.24,1.84
4748,2024-12-04 17:26:13,1055.18,15.24,1.84
4749,2024-12-04 17:26:14,1055.40,15.24,1.84
4750,2024-12-04 17:26:14,1055.63,15.24,1.84
4751,2024-12-04 17:26:14,1055.83,15.24,1.84
4752,2024-12-04 17:26:14,1056.04,15.24,1.84
4753,2024-12-04 17:26:14,1056.24,15.24,1.84
4754,2024-12-04 17:26:15,1056.44,15.24,1.84
4755,2024-12-04 17:26:15,1056.66,15.24,1.84
4756,2024-12-04 17:26:15,1056.88,15.24,1.84
4757,2024-12-04 17:26:15,1057.10,15.24,1.84
4758,2024-12-04 17:26:15,1057.31,15.24,1.84
4759,2024-12-04 17:26:16,1057.52,15.24,1.84
4760,2024-12-04 17:26:16,1057.74,15.24,1.84
4761,2024-12-04 17:26:16,1057.95,15.24,1.84
4762,2024-12-04 17:26:16,1058.16,15.24,1.84
4763,2024-12-04 17:26:16,1058.37,15.24,1.84
4764,2024-12-04 17:26:17,1058.59,15.24,1.84
4765,2024-12-04 17:26:17,1058.81,15.24,1.84
4766,2024-12-04 17:26:17,1059.02,15.24,1.84
4767,2024-12-04 17:26:17,1059.24,15.24,1.84
4768,2024-12-04 17:26:18,1059.45,15.24,1.84
4769,2024-12-04 17:26:18,1059.67,15.24,1.84
4770,2024-12-04 17:26:18,1059.88,15.24,1.84
4771,2024-12-04 17:26:18,1060.09,15.24,1.84
4772,2024-12-04 17:26:18,1060.30,15.24,1.84
4773,2024-12-04 17:26:19,1060.52,15.24,1.84
4774,2024-12-04 17:26:19,1060.74,15.24,1.84
4775,2024-12-04 17:26:19,1060.95,15.24,1.84
4776,2024-12-04 17:26:19,1061.17,15.24,1.84
4777,2024-12-04 17:26:20,1061.40,15.24,1.84
4778,2024-12-04 17:26:20,1061.62,15.24,1.84
4779,2024-12-04 17:26:20,1061.83,15.24,1.84
4780,2024-12-04 17:26:20,1062.04,15.24,1.84
4781,2024-12-04 17:26:20,1062.26,15.24,1.84
4782,2024-12-04 17:26:21,1062.47,15.24,1.84
4783,2024-12-04 17:26:21,1062.69,15.24,1.84
4784,2024-12-04 17:26:21,1062.90,15.24,1.84
4785,2024-12-04 17:26:21,1063.12,15.24,1.84
4786,2024-12-04 17:26:21,1063.33,15.24,1.84
4787,2024-12-04 17:26:22,1063.54,15.24,1.84
4788,2024-12-04 17:26:22,1063.74,15.24,1.84
4789,2024-12-04 17:26:22,1063.95,15.24,1.84
4790,2024-12-04 17:26:22,1064.15,15.24,1.84
4791,2024-12-04 17:26:22,1064.36,15.24,1.84
4792,2024-12-04 17:26:23,1064.58,15.24,1.84
4793,2024-12-04 17:26:23,1064.79,15.24,1.84
4794,2024-12-04 17:26:23,1065.01,15.24,1.84
4795,2024-12-04 17:26:23,1065.23,15.24,1.84
4796,2024-12-04 17:26:24,1065.45,15.24,1.84
4797,2024-12-04 17:26:24,1065.65,15.24,1.84
4798,2024-12-04 17:26:24,1065.86,15.24,1.84
4799,2024-12-04 17:26:24,1066.07,15.24,1.84
4800,2024-12-04 17:26:24,1066.27,15.24,1.84
4801,2024-12-04 17:26:25,1066.50,15.24,1.84
4802,2024-12-04 17:26:25,1066.72,15.24,1.84
4803,2024-12-04 17:26:25,1066.94,15.24,1.84
4804,2024-12-04 17:26:25,1067.17,15.24,1.84
4805,2024-12-04 17:26:26,1067.38,15.24,1.84
4806,2024-12-04 17:26:26,1067.60,15.24,1.84
4807,2024-12-04 17:26:26,1067.82,15.24,1.84
4808,2024-12-04 17:26:26,1068.03,15.24,1.84
4809,2024-12-04 17:26:26,1068.25,15.24,1.84
4810,2024-12-04 17:26:27,1068.47,15.24,1.84
4811,2024-12-04 17:26:27,1068.69,15.24,1.84
4812,2024-12-04 17:26:27,1068.90,15.24,1.84
4813,2024-12-04 17:26:27,1069.12,15.24,1.84
4814,2024-12-04 17:26:27,1069.34,15.24,1.84
4815,2024-12-04 17:26:28,1069.56,15.24,1.84
4816,2024-12-04 17:26:28,1069.77,15.24,1.84
4817,2024-12-04 17:26:28,1069.98,15.24,1.84
4818,2024-12-04 17:26:28,1070.18,15.24,1.84
4819,2024-12-04 17:26:29,1070.41,15.24,1.84
4820,2024-12-04 17:26:29,1070.62,15.24,1.84
4821,2024-12-04 17:26:29,1070.82,15.24,1.84
4822,2024-12-04 17:26:29,1071.04,15.24,1.84
4823,2024-12-04 17:26:29,1071.26,15.24,1.84
4824,2024-12-04 17:26:30,1071.48,15.24,1.84
4825,2024-12-04 17:26:30,1071.69,15.24,1.84
4826,2024-12-04 17:26:30,1071.91,15.24,1.84
4827,2024-12-04 17:26:30,1072.13,15.24,1.84
4828,2024-12-04 17:26:30,1072.35,15.24,1.84
4829,2024-12-04 17:26:31,1072.55,15.24,1.84
4830,2024-12-04 17:26:31,1072.77,15.24,1.84
4831,2024-12-04 17:26:31,1072.99,15.24,1.84
4832,2024-12-04 17:26:31,1073.19,15.24,1.84
4833,2024-12-04 17:26:32,1073.41,15.24,1.84
4834,2024-12-04 17:26:32,1073.63,15.24,1.84
4835,2024-12-04 17:26:32,1073.84,15.24,1.84
4836,2024-12-04 17:26:32,1074.07,15.24,1.84
4837,2024-12-04 17:26:32,1074.29,15.24,1.84
4838,2024-12-04 17:26:33,1074.50,15.24,1.84
4839,2024-12-04 17:26:33,1074.72,15.24,1.84
4840,2024-12-04 17:26:33,1074.93,15.24,1.84
4841,2024-12-04 17:26:33,1075.14,15.24,1.84
4842,2024-12-04 17:26:33,1075.35,15.24,1.84
4843,2024-12-04 17:26:34,1075.56,15.24,1.84
4844,2024-12-04 17:26:34,1075.78,15.24,1.84
4845,2024-12-04 17:26:34,1076.00,15.24,1.84
4846,2024-12-04 17:26:34,1076.22,15.24,1.84
4847,2024-12-04 17:26:35,1076.43,15.24,1.84
4848,2024-12-04 17:26:35,1076.63,15.24,1.84
4849,2024-12-04 17:26:35,1076.85,15.24,1.84
4850,2024-12-04 17:26:35,1077.06,15.24,1.84
4851,2024-12-04 17:26:35,1077.28,15.24,1.84
4852,2024-12-04 17:26:36,1077.51,15.24,1.84
4853,2024-12-04 17:26:36,1077.73,15.24,1.84
4854,2024-12-04 17:26:36,1077.95,15.24,1.84
4855,2024-12-04 17:26:36,1078.16,15.24,1.84
4856,2024-12-04 17:26:36,1078.37,15.24,1.84
4857,2024-12-04 17:26:37,1078.58,15.24,1.84
4858,2024-12-04 17:26:37,1078.80,15.24,1.84
4859,2024-12-04 17:26:37,1079.02,15.24,1.84
4860,2024-12-04 17:26:37,1079.24,15.24,1.84
4861,2024-12-04 17:26:38,1079.44,15.24,1.84
4862,2024-12-04 17:26:38,1079.66,15.24,1.84
4863,2024-12-04 17:26:38,1079.88,15.24,1.84
4864,2024-12-04 17:26:38,1080.10,15.24,1.84
4865,2024-12-04 17:26:38,1080.32,15.24,1.84
4866,2024-12-04 17:26:39,1080.53,15.24,1.84
4867,2024-12-04 17:26:39,1080.74,15.24,1.84
4868,2024-12-04 17:26:39,1080.96,15.24,1.84
4869,2024-12-04 17:26:39,1081.17,15.24,1.84
4870,2024-12-04 17:26:40,1081.39,15.24,1.84
4871,2024-12-04 17:26:40,1081.61,15.24,1.84
4872,2024-12-04 17:26:40,1081.82,15.24,1.84
4873,2024-12-04 17:26:40,1082.03,15.24,1.84
4874,2024-12-04 17:26:40,1082.25,15.24,1.84
4875,2024-12-04 17:26:41,1082.47,15.24,1.84
4876,2024-12-04 17:26:41,1082.69,15.24,1.84
4877,2024-12-04 17:26:41,1082.91,15.24,1.84
4878,2024-12-04 17:26:41,1083.11,15.24,1.84
4879,2024-12-04 17:26:41,1083.31,15.24,1.84
4880,2024-12-04 17:26:42,1083.52,15.24,1.84
4881,2024-12-04 17:26:42,1083.74,15.24,1.84
4882,2024-12-04 17:26:42,1083.97,15.24,1.84
4883,2024-12-04 17:26:42,1084.18,15.24,1.84
4884,2024-12-04 17:26:43,1084.39,15.24,1.84
4885,2024-12-04 17:26:43,1084.60,15.24,1.84
4886,2024-12-04 17:26:43,1084.80,15.24,1.84
4887,2024-12-04 17:26:43,1085.02,15.24,1.84
4888,2024-12-04 17:26:43,1085.24,15.24,1.84
4889,2024-12-04 17:26:44,1085.46,15.24,1.84
4890,2024-12-04 17:26:44,1085.68,15.24,1.84
4891,2024-12-04 17:26:44,1085.90,15.24,1.84
4892,2024-12-04 17:26:44,1086.12,15.24,1.84
4893,2024-12-04 17:26:44,1086.33,15.24,1.84
4894,2024-12-04 17:26:45,1086.56,15.24,1.84
4895,2024-12-04 17:26:45,1086.78,15.24,1.84
4896,2024-12-04 17:26:45,1087.00,15.24,1.84
4897,2024-12-04 17:26:45,1087.22,15.24,1.84
4898,2024-12-04 17:26:46,1087.43,15.24,1.84
4899,2024-12-04 17:26:46,1087.65,15.24,1.84
4900,2024-12-04 17:26:46,1087.86,15.24,1.84
4901,2024-12-04 17:26:46,1088.07,15.24,1.84
4902,2024-12-04 17:26:46,1088.29,15.24,1.84
4903,2024-12-04 17:26:47,1088.50,15.24,1.84
4904,2024-12-04 17:26:47,1088.72,15.24,1.84
4905,2024-12-04 17:26:47,1088.93,15.24,1.84
4906,2024-12-04 17:26:47,1089.15,15.24,1.84
4907,2024-12-04 17:26:47,1089.36,15.24,1.84
4908,2024-12-04 17:26:48,1089.59,15.24,1.84
4909,2024-12-04 17:26:48,1089.80,15.24,1.84
4910,2024-12-04 17:26:48,1090.02,15.24,1.84
4911,2024-12-04 17:26:48,1090.23,15.24,1.84
4912,2024-12-04 17:26:49,1090.45,15.24,1.84
4913,2024-12-04 17:26:49,1090.68,15.24,1.84
4914,2024-12-04 17:26:49,1090.90,15.24,1.84
4915,2024-12-04 17:26:49,1091.11,15.24,1.84
4916,2024-12-04 17:26:49,1091.33,15.24,1.84
4917,2024-12-04 17:26:50,1091.54,15.24,1.84
4918,2024-12-04 17:26:50,1091.76,15.24,1.84
4919,2024-12-04 17:26:50,1091.98,15.24,1.84
4920,2024-12-04 17:26:50,1092.19,15.24,1.84
4921,2024-12-04 17:26:51,1092.40,15.24,1.84
4922,2024-12-04 17:26:51,1092.61,15.24,1.84
4923,2024-12-04 17:26:51,1092.83,15.24,1.84
4924,2024-12-04 17:26:51,1093.04,15.24,1.84
4925,2024-12-04 17:26:51,1093.25,15.24,1.84
4926,2024-12-04 17:26:52,1093.46,15.24,1.84
4927,2024-12-04 17:26:52,1093.64,15.24,1.84
4928,2024-12-04 17:26:52,1093.85,15.24,1.84
4929,2024-12-04 17:26:52,1094.07,15.24,1.84
4930,2024-12-04 17:26:52,1094.29,15.24,1.84
4931,2024-12-04 17:26:53,1094.51,15.24,1.84
4932,2024-12-04 17:26:53,1094.71,15.24,1.84
4933,2024-12-04 17:26:53,1094.93,15.24,1.84
4934,2024-12-04 17:26:53,1095.14,15.24,1.84
4935,2024-12-04 17:26:53,1095.34,15.24,1.84
4936,2024-12-04 17:26:54,1095.55,15.24,1.84
4937,2024-12-04 17:26:54,1095.77,15.24,1.84
4938,2024-12-04 17:26:54,1095.98,15.24,1.84
4939,2024-12-04 17:26:54,1096.20,15.24,1.84
4940,2024-12-04 17:26:55,1096.40,15.24,1.84
4941,2024-12-04 17:26:55,1096.62,15.24,1.84
4942,2024-12-04 17:26:55,1096.82,15.24,1.84
4943,2024-12-04 17:26:55,1097.04,15.24,1.84
4944,2024-12-04 17:26:55,1097.25,15.24,1.84
4945,2024-12-04 17:26:56,1097.45,15.24,1.84
4946,2024-12-04 17:26:56,1097.67,15.24,1.84
4947,2024-12-04 17:26:56,1097.88,15.24,1.84
4948,2024-12-04 17:26:56,1098.10,15.24,1.84
4949,2024-12-04 17:26:56,1098.32,15.24,1.84
4950,2024-12-04 17:26:57,1098.55,15.24,1.84
4951,2024-12-04 17:26:57,1098.77,15.24,1.84
4952,2024-12-04 17:26:57,1099.01,15.24,1.84
4953,2024-12-04 17:26:57,1099.23,15.24,1.84
4954,2024-12-04 17:26:58,1099.44,15.24,1.84
4955,2024-12-04 17:26:58,1099.66,15.24,1.84
4956,2024-12-04 17:26:58,1099.88,15.24,1.84
4957,2024-12-04 17:26:58,1100.11,15.24,1.84
4958,2024-12-04 17:26:58,1100.32,15.24,1.84
4959,2024-12-04 17:26:59,1100.54,15.24,1.84
4960,2024-12-04 17:26:59,1100.76,15.24,1.84
4961,2024-12-04 17:26:59,1100.96,15.24,1.84
4962,2024-12-04 17:26:59,1101.17,15.24,1.84
4963,2024-12-04 17:27:00,1101.40,15.24,1.84
4964,2024-12-04 17:27:00,1101.62,15.24,1.84
4965,2024-12-04 17:27:00,1101.84,15.24,1.84
4966,2024-12-04 17:27:00,1102.06,15.24,1.84
4967,2024-12-04 17:27:00,1102.26,15.24,1.84
4968,2024-12-04 17:27:01,1102.47,15.24,1.84
4969,2024-12-04 17:27:01,1102.67,15.24,1.84
4970,2024-12-04 17:27:01,1102.88,15.24,1.84
4971,2024-12-04 17:27:01,1103.10,15.24,1.84
4972,2024-12-04 17:27:01,1103.33,15.24,1.84
4973,2024-12-04 17:27:02,1103.54,15.24,1.84
4974,2024-12-04 17:27:02,1103.75,15.24,1.84
4975,2024-12-04 17:27:02,1103.96,15.24,1.84
4976,2024-12-04 17:27:02,1104.18,15.24,1.84
4977,2024-12-04 17:27:03,1104.40,15.24,1.84
4978,2024-12-04 17:27:03,1104.62,15.24,1.84
4979,2024-12-04 17:27:03,1104.84,15.24,1.84
4980,2024-12-04 17:27:03,1105.05,15.24,1.84
4981,2024-12-04 17:27:03,1105.27,15.24,1.84
4982,2024-12-04 17:27:04,1105.50,15.24,1.84
4983,2024-12-04 17:27:04,1105.70,15.24,1.84
4984,2024-12-04 17:27:04,1105.93,15.24,1.84
4985,2024-12-04 17:27:04,1106.14,15.24,1.84
4986,2024-12-04 17:27:04,1106.36,15.24,1.84
4987,2024-12-04 17:27:05,1106.58,15.24,1.84
4988,2024-12-04 17:27:05,1106.77,15.24,1.84
4989,2024-12-04 17:27:05,1106.97,15.24,1.84
4990,2024-12-04 17:27:05,1107.19,15.24,1.84
4991,2024-12-04 17:27:06,1107.41,15.24,1.84
4992,2024-12-04 17:27:06,1107.63,15.24,1.84
4993,2024-12-04 17:27:06,1107.84,15.24,1.84
4994,2024-12-04 17:27:06,1108.05,15.24,1.84
4995,2024-12-04 17:27:06,1108.26,15.24,1.84
4996,2024-12-04 17:27:07,1108.48,15.24,1.84
4997,2024-12-04 17:27:07,1108.69,15.24,1.84
4998,2024-12-04 17:27:07,1108.91,15.24,1.84
4999,2024-12-04 17:27:07,1109.13,15.24,1.84
5000,2024-12-04 17:27:07,1109.35,15.24,1.84
5001,2024-12-04 17:27:40,1142.27,15.24,1.84
5002,2024-12-04 17:27:41,1142.48,15.24,1.84
5003,2024-12-04 17:27:41,1142.68,15.24,1.84
5004,2024-12-04 17:27:41,1142.90,15.24,1.84
5005,2024-12-04 17:27:41,1143.12,15.24,1.84
5006,2024-12-04 17:27:41,1143.32,15.24,1.84
5007,2024-12-04 17:27:42,1143.51,15.24,1.84
5008,2024-12-04 17:27:42,1143.72,15.24,1.84
5009,2024-12-04 17:27:42,1143.94,15.24,1.84
5010,2024-12-04 17:27:42,1144.16,15.24,1.84
5011,2024-12-04 17:27:43,1144.39,15.24,1.84
5012,2024-12-04 17:27:43,1144.61,15.24,1.84
5013,2024-12-04 17:27:43,1144.83,15.24,1.84
5014,2024-12-04 17:27:43,1145.04,15.24,1.84
5015,2024-12-04 17:27:43,1145.26,15.24,1.84
5016,2024-12-04 17:27:44,1145.48,15.24,1.84
5017,2024-12-04 17:27:44,1145.69,15.24,1.84
5018,2024-12-04 17:27:44,1145.89,15.24,1.84
5019,2024-12-04 17:27:44,1146.09,15.24,1.84
5020,2024-12-04 17:27:44,1146.31,15.24,1.84
5021,2024-12-04 17:27:45,1146.53,15.24,1.84
5022,2024-12-04 17:27:45,1146.75,15.24,1.84
5023,2024-12-04 17:27:45,1146.96,15.24,1.84
5024,2024-12-04 17:27:45,1147.17,15.24,1.84
5025,2024-12-04 17:27:45,1147.37,15.24,1.84
5026,2024-12-04 17:27:46,1147.60,15.24,1.84
5027,2024-12-04 17:27:46,1147.81,15.24,1.84
5028,2024-12-04 17:27:46,1148.02,15.24,1.84
5029,2024-12-04 17:27:46,1148.24,15.24,1.84
5030,2024-12-04 17:27:47,1148.47,15.24,1.84
5031,2024-12-04 17:27:47,1148.69,15.24,1.84
5032,2024-12-04 17:27:47,1148.91,15.24,1.84
5033,2024-12-04 17:27:47,1149.11,15.24,1.84
5034,2024-12-04 17:27:47,1149.34,15.24,1.84
5035,2024-12-04 17:27:48,1149.56,15.24,1.84
5036,2024-12-04 17:27:48,1149.76,15.24,1.84
5037,2024-12-04 17:27:48,1149.98,15.24,1.84
5038,2024-12-04 17:27:48,1150.19,15.24,1.84
5039,2024-12-04 17:27:49,1150.41,15.24,1.84
5040,2024-12-04 17:27:49,1150.63,15.24,1.84
5041,2024-12-04 17:27:49,1150.84,15.24,1.84
5042,2024-12-04 17:27:49,1151.06,15.24,1.84
5043,2024-12-04 17:27:49,1151.28,15.24,1.84
5044,2024-12-04 17:27:50,1151.49,15.24,1.84
5045,2024-12-04 17:27:50,1151.71,15.24,1.84
5046,2024-12-04 17:27:50,1151.91,15.24,1.84
5047,2024-12-04 17:27:50,1152.12,15.24,1.84
5048,2024-12-04 17:27:50,1152.34,15.24,1.84
5049,2024-12-04 17:27:51,1152.56,15.24,1.84
5050,2024-12-04 17:27:51,1152.78,15.24,1.84
5051,2024-12-04 17:27:51,1153.00,15.24,1.84
5052,2024-12-04 17:27:51,1153.22,15.24,1.84
5053,2024-12-04 17:27:52,1153.43,15.24,1.84
5054,2024-12-04 17:27:52,1153.65,15.24,1.84
5055,2024-12-04 17:27:52,1153.85,15.24,1.84
5056,2024-12-04 17:27:52,1154.07,15.24,1.84
5057,2024-12-04 17:27:52,1154.28,15.24,1.84
5058,2024-12-04 17:27:53,1154.50,15.24,1.84
5059,2024-12-04 17:27:53,1154.71,15.24,1.84
5060,2024-12-04 17:27:53,1154.93,15.24,1.84
5061,2024-12-04 17:27:53,1155.14,15.24,1.84
5062,2024-12-04 17:27:53,1155.35,15.24,1.84
5063,2024-12-04 17:27:54,1155.52,15.24,1.84
5064,2024-12-04 17:27:54,1155.73,15.24,1.84
5065,2024-12-04 17:27:54,1155.95,15.24,1.84
5066,2024-12-04 17:27:54,1156.18,15.24,1.84
5067,2024-12-04 17:27:55,1156.39,15.24,1.84
5068,2024-12-04 17:27:55,1156.61,15.24,1.84
5069,2024-12-04 17:27:55,1156.84,15.24,1.84
5070,2024-12-04 17:27:55,1157.06,15.24,1.84
5071,2024-12-04 17:27:55,1157.28,15.24,1.84
5072,2024-12-04 17:27:56,1157.50,15.24,1.84
5073,2024-12-04 17:27:56,1157.72,15.24,1.84
5074,2024-12-04 17:27:56,1157.93,15.24,1.84
5075,2024-12-04 17:27:56,1158.15,15.24,1.84
5076,2024-12-04 17:27:56,1158.36,15.24,1.84
5077,2024-12-04 17:27:57,1158.57,15.24,1.84
5078,2024-12-04 17:27:57,1158.78,15.24,1.84
5079,2024-12-04 17:27:57,1158.99,15.24,1.84
5080,2024-12-04 17:27:57,1159.20,15.24,1.84
5081,2024-12-04 17:27:58,1159.41,15.24,1.84
5082,2024-12-04 17:27:58,1159.62,15.24,1.84
5083,2024-12-04 17:27:58,1159.84,15.24,1.84
5084,2024-12-04 17:27:58,1160.06,15.24,1.84
5085,2024-12-04 17:27:58,1160.27,15.24,1.84
5086,2024-12-04 17:27:59,1160.48,15.24,1.84
5087,2024-12-04 17:27:59,1160.69,15.24,1.84
5088,2024-12-04 17:27:59,1160.91,15.24,1.84
5089,2024-12-04 17:27:59,1161.12,15.24,1.84
5090,2024-12-04 17:27:59,1161.34,15.24,1.84
5091,2024-12-04 17:28:00,1161.53,15.24,1.84
5092,2024-12-04 17:28:00,1161.74,15.24,1.84
5093,2024-12-04 17:28:00,1161.96,15.24,1.84
5094,2024-12-04 17:28:00,1162.17,15.24,1.84
5095,2024-12-04 17:28:01,1162.39,15.24,1.84
5096,2024-12-04 17:28:01,1162.61,15.24,1.84
5097,2024-12-04 17:28:01,1162.83,15.24,1.84
5098,2024-12-04 17:28:01,1163.04,15.24,1.84
5099,2024-12-04 17:28:01,1163.25,15.24,1.84
5100,2024-12-04 17:28:02,1163.47,15.24,1.84
5101,2024-12-04 17:28:02,1163.69,15.24,1.84
5102,2024-12-04 17:28:02,1163.91,15.24,1.84
5103,2024-12-04 17:28:02,1164.13,15.24,1.84
5104,2024-12-04 17:28:02,1164.36,15.24,1.84
5105,2024-12-04 17:28:03,1164.57,15.24,1.84
5106,2024-12-04 17:28:03,1164.78,15.24,1.84
5107,2024-12-04 17:28:03,1165.01,15.24,1.84
5108,2024-12-04 17:28:03,1165.22,15.24,1.84
5109,2024-12-04 17:28:04,1165.44,15.24,1.84
5110,2024-12-04 17:28:04,1165.66,15.24,1.84
5111,2024-12-04 17:28:04,1165.88,15.24,1.84
5112,2024-12-04 17:28:04,1166.07,15.24,1.84
5113,2024-12-04 17:28:04,1166.30,15.24,1.84
5114,2024-12-04 17:28:05,1166.51,15.24,1.84
5115,2024-12-04 17:28:05,1166.72,15.24,1.84
5116,2024-12-04 17:28:05,1166.94,15.24,1.84
5117,2024-12-04 17:28:05,1167.14,15.24,1.84
5118,2024-12-04 17:28:05,1167.36,15.24,1.84
5119,2024-12-04 17:28:06,1167.57,15.24,1.84
5120,2024-12-04 17:28:06,1167.78,15.24,1.84
5121,2024-12-04 17:28:06,1168.00,15.24,1.84
5122,2024-12-04 17:28:06,1168.22,15.24,1.84
5123,2024-12-04 17:28:07,1168.45,15.24,1.84
5124,2024-12-04 17:28:07,1168.67,15.24,1.84
5125,2024-12-04 17:28:07,1168.88,15.24,1.84
5126,2024-12-04 17:28:07,1169.10,15.24,1.84
5127,2024-12-04 17:28:07,1169.32,15.24,1.84
5128,2024-12-04 17:28:08,1169.54,15.24,1.84
5129,2024-12-04 17:28:08,1169.78,15.24,1.84
5130,2024-12-04 17:28:08,1169.99,15.24,1.84
5131,2024-12-04 17:28:08,1170.19,15.24,1.84
5132,2024-12-04 17:28:09,1170.40,15.24,1.84
5133,2024-12-04 17:28:09,1170.61,15.24,1.84
5134,2024-12-04 17:28:09,1170.82,15.24,1.84
5135,2024-12-04 17:28:09,1171.03,15.24,1.84
5136,2024-12-04 17:28:09,1171.24,15.24,1.84
5137,2024-12-04 17:28:10,1171.46,15.24,1.84
5138,2024-12-04 17:28:10,1171.67,15.24,1.84
5139,2024-12-04 17:28:10,1171.89,15.24,1.84
5140,2024-12-04 17:28:10,1172.10,15.24,1.84
5141,2024-12-04 17:28:10,1172.33,15.24,1.84
5142,2024-12-04 17:28:11,1172.54,15.24,1.84
5143,2024-12-04 17:28:11,1172.76,15.24,1.84
5144,2024-12-04 17:28:11,1172.97,15.24,1.84
5145,2024-12-04 17:28:11,1173.19,15.24,1.84
5146,2024-12-04 17:28:12,1173.40,15.24,1.84
5147,2024-12-04 17:28:12,1173.62,15.24,1.84
5148,2024-12-04 17:28:12,1173.83,15.24,1.84
5149,2024-12-04 17:28:12,1174.05,15.24,1.84
5150,2024-12-04 17:28:12,1174.28,15.24,1.84
5151,2024-12-04 17:28:13,1174.49,15.24,1.84
5152,2024-12-04 17:28:13,1174.71,15.24,1.84
5153,2024-12-04 17:28:13,1174.92,15.24,1.84
5154,2024-12-04 17:28:13,1175.12,15.24,1.84
5155,2024-12-04 17:28:13,1175.34,15.24,1.84
5156,2024-12-04 17:28:14,1175.56,15.24,1.84
5157,2024-12-04 17:28:14,1175.78,15.24,1.84
5158,2024-12-04 17:28:14,1176.00,15.24,1.84
5159,2024-12-04 17:28:14,1176.20,15.24,1.84
5160,2024-12-04 17:28:15,1176.42,15.24,1.84
5161,2024-12-04 17:28:15,1176.63,15.24,1.84
5162,2024-12-04 17:28:15,1176.85,15.24,1.84
5163,2024-12-04 17:28:15,1177.08,15.24,1.84
5164,2024-12-04 17:28:15,1177.29,15.24,1.84
5165,2024-12-04 17:28:16,1177.49,15.24,1.84
5166,2024-12-04 17:28:16,1177.69,15.24,1.84
5167,2024-12-04 17:28:16,1177.91,15.24,1.84
5168,2024-12-04 17:28:16,1178.15,15.24,1.84
5169,2024-12-04 17:28:16,1178.37,15.24,1.84
5170,2024-12-04 17:28:17,1178.60,15.24,1.84
5171,2024-12-04 17:28:17,1178.81,15.24,1.84
5172,2024-12-04 17:28:17,1179.02,15.24,1.84
5173,2024-12-04 17:28:17,1179.22,15.24,1.84
5174,2024-12-04 17:28:18,1179.43,15.24,1.84
5175,2024-12-04 17:28:18,1179.64,15.24,1.84
5176,2024-12-04 17:28:18,1179.87,15.24,1.84
5177,2024-12-04 17:28:18,1180.09,15.24,1.84
5178,2024-12-04 17:28:18,1180.30,15.24,1.84
5179,2024-12-04 17:28:19,1180.52,15.24,1.84
5180,2024-12-04 17:28:19,1180.74,15.24,1.84
5181,2024-12-04 17:28:19,1180.96,15.24,1.84
5182,2024-12-04 17:28:19,1181.17,15.24,1.84
5183,2024-12-04 17:28:20,1181.39,15.24,1.84
5184,2024-12-04 17:28:20,1181.61,15.24,1.84
5185,2024-12-04 17:28:20,1181.84,15.24,1.84
5186,2024-12-04 17:28:20,1182.06,15.24,1.84
5187,2024-12-04 17:28:20,1182.28,15.24,1.84
5188,2024-12-04 17:28:21,1182.50,15.24,1.84
5189,2024-12-04 17:28:21,1182.72,15.24,1.84
5190,2024-12-04 17:28:21,1182.94,15.24,1.84
5191,2024-12-04 17:28:21,1183.17,15.24,1.84
5192,2024-12-04 17:28:22,1183.39,15.24,1.84
5193,2024-12-04 17:28:22,1183.61,15.24,1.84
5194,2024-12-04 17:28:22,1183.83,15.24,1.84
5195,2024-12-04 17:28:22,1184.06,15.24,1.84
5196,2024-12-04 17:28:22,1184.25,15.24,1.84
5197,2024-12-04 17:28:23,1184.47,15.24,1.84
5198,2024-12-04 17:28:23,1184.69,15.24,1.84
5199,2024-12-04 17:28:23,1184.91,15.24,1.84
5200,2024-12-04 17:28:23,1185.11,15.24,1.84
5201,2024-12-04 17:28:23,1185.32,15.24,1.84
5202,2024-12-04 17:28:24,1185.52,15.24,1.84
5203,2024-12-04 17:28:24,1185.74,15.24,1.84
5204,2024-12-04 17:28:24,1185.95,15.24,1.84
5205,2024-12-04 17:28:24,1186.16,15.24,1.84
5206,2024-12-04 17:28:25,1186.39,15.24,1.84
5207,2024-12-04 17:28:25,1186.61,15.24,1.84
5208,2024-12-04 17:28:25,1186.82,15.24,1.84
5209,2024-12-04 17:28:25,1187.05,15.24,1.84
5210,2024-12-04 17:28:25,1187.26,15.24,1.84
5211,2024-12-04 17:28:26,1187.47,15.24,1.84
5212,2024-12-04 17:28:26,1187.69,15.24,1.84
5213,2024-12-04 17:28:26,1187.90,15.24,1.84
5214,2024-12-04 17:28:26,1188.12,15.24,1.84
5215,2024-12-04 17:28:26,1188.34,15.24,1.84
5216,2024-12-04 17:28:27,1188.55,15.24,1.84
5217,2024-12-04 17:28:27,1188.77,15.24,1.84
5218,2024-12-04 17:28:27,1188.99,15.24,1.84
5219,2024-12-04 17:28:27,1189.20,15.24,1.84
5220,2024-12-04 17:28:28,1189.43,15.24,1.84
5221,2024-12-04 17:28:28,1189.65,15.24,1.84
5222,2024-12-04 17:28:28,1189.87,15.24,1.84
5223,2024-12-04 17:28:28,1190.09,15.24,1.84
5224,2024-12-04 17:28:28,1190.30,15.24,1.84
5225,2024-12-04 17:28:29,1190.52,15.24,1.84
5226,2024-12-04 17:28:29,1190.74,15.24,1.84
5227,2024-12-04 17:28:29,1190.98,15.24,1.84
5228,2024-12-04 17:28:29,1191.18,15.24,1.84
5229,2024-12-04 17:28:30,1191.40,15.24,1.84
5230,2024-12-04 17:28:30,1191.62,15.24,1.84
5231,2024-12-04 17:28:30,1191.84,15.24,1.84
5232,2024-12-04 17:28:30,1192.05,15.24,1.84
5233,2024-12-04 17:28:30,1192.25,15.24,1.84
5234,2024-12-04 17:28:31,1192.47,15.24,1.84
5235,2024-12-04 17:28:31,1192.69,15.24,1.84
5236,2024-12-04 17:28:31,1192.91,15.24,1.84
5237,2024-12-04 17:28:31,1193.13,15.24,1.84
5238,2024-12-04 17:28:31,1193.35,15.24,1.84
5239,2024-12-04 17:28:32,1193.57,15.24,1.84
5240,2024-12-04 17:28:32,1193.77,15.24,1.84
5241,2024-12-04 17:28:32,1193.99,15.24,1.84
5242,2024-12-04 17:28:32,1194.20,15.24,1.84
5243,2024-12-04 17:28:33,1194.43,15.24,1.84
5244,2024-12-04 17:28:33,1194.65,15.24,1.84
5245,2024-12-04 17:28:33,1194.87,15.24,1.84
5246,2024-12-04 17:28:33,1195.09,15.24,1.84
5247,2024-12-04 17:28:33,1195.32,15.24,1.84
5248,2024-12-04 17:28:34,1195.53,15.24,1.84
5249,2024-12-04 17:28:34,1195.75,15.24,1.84
5250,2024-12-04 17:28:34,1195.96,15.24,1.84
5251,2024-12-04 17:28:34,1196.18,15.24,1.84
5252,2024-12-04 17:28:35,1196.40,15.24,1.84
5253,2024-12-04 17:28:35,1196.61,15.24,1.84
5254,2024-12-04 17:28:35,1196.83,15.24,1.84
5255,2024-12-04 17:28:35,1197.04,15.24,1.84
5256,2024-12-04 17:28:35,1197.26,15.24,1.84
5257,2024-12-04 17:28:36,1197.47,15.24,1.84
5258,2024-12-04 17:28:36,1197.68,15.24,1.84
5259,2024-12-04 17:28:36,1197.89,15.24,1.84
5260,2024-12-04 17:28:36,1198.08,15.24,1.84
5261,2024-12-04 17:28:36,1198.29,15.24,1.84
5262,2024-12-04 17:28:37,1198.51,15.24,1.84
5263,2024-12-04 17:28:37,1198.73,15.24,1.84
5264,2024-12-04 17:28:37,1198.94,15.24,1.84
5265,2024-12-04 17:28:37,1199.14,15.24,1.84
5266,2024-12-04 17:28:37,1199.36,15.24,1.84
5267,2024-12-04 17:28:38,1199.58,15.24,1.84
5268,2024-12-04 17:28:38,1199.79,15.24,1.84
5269,2024-12-04 17:28:38,1200.01,15.24,1.84
5270,2024-12-04 17:28:38,1200.22,15.24,1.84
5271,2024-12-04 17:28:39,1200.44,15.24,1.84
5272,2024-12-04 17:28:39,1200.66,15.24,1.84
5273,2024-12-04 17:28:39,1200.88,15.24,1.84
5274,2024-12-04 17:28:39,1201.10,15.24,1.84
5275,2024-12-04 17:28:39,1201.33,15.24,1.84
5276,2024-12-04 17:28:40,1201.56,15.24,1.84
5277,2024-12-04 17:28:40,1201.78,15.24,1.84
5278,2024-12-04 17:28:40,1202.00,15.24,1.84
5279,2024-12-04 17:28:40,1202.21,15.24,1.84
5280,2024-12-04 17:28:41,1202.43,15.24,1.84
5281,2024-12-04 17:28:41,1202.65,15.24,1.84
5282,2024-12-04 17:28:41,1202.87,15.24,1.84
5283,2024-12-04 17:28:41,1203.09,15.24,1.84
5284,2024-12-04 17:28:41,1203.31,15.24,1.84
5285,2024-12-04 17:28:42,1203.53,15.24,1.84
5286,2024-12-04 17:28:42,1203.76,15.24,1.84
5287,2024-12-04 17:28:42,1203.98,15.24,1.84
5288,2024-12-04 17:28:42,1204.18,15.24,1.84
5289,2024-12-04 17:28:43,1204.40,15.24,1.84
5290,2024-12-04 17:28:43,1204.62,15.24,1.84
5291,2024-12-04 17:28:43,1204.83,15.24,1.84
5292,2024-12-04 17:28:43,1205.06,15.24,1.84
5293,2024-12-04 17:28:43,1205.26,15.24,1.84
5294,2024-12-04 17:28:44,1205.48,15.24,1.84
5295,2024-12-04 17:28:44,1205.69,15.24,1.84
5296,2024-12-04 17:28:44,1205.92,15.24,1.84
5297,2024-12-04 17:28:44,1206.12,15.24,1.84
5298,2024-12-04 17:28:44,1206.34,15.24,1.84
5299,2024-12-04 17:28:45,1206.55,15.24,1.84
5300,2024-12-04 17:28:45,1206.77,15.24,1.84
5301,2024-12-04 17:28:45,1206.99,15.24,1.84
5302,2024-12-04 17:28:45,1207.20,15.24,1.84
5303,2024-12-04 17:28:46,1207.41,15.24,1.84
5304,2024-12-04 17:28:46,1207.63,15.24,1.84
5305,2024-12-04 17:28:46,1207.85,15.24,1.84
5306,2024-12-04 17:28:46,1208.07,15.24,1.84
5307,2024-12-04 17:28:46,1208.27,15.24,1.84
5308,2024-12-04 17:28:47,1208.49,15.24,1.84
5309,2024-12-04 17:28:47,1208.69,15.24,1.84
5310,2024-12-04 17:28:47,1208.91,15.24,1.84
5311,2024-12-04 17:28:47,1209.12,15.24,1.84
5312,2024-12-04 17:28:47,1209.34,15.24,1.84
5313,2024-12-04 17:28:48,1209.55,15.24,1.84
5314,2024-12-04 17:28:48,1209.77,15.24,1.84
5315,2024-12-04 17:28:48,1209.99,15.24,1.84
5316,2024-12-04 17:28:48,1210.20,15.24,1.84
5317,2024-12-04 17:28:49,1210.42,15.24,1.84
5318,2024-12-04 17:28:49,1210.63,15.24,1.84
5319,2024-12-04 17:28:49,1210.85,15.24,1.84
5320,2024-12-04 17:28:49,1211.06,15.24,1.84
5321,2024-12-04 17:28:49,1211.29,15.24,1.84
5322,2024-12-04 17:28:50,1211.51,15.24,1.84
5323,2024-12-04 17:28:50,1211.72,15.24,1.84
5324,2024-12-04 17:28:50,1211.94,15.24,1.84
5325,2024-12-04 17:28:50,1212.16,15.24,1.84
5326,2024-12-04 17:28:50,1212.38,15.24,1.84
5327,2024-12-04 17:28:51,1212.60,15.24,1.84
5328,2024-12-04 17:28:51,1212.82,15.24,1.84
5329,2024-12-04 17:28:51,1213.04,15.24,1.84
5330,2024-12-04 17:28:51,1213.26,15.24,1.84
5331,2024-12-04 17:28:52,1213.46,15.24,1.84
5332,2024-12-04 17:28:52,1213.67,15.24,1.84
5333,2024-12-04 17:28:52,1213.89,15.24,1.84
5334,2024-12-04 17:28:52,1214.11,15.24,1.84
5335,2024-12-04 17:28:52,1214.33,15.24,1.84
5336,2024-12-04 17:28:53,1214.55,15.24,1.84
5337,2024-12-04 17:28:53,1214.77,15.24,1.84
5338,2024-12-04 17:28:53,1214.99,15.24,1.84
5339,2024-12-04 17:28:53,1215.21,15.24,1.84
5340,2024-12-04 17:28:54,1215.43,15.24,1.84
5341,2024-12-04 17:28:54,1215.62,15.24,1.84
5342,2024-12-04 17:28:54,1215.82,15.24,1.84
5343,2024-12-04 17:28:54,1216.03,15.24,1.84
5344,2024-12-04 17:28:54,1216.24,15.24,1.84
5345,2024-12-04 17:28:55,1216.47,15.24,1.84
5346,2024-12-04 17:28:55,1216.69,15.24,1.84
5347,2024-12-04 17:28:55,1216.90,15.24,1.84
5348,2024-12-04 17:28:55,1217.12,15.24,1.84
5349,2024-12-04 17:28:55,1217.32,15.24,1.84
5350,2024-12-04 17:28:56,1217.55,15.24,1.84
5351,2024-12-04 17:28:56,1217.76,15.24,1.84
5352,2024-12-04 17:28:56,1217.98,15.24,1.84
5353,2024-12-04 17:28:56,1218.19,15.24,1.84
5354,2024-12-04 17:28:57,1218.38,15.24,1.84
5355,2024-12-04 17:28:57,1218.59,15.24,1.84
5356,2024-12-04 17:28:57,1218.81,15.24,1.84
5357,2024-12-04 17:28:57,1219.03,15.24,1.84
5358,2024-12-04 17:28:57,1219.25,15.24,1.84
5359,2024-12-04 17:28:58,1219.46,15.24,1.84
5360,2024-12-04 17:28:58,1219.68,15.24,1.84
5361,2024-12-04 17:28:58,1219.90,15.24,1.84
5362,2024-12-04 17:28:58,1220.12,15.24,1.84
5363,2024-12-04 17:28:58,1220.34,15.24,1.84
5364,2024-12-04 17:28:59,1220.55,15.24,1.84
5365,2024-12-04 17:28:59,1220.79,15.24,1.84
5366,2024-12-04 17:28:59,1221.00,15.24,1.84
5367,2024-12-04 17:28:59,1221.21,15.24,1.84
5368,2024-12-04 17:29:00,1221.43,15.24,1.84
5369,2024-12-04 17:29:00,1221.64,15.24,1.84
5370,2024-12-04 17:29:00,1221.86,15.24,1.84
5371,2024-12-04 17:29:00,1222.08,15.24,1.84
5372,2024-12-04 17:29:00,1222.30,15.24,1.84
5373,2024-12-04 17:29:01,1222.52,15.24,1.84
5374,2024-12-04 17:29:01,1222.74,15.24,1.84
5375,2024-12-04 17:29:01,1222.94,15.24,1.84
5376,2024-12-04 17:29:01,1223.15,15.24,1.84
5377,2024-12-04 17:29:01,1223.37,15.24,1.84
5378,2024-12-04 17:29:02,1223.58,15.24,1.84
5379,2024-12-04 17:29:02,1223.78,15.24,1.84
5380,2024-12-04 17:29:02,1224.00,15.24,1.84
5381,2024-12-04 17:29:02,1224.21,15.24,1.84
5382,2024-12-04 17:29:03,1224.44,15.24,1.84
5383,2024-12-04 17:29:03,1224.66,15.24,1.84
5384,2024-12-04 17:29:03,1224.87,15.24,1.84
5385,2024-12-04 17:29:03,1225.07,15.24,1.84
5386,2024-12-04 17:29:03,1225.28,15.24,1.84
5387,2024-12-04 17:29:04,1225.49,15.24,1.84
5388,2024-12-04 17:29:04,1225.71,15.24,1.84
5389,2024-12-04 17:29:04,1225.93,15.24,1.84
5390,2024-12-04 17:29:04,1226.16,15.24,1.84
5391,2024-12-04 17:29:05,1226.38,15.24,1.84
5392,2024-12-04 17:29:05,1226.60,15.24,1.84
5393,2024-12-04 17:29:05,1226.82,15.24,1.84
5394,2024-12-04 17:29:05,1227.04,15.24,1.84
5395,2024-12-04 17:29:05,1227.26,15.24,1.84
5396,2024-12-04 17:29:06,1227.47,15.24,1.84
5397,2024-12-04 17:29:06,1227.69,15.24,1.84
5398,2024-12-04 17:29:06,1227.90,15.24,1.84
5399,2024-12-04 17:29:06,1228.12,15.24,1.84
5400,2024-12-04 17:29:06,1228.33,15.24,1.84
5401,2024-12-04 17:29:07,1228.55,15.24,1.84
5402,2024-12-04 17:29:07,1228.77,15.24,1.84
5403,2024-12-04 17:29:07,1228.99,15.24,1.84
5404,2024-12-04 17:29:07,1229.20,15.24,1.84
5405,2024-12-04 17:29:08,1229.41,15.24,1.84
5406,2024-12-04 17:29:08,1229.63,15.24,1.84
5407,2024-12-04 17:29:08,1229.85,15.24,1.84
5408,2024-12-04 17:29:08,1230.06,15.24,1.84
5409,2024-12-04 17:29:08,1230.28,15.24,1.84
5410,2024-12-04 17:29:09,1230.49,15.24,1.84
5411,2024-12-04 17:29:09,1230.71,15.24,1.84
5412,2024-12-04 17:29:09,1230.91,15.24,1.84
5413,2024-12-04 17:29:09,1231.12,15.24,1.84
5414,2024-12-04 17:29:09,1231.34,15.24,1.84
5415,2024-12-04 17:29:10,1231.56,15.24,1.84
5416,2024-12-04 17:29:10,1231.77,15.24,1.84
5417,2024-12-04 17:29:10,1231.99,15.24,1.84
5418,2024-12-04 17:29:10,1232.19,15.24,1.84
5419,2024-12-04 17:29:11,1232.40,15.24,1.84
5420,2024-12-04 17:29:11,1232.62,15.24,1.84
5421,2024-12-04 17:29:11,1232.83,15.24,1.84
5422,2024-12-04 17:29:11,1233.04,15.24,1.84
5423,2024-12-04 17:29:11,1233.26,15.24,1.84
5424,2024-12-04 17:29:12,1233.49,15.24,1.84
5425,2024-12-04 17:29:12,1233.69,15.24,1.84
5426,2024-12-04 17:29:12,1233.91,15.24,1.84
5427,2024-12-04 17:29:12,1234.12,15.24,1.84
5428,2024-12-04 17:29:12,1234.34,15.24,1.84
5429,2024-12-04 17:29:13,1234.54,15.24,1.84
5430,2024-12-04 17:29:13,1234.75,15.24,1.84
5431,2024-12-04 17:29:13,1234.96,15.24,1.84
5432,2024-12-04 17:29:13,1235.17,15.24,1.84
5433,2024-12-04 17:29:14,1235.39,15.24,1.84
5434,2024-12-04 17:29:14,1235.61,15.24,1.84
5435,2024-12-04 17:29:14,1235.82,15.24,1.84
5436,2024-12-04 17:29:14,1236.04,15.24,1.84
5437,2024-12-04 17:29:14,1236.26,15.24,1.84
5438,2024-12-04 17:29:15,1236.48,15.24,1.84
5439,2024-12-04 17:29:15,1236.70,15.24,1.84
5440,2024-12-04 17:29:15,1236.92,15.24,1.84
5441,2024-12-04 17:29:15,1237.13,15.24,1.84
5442,2024-12-04 17:29:15,1237.34,15.24,1.84
5443,2024-12-04 17:29:16,1237.55,15.24,1.84
5444,2024-12-04 17:29:16,1237.77,15.24,1.84
5445,2024-12-04 17:29:16,1237.96,15.24,1.84
5446,2024-12-04 17:29:16,1238.18,15.24,1.84
5447,2024-12-04 17:29:17,1238.39,15.24,1.84
5448,2024-12-04 17:29:17,1238.61,15.24,1.84
5449,2024-12-04 17:29:17,1238.83,15.24,1.84
5450,2024-12-04 17:29:17,1239.05,15.24,1.84
5451,2024-12-04 17:29:17,1239.27,15.24,1.84
5452,2024-12-04 17:29:18,1239.49,15.24,1.84
5453,2024-12-04 17:29:18,1239.72,15.24,1.84
5454,2024-12-04 17:29:18,1239.94,15.24,1.84
5455,2024-12-04 17:29:18,1240.16,15.24,1.84
5456,2024-12-04 17:29:19,1240.38,15.24,1.84
5457,2024-12-04 17:29:19,1240.59,15.24,1.84
5458,2024-12-04 17:29:19,1240.81,15.24,1.84
5459,2024-12-04 17:29:19,1241.03,15.24,1.84
5460,2024-12-04 17:29:19,1241.25,15.24,1.84
5461,2024-12-04 17:29:20,1241.47,15.24,1.84
5462,2024-12-04 17:29:20,1241.68,15.24,1.84
5463,2024-12-04 17:29:20,1241.90,15.24,1.84
5464,2024-12-04 17:29:20,1242.11,15.24,1.84
5465,2024-12-04 17:29:20,1242.33,15.24,1.84
5466,2024-12-04 17:29:21,1242.55,15.24,1.84
5467,2024-12-04 17:29:21,1242.76,15.24,1.84
5468,2024-12-04 17:29:21,1242.99,15.24,1.84
5469,2024-12-04 17:29:21,1243.21,15.24,1.84
5470,2024-12-04 17:29:22,1243.43,15.24,1.84
5471,2024-12-04 17:29:22,1243.64,15.24,1.84
5472,2024-12-04 17:29:22,1243.85,15.24,1.84
5473,2024-12-04 17:29:22,1244.07,15.24,1.84
5474,2024-12-04 17:29:22,1244.29,15.24,1.84
5475,2024-12-04 17:29:23,1244.51,15.24,1.84
5476,2024-12-04 17:29:23,1244.72,15.24,1.84
5477,2024-12-04 17:29:23,1244.94,15.24,1.84
5478,2024-12-04 17:29:23,1245.15,15.24,1.84
5479,2024-12-04 17:29:23,1245.36,15.24,1.84
5480,2024-12-04 17:29:24,1245.57,15.24,1.84
5481,2024-12-04 17:29:24,1245.79,15.24,1.84
5482,2024-12-04 17:29:24,1246.00,15.24,1.84
5483,2024-12-04 17:29:24,1246.21,15.24,1.84
5484,2024-12-04 17:29:25,1246.43,15.24,1.84
5485,2024-12-04 17:29:25,1246.63,15.24,1.84
5486,2024-12-04 17:29:25,1246.85,15.24,1.84
5487,2024-12-04 17:29:25,1247.07,15.24,1.84
5488,2024-12-04 17:29:25,1247.29,15.24,1.84
5489,2024-12-04 17:29:26,1247.51,15.24,1.84
5490,2024-12-04 17:29:26,1247.73,15.24,1.84
5491,2024-12-04 17:29:26,1247.94,15.24,1.84
5492,2024-12-04 17:29:26,1248.16,15.24,1.84
5493,2024-12-04 17:29:26,1248.37,15.24,1.84
5494,2024-12-04 17:29:27,1248.58,15.24,1.84
5495,2024-12-04 17:29:27,1248.80,15.24,1.84
5496,2024-12-04 17:29:27,1249.02,15.24,1.84
5497,2024-12-04 17:29:27,1249.23,15.24,1.84
5498,2024-12-04 17:29:28,1249.45,15.24,1.84
5499,2024-12-04 17:29:28,1249.68,15.24,1.84
5500,2024-12-04 17:29:28,1249.90,15.24,1.84
5501,2024-12-04 17:29:28,1250.11,15.24,1.84
5502,2024-12-04 17:29:28,1250.33,15.24,1.84
5503,2024-12-04 17:29:29,1250.54,15.24,1.84
5504,2024-12-04 17:29:29,1250.77,15.24,1.84
5505,2024-12-04 17:29:29,1250.99,15.24,1.84
5506,2024-12-04 17:29:29,1251.21,15.24,1.84
5507,2024-12-04 17:29:30,1251.42,15.24,1.84
5508,2024-12-04 17:29:30,1251.64,15.24,1.84
5509,2024-12-04 17:29:30,1251.84,15.24,1.84
5510,2024-12-04 17:29:30,1252.06,15.24,1.84
5511,2024-12-04 17:29:30,1252.27,15.24,1.84
5512,2024-12-04 17:29:31,1252.49,15.24,1.84
5513,2024-12-04 17:29:31,1252.71,15.24,1.84
5514,2024-12-04 17:29:31,1252.93,15.24,1.84
5515,2024-12-04 17:29:31,1253.14,15.24,1.84
5516,2024-12-04 17:29:31,1253.36,15.24,1.84
5517,2024-12-04 17:29:32,1253.58,15.24,1.84
5518,2024-12-04 17:29:32,1253.79,15.24,1.84
5519,2024-12-04 17:29:32,1254.01,15.24,1.84
5520,2024-12-04 17:29:32,1254.22,15.24,1.84
5521,2024-12-04 17:29:33,1254.43,15.24,1.84
5522,2024-12-04 17:29:33,1254.64,15.24,1.84
5523,2024-12-04 17:29:33,1254.85,15.24,1.84
5524,2024-12-04 17:29:33,1255.08,15.24,1.84
5525,2024-12-04 17:29:33,1255.28,15.24,1.84
5526,2024-12-04 17:29:34,1255.49,15.24,1.84
5527,2024-12-04 17:29:34,1255.71,15.24,1.84
5528,2024-12-04 17:29:34,1255.92,15.24,1.84
5529,2024-12-04 17:29:34,1256.14,15.24,1.84
5530,2024-12-04 17:29:34,1256.35,15.24,1.84
5531,2024-12-04 17:29:35,1256.56,15.24,1.84
5532,2024-12-04 17:29:35,1256.77,15.24,1.84
5533,2024-12-04 17:29:35,1256.98,15.24,1.84
5534,2024-12-04 17:29:35,1257.18,15.24,1.84
5535,2024-12-04 17:29:35,1257.38,15.24,1.84
5536,2024-12-04 17:29:36,1257.59,15.24,1.84
5537,2024-12-04 17:29:36,1257.81,15.24,1.84
5538,2024-12-04 17:29:36,1258.02,15.24,1.84
5539,2024-12-04 17:29:36,1258.23,15.24,1.84
5540,2024-12-04 17:29:37,1258.45,15.24,1.84
5541,2024-12-04 17:29:37,1258.67,15.24,1.84
5542,2024-12-04 17:29:37,1258.90,15.24,1.84
5543,2024-12-04 17:29:37,1259.11,15.24,1.84
5544,2024-12-04 17:29:37,1259.34,15.24,1.84
5545,2024-12-04 17:29:38,1259.55,15.24,1.84
5546,2024-12-04 17:29:38,1259.76,15.24,1.84
5547,2024-12-04 17:29:38,1259.97,15.24,1.84
5548,2024-12-04 17:29:38,1260.20,15.24,1.84
5549,2024-12-04 17:29:39,1260.41,15.24,1.84
5550,2024-12-04 17:29:39,1260.62,15.24,1.84
5551,2024-12-04 17:29:39,1260.84,15.24,1.84
5552,2024-12-04 17:29:39,1261.05,15.24,1.84
5553,2024-12-04 17:29:39,1261.27,15.24,1.84
5554,2024-12-04 17:29:40,1261.49,15.24,1.84
5555,2024-12-04 17:29:40,1261.70,15.24,1.84
5556,2024-12-04 17:29:40,1261.93,15.24,1.84
5557,2024-12-04 17:29:40,1262.14,15.24,1.84
5558,2024-12-04 17:29:40,1262.36,15.24,1.84
5559,2024-12-04 17:29:41,1262.59,15.24,1.84
5560,2024-12-04 17:29:41,1262.81,15.24,1.84
5561,2024-12-04 17:29:41,1263.03,15.24,1.84
5562,2024-12-04 17:29:41,1263.25,15.24,1.84
5563,2024-12-04 17:29:42,1263.47,15.24,1.84
5564,2024-12-04 17:29:42,1263.68,15.24,1.84
5565,2024-12-04 17:29:42,1263.90,15.24,1.84
5566,2024-12-04 17:29:42,1264.11,15.24,1.84
5567,2024-12-04 17:29:42,1264.32,15.24,1.84
5568,2024-12-04 17:29:43,1264.54,15.24,1.84
5569,2024-12-04 17:29:43,1264.75,15.24,1.84
5570,2024-12-04 17:29:43,1264.98,15.24,1.84
5571,2024-12-04 17:29:43,1265.19,15.24,1.84
5572,2024-12-04 17:29:44,1265.42,15.24,1.84
5573,2024-12-04 17:29:44,1265.62,15.24,1.84
5574,2024-12-04 17:29:44,1265.83,15.24,1.84
5575,2024-12-04 17:29:44,1266.02,15.24,1.84
5576,2024-12-04 17:29:44,1266.23,15.24,1.84
5577,2024-12-04 17:29:45,1266.45,15.24,1.84
5578,2024-12-04 17:29:45,1266.68,15.24,1.84
5579,2024-12-04 17:29:45,1266.89,15.24,1.84
5580,2024-12-04 17:29:45,1267.11,15.24,1.84
5581,2024-12-04 17:29:45,1267.31,15.24,1.84
5582,2024-12-04 17:29:46,1267.52,15.24,1.84
5583,2024-12-04 17:29:46,1267.74,15.24,1.84
5584,2024-12-04 17:29:46,1267.95,15.24,1.84
5585,2024-12-04 17:29:46,1268.18,15.24,1.84
5586,2024-12-04 17:29:47,1268.39,15.24,1.84
5587,2024-12-04 17:29:47,1268.61,15.24,1.84
5588,2024-12-04 17:29:47,1268.83,15.24,1.84
5589,2024-12-04 17:29:47,1269.05,15.24,1.84
5590,2024-12-04 17:29:47,1269.26,15.24,1.84
5591,2024-12-04 17:29:48,1269.48,15.24,1.84
5592,2024-12-04 17:29:48,1269.70,15.24,1.84
5593,2024-12-04 17:29:48,1269.91,15.24,1.84
5594,2024-12-04 17:29:48,1270.12,15.24,1.84
5595,2024-12-04 17:29:48,1270.35,15.24,1.84
5596,2024-12-04 17:29:49,1270.57,15.24,1.84
5597,2024-12-04 17:29:49,1270.78,15.24,1.84
5598,2024-12-04 17:29:49,1270.99,15.24,1.84
5599,2024-12-04 17:29:49,1271.19,15.24,1.84
5600,2024-12-04 17:29:50,1271.41,15.24,1.84
5601,2024-12-04 17:29:50,1271.63,15.24,1.84
5602,2024-12-04 17:29:50,1271.84,15.24,1.84
5603,2024-12-04 17:29:50,1272.06,15.24,1.84
5604,2024-12-04 17:29:50,1272.29,15.24,1.84
5605,2024-12-04 17:29:51,1272.50,15.24,1.84
5606,2024-12-04 17:29:51,1272.71,15.24,1.84
5607,2024-12-04 17:29:51,1272.92,15.24,1.84
5608,2024-12-04 17:29:51,1273.13,15.24,1.84
5609,2024-12-04 17:29:51,1273.35,15.24,1.84
5610,2024-12-04 17:29:52,1273.57,15.24,1.84
5611,2024-12-04 17:29:52,1273.78,15.24,1.84
5612,2024-12-04 17:29:52,1274.00,15.24,1.84
5613,2024-12-04 17:29:52,1274.22,15.24,1.84
5614,2024-12-04 17:29:53,1274.45,15.24,1.84
5615,2024-12-04 17:29:53,1274.67,15.24,1.84
5616,2024-12-04 17:29:53,1274.88,15.24,1.84
5617,2024-12-04 17:29:53,1275.10,15.24,1.84
5618,2024-12-04 17:29:53,1275.33,15.24,1.84
5619,2024-12-04 17:29:54,1275.54,15.24,1.84
5620,2024-12-04 17:29:54,1275.75,15.24,1.84
5621,2024-12-04 17:29:54,1275.95,15.24,1.84
5622,2024-12-04 17:29:54,1276.16,15.24,1.84
5623,2024-12-04 17:29:55,1276.38,15.24,1.84
5624,2024-12-04 17:29:55,1276.59,15.24,1.84
5625,2024-12-04 17:29:55,1276.79,15.24,1.84
5626,2024-12-04 17:29:55,1277.01,15.24,1.84
5627,2024-12-04 17:29:55,1277.22,15.24,1.84
5628,2024-12-04 17:29:56,1277.45,15.24,1.84
5629,2024-12-04 17:29:56,1277.67,15.24,1.84
5630,2024-12-04 17:29:56,1277.87,15.24,1.84
5631,2024-12-04 17:29:56,1278.08,15.24,1.84
5632,2024-12-04 17:29:56,1278.29,15.24,1.84
5633,2024-12-04 17:29:57,1278.51,15.24,1.84
5634,2024-12-04 17:29:57,1278.73,15.24,1.84
5635,2024-12-04 17:29:57,1278.94,15.24,1.84
5636,2024-12-04 17:29:57,1279.16,15.24,1.84
5637,2024-12-04 17:29:57,1279.37,15.24,1.84
5638,2024-12-04 17:29:58,1279.58,15.24,1.84
5639,2024-12-04 17:29:58,1279.80,15.24,1.84
5640,2024-12-04 17:29:58,1280.02,15.24,1.84
5641,2024-12-04 17:29:58,1280.22,15.24,1.84
5642,2024-12-04 17:29:59,1280.44,15.24,1.84
5643,2024-12-04 17:29:59,1280.66,15.24,1.84
5644,2024-12-04 17:29:59,1280.88,15.24,1.84
5645,2024-12-04 17:29:59,1281.09,15.24,1.84
5646,2024-12-04 17:29:59,1281.29,15.24,1.84
5647,2024-12-04 17:30:00,1281.51,15.24,1.84
5648,2024-12-04 17:30:00,1281.73,15.24,1.84
5649,2024-12-04 17:30:00,1281.95,15.24,1.84
5650,2024-12-04 17:30:00,1282.16,15.24,1.84
5651,2024-12-04 17:30:01,1282.38,15.24,1.84
5652,2024-12-04 17:30:01,1282.61,15.24,1.84
5653,2024-12-04 17:30:01,1282.82,15.24,1.84
5654,2024-12-04 17:30:01,1283.02,15.24,1.84
5655,2024-12-04 17:30:01,1283.24,15.24,1.84
5656,2024-12-04 17:30:02,1283.46,15.24,1.84
5657,2024-12-04 17:30:02,1283.66,15.24,1.84
5658,2024-12-04 17:30:02,1283.87,15.24,1.84
5659,2024-12-04 17:30:02,1284.08,15.24,1.84
5660,2024-12-04 17:30:02,1284.32,15.24,1.84
5661,2024-12-04 17:30:03,1284.53,15.24,1.84
5662,2024-12-04 17:30:03,1284.75,15.24,1.84
5663,2024-12-04 17:30:03,1284.96,15.24,1.84
5664,2024-12-04 17:30:03,1285.18,15.24,1.84
5665,2024-12-04 17:30:04,1285.41,15.24,1.84
5666,2024-12-04 17:30:04,1285.63,15.24,1.84
5667,2024-12-04 17:30:04,1285.85,15.24,1.84
5668,2024-12-04 17:30:04,1286.06,15.24,1.84
5669,2024-12-04 17:30:04,1286.27,15.24,1.84
5670,2024-12-04 17:30:05,1286.48,15.24,1.84
5671,2024-12-04 17:30:05,1286.70,15.24,1.84
5672,2024-12-04 17:30:05,1286.93,15.24,1.84
5673,2024-12-04 17:30:05,1287.15,15.24,1.84
5674,2024-12-04 17:30:05,1287.37,15.24,1.84
5675,2024-12-04 17:30:06,1287.60,15.24,1.84
5676,2024-12-04 17:30:06,1287.82,15.24,1.84
5677,2024-12-04 17:30:06,1288.04,15.24,1.84
5678,2024-12-04 17:30:06,1288.26,15.24,1.84
5679,2024-12-04 17:30:07,1288.48,15.24,1.84
5680,2024-12-04 17:30:07,1288.70,15.24,1.84
5681,2024-12-04 17:30:07,1288.93,15.24,1.84
5682,2024-12-04 17:30:07,1289.14,15.24,1.84
5683,2024-12-04 17:30:07,1289.35,15.24,1.84
5684,2024-12-04 17:30:08,1289.56,15.24,1.84
5685,2024-12-04 17:30:08,1289.78,15.24,1.84
5686,2024-12-04 17:30:08,1289.99,15.24,1.84
5687,2024-12-04 17:30:08,1290.20,15.24,1.84
5688,2024-12-04 17:30:09,1290.42,15.24,1.84
5689,2024-12-04 17:30:09,1290.62,15.24,1.84
5690,2024-12-04 17:30:09,1290.84,15.24,1.84
5691,2024-12-04 17:30:09,1291.02,15.24,1.84
5692,2024-12-04 17:30:09,1291.24,15.24,1.84
5693,2024-12-04 17:30:10,1291.46,15.24,1.84
5694,2024-12-04 17:30:10,1291.65,15.24,1.84
5695,2024-12-04 17:30:10,1291.85,15.24,1.84
5696,2024-12-04 17:30:10,1292.07,15.24,1.84
5697,2024-12-04 17:30:10,1292.28,15.24,1.84
5698,2024-12-04 17:30:11,1292.50,15.24,1.84
5699,2024-12-04 17:30:11,1292.72,15.24,1.84
5700,2024-12-04 17:30:11,1292.92,15.24,1.84
5701,2024-12-04 17:30:11,1293.13,15.24,1.84
5702,2024-12-04 17:30:11,1293.35,15.24,1.84
5703,2024-12-04 17:30:12,1293.56,15.24,1.84
5704,2024-12-04 17:30:12,1293.77,15.24,1.84
5705,2024-12-04 17:30:12,1294.00,15.24,1.84
5706,2024-12-04 17:30:12,1294.21,15.24,1.84
5707,2024-12-04 17:30:13,1294.44,15.24,1.84
5708,2024-12-04 17:30:13,1294.65,15.24,1.84
5709,2024-12-04 17:30:13,1294.87,15.24,1.84
5710,2024-12-04 17:30:13,1295.09,15.24,1.84
5711,2024-12-04 17:30:13,1295.30,15.24,1.84
5712,2024-12-04 17:30:14,1295.52,15.24,1.84
5713,2024-12-04 17:30:14,1295.73,15.24,1.84
5714,2024-12-04 17:30:14,1295.93,15.24,1.84
5715,2024-12-04 17:30:14,1296.14,15.24,1.84
5716,2024-12-04 17:30:14,1296.35,15.24,1.84
5717,2024-12-04 17:30:15,1296.57,15.24,1.84
5718,2024-12-04 17:30:15,1296.79,15.24,1.84
5719,2024-12-04 17:30:15,1297.01,15.24,1.84
5720,2024-12-04 17:30:15,1297.24,15.24,1.84
5721,2024-12-04 17:30:16,1297.45,15.24,1.84
5722,2024-12-04 17:30:16,1297.66,15.24,1.84
5723,2024-12-04 17:30:16,1297.87,15.24,1.84
5724,2024-12-04 17:30:16,1298.09,15.24,1.84
5725,2024-12-04 17:30:16,1298.31,15.24,1.84
5726,2024-12-04 17:30:17,1298.53,15.24,1.84
5727,2024-12-04 17:30:17,1298.74,15.24,1.84
5728,2024-12-04 17:30:17,1298.97,15.24,1.84
5729,2024-12-04 17:30:17,1299.19,15.24,1.84
5730,2024-12-04 17:30:18,1299.40,15.24,1.84
5731,2024-12-04 17:30:18,1299.63,15.24,1.84
5732,2024-12-04 17:30:18,1299.86,15.24,1.84
5733,2024-12-04 17:30:18,1300.07,15.24,1.84
5734,2024-12-04 17:30:18,1300.29,15.24,1.84
5735,2024-12-04 17:30:19,1300.50,15.24,1.84
5736,2024-12-04 17:30:19,1300.71,15.24,1.84
5737,2024-12-04 17:30:19,1300.93,15.24,1.84
5738,2024-12-04 17:30:19,1301.15,15.24,1.84
5739,2024-12-04 17:30:19,1301.37,15.24,1.84
5740,2024-12-04 17:30:20,1301.59,15.24,1.84
5741,2024-12-04 17:30:20,1301.80,15.24,1.84
5742,2024-12-04 17:30:20,1302.02,15.24,1.84
5743,2024-12-04 17:30:20,1302.23,15.24,1.84
5744,2024-12-04 17:30:21,1302.44,15.24,1.84
5745,2024-12-04 17:30:21,1302.64,15.24,1.84
5746,2024-12-04 17:30:21,1302.85,15.24,1.84
5747,2024-12-04 17:30:21,1303.07,15.24,1.84
5748,2024-12-04 17:30:21,1303.28,15.24,1.84
5749,2024-12-04 17:30:22,1303.50,15.24,1.84
5750,2024-12-04 17:30:22,1303.71,15.24,1.84
5751,2024-12-04 17:30:22,1303.92,15.24,1.84
5752,2024-12-04 17:30:22,1304.14,15.24,1.84
5753,2024-12-04 17:30:22,1304.35,15.24,1.84
5754,2024-12-04 17:30:23,1304.57,15.24,1.84
5755,2024-12-04 17:30:23,1304.78,15.24,1.84
5756,2024-12-04 17:30:23,1304.99,15.24,1.84
5757,2024-12-04 17:30:23,1305.20,15.24,1.84
5758,2024-12-04 17:30:24,1305.42,15.24,1.84
5759,2024-12-04 17:30:24,1305.65,15.24,1.84
5760,2024-12-04 17:30:24,1305.86,15.24,1.84
5761,2024-12-04 17:30:24,1306.08,15.24,1.84
5762,2024-12-04 17:30:24,1306.30,15.24,1.84
5763,2024-12-04 17:30:25,1306.52,15.24,1.84
5764,2024-12-04 17:30:25,1306.73,15.24,1.84
5765,2024-12-04 17:30:25,1306.95,15.24,1.84
5766,2024-12-04 17:30:25,1307.17,15.24,1.84
5767,2024-12-04 17:30:26,1307.38,15.24,1.84
5768,2024-12-04 17:30:26,1307.60,15.24,1.84
5769,2024-12-04 17:30:26,1307.82,15.24,1.84
5770,2024-12-04 17:30:26,1308.02,15.24,1.84
5771,2024-12-04 17:30:26,1308.23,15.24,1.84
5772,2024-12-04 17:30:27,1308.44,15.24,1.84
5773,2024-12-04 17:30:27,1308.66,15.24,1.84
5774,2024-12-04 17:30:27,1308.87,15.24,1.84
5775,2024-12-04 17:30:27,1309.09,15.24,1.84
5776,2024-12-04 17:30:27,1309.30,15.24,1.84
5777,2024-12-04 17:30:28,1309.51,15.24,1.84
5778,2024-12-04 17:30:28,1309.74,15.24,1.84
5779,2024-12-04 17:30:28,1309.96,15.24,1.84
5780,2024-12-04 17:30:28,1310.17,15.24,1.84
5781,2024-12-04 17:30:29,1310.40,15.24,1.84
5782,2024-12-04 17:30:29,1310.62,15.24,1.84
5783,2024-12-04 17:30:29,1310.84,15.24,1.84
5784,2024-12-04 17:30:29,1311.06,15.24,1.84
5785,2024-12-04 17:30:29,1311.28,15.24,1.84
5786,2024-12-04 17:30:30,1311.48,15.24,1.84
5787,2024-12-04 17:30:30,1311.70,15.24,1.84
5788,2024-12-04 17:30:30,1311.92,15.24,1.84
5789,2024-12-04 17:30:30,1312.14,15.24,1.84
5790,2024-12-04 17:30:30,1312.35,15.24,1.84
5791,2024-12-04 17:30:31,1312.55,15.24,1.84
5792,2024-12-04 17:30:31,1312.76,15.24,1.84
5793,2024-12-04 17:30:31,1312.98,15.24,1.84
5794,2024-12-04 17:30:31,1313.20,15.24,1.84
5795,2024-12-04 17:30:32,1313.42,15.24,1.84
5796,2024-12-04 17:30:32,1313.62,15.24,1.84
5797,2024-12-04 17:30:32,1313.84,15.24,1.84
5798,2024-12-04 17:30:32,1314.06,15.24,1.84
5799,2024-12-04 17:30:32,1314.28,15.24,1.84
5800,2024-12-04 17:30:33,1314.50,15.24,1.84
5801,2024-12-04 17:30:33,1314.70,15.24,1.84
5802,2024-12-04 17:30:33,1314.90,15.24,1.84
5803,2024-12-04 17:30:33,1315.12,15.24,1.84
5804,2024-12-04 17:30:33,1315.33,15.24,1.84
5805,2024-12-04 17:30:34,1315.54,15.24,1.84
5806,2024-12-04 17:30:34,1315.75,15.24,1.84
5807,2024-12-04 17:30:34,1315.94,15.24,1.84
5808,2024-12-04 17:30:34,1316.15,15.24,1.84
5809,2024-12-04 17:30:34,1316.36,15.24,1.84
5810,2024-12-04 17:30:35,1316.58,15.24,1.84
5811,2024-12-04 17:30:35,1316.79,15.24,1.84
5812,2024-12-04 17:30:35,1317.01,15.24,1.84
5813,2024-12-04 17:30:35,1317.21,15.24,1.84
5814,2024-12-04 17:30:36,1317.42,15.24,1.84
5815,2024-12-04 17:30:36,1317.63,15.24,1.84
5816,2024-12-04 17:30:36,1317.85,15.24,1.84
5817,2024-12-04 17:30:36,1318.06,15.24,1.84
5818,2024-12-04 17:30:36,1318.28,15.24,1.84
5819,2024-12-04 17:30:37,1318.50,15.24,1.84
5820,2024-12-04 17:30:37,1318.71,15.24,1.84
5821,2024-12-04 17:30:37,1318.94,15.24,1.84
5822,2024-12-04 17:30:37,1319.15,15.24,1.84
5823,2024-12-04 17:30:37,1319.36,15.24,1.84
5824,2024-12-04 17:30:38,1319.59,15.24,1.84
5825,2024-12-04 17:30:38,1319.81,15.24,1.84
5826,2024-12-04 17:30:38,1320.02,15.24,1.84
5827,2024-12-04 17:30:38,1320.23,15.24,1.84
5828,2024-12-04 17:30:39,1320.45,15.24,1.84
5829,2024-12-04 17:30:39,1320.65,15.24,1.84
5830,2024-12-04 17:30:39,1320.86,15.24,1.84
5831,2024-12-04 17:30:39,1321.07,15.24,1.84
5832,2024-12-04 17:30:39,1321.29,15.24,1.84
5833,2024-12-04 17:30:40,1321.50,15.24,1.84
5834,2024-12-04 17:30:40,1321.70,15.24,1.84
5835,2024-12-04 17:30:40,1321.92,15.24,1.84
5836,2024-12-04 17:30:40,1322.14,15.24,1.84
5837,2024-12-04 17:30:40,1322.37,15.24,1.84
5838,2024-12-04 17:30:41,1322.59,15.24,1.84
5839,2024-12-04 17:30:41,1322.80,15.24,1.84
5840,2024-12-04 17:30:41,1323.02,15.24,1.84
5841,2024-12-04 17:30:41,1323.23,15.24,1.84
5842,2024-12-04 17:30:42,1323.45,15.24,1.84
5843,2024-12-04 17:30:42,1323.65,15.24,1.84
5844,2024-12-04 17:30:42,1323.87,15.24,1.84
5845,2024-12-04 17:30:42,1324.10,15.24,1.84
5846,2024-12-04 17:30:42,1324.32,15.24,1.84
5847,2024-12-04 17:30:43,1324.54,15.24,1.84
5848,2024-12-04 17:30:43,1324.76,15.24,1.84
5849,2024-12-04 17:30:43,1324.97,15.24,1.84
5850,2024-12-04 17:30:43,1325.19,15.24,1.84
5851,2024-12-04 17:30:44,1325.38,15.24,1.84
5852,2024-12-04 17:30:44,1325.60,15.24,1.84
5853,2024-12-04 17:30:44,1325.81,15.24,1.84
5854,2024-12-04 17:30:44,1326.04,15.24,1.84
5855,2024-12-04 17:30:44,1326.25,15.24,1.84
5856,2024-12-04 17:30:45,1326.46,15.24,1.84
5857,2024-12-04 17:30:45,1326.69,15.24,1.84
5858,2024-12-04 17:30:45,1326.90,15.24,1.84
5859,2024-12-04 17:30:45,1327.13,15.24,1.84
5860,2024-12-04 17:30:45,1327.34,15.24,1.84
5861,2024-12-04 17:30:46,1327.56,15.24,1.84
5862,2024-12-04 17:30:46,1327.77,15.24,1.84
5863,2024-12-04 17:30:46,1327.99,15.24,1.84
5864,2024-12-04 17:30:46,1328.21,15.24,1.84
5865,2024-12-04 17:30:47,1328.42,15.24,1.84
5866,2024-12-04 17:30:47,1328.64,15.24,1.84
5867,2024-12-04 17:30:47,1328.85,15.24,1.84
5868,2024-12-04 17:30:47,1329.08,15.24,1.84
5869,2024-12-04 17:30:47,1329.30,15.24,1.84
5870,2024-12-04 17:30:48,1329.52,15.24,1.84
5871,2024-12-04 17:30:48,1329.74,15.24,1.84
5872,2024-12-04 17:30:48,1329.96,15.24,1.84
5873,2024-12-04 17:30:48,1330.19,15.24,1.84
5874,2024-12-04 17:30:49,1330.41,15.24,1.84
5875,2024-12-04 17:30:49,1330.63,15.24,1.84
5876,2024-12-04 17:30:49,1330.85,15.24,1.84
5877,2024-12-04 17:30:49,1331.07,15.24,1.84
5878,2024-12-04 17:30:49,1331.30,15.24,1.84
5879,2024-12-04 17:30:50,1331.50,15.24,1.84
5880,2024-12-04 17:30:50,1331.72,15.24,1.84
5881,2024-12-04 17:30:50,1331.93,15.24,1.84
5882,2024-12-04 17:30:50,1332.15,15.24,1.84
5883,2024-12-04 17:30:50,1332.37,15.24,1.84
5884,2024-12-04 17:30:51,1332.59,15.24,1.84
5885,2024-12-04 17:30:51,1332.79,15.24,1.84
5886,2024-12-04 17:30:51,1333.00,15.24,1.84
5887,2024-12-04 17:30:51,1333.22,15.24,1.84
5888,2024-12-04 17:30:52,1333.44,15.24,1.84
5889,2024-12-04 17:30:52,1333.66,15.24,1.84
5890,2024-12-04 17:30:52,1333.86,15.24,1.84
5891,2024-12-04 17:30:52,1334.07,15.24,1.84
5892,2024-12-04 17:30:52,1334.29,15.24,1.84
5893,2024-12-04 17:30:53,1334.51,15.24,1.84
5894,2024-12-04 17:30:53,1334.72,15.24,1.84
5895,2024-12-04 17:30:53,1334.94,15.24,1.84
5896,2024-12-04 17:30:53,1335.18,15.24,1.84
5897,2024-12-04 17:30:54,1335.40,15.24,1.84
5898,2024-12-04 17:30:54,1335.62,15.24,1.84
5899,2024-12-04 17:30:54,1335.84,15.24,1.84
5900,2024-12-04 17:30:54,1336.06,15.24,1.84
5901,2024-12-04 17:30:54,1336.28,15.24,1.84
5902,2024-12-04 17:30:55,1336.51,15.24,1.84
5903,2024-12-04 17:30:55,1336.73,15.24,1.84
5904,2024-12-04 17:30:55,1336.95,15.24,1.84
5905,2024-12-04 17:30:55,1337.17,15.24,1.84
5906,2024-12-04 17:30:56,1337.39,15.24,1.84
5907,2024-12-04 17:30:56,1337.61,15.24,1.84
5908,2024-12-04 17:30:56,1337.84,15.24,1.84
5909,2024-12-04 17:30:56,1338.06,15.24,1.84
5910,2024-12-04 17:30:56,1338.27,15.24,1.84
5911,2024-12-04 17:30:57,1338.49,15.24,1.84
5912,2024-12-04 17:30:57,1338.71,15.24,1.84
5913,2024-12-04 17:30:57,1338.93,15.24,1.84
5914,2024-12-04 17:30:57,1339.13,15.24,1.84
5915,2024-12-04 17:30:57,1339.32,15.24,1.84
5916,2024-12-04 17:30:58,1339.54,15.24,1.84
5917,2024-12-04 17:30:58,1339.74,15.24,1.84
5918,2024-12-04 17:30:58,1339.97,15.24,1.84
5919,2024-12-04 17:30:58,1340.19,15.24,1.84
5920,2024-12-04 17:30:59,1340.39,15.24,1.84
5921,2024-12-04 17:30:59,1340.61,15.24,1.84
5922,2024-12-04 17:30:59,1340.81,15.24,1.84
5923,2024-12-04 17:30:59,1341.02,15.24,1.84
5924,2024-12-04 17:30:59,1341.24,15.24,1.84
5925,2024-12-04 17:31:00,1341.46,15.24,1.84
5926,2024-12-04 17:31:00,1341.69,15.24,1.84
5927,2024-12-04 17:31:00,1341.91,15.24,1.84
5928,2024-12-04 17:31:00,1342.13,15.24,1.84
5929,2024-12-04 17:31:00,1342.35,15.24,1.84
5930,2024-12-04 17:31:01,1342.57,15.24,1.84
5931,2024-12-04 17:31:01,1342.78,15.24,1.84
5932,2024-12-04 17:31:01,1343.00,15.24,1.84
5933,2024-12-04 17:31:01,1343.21,15.24,1.84
5934,2024-12-04 17:31:02,1343.42,15.24,1.84
5935,2024-12-04 17:31:02,1343.64,15.24,1.84
5936,2024-12-04 17:31:02,1343.85,15.24,1.84
5937,2024-12-04 17:31:02,1344.07,15.24,1.84
5938,2024-12-04 17:31:02,1344.30,15.24,1.84
5939,2024-12-04 17:31:03,1344.51,15.24,1.84
5940,2024-12-04 17:31:03,1344.72,15.24,1.84
5941,2024-12-04 17:31:03,1344.94,15.24,1.84
5942,2024-12-04 17:31:03,1345.15,15.24,1.84
5943,2024-12-04 17:31:03,1345.36,15.24,1.84
5944,2024-12-04 17:31:04,1345.57,15.24,1.84
5945,2024-12-04 17:31:04,1345.80,15.24,1.84
5946,2024-12-04 17:31:04,1346.01,15.24,1.84
5947,2024-12-04 17:31:04,1346.23,15.24,1.84
5948,2024-12-04 17:31:05,1346.45,15.24,1.84
5949,2024-12-04 17:31:05,1346.66,15.24,1.84
5950,2024-12-04 17:31:05,1346.86,15.24,1.84
5951,2024-12-04 17:31:05,1347.08,15.24,1.84
5952,2024-12-04 17:31:05,1347.30,15.24,1.84
5953,2024-12-04 17:31:06,1347.51,15.24,1.84
5954,2024-12-04 17:31:06,1347.73,15.24,1.84
5955,2024-12-04 17:31:06,1347.95,15.24,1.84
5956,2024-12-04 17:31:06,1348.16,15.24,1.84
5957,2024-12-04 17:31:06,1348.36,15.24,1.84
5958,2024-12-04 17:31:07,1348.56,15.24,1.84
5959,2024-12-04 17:31:07,1348.76,15.24,1.84
5960,2024-12-04 17:31:07,1348.98,15.24,1.84
5961,2024-12-04 17:31:07,1349.20,15.24,1.84
5962,2024-12-04 17:31:08,1349.42,15.24,1.84
5963,2024-12-04 17:31:08,1349.64,15.24,1.84
5964,2024-12-04 17:31:08,1349.85,15.24,1.84
5965,2024-12-04 17:31:08,1350.06,15.24,1.84
5966,2024-12-04 17:31:08,1350.26,15.24,1.84
5967,2024-12-04 17:31:09,1350.47,15.24,1.84
5968,2024-12-04 17:31:09,1350.69,15.24,1.84
5969,2024-12-04 17:31:09,1350.92,15.24,1.84
5970,2024-12-04 17:31:09,1351.14,15.24,1.84
5971,2024-12-04 17:31:09,1351.34,15.24,1.84
5972,2024-12-04 17:31:10,1351.55,15.24,1.84
5973,2024-12-04 17:31:10,1351.77,15.24,1.84
5974,2024-12-04 17:31:10,1351.97,15.24,1.84
5975,2024-12-04 17:31:10,1352.19,15.24,1.84
5976,2024-12-04 17:31:11,1352.39,15.24,1.84
5977,2024-12-04 17:31:11,1352.61,15.24,1.84
5978,2024-12-04 17:31:11,1352.84,15.24,1.84
5979,2024-12-04 17:31:11,1353.04,15.24,1.84
5980,2024-12-04 17:31:11,1353.25,15.24,1.84
5981,2024-12-04 17:31:12,1353.47,15.24,1.84
5982,2024-12-04 17:31:12,1353.69,15.24,1.84
5983,2024-12-04 17:31:12,1353.91,15.24,1.84
5984,2024-12-04 17:31:12,1354.13,15.24,1.84
5985,2024-12-04 17:31:12,1354.34,15.24,1.84
5986,2024-12-04 17:31:13,1354.55,15.24,1.84
5987,2024-12-04 17:31:13,1354.76,15.24,1.84
5988,2024-12-04 17:31:13,1354.98,15.24,1.84
5989,2024-12-04 17:31:13,1355.20,15.24,1.84
5990,2024-12-04 17:31:14,1355.42,15.24,1.84
5991,2024-12-04 17:31:14,1355.63,15.24,1.84
5992,2024-12-04 17:31:14,1355.84,15.24,1.84
5993,2024-12-04 17:31:14,1356.06,15.24,1.84
5994,2024-12-04 17:31:14,1356.28,15.24,1.84
5995,2024-12-04 17:31:15,1356.50,15.24,1.84
5996,2024-12-04 17:31:15,1356.72,15.24,1.84
5997,2024-12-04 17:31:15,1356.92,15.24,1.84
5998,2024-12-04 17:31:15,1357.14,15.24,1.84
5999,2024-12-04 17:31:15,1357.36,15.24,1.84
6000,2024-12-04 17:31:16,1357.58,15.24,1.84
6001,2024-12-04 17:31:16,1357.80,15.24,1.84
6002,2024-12-04 17:31:16,1358.01,15.24,1.84
6003,2024-12-04 17:31:16,1358.23,15.24,1.84
6004,2024-12-04 17:31:17,1358.44,15.24,1.84
6005,2024-12-04 17:31:17,1358.65,15.24,1.84
6006,2024-12-04 17:31:17,1358.85,15.24,1.84
6007,2024-12-04 17:31:17,1359.07,15.24,1.84
6008,2024-12-04 17:31:17,1359.29,15.24,1.84
6009,2024-12-04 17:31:18,1359.50,15.24,1.84
6010,2024-12-04 17:31:18,1359.72,15.24,1.84
6011,2024-12-04 17:31:18,1359.93,15.24,1.84
6012,2024-12-04 17:31:18,1360.16,15.24,1.84
6013,2024-12-04 17:31:19,1360.38,15.24,1.84
6014,2024-12-04 17:31:19,1360.61,15.24,1.84
6015,2024-12-04 17:31:19,1360.83,15.24,1.84
6016,2024-12-04 17:31:19,1361.04,15.24,1.84
6017,2024-12-04 17:31:19,1361.27,15.24,1.84
6018,2024-12-04 17:31:20,1361.48,15.24,1.84
6019,2024-12-04 17:31:20,1361.70,15.24,1.84
6020,2024-12-04 17:31:20,1361.92,15.24,1.84
6021,2024-12-04 17:31:20,1362.13,15.24,1.84
6022,2024-12-04 17:31:20,1362.35,15.24,1.84
6023,2024-12-04 17:31:21,1362.56,15.24,1.84
6024,2024-12-04 17:31:21,1362.77,15.24,1.84
6025,2024-12-04 17:31:21,1362.98,15.24,1.84
6026,2024-12-04 17:31:21,1363.20,15.24,1.84
6027,2024-12-04 17:31:22,1363.42,15.24,1.84
6028,2024-12-04 17:31:22,1363.63,15.24,1.84
6029,2024-12-04 17:31:22,1363.84,15.24,1.84
6030,2024-12-04 17:31:22,1364.06,15.24,1.84
6031,2024-12-04 17:31:22,1364.27,15.24,1.84
6032,2024-12-04 17:31:23,1364.49,15.24,1.84
6033,2024-12-04 17:31:23,1364.71,15.24,1.84
6034,2024-12-04 17:31:23,1364.93,15.24,1.84
6035,2024-12-04 17:31:23,1365.14,15.24,1.84
6036,2024-12-04 17:31:23,1365.37,15.24,1.84
6037,2024-12-04 17:31:24,1365.59,15.24,1.84
6038,2024-12-04 17:31:24,1365.81,15.24,1.84
6039,2024-12-04 17:31:24,1366.03,15.24,1.84
6040,2024-12-04 17:31:24,1366.25,15.24,1.84
6041,2024-12-04 17:31:25,1366.47,15.24,1.84
6042,2024-12-04 17:31:25,1366.69,15.24,1.84
6043,2024-12-04 17:31:25,1366.90,15.24,1.84
6044,2024-12-04 17:31:25,1367.11,15.24,1.84
6045,2024-12-04 17:31:25,1367.33,15.24,1.84
6046,2024-12-04 17:31:26,1367.52,15.24,1.84
6047,2024-12-04 17:31:26,1367.73,15.24,1.84
6048,2024-12-04 17:31:26,1367.96,15.24,1.84
6049,2024-12-04 17:31:26,1368.17,15.24,1.84
6050,2024-12-04 17:31:27,1368.39,15.24,1.84
6051,2024-12-04 17:31:27,1368.61,15.24,1.84
6052,2024-12-04 17:31:27,1368.82,15.24,1.84
6053,2024-12-04 17:31:27,1369.05,15.24,1.84
6054,2024-12-04 17:31:27,1369.27,15.24,1.84
6055,2024-12-04 17:31:28,1369.48,15.24,1.84
6056,2024-12-04 17:31:28,1369.69,15.24,1.84
6057,2024-12-04 17:31:28,1369.90,15.24,1.84
6058,2024-12-04 17:31:28,1370.12,15.24,1.84
6059,2024-12-04 17:31:28,1370.33,15.24,1.84
6060,2024-12-04 17:31:29,1370.55,15.24,1.84
6061,2024-12-04 17:31:29,1370.77,15.24,1.84
6062,2024-12-04 17:31:29,1370.98,15.24,1.84
6063,2024-12-04 17:31:29,1371.19,15.24,1.84
6064,2024-12-04 17:31:30,1371.39,15.24,1.84
6065,2024-12-04 17:31:30,1371.61,15.24,1.84
6066,2024-12-04 17:31:30,1371.84,15.24,1.84
6067,2024-12-04 17:31:30,1372.05,15.24,1.84
6068,2024-12-04 17:31:30,1372.27,15.24,1.84
6069,2024-12-04 17:31:31,1372.49,15.24,1.84
6070,2024-12-04 17:31:31,1372.70,15.24,1.84
6071,2024-12-04 17:31:31,1372.91,15.24,1.84
6072,2024-12-04 17:31:31,1373.13,15.24,1.84
6073,2024-12-04 17:31:31,1373.35,15.24,1.84
6074,2024-12-04 17:31:32,1373.56,15.24,1.84
6075,2024-12-04 17:31:32,1373.78,15.24,1.84
6076,2024-12-04 17:31:32,1374.00,15.24,1.84
6077,2024-12-04 17:31:32,1374.21,15.24,1.84
6078,2024-12-04 17:31:33,1374.42,15.24,1.84
6079,2024-12-04 17:31:33,1374.64,15.24,1.84
6080,2024-12-04 17:31:33,1374.85,15.24,1.84
6081,2024-12-04 17:31:33,1375.05,15.24,1.84
6082,2024-12-04 17:31:33,1375.27,15.24,1.84
6083,2024-12-04 17:31:34,1375.49,15.24,1.84
6084,2024-12-04 17:31:34,1375.70,15.24,1.84
6085,2024-12-04 17:31:34,1375.92,15.24,1.84
6086,2024-12-04 17:31:34,1376.14,15.24,1.84
6087,2024-12-04 17:31:34,1376.35,15.24,1.84
6088,2024-12-04 17:31:35,1376.57,15.24,1.84
6089,2024-12-04 17:31:35,1376.79,15.24,1.84
6090,2024-12-04 17:31:35,1377.01,15.24,1.84
6091,2024-12-04 17:31:35,1377.23,15.24,1.84
6092,2024-12-04 17:31:36,1377.45,15.24,1.84
6093,2024-12-04 17:31:36,1377.66,15.24,1.84
6094,2024-12-04 17:31:36,1377.87,15.24,1.84
6095,2024-12-04 17:31:36,1378.08,15.24,1.84
6096,2024-12-04 17:31:36,1378.30,15.24,1.84
6097,2024-12-04 17:31:37,1378.52,15.24,1.84
6098,2024-12-04 17:31:37,1378.74,15.24,1.84
6099,2024-12-04 17:31:37,1378.96,15.24,1.84
6100,2024-12-04 17:31:37,1379.17,15.24,1.84
6101,2024-12-04 17:31:38,1379.39,15.24,1.84
6102,2024-12-04 17:31:38,1379.60,15.24,1.84
6103,2024-12-04 17:31:38,1379.81,15.24,1.84
6104,2024-12-04 17:31:38,1380.02,15.24,1.84
6105,2024-12-04 17:31:38,1380.24,15.24,1.84
6106,2024-12-04 17:31:39,1380.46,15.24,1.84
6107,2024-12-04 17:31:39,1380.66,15.24,1.84
6108,2024-12-04 17:31:39,1380.88,15.24,1.84
6109,2024-12-04 17:31:39,1381.09,15.24,1.84
6110,2024-12-04 17:31:39,1381.31,15.24,1.84
6111,2024-12-04 17:31:40,1381.52,15.24,1.84
6112,2024-12-04 17:31:40,1381.75,15.24,1.84
6113,2024-12-04 17:31:40,1381.95,15.24,1.84
6114,2024-12-04 17:31:40,1382.16,15.24,1.84
6115,2024-12-04 17:31:40,1382.38,15.24,1.84
6116,2024-12-04 17:31:41,1382.60,15.24,1.84
6117,2024-12-04 17:31:41,1382.80,15.24,1.84
6118,2024-12-04 17:31:41,1383.01,15.24,1.84
6119,2024-12-04 17:31:41,1383.23,15.24,1.84
6120,2024-12-04 17:31:42,1383.46,15.24,1.84
6121,2024-12-04 17:31:42,1383.68,15.24,1.84
6122,2024-12-04 17:31:42,1383.89,15.24,1.84
6123,2024-12-04 17:31:42,1384.11,15.24,1.84
6124,2024-12-04 17:31:42,1384.33,15.24,1.84
6125,2024-12-04 17:31:43,1384.55,15.24,1.84
6126,2024-12-04 17:31:43,1384.77,15.24,1.84
6127,2024-12-04 17:31:43,1384.99,15.24,1.84
6128,2024-12-04 17:31:43,1385.22,15.24,1.84
6129,2024-12-04 17:31:44,1385.43,15.24,1.84
6130,2024-12-04 17:31:44,1385.65,15.24,1.84
6131,2024-12-04 17:31:44,1385.87,15.24,1.84
6132,2024-12-04 17:31:44,1386.09,15.24,1.84
6133,2024-12-04 17:31:44,1386.30,15.24,1.84
6134,2024-12-04 17:31:45,1386.52,15.24,1.84
6135,2024-12-04 17:31:45,1386.73,15.24,1.84
6136,2024-12-04 17:31:45,1386.95,15.24,1.84
6137,2024-12-04 17:31:45,1387.17,15.24,1.84
6138,2024-12-04 17:31:46,1387.38,15.24,1.84
6139,2024-12-04 17:31:46,1387.60,15.24,1.84
6140,2024-12-04 17:31:46,1387.80,15.24,1.84
6141,2024-12-04 17:31:46,1388.01,15.24,1.84
6142,2024-12-04 17:31:46,1388.24,15.24,1.84
6143,2024-12-04 17:31:47,1388.45,15.24,1.84
6144,2024-12-04 17:31:47,1388.66,15.24,1.84
6145,2024-12-04 17:31:47,1388.88,15.24,1.84
6146,2024-12-04 17:31:47,1389.10,15.24,1.84
6147,2024-12-04 17:31:47,1389.32,15.24,1.84
6148,2024-12-04 17:31:48,1389.53,15.24,1.84
6149,2024-12-04 17:31:48,1389.75,15.24,1.84
6150,2024-12-04 17:31:48,1389.97,15.24,1.84
6151,2024-12-04 17:31:48,1390.20,15.24,1.84
6152,2024-12-04 17:31:49,1390.42,15.24,1.84
6153,2024-12-04 17:31:49,1390.65,15.24,1.84
6154,2024-12-04 17:31:49,1390.87,15.24,1.84
6155,2024-12-04 17:31:49,1391.08,15.24,1.84
6156,2024-12-04 17:31:49,1391.30,15.24,1.84
6157,2024-12-04 17:31:50,1391.52,15.24,1.84
6158,2024-12-04 17:31:50,1391.74,15.24,1.84
6159,2024-12-04 17:31:50,1391.96,15.24,1.84
6160,2024-12-04 17:31:50,1392.17,15.24,1.84
6161,2024-12-04 17:31:50,1392.37,15.24,1.84
6162,2024-12-04 17:31:51,1392.58,15.24,1.84
6163,2024-12-04 17:31:51,1392.79,15.24,1.84
6164,2024-12-04 17:31:51,1393.01,15.24,1.84
6165,2024-12-04 17:31:51,1393.23,15.24,1.84
6166,2024-12-04 17:31:52,1393.45,15.24,1.84
6167,2024-12-04 17:31:52,1393.66,15.24,1.84
6168,2024-12-04 17:31:52,1393.87,15.24,1.84
6169,2024-12-04 17:31:52,1394.09,15.24,1.84
6170,2024-12-04 17:31:52,1394.30,15.24,1.84
6171,2024-12-04 17:31:53,1394.52,15.24,1.84
6172,2024-12-04 17:31:53,1394.75,15.24,1.84
6173,2024-12-04 17:31:53,1394.97,15.24,1.84
6174,2024-12-04 17:31:53,1395.19,15.24,1.84
6175,2024-12-04 17:31:54,1395.40,15.24,1.84
6176,2024-12-04 17:31:54,1395.61,15.24,1.84
6177,2024-12-04 17:31:54,1395.81,15.24,1.84
6178,2024-12-04 17:31:54,1396.03,15.24,1.84
6179,2024-12-04 17:31:54,1396.25,15.24,1.84
6180,2024-12-04 17:31:55,1396.46,15.24,1.84
6181,2024-12-04 17:31:55,1396.68,15.24,1.84
6182,2024-12-04 17:31:55,1396.90,15.24,1.84
6183,2024-12-04 17:31:55,1397.12,15.24,1.84
6184,2024-12-04 17:31:55,1397.35,15.24,1.84
6185,2024-12-04 17:31:56,1397.56,15.24,1.84
6186,2024-12-04 17:31:56,1397.78,15.24,1.84
6187,2024-12-04 17:31:56,1398.00,15.24,1.84
6188,2024-12-04 17:31:56,1398.22,15.24,1.84
6189,2024-12-04 17:31:57,1398.44,15.24,1.84
6190,2024-12-04 17:31:57,1398.65,15.24,1.84
6191,2024-12-04 17:31:57,1398.85,15.24,1.84
6192,2024-12-04 17:31:57,1399.07,15.24,1.84
6193,2024-12-04 17:31:57,1399.28,15.24,1.84
6194,2024-12-04 17:31:58,1399.50,15.24,1.84
6195,2024-12-04 17:31:58,1399.70,15.24,1.84
6196,2024-12-04 17:31:58,1399.92,15.24,1.84
6197,2024-12-04 17:31:58,1400.12,15.24,1.84
6198,2024-12-04 17:31:58,1400.34,15.24,1.84
6199,2024-12-04 17:31:59,1400.55,15.24,1.84
6200,2024-12-04 17:31:59,1400.77,15.24,1.84
6201,2024-12-04 17:31:59,1400.97,15.24,1.84
6202,2024-12-04 17:31:59,1401.16,15.24,1.84
6203,2024-12-04 17:31:59,1401.37,15.24,1.84
6204,2024-12-04 17:32:00,1401.59,15.24,1.84
6205,2024-12-04 17:32:00,1401.81,15.24,1.84
6206,2024-12-04 17:32:00,1402.04,15.24,1.84
6207,2024-12-04 17:32:00,1402.25,15.24,1.84
6208,2024-12-04 17:32:01,1402.45,15.24,1.84
6209,2024-12-04 17:32:01,1402.67,15.24,1.84
6210,2024-12-04 17:32:01,1402.90,15.24,1.84
6211,2024-12-04 17:32:01,1403.11,15.24,1.84
6212,2024-12-04 17:32:01,1403.33,15.24,1.84
6213,2024-12-04 17:32:02,1403.54,15.24,1.84
6214,2024-12-04 17:32:02,1403.75,15.24,1.84
6215,2024-12-04 17:32:02,1403.96,15.24,1.84
6216,2024-12-04 17:32:02,1404.18,15.24,1.84
6217,2024-12-04 17:32:03,1404.40,15.24,1.84
6218,2024-12-04 17:32:03,1404.61,15.24,1.84
6219,2024-12-04 17:32:03,1404.82,15.24,1.84
6220,2024-12-04 17:32:03,1405.04,15.24,1.84
6221,2024-12-04 17:32:03,1405.26,15.24,1.84
6222,2024-12-04 17:32:04,1405.47,15.24,1.84
6223,2024-12-04 17:32:04,1405.69,15.24,1.84
6224,2024-12-04 17:32:04,1405.90,15.24,1.84
6225,2024-12-04 17:32:04,1406.09,15.24,1.84
6226,2024-12-04 17:32:04,1406.30,15.24,1.84
6227,2024-12-04 17:32:05,1406.52,15.24,1.84
6228,2024-12-04 17:32:05,1406.74,15.24,1.84
6229,2024-12-04 17:32:05,1406.96,15.24,1.84
6230,2024-12-04 17:32:05,1407.18,15.24,1.84
6231,2024-12-04 17:32:06,1407.40,15.24,1.84
6232,2024-12-04 17:32:06,1407.62,15.24,1.84
6233,2024-12-04 17:32:06,1407.83,15.24,1.84
6234,2024-12-04 17:32:06,1408.05,15.24,1.84
6235,2024-12-04 17:32:06,1408.27,15.24,1.84
6236,2024-12-04 17:32:07,1408.49,15.24,1.84
6237,2024-12-04 17:32:07,1408.72,15.24,1.84
6238,2024-12-04 17:32:07,1408.94,15.24,1.84
6239,2024-12-04 17:32:07,1409.16,15.24,1.84
6240,2024-12-04 17:32:07,1409.36,15.24,1.84
6241,2024-12-04 17:32:08,1409.58,15.24,1.84
6242,2024-12-04 17:32:08,1409.79,15.24,1.84
6243,2024-12-04 17:32:08,1410.00,15.24,1.84
6244,2024-12-04 17:32:08,1410.22,15.24,1.84
6245,2024-12-04 17:32:09,1410.44,15.24,1.84
6246,2024-12-04 17:32:09,1410.66,15.24,1.84
6247,2024-12-04 17:32:09,1410.88,15.24,1.84
6248,2024-12-04 17:32:09,1411.10,15.24,1.84
6249,2024-12-04 17:32:09,1411.31,15.24,1.84
6250,2024-12-04 17:32:10,1411.52,15.24,1.84
6251,2024-12-04 17:32:10,1411.75,15.24,1.84
6252,2024-12-04 17:32:10,1411.96,15.24,1.84
6253,2024-12-04 17:32:10,1412.17,15.24,1.84
6254,2024-12-04 17:32:10,1412.38,15.24,1.84
6255,2024-12-04 17:32:11,1412.58,15.24,1.84
6256,2024-12-04 17:32:11,1412.80,15.24,1.84
6257,2024-12-04 17:32:11,1413.00,15.24,1.84
6258,2024-12-04 17:32:11,1413.20,15.24,1.84
6259,2024-12-04 17:32:12,1413.41,15.24,1.84
6260,2024-12-04 17:32:12,1413.63,15.24,1.84
6261,2024-12-04 17:32:12,1413.85,15.24,1.84
6262,2024-12-04 17:32:12,1414.06,15.24,1.84
6263,2024-12-04 17:32:12,1414.28,15.24,1.84
6264,2024-12-04 17:32:13,1414.47,15.24,1.84
6265,2024-12-04 17:32:13,1414.69,15.24,1.84
6266,2024-12-04 17:32:13,1414.91,15.24,1.84
6267,2024-12-04 17:32:13,1415.11,15.24,1.84
6268,2024-12-04 17:32:13,1415.34,15.24,1.84
6269,2024-12-04 17:32:14,1415.57,15.24,1.84
6270,2024-12-04 17:32:14,1415.78,15.24,1.84
6271,2024-12-04 17:32:14,1415.98,15.24,1.84
6272,2024-12-04 17:32:14,1416.21,15.24,1.84
6273,2024-12-04 17:32:15,1416.42,15.24,1.84
6274,2024-12-04 17:32:15,1416.64,15.24,1.84
6275,2024-12-04 17:32:15,1416.85,15.24,1.84
6276,2024-12-04 17:32:15,1417.06,15.24,1.84
6277,2024-12-04 17:32:15,1417.28,15.24,1.84
6278,2024-12-04 17:32:16,1417.50,15.24,1.84
6279,2024-12-04 17:32:16,1417.70,15.24,1.84
6280,2024-12-04 17:32:16,1417.92,15.24,1.84
6281,2024-12-04 17:32:16,1418.13,15.24,1.84
6282,2024-12-04 17:32:16,1418.35,15.24,1.84
6283,2024-12-04 17:32:17,1418.57,15.24,1.84
6284,2024-12-04 17:32:17,1418.77,15.24,1.84
6285,2024-12-04 17:32:17,1418.99,15.24,1.84
6286,2024-12-04 17:32:17,1419.21,15.24,1.84
6287,2024-12-04 17:32:18,1419.43,15.24,1.84
6288,2024-12-04 17:32:18,1419.64,15.24,1.84
6289,2024-12-04 17:32:18,1419.86,15.24,1.84
6290,2024-12-04 17:32:18,1420.04,15.24,1.84
6291,2024-12-04 17:32:18,1420.26,15.24,1.84
6292,2024-12-04 17:32:19,1420.47,15.24,1.84
6293,2024-12-04 17:32:19,1420.70,15.24,1.84
6294,2024-12-04 17:32:19,1420.92,15.24,1.84
6295,2024-12-04 17:32:19,1421.12,15.24,1.84
6296,2024-12-04 17:32:19,1421.35,15.24,1.84
6297,2024-12-04 17:32:20,1421.56,15.24,1.84
6298,2024-12-04 17:32:20,1421.77,15.24,1.84
6299,2024-12-04 17:32:20,1422.00,15.24,1.84
6300,2024-12-04 17:32:20,1422.20,15.24,1.84
6301,2024-12-04 17:32:21,1422.43,15.24,1.84
6302,2024-12-04 17:32:21,1422.65,15.24,1.84
6303,2024-12-04 17:32:21,1422.86,15.24,1.84
6304,2024-12-04 17:32:21,1423.08,15.24,1.84
6305,2024-12-04 17:32:21,1423.30,15.24,1.84
6306,2024-12-04 17:32:22,1423.52,15.24,1.84
6307,2024-12-04 17:32:22,1423.73,15.24,1.84
6308,2024-12-04 17:32:22,1423.95,15.24,1.84
6309,2024-12-04 17:32:22,1424.16,15.24,1.84
6310,2024-12-04 17:32:22,1424.36,15.24,1.84
6311,2024-12-04 17:32:23,1424.57,15.24,1.84
6312,2024-12-04 17:32:23,1424.79,15.24,1.84
6313,2024-12-04 17:32:23,1425.01,15.24,1.84
6314,2024-12-04 17:32:23,1425.22,15.24,1.84
6315,2024-12-04 17:32:24,1425.43,15.24,1.84
6316,2024-12-04 17:32:24,1425.65,15.24,1.84
6317,2024-12-04 17:32:24,1425.86,15.24,1.84
6318,2024-12-04 17:32:24,1426.08,15.24,1.84
6319,2024-12-04 17:32:24,1426.30,15.24,1.84
6320,2024-12-04 17:32:25,1426.51,15.24,1.84
6321,2024-12-04 17:32:25,1426.72,15.24,1.84
6322,2024-12-04 17:32:25,1426.94,15.24,1.84
6323,2024-12-04 17:32:25,1427.16,15.24,1.84
6324,2024-12-04 17:32:25,1427.37,15.24,1.84
6325,2024-12-04 17:32:26,1427.58,15.24,1.84
6326,2024-12-04 17:32:26,1427.80,15.24,1.84
6327,2024-12-04 17:32:26,1428.01,15.24,1.84
6328,2024-12-04 17:32:26,1428.22,15.24,1.84
6329,2024-12-04 17:32:27,1428.43,15.24,1.84
6330,2024-12-04 17:32:27,1428.64,15.24,1.84
6331,2024-12-04 17:32:27,1428.86,15.24,1.84
6332,2024-12-04 17:32:27,1429.07,15.24,1.84
6333,2024-12-04 17:32:27,1429.28,15.24,1.84
6334,2024-12-04 17:32:28,1429.49,15.24,1.84
6335,2024-12-04 17:32:28,1429.71,15.24,1.84
6336,2024-12-04 17:32:28,1429.93,15.24,1.84
6337,2024-12-04 17:32:28,1430.14,15.24,1.84
6338,2024-12-04 17:32:28,1430.34,15.24,1.84
6339,2024-12-04 17:32:29,1430.55,15.24,1.84
6340,2024-12-04 17:32:29,1430.77,15.24,1.84
6341,2024-12-04 17:32:29,1430.98,15.24,1.84
6342,2024-12-04 17:32:29,1431.20,15.24,1.84
6343,2024-12-04 17:32:30,1431.40,15.24,1.84
6344,2024-12-04 17:32:30,1431.62,15.24,1.84
6345,2024-12-04 17:32:30,1431.83,15.24,1.84
6346,2024-12-04 17:32:30,1432.05,15.24,1.84
6347,2024-12-04 17:32:30,1432.25,15.24,1.84
6348,2024-12-04 17:32:31,1432.47,15.24,1.84
6349,2024-12-04 17:32:31,1432.67,15.24,1.84
6350,2024-12-04 17:32:31,1432.90,15.24,1.84
6351,2024-12-04 17:32:31,1433.09,15.24,1.84
6352,2024-12-04 17:32:31,1433.30,15.24,1.84
6353,2024-12-04 17:32:32,1433.51,15.24,1.84
6354,2024-12-04 17:32:32,1433.74,15.24,1.84
6355,2024-12-04 17:32:32,1433.95,15.24,1.84
6356,2024-12-04 17:32:32,1434.18,15.24,1.84
6357,2024-12-04 17:32:33,1434.39,15.24,1.84
6358,2024-12-04 17:32:33,1434.60,15.24,1.84
6359,2024-12-04 17:32:33,1434.82,15.24,1.84
6360,2024-12-04 17:32:33,1435.04,15.24,1.84
6361,2024-12-04 17:32:33,1435.25,15.24,1.84
6362,2024-12-04 17:32:34,1435.47,15.24,1.84
6363,2024-12-04 17:32:34,1435.70,15.24,1.84
6364,2024-12-04 17:32:34,1435.90,15.24,1.84
6365,2024-12-04 17:32:34,1436.13,15.24,1.84
6366,2024-12-04 17:32:34,1436.34,15.24,1.84
6367,2024-12-04 17:32:35,1436.57,15.24,1.84
6368,2024-12-04 17:32:35,1436.79,15.24,1.84
6369,2024-12-04 17:32:35,1437.01,15.24,1.84
6370,2024-12-04 17:32:35,1437.21,15.24,1.84
6371,2024-12-04 17:32:36,1437.43,15.24,1.84
6372,2024-12-04 17:32:36,1437.64,15.24,1.84
6373,2024-12-04 17:32:36,1437.86,15.24,1.84
6374,2024-12-04 17:32:36,1438.07,15.24,1.84
6375,2024-12-04 17:32:36,1438.28,15.24,1.84
6376,2024-12-04 17:32:37,1438.49,15.24,1.84
6377,2024-12-04 17:32:37,1438.71,15.24,1.84
6378,2024-12-04 17:32:37,1438.92,15.24,1.84
6379,2024-12-04 17:32:37,1439.14,15.24,1.84
6380,2024-12-04 17:32:37,1439.36,15.24,1.84
6381,2024-12-04 17:32:38,1439.58,15.24,1.84
6382,2024-12-04 17:32:38,1439.79,15.24,1.84
6383,2024-12-04 17:32:38,1440.01,15.24,1.84
6384,2024-12-04 17:32:38,1440.23,15.24,1.84
6385,2024-12-04 17:32:39,1440.44,15.24,1.84
6386,2024-12-04 17:32:39,1440.66,15.24,1.84
6387,2024-12-04 17:32:39,1440.91,15.24,1.84
6388,2024-12-04 17:32:39,1441.12,15.24,1.84
6389,2024-12-04 17:32:39,1441.34,15.24,1.84
6390,2024-12-04 17:32:40,1441.55,15.24,1.84
6391,2024-12-04 17:32:40,1441.77,15.24,1.84
6392,2024-12-04 17:32:40,1441.99,15.24,1.84
6393,2024-12-04 17:32:40,1442.20,15.24,1.84
6394,2024-12-04 17:32:41,1442.42,15.24,1.84
6395,2024-12-04 17:32:41,1442.62,15.24,1.84
6396,2024-12-04 17:32:41,1442.84,15.24,1.84
6397,2024-12-04 17:32:41,1443.04,15.24,1.84
6398,2024-12-04 17:32:41,1443.25,15.24,1.84
6399,2024-12-04 17:32:42,1443.46,15.24,1.84
6400,2024-12-04 17:32:42,1443.68,15.24,1.84
6401,2024-12-04 17:32:42,1443.88,15.24,1.84
6402,2024-12-04 17:32:42,1444.10,15.24,1.84
6403,2024-12-04 17:32:42,1444.33,15.24,1.84
6404,2024-12-04 17:32:43,1444.55,15.24,1.84
6405,2024-12-04 17:32:43,1444.77,15.24,1.84
6406,2024-12-04 17:32:43,1444.98,15.24,1.84
6407,2024-12-04 17:32:43,1445.19,15.24,1.84
6408,2024-12-04 17:32:44,1445.40,15.24,1.84
6409,2024-12-04 17:32:44,1445.63,15.24,1.84
6410,2024-12-04 17:32:44,1445.84,15.24,1.84
6411,2024-12-04 17:32:44,1446.06,15.24,1.84
6412,2024-12-04 17:32:44,1446.26,15.24,1.84
6413,2024-12-04 17:32:45,1446.49,15.24,1.84
6414,2024-12-04 17:32:45,1446.69,15.24,1.84
6415,2024-12-04 17:32:45,1446.92,15.24,1.84
6416,2024-12-04 17:32:45,1447.14,15.24,1.84
6417,2024-12-04 17:32:45,1447.37,15.24,1.84
6418,2024-12-04 17:32:46,1447.58,15.24,1.84
6419,2024-12-04 17:32:46,1447.81,15.24,1.84
6420,2024-12-04 17:32:46,1448.03,15.24,1.84
6421,2024-12-04 17:32:46,1448.26,15.24,1.84
6422,2024-12-04 17:32:47,1448.47,15.24,1.84
6423,2024-12-04 17:32:47,1448.69,15.24,1.84
6424,2024-12-04 17:32:47,1448.91,15.24,1.84
6425,2024-12-04 17:32:47,1449.12,15.24,1.84
6426,2024-12-04 17:32:47,1449.35,15.24,1.84
6427,2024-12-04 17:32:48,1449.55,15.24,1.84
6428,2024-12-04 17:32:48,1449.75,15.24,1.84
6429,2024-12-04 17:32:48,1449.96,15.24,1.84
6430,2024-12-04 17:32:48,1450.18,15.24,1.84
6431,2024-12-04 17:32:49,1450.40,15.24,1.84
6432,2024-12-04 17:32:49,1450.61,15.24,1.84
6433,2024-12-04 17:32:49,1450.82,15.24,1.84
6434,2024-12-04 17:32:49,1451.03,15.24,1.84
6435,2024-12-04 17:32:49,1451.25,15.24,1.84
6436,2024-12-04 17:32:50,1451.48,15.24,1.84
6437,2024-12-04 17:32:50,1451.70,15.24,1.84
6438,2024-12-04 17:32:50,1451.91,15.24,1.84
6439,2024-12-04 17:32:50,1452.12,15.24,1.84
6440,2024-12-04 17:32:50,1452.33,15.24,1.84
6441,2024-12-04 17:32:51,1452.54,15.24,1.84
6442,2024-12-04 17:32:51,1452.76,15.24,1.84
6443,2024-12-04 17:32:51,1452.98,15.24,1.84
6444,2024-12-04 17:32:51,1453.19,15.24,1.84
6445,2024-12-04 17:32:52,1453.41,15.24,1.84
6446,2024-12-04 17:32:52,1453.63,15.24,1.84
6447,2024-12-04 17:32:52,1453.83,15.24,1.84
6448,2024-12-04 17:32:52,1454.04,15.24,1.84
6449,2024-12-04 17:32:52,1454.26,15.24,1.84
6450,2024-12-04 17:32:53,1454.46,15.24,1.84
6451,2024-12-04 17:32:53,1454.68,15.24,1.84
6452,2024-12-04 17:32:53,1454.89,15.24,1.84
6453,2024-12-04 17:32:53,1455.11,15.24,1.84
6454,2024-12-04 17:32:53,1455.32,15.24,1.84
6455,2024-12-04 17:32:54,1455.54,15.24,1.84
6456,2024-12-04 17:32:54,1455.75,15.24,1.84
6457,2024-12-04 17:32:54,1455.97,15.24,1.84
6458,2024-12-04 17:32:54,1456.17,15.24,1.84
6459,2024-12-04 17:32:55,1456.39,15.24,1.84
6460,2024-12-04 17:32:55,1456.61,15.24,1.84
6461,2024-12-04 17:32:55,1456.83,15.24,1.84
6462,2024-12-04 17:32:55,1457.05,15.24,1.84
6463,2024-12-04 17:32:55,1457.26,15.24,1.84
6464,2024-12-04 17:32:56,1457.47,15.24,1.84
6465,2024-12-04 17:32:56,1457.68,15.24,1.84
6466,2024-12-04 17:32:56,1457.90,15.24,1.84
6467,2024-12-04 17:32:56,1458.11,15.24,1.84
6468,2024-12-04 17:32:56,1458.32,15.24,1.84
6469,2024-12-04 17:32:57,1458.52,15.24,1.84
6470,2024-12-04 17:32:57,1458.74,15.24,1.84
6471,2024-12-04 17:32:57,1458.96,15.24,1.84
6472,2024-12-04 17:32:57,1459.19,15.24,1.84
6473,2024-12-04 17:32:58,1459.41,15.24,1.84
6474,2024-12-04 17:32:58,1459.64,15.24,1.84
6475,2024-12-04 17:32:58,1459.85,15.24,1.84
6476,2024-12-04 17:32:58,1460.06,15.24,1.84
6477,2024-12-04 17:32:58,1460.28,15.24,1.84
6478,2024-12-04 17:32:59,1460.51,15.24,1.84
6479,2024-12-04 17:32:59,1460.72,15.24,1.84
6480,2024-12-04 17:32:59,1460.93,15.24,1.84
6481,2024-12-04 17:32:59,1461.15,15.24,1.84
6482,2024-12-04 17:32:59,1461.37,15.24,1.84
6483,2024-12-04 17:33:00,1461.57,15.24,1.84
6484,2024-12-04 17:33:00,1461.79,15.24,1.84
6485,2024-12-04 17:33:00,1461.99,15.24,1.84
6486,2024-12-04 17:33:00,1462.21,15.24,1.84
6487,2024-12-04 17:33:01,1462.42,15.24,1.84
6488,2024-12-04 17:33:01,1462.65,15.24,1.84
6489,2024-12-04 17:33:01,1462.87,15.24,1.84
6490,2024-12-04 17:33:01,1463.08,15.24,1.84
6491,2024-12-04 17:33:01,1463.29,15.24,1.84
6492,2024-12-04 17:33:02,1463.50,15.24,1.84
6493,2024-12-04 17:33:02,1463.69,15.24,1.84
6494,2024-12-04 17:33:02,1463.90,15.24,1.84
6495,2024-12-04 17:33:02,1464.13,15.24,1.84
6496,2024-12-04 17:33:02,1464.34,15.24,1.84
6497,2024-12-04 17:33:03,1464.56,15.24,1.84
6498,2024-12-04 17:33:03,1464.77,15.24,1.84
6499,2024-12-04 17:33:03,1464.99,15.24,1.84
6500,2024-12-04 17:33:03,1465.20,15.24,1.84
6501,2024-12-04 17:33:04,1465.42,15.24,1.84
6502,2024-12-04 17:33:04,1465.63,15.24,1.84
6503,2024-12-04 17:33:04,1465.85,15.24,1.84
6504,2024-12-04 17:33:04,1466.07,15.24,1.84
6505,2024-12-04 17:33:04,1466.29,15.24,1.84
6506,2024-12-04 17:33:05,1466.49,15.24,1.84
6507,2024-12-04 17:33:05,1466.68,15.24,1.84
6508,2024-12-04 17:33:05,1466.91,15.24,1.84
6509,2024-12-04 17:33:05,1467.12,15.24,1.84
6510,2024-12-04 17:33:05,1467.35,15.24,1.84
6511,2024-12-04 17:33:06,1467.56,15.24,1.84
6512,2024-12-04 17:33:06,1467.78,15.24,1.84
6513,2024-12-04 17:33:06,1468.00,15.24,1.84
6514,2024-12-04 17:33:06,1468.20,15.24,1.84
6515,2024-12-04 17:33:07,1468.41,15.24,1.84
6516,2024-12-04 17:33:07,1468.62,15.24,1.84
6517,2024-12-04 17:33:07,1468.85,15.24,1.84
6518,2024-12-04 17:33:07,1469.06,15.24,1.84
6519,2024-12-04 17:33:07,1469.28,15.24,1.84
6520,2024-12-04 17:33:08,1469.49,15.24,1.84
6521,2024-12-04 17:33:08,1469.72,15.24,1.84
6522,2024-12-04 17:33:08,1469.93,15.24,1.84
6523,2024-12-04 17:33:08,1470.16,15.24,1.84
6524,2024-12-04 17:33:09,1470.39,15.24,1.84
6525,2024-12-04 17:33:09,1470.60,15.24,1.84
6526,2024-12-04 17:33:09,1470.81,15.24,1.84
6527,2024-12-04 17:33:09,1471.03,15.24,1.84
6528,2024-12-04 17:33:09,1471.23,15.24,1.84
6529,2024-12-04 17:33:10,1471.45,15.24,1.84
6530,2024-12-04 17:33:10,1471.67,15.24,1.84
6531,2024-12-04 17:33:10,1471.88,15.24,1.84
6532,2024-12-04 17:33:10,1472.10,15.24,1.84
6533,2024-12-04 17:33:10,1472.31,15.24,1.84
6534,2024-12-04 17:33:11,1472.53,15.24,1.84
6535,2024-12-04 17:33:11,1472.75,15.24,1.84
6536,2024-12-04 17:33:11,1472.97,15.24,1.84
6537,2024-12-04 17:33:11,1473.17,15.24,1.84
6538,2024-12-04 17:33:12,1473.39,15.24,1.84
6539,2024-12-04 17:33:12,1473.61,15.24,1.84
6540,2024-12-04 17:33:12,1473.83,15.24,1.84
6541,2024-12-04 17:33:12,1474.04,15.24,1.84
6542,2024-12-04 17:33:12,1474.26,15.24,1.84
6543,2024-12-04 17:33:13,1474.46,15.24,1.84
6544,2024-12-04 17:33:13,1474.68,15.24,1.84
6545,2024-12-04 17:33:13,1474.88,15.24,1.84
6546,2024-12-04 17:33:13,1475.10,15.24,1.84
6547,2024-12-04 17:33:13,1475.32,15.24,1.84
6548,2024-12-04 17:33:14,1475.53,15.24,1.84
6549,2024-12-04 17:33:14,1475.74,15.24,1.84
6550,2024-12-04 17:33:14,1475.96,15.24,1.84
6551,2024-12-04 17:33:14,1476.17,15.24,1.84
6552,2024-12-04 17:33:14,1476.37,15.24,1.84
6553,2024-12-04 17:33:15,1476.58,15.24,1.84
6554,2024-12-04 17:33:15,1476.80,15.24,1.84
6555,2024-12-04 17:33:15,1477.00,15.24,1.84
6556,2024-12-04 17:33:15,1477.23,15.24,1.84
6557,2024-12-04 17:33:16,1477.44,15.24,1.84
6558,2024-12-04 17:33:16,1477.66,15.24,1.84
6559,2024-12-04 17:33:16,1477.88,15.24,1.84
6560,2024-12-04 17:33:16,1478.10,15.24,1.84
6561,2024-12-04 17:33:16,1478.32,15.24,1.84
6562,2024-12-04 17:33:17,1478.53,15.24,1.84
6563,2024-12-04 17:33:17,1478.75,15.24,1.84
6564,2024-12-04 17:33:17,1478.98,15.24,1.84
6565,2024-12-04 17:33:17,1479.19,15.24,1.84
6566,2024-12-04 17:33:18,1479.41,15.24,1.84
6567,2024-12-04 17:33:18,1479.64,15.24,1.84
6568,2024-12-04 17:33:18,1479.85,15.24,1.84
6569,2024-12-04 17:33:18,1480.06,15.24,1.84
6570,2024-12-04 17:33:18,1480.29,15.24,1.84
6571,2024-12-04 17:33:19,1480.50,15.24,1.84
6572,2024-12-04 17:33:19,1480.73,15.24,1.84
6573,2024-12-04 17:33:19,1480.94,15.24,1.84
6574,2024-12-04 17:33:19,1481.16,15.24,1.84
6575,2024-12-04 17:33:19,1481.38,15.24,1.84
6576,2024-12-04 17:33:20,1481.59,15.24,1.84
6577,2024-12-04 17:33:20,1481.80,15.24,1.84
6578,2024-12-04 17:33:20,1482.03,15.24,1.84
6579,2024-12-04 17:33:20,1482.24,15.24,1.84
6580,2024-12-04 17:33:21,1482.46,15.24,1.84
6581,2024-12-04 17:33:21,1482.69,15.24,1.84
6582,2024-12-04 17:33:21,1482.91,15.24,1.84
6583,2024-12-04 17:33:21,1483.14,15.24,1.84
6584,2024-12-04 17:33:21,1483.36,15.24,1.84
6585,2024-12-04 17:33:22,1483.58,15.24,1.84
6586,2024-12-04 17:33:22,1483.77,15.24,1.84
6587,2024-12-04 17:33:22,1484.00,15.24,1.84
6588,2024-12-04 17:33:22,1484.21,15.24,1.84
6589,2024-12-04 17:33:23,1484.42,15.24,1.84
6590,2024-12-04 17:33:23,1484.63,15.24,1.84
6591,2024-12-04 17:33:23,1484.85,15.24,1.84
6592,2024-12-04 17:33:23,1485.06,15.24,1.84
6593,2024-12-04 17:33:23,1485.27,15.24,1.84
6594,2024-12-04 17:33:24,1485.49,15.24,1.84
6595,2024-12-04 17:33:24,1485.70,15.24,1.84
6596,2024-12-04 17:33:24,1485.91,15.24,1.84
6597,2024-12-04 17:33:24,1486.12,15.24,1.84
6598,2024-12-04 17:33:24,1486.34,15.24,1.84
6599,2024-12-04 17:33:25,1486.56,15.24,1.84
6600,2024-12-04 17:33:25,1486.78,15.24,1.84
6601,2024-12-04 17:33:25,1486.99,15.24,1.84
6602,2024-12-04 17:33:25,1487.21,15.24,1.84
6603,2024-12-04 17:33:26,1487.43,15.24,1.84
6604,2024-12-04 17:33:26,1487.65,15.24,1.84
6605,2024-12-04 17:33:26,1487.88,15.24,1.84
6606,2024-12-04 17:33:26,1488.10,15.24,1.84
6607,2024-12-04 17:33:26,1488.30,15.24,1.84
6608,2024-12-04 17:33:27,1488.52,15.24,1.84
6609,2024-12-04 17:33:27,1488.74,15.24,1.84
6610,2024-12-04 17:33:27,1488.96,15.24,1.84
6611,2024-12-04 17:33:27,1489.18,15.24,1.84
6612,2024-12-04 17:33:28,1489.39,15.24,1.84
6613,2024-12-04 17:33:28,1489.60,15.24,1.84
6614,2024-12-04 17:33:28,1489.81,15.24,1.84
6615,2024-12-04 17:33:28,1490.03,15.24,1.84
6616,2024-12-04 17:33:28,1490.25,15.24,1.84
6617,2024-12-04 17:33:29,1490.47,15.24,1.84
6618,2024-12-04 17:33:29,1490.68,15.24,1.84
6619,2024-12-04 17:33:29,1490.90,15.24,1.84
6620,2024-12-04 17:33:29,1491.09,15.24,1.84
6621,2024-12-04 17:33:29,1491.31,15.24,1.84
6622,2024-12-04 17:33:30,1491.52,15.24,1.84
6623,2024-12-04 17:33:30,1491.74,15.24,1.84
6624,2024-12-04 17:33:30,1491.95,15.24,1.84
6625,2024-12-04 17:33:30,1492.17,15.24,1.84
6626,2024-12-04 17:33:31,1492.39,15.24,1.84
6627,2024-12-04 17:33:31,1492.61,15.24,1.84
6628,2024-12-04 17:33:31,1492.83,15.24,1.84
6629,2024-12-04 17:33:31,1493.04,15.24,1.84
6630,2024-12-04 17:33:31,1493.26,15.24,1.84
6631,2024-12-04 17:33:32,1493.47,15.24,1.84
6632,2024-12-04 17:33:32,1493.69,15.24,1.84
6633,2024-12-04 17:33:32,1493.90,15.24,1.84
6634,2024-12-04 17:33:32,1494.11,15.24,1.84
6635,2024-12-04 17:33:32,1494.32,15.24,1.84
6636,2024-12-04 17:33:33,1494.55,15.24,1.84
6637,2024-12-04 17:33:33,1494.77,15.24,1.84
6638,2024-12-04 17:33:33,1494.98,15.24,1.84
6639,2024-12-04 17:33:33,1495.21,15.24,1.84
6640,2024-12-04 17:33:34,1495.42,15.24,1.84
6641,2024-12-04 17:33:34,1495.63,15.24,1.84
6642,2024-12-04 17:33:34,1495.84,15.24,1.84
6643,2024-12-04 17:33:34,1496.06,15.24,1.84
6644,2024-12-04 17:33:34,1496.26,15.24,1.84
6645,2024-12-04 17:33:35,1496.48,15.24,1.84
6646,2024-12-04 17:33:35,1496.71,15.24,1.84
6647,2024-12-04 17:33:35,1496.91,15.24,1.84
6648,2024-12-04 17:33:35,1497.11,15.24,1.84
6649,2024-12-04 17:33:35,1497.33,15.24,1.84
6650,2024-12-04 17:33:36,1497.54,15.24,1.84
6651,2024-12-04 17:33:36,1497.76,15.24,1.84
6652,2024-12-04 17:33:36,1497.97,15.24,1.84
6653,2024-12-04 17:33:36,1498.19,15.24,1.84
6654,2024-12-04 17:33:37,1498.41,15.24,1.84
6655,2024-12-04 17:33:37,1498.62,15.24,1.84
6656,2024-12-04 17:33:37,1498.82,15.24,1.84
6657,2024-12-04 17:33:37,1499.04,15.24,1.84
6658,2024-12-04 17:33:37,1499.26,15.24,1.84
6659,2024-12-04 17:33:38,1499.48,15.24,1.84
6660,2024-12-04 17:33:38,1499.71,15.24,1.84
6661,2024-12-04 17:33:38,1499.93,15.24,1.84
6662,2024-12-04 17:33:38,1500.16,15.24,1.84
6663,2024-12-04 17:33:38,1500.37,15.24,1.84
6664,2024-12-04 17:33:39,1500.58,15.24,1.84
6665,2024-12-04 17:33:39,1500.80,15.24,1.84
6666,2024-12-04 17:33:39,1501.02,15.24,1.84
6667,2024-12-04 17:33:39,1501.23,15.24,1.84
6668,2024-12-04 17:33:40,1501.45,15.24,1.84
6669,2024-12-04 17:33:40,1501.66,15.24,1.84
6670,2024-12-04 17:33:40,1501.88,15.24,1.84
6671,2024-12-04 17:33:40,1502.10,15.24,1.84
6672,2024-12-04 17:33:40,1502.31,15.24,1.84
6673,2024-12-04 17:33:41,1502.53,15.24,1.84
6674,2024-12-04 17:33:41,1502.75,15.24,1.84
6675,2024-12-04 17:33:41,1502.96,15.24,1.84
6676,2024-12-04 17:33:41,1503.17,15.24,1.84
6677,2024-12-04 17:33:41,1503.37,15.24,1.84
6678,2024-12-04 17:33:42,1503.59,15.24,1.84
6679,2024-12-04 17:33:42,1503.80,15.24,1.84
6680,2024-12-04 17:33:42,1504.02,15.24,1.84
6681,2024-12-04 17:33:42,1504.24,15.24,1.84
6682,2024-12-04 17:33:43,1504.45,15.24,1.84
6683,2024-12-04 17:33:43,1504.67,15.24,1.84
6684,2024-12-04 17:33:43,1504.88,15.24,1.84
6685,2024-12-04 17:33:43,1505.10,15.24,1.84
6686,2024-12-04 17:33:43,1505.32,15.24,1.84
6687,2024-12-04 17:33:44,1505.55,15.24,1.84
6688,2024-12-04 17:33:44,1505.77,15.24,1.84
6689,2024-12-04 17:33:44,1505.99,15.24,1.84
6690,2024-12-04 17:33:44,1506.21,15.24,1.84
6691,2024-12-04 17:33:45,1506.43,15.24,1.84
6692,2024-12-04 17:33:45,1506.65,15.24,1.84
6693,2024-12-04 17:33:45,1506.87,15.24,1.84
6694,2024-12-04 17:33:45,1507.09,15.24,1.84
6695,2024-12-04 17:33:45,1507.30,15.24,1.84
6696,2024-12-04 17:33:46,1507.51,15.24,1.84
6697,2024-12-04 17:33:46,1507.73,15.24,1.84
6698,2024-12-04 17:33:46,1507.94,15.24,1.84
6699,2024-12-04 17:33:46,1508.15,15.24,1.84
6700,2024-12-04 17:33:46,1508.37,15.24,1.84
6701,2024-12-04 17:33:47,1508.60,15.24,1.84
6702,2024-12-04 17:33:47,1508.82,15.24,1.84
6703,2024-12-04 17:33:47,1509.04,15.24,1.84
6704,2024-12-04 17:33:47,1509.26,15.24,1.84
6705,2024-12-04 17:33:48,1509.48,15.24,1.84
6706,2024-12-04 17:33:48,1509.69,15.24,1.84
6707,2024-12-04 17:33:48,1509.91,15.24,1.84
6708,2024-12-04 17:33:48,1510.11,15.24,1.84
6709,2024-12-04 17:33:48,1510.32,15.24,1.84
6710,2024-12-04 17:33:49,1510.54,15.24,1.84
6711,2024-12-04 17:33:49,1510.75,15.24,1.84
6712,2024-12-04 17:33:49,1510.97,15.24,1.84
6713,2024-12-04 17:33:49,1511.18,15.24,1.84
6714,2024-12-04 17:33:50,1511.39,15.24,1.84
6715,2024-12-04 17:33:50,1511.60,15.24,1.84
6716,2024-12-04 17:33:50,1511.83,15.24,1.84
6717,2024-12-04 17:33:50,1512.05,15.24,1.84
6718,2024-12-04 17:33:50,1512.27,15.24,1.84
6719,2024-12-04 17:33:51,1512.49,15.24,1.84
6720,2024-12-04 17:33:51,1512.71,15.24,1.84
6721,2024-12-04 17:33:51,1512.92,15.24,1.84
6722,2024-12-04 17:33:51,1513.14,15.24,1.84
6723,2024-12-04 17:33:51,1513.36,15.24,1.84
6724,2024-12-04 17:33:52,1513.58,15.24,1.84
6725,2024-12-04 17:33:52,1513.79,15.24,1.84
6726,2024-12-04 17:33:52,1514.00,15.24,1.84
6727,2024-12-04 17:33:52,1514.20,15.24,1.84
6728,2024-12-04 17:33:53,1514.42,15.24,1.84
6729,2024-12-04 17:33:53,1514.64,15.24,1.84
6730,2024-12-04 17:33:53,1514.86,15.24,1.84
6731,2024-12-04 17:33:53,1515.07,15.24,1.84
6732,2024-12-04 17:33:53,1515.28,15.24,1.84
6733,2024-12-04 17:33:54,1515.50,15.24,1.84
6734,2024-12-04 17:33:54,1515.72,15.24,1.84
6735,2024-12-04 17:33:54,1515.95,15.24,1.84
6736,2024-12-04 17:33:54,1516.16,15.24,1.84
6737,2024-12-04 17:33:54,1516.37,15.24,1.84
6738,2024-12-04 17:33:55,1516.58,15.24,1.84
6739,2024-12-04 17:33:55,1516.80,15.24,1.84
6740,2024-12-04 17:33:55,1517.02,15.24,1.84
6741,2024-12-04 17:33:55,1517.24,15.24,1.84
6742,2024-12-04 17:33:56,1517.46,15.24,1.84
6743,2024-12-04 17:33:56,1517.67,15.24,1.84
6744,2024-12-04 17:33:56,1517.89,15.24,1.84
6745,2024-12-04 17:33:56,1518.10,15.24,1.84
6746,2024-12-04 17:33:56,1518.33,15.24,1.84
6747,2024-12-04 17:33:57,1518.53,15.24,1.84
6748,2024-12-04 17:33:57,1518.75,15.24,1.84
6749,2024-12-04 17:33:57,1518.96,15.24,1.84
6750,2024-12-04 17:33:57,1519.18,15.24,1.84
6751,2024-12-04 17:33:58,1519.39,15.24,1.84
6752,2024-12-04 17:33:58,1519.60,15.24,1.84
6753,2024-12-04 17:33:58,1519.83,15.24,1.84
6754,2024-12-04 17:33:58,1520.04,15.24,1.84
6755,2024-12-04 17:33:58,1520.25,15.24,1.84
6756,2024-12-04 17:33:59,1520.48,15.24,1.84
6757,2024-12-04 17:33:59,1520.70,15.24,1.84
6758,2024-12-04 17:33:59,1520.91,15.24,1.84
6759,2024-12-04 17:33:59,1521.13,15.24,1.84
6760,2024-12-04 17:33:59,1521.35,15.24,1.84
6761,2024-12-04 17:34:00,1521.57,15.24,1.84
6762,2024-12-04 17:34:00,1521.78,15.24,1.84
6763,2024-12-04 17:34:00,1521.99,15.24,1.84
6764,2024-12-04 17:34:00,1522.21,15.24,1.84
6765,2024-12-04 17:34:01,1522.41,15.24,1.84
6766,2024-12-04 17:34:01,1522.61,15.24,1.84
6767,2024-12-04 17:34:01,1522.83,15.24,1.84
6768,2024-12-04 17:34:01,1523.04,15.24,1.84
6769,2024-12-04 17:34:01,1523.24,15.24,1.84
6770,2024-12-04 17:34:02,1523.45,15.24,1.84
6771,2024-12-04 17:34:02,1523.67,15.24,1.84
6772,2024-12-04 17:34:02,1523.88,15.24,1.84
6773,2024-12-04 17:34:02,1524.10,15.24,1.84
6774,2024-12-04 17:34:02,1524.32,15.24,1.84
6775,2024-12-04 17:34:03,1524.53,15.24,1.84
6776,2024-12-04 17:34:03,1524.74,15.24,1.84
6777,2024-12-04 17:34:03,1524.95,15.24,1.84
6778,2024-12-04 17:34:03,1525.18,15.24,1.84
6779,2024-12-04 17:34:04,1525.39,15.24,1.84
6780,2024-12-04 17:34:04,1525.61,15.24,1.84
6781,2024-12-04 17:34:04,1525.84,15.24,1.84
6782,2024-12-04 17:34:04,1526.05,15.24,1.84
6783,2024-12-04 17:34:04,1526.26,15.24,1.84
6784,2024-12-04 17:34:05,1526.47,15.24,1.84
6785,2024-12-04 17:34:05,1526.69,15.24,1.84
6786,2024-12-04 17:34:05,1526.91,15.24,1.84
6787,2024-12-04 17:34:05,1527.11,15.24,1.84
6788,2024-12-04 17:34:05,1527.32,15.24,1.84
6789,2024-12-04 17:34:06,1527.53,15.24,1.84
6790,2024-12-04 17:34:06,1527.74,15.24,1.84
6791,2024-12-04 17:34:06,1527.95,15.24,1.84
6792,2024-12-04 17:34:06,1528.16,15.24,1.84
6793,2024-12-04 17:34:06,1528.36,15.24,1.84
6794,2024-12-04 17:34:07,1528.58,15.24,1.84
6795,2024-12-04 17:34:07,1528.79,15.24,1.84
6796,2024-12-04 17:34:07,1529.02,15.24,1.84
6797,2024-12-04 17:34:07,1529.24,15.24,1.84
6798,2024-12-04 17:34:08,1529.46,15.24,1.84
6799,2024-12-04 17:34:08,1529.67,15.24,1.84
6800,2024-12-04 17:34:08,1529.89,15.24,1.84
6801,2024-12-04 17:34:08,1530.11,15.24,1.84
6802,2024-12-04 17:34:08,1530.33,15.24,1.84
6803,2024-12-04 17:34:09,1530.54,15.24,1.84
6804,2024-12-04 17:34:09,1530.74,15.24,1.84
6805,2024-12-04 17:34:09,1530.95,15.24,1.84
6806,2024-12-04 17:34:09,1531.16,15.24,1.84
6807,2024-12-04 17:34:09,1531.38,15.24,1.84
6808,2024-12-04 17:34:10,1531.60,15.24,1.84
6809,2024-12-04 17:34:10,1531.81,15.24,1.84
6810,2024-12-04 17:34:10,1532.02,15.24,1.84
6811,2024-12-04 17:34:10,1532.23,15.24,1.84
6812,2024-12-04 17:34:11,1532.44,15.24,1.84
6813,2024-12-04 17:34:11,1532.66,15.24,1.84
6814,2024-12-04 17:34:11,1532.88,15.24,1.84
6815,2024-12-04 17:34:11,1533.10,15.24,1.84
6816,2024-12-04 17:34:11,1533.31,15.24,1.84
6817,2024-12-04 17:34:12,1533.53,15.24,1.84
6818,2024-12-04 17:34:12,1533.75,15.24,1.84
6819,2024-12-04 17:34:12,1533.94,15.24,1.84
6820,2024-12-04 17:34:12,1534.16,15.24,1.84
6821,2024-12-04 17:34:12,1534.37,15.24,1.84
6822,2024-12-04 17:34:13,1534.59,15.24,1.84
6823,2024-12-04 17:34:13,1534.81,15.24,1.84
6824,2024-12-04 17:34:13,1535.03,15.24,1.84
6825,2024-12-04 17:34:13,1535.23,15.24,1.84
6826,2024-12-04 17:34:14,1535.44,15.24,1.84
6827,2024-12-04 17:34:14,1535.65,15.24,1.84
6828,2024-12-04 17:34:14,1535.85,15.24,1.84
6829,2024-12-04 17:34:14,1536.06,15.24,1.84
6830,2024-12-04 17:34:14,1536.28,15.24,1.84
6831,2024-12-04 17:34:15,1536.49,15.24,1.84
6832,2024-12-04 17:34:15,1536.71,15.24,1.84
6833,2024-12-04 17:34:15,1536.93,15.24,1.84
6834,2024-12-04 17:34:15,1537.15,15.24,1.84
6835,2024-12-04 17:34:15,1537.36,15.24,1.84
6836,2024-12-04 17:34:16,1537.56,15.24,1.84
6837,2024-12-04 17:34:16,1537.77,15.24,1.84
6838,2024-12-04 17:34:16,1537.98,15.24,1.84
6839,2024-12-04 17:34:16,1538.21,15.24,1.84
6840,2024-12-04 17:34:17,1538.42,15.24,1.84
6841,2024-12-04 17:34:17,1538.64,15.24,1.84
6842,2024-12-04 17:34:17,1538.85,15.24,1.84
6843,2024-12-04 17:34:17,1539.07,15.24,1.84
6844,2024-12-04 17:34:17,1539.29,15.24,1.84
6845,2024-12-04 17:34:18,1539.51,15.24,1.84
6846,2024-12-04 17:34:18,1539.72,15.24,1.84
6847,2024-12-04 17:34:18,1539.94,15.24,1.84
6848,2024-12-04 17:34:18,1540.15,15.24,1.84
6849,2024-12-04 17:34:18,1540.38,15.24,1.84
6850,2024-12-04 17:34:19,1540.59,15.24,1.84
6851,2024-12-04 17:34:19,1540.81,15.24,1.84
6852,2024-12-04 17:34:19,1541.01,15.24,1.84
6853,2024-12-04 17:34:19,1541.23,15.24,1.84
6854,2024-12-04 17:34:20,1541.44,15.24,1.84
6855,2024-12-04 17:34:20,1541.66,15.24,1.84
6856,2024-12-04 17:34:20,1541.88,15.24,1.84
6857,2024-12-04 17:34:20,1542.10,15.24,1.84
6858,2024-12-04 17:34:20,1542.32,15.24,1.84
6859,2024-12-04 17:34:21,1542.54,15.24,1.84
6860,2024-12-04 17:34:21,1542.76,15.24,1.84
6861,2024-12-04 17:34:21,1542.99,15.24,1.84
6862,2024-12-04 17:34:21,1543.20,15.24,1.84
6863,2024-12-04 17:34:22,1543.43,15.24,1.84
6864,2024-12-04 17:34:22,1543.64,15.24,1.84
6865,2024-12-04 17:34:22,1543.86,15.24,1.84
6866,2024-12-04 17:34:22,1544.07,15.24,1.84
6867,2024-12-04 17:34:22,1544.30,15.24,1.84
6868,2024-12-04 17:34:23,1544.51,15.24,1.84
6869,2024-12-04 17:34:23,1544.72,15.24,1.84
6870,2024-12-04 17:34:23,1544.95,15.24,1.84
6871,2024-12-04 17:34:23,1545.17,15.24,1.84
6872,2024-12-04 17:34:24,1545.39,15.24,1.84
6873,2024-12-04 17:34:24,1545.60,15.24,1.84
6874,2024-12-04 17:34:24,1545.82,15.24,1.84
6875,2024-12-04 17:34:24,1546.04,15.24,1.84
6876,2024-12-04 17:34:24,1546.24,15.24,1.84
6877,2024-12-04 17:34:25,1546.45,15.24,1.84
6878,2024-12-04 17:34:25,1546.68,15.24,1.84
6879,2024-12-04 17:34:25,1546.89,15.24,1.84
6880,2024-12-04 17:34:25,1547.11,15.24,1.84
6881,2024-12-04 17:34:25,1547.33,15.24,1.84
6882,2024-12-04 17:34:26,1547.54,15.24,1.84
6883,2024-12-04 17:34:26,1547.75,15.24,1.84
6884,2024-12-04 17:34:26,1547.96,15.24,1.84
6885,2024-12-04 17:34:26,1548.17,15.24,1.84
6886,2024-12-04 17:34:26,1548.37,15.24,1.84
6887,2024-12-04 17:34:27,1548.59,15.24,1.84
6888,2024-12-04 17:34:27,1548.80,15.24,1.84
6889,2024-12-04 17:34:27,1549.01,15.24,1.84
6890,2024-12-04 17:34:27,1549.23,15.24,1.84
6891,2024-12-04 17:34:28,1549.44,15.24,1.84
6892,2024-12-04 17:34:28,1549.66,15.24,1.84
6893,2024-12-04 17:34:28,1549.87,15.24,1.84
6894,2024-12-04 17:34:28,1550.09,15.24,1.84
6895,2024-12-04 17:34:28,1550.30,15.24,1.84
6896,2024-12-04 17:34:29,1550.51,15.24,1.84
6897,2024-12-04 17:34:29,1550.72,15.24,1.84
6898,2024-12-04 17:34:29,1550.95,15.24,1.84
6899,2024-12-04 17:34:29,1551.17,15.24,1.84
6900,2024-12-04 17:34:30,1551.39,15.24,1.84
6901,2024-12-04 17:34:30,1551.60,15.24,1.84
6902,2024-12-04 17:34:30,1551.82,15.24,1.84
6903,2024-12-04 17:34:30,1552.05,15.24,1.84
6904,2024-12-04 17:34:30,1552.27,15.24,1.84
6905,2024-12-04 17:34:31,1552.49,15.24,1.84
6906,2024-12-04 17:34:31,1552.71,15.24,1.84
6907,2024-12-04 17:34:31,1552.93,15.24,1.84
6908,2024-12-04 17:34:31,1553.14,15.24,1.84
6909,2024-12-04 17:34:31,1553.36,15.24,1.84
6910,2024-12-04 17:34:32,1553.57,15.24,1.84
6911,2024-12-04 17:34:32,1553.78,15.24,1.84
6912,2024-12-04 17:34:32,1553.99,15.24,1.84
6913,2024-12-04 17:34:32,1554.19,15.24,1.84
6914,2024-12-04 17:34:33,1554.41,15.24,1.84
6915,2024-12-04 17:34:33,1554.62,15.24,1.84
6916,2024-12-04 17:34:33,1554.83,15.24,1.84
6917,2024-12-04 17:34:33,1555.03,15.24,1.84
6918,2024-12-04 17:34:33,1555.25,15.24,1.84
6919,2024-12-04 17:34:34,1555.46,15.24,1.84
6920,2024-12-04 17:34:34,1555.68,15.24,1.84
6921,2024-12-04 17:34:34,1555.90,15.24,1.84
6922,2024-12-04 17:34:34,1556.10,15.24,1.84
6923,2024-12-04 17:34:34,1556.30,15.24,1.84
6924,2024-12-04 17:34:35,1556.50,15.24,1.84
6925,2024-12-04 17:34:35,1556.71,15.24,1.84
6926,2024-12-04 17:34:35,1556.94,15.24,1.84
6927,2024-12-04 17:34:35,1557.16,15.24,1.84
6928,2024-12-04 17:34:35,1557.38,15.24,1.84
6929,2024-12-04 17:34:36,1557.60,15.24,1.84
6930,2024-12-04 17:34:36,1557.82,15.24,1.84
6931,2024-12-04 17:34:36,1558.04,15.24,1.84
6932,2024-12-04 17:34:36,1558.26,15.24,1.84
6933,2024-12-04 17:34:37,1558.47,15.24,1.84
6934,2024-12-04 17:34:37,1558.69,15.24,1.84
6935,2024-12-04 17:34:37,1558.90,15.24,1.84
6936,2024-12-04 17:34:37,1559.11,15.24,1.84
6937,2024-12-04 17:34:37,1559.33,15.24,1.84
6938,2024-12-04 17:34:38,1559.54,15.24,1.84
6939,2024-12-04 17:34:38,1559.76,15.24,1.84
6940,2024-12-04 17:34:38,1559.98,15.24,1.84
6941,2024-12-04 17:34:38,1560.20,15.24,1.84
6942,2024-12-04 17:34:39,1560.41,15.24,1.84
6943,2024-12-04 17:34:39,1560.63,15.24,1.84
6944,2024-12-04 17:34:39,1560.84,15.24,1.84
6945,2024-12-04 17:34:39,1561.06,15.24,1.84
6946,2024-12-04 17:34:39,1561.27,15.24,1.84
6947,2024-12-04 17:34:40,1561.50,15.24,1.84
6948,2024-12-04 17:34:40,1561.72,15.24,1.84
6949,2024-12-04 17:34:40,1561.93,15.24,1.84
6950,2024-12-04 17:34:40,1562.15,15.24,1.84
6951,2024-12-04 17:34:40,1562.37,15.24,1.84
6952,2024-12-04 17:34:41,1562.58,15.24,1.84
6953,2024-12-04 17:34:41,1562.79,15.24,1.84
6954,2024-12-04 17:34:41,1562.99,15.24,1.84
6955,2024-12-04 17:34:41,1563.21,15.24,1.84
6956,2024-12-04 17:34:42,1563.42,15.24,1.84
6957,2024-12-04 17:34:42,1563.64,15.24,1.84
6958,2024-12-04 17:34:42,1563.85,15.24,1.84
6959,2024-12-04 17:34:42,1564.07,15.24,1.84
6960,2024-12-04 17:34:42,1564.28,15.24,1.84
6961,2024-12-04 17:34:43,1564.50,15.24,1.84
6962,2024-12-04 17:34:43,1564.71,15.24,1.84
6963,2024-12-04 17:34:43,1564.92,15.24,1.84
6964,2024-12-04 17:34:43,1565.14,15.24,1.84
6965,2024-12-04 17:34:43,1565.37,15.24,1.84
6966,2024-12-04 17:34:44,1565.59,15.24,1.84
6967,2024-12-04 17:34:44,1565.80,15.24,1.84
6968,2024-12-04 17:34:44,1566.02,15.24,1.84
6969,2024-12-04 17:34:44,1566.24,15.24,1.84
6970,2024-12-04 17:34:45,1566.45,15.24,1.84
6971,2024-12-04 17:34:45,1566.66,15.24,1.84
6972,2024-12-04 17:34:45,1566.88,15.24,1.84
6973,2024-12-04 17:34:45,1567.10,15.24,1.84
6974,2024-12-04 17:34:45,1567.31,15.24,1.84
6975,2024-12-04 17:34:46,1567.53,15.24,1.84
6976,2024-12-04 17:34:46,1567.76,15.24,1.84
6977,2024-12-04 17:34:46,1567.98,15.24,1.84
6978,2024-12-04 17:34:46,1568.19,15.24,1.84
6979,2024-12-04 17:34:47,1568.41,15.24,1.84
6980,2024-12-04 17:34:47,1568.62,15.24,1.84
6981,2024-12-04 17:34:47,1568.83,15.24,1.84
6982,2024-12-04 17:34:47,1569.06,15.24,1.84
6983,2024-12-04 17:34:47,1569.27,15.24,1.84
6984,2024-12-04 17:34:48,1569.48,15.24,1.84
6985,2024-12-04 17:34:48,1569.70,15.24,1.84
6986,2024-12-04 17:34:48,1569.91,15.24,1.84
6987,2024-12-04 17:34:48,1570.13,15.24,1.84
6988,2024-12-04 17:34:48,1570.34,15.24,1.84
6989,2024-12-04 17:34:49,1570.56,15.24,1.84
6990,2024-12-04 17:34:49,1570.77,15.24,1.84
6991,2024-12-04 17:34:49,1570.99,15.24,1.84
6992,2024-12-04 17:34:49,1571.21,15.24,1.84
6993,2024-12-04 17:34:50,1571.41,15.24,1.84
6994,2024-12-04 17:34:50,1571.62,15.24,1.84
6995,2024-12-04 17:34:50,1571.83,15.24,1.84
6996,2024-12-04 17:34:50,1572.05,15.24,1.84
6997,2024-12-04 17:34:50,1572.27,15.24,1.84
6998,2024-12-04 17:34:51,1572.49,15.24,1.84
6999,2024-12-04 17:34:51,1572.71,15.24,1.84
7000,2024-12-04 17:34:51,1572.93,15.24,1.84
7001,2024-12-04 17:34:51,1573.15,15.24,1.84
7002,2024-12-04 17:34:51,1573.37,15.24,1.84
7003,2024-12-04 17:34:52,1573.56,15.24,1.84
7004,2024-12-04 17:34:52,1573.77,15.24,1.84
7005,2024-12-04 17:34:52,1573.98,15.24,1.84
7006,2024-12-04 17:34:52,1574.20,15.24,1.84
7007,2024-12-04 17:34:53,1574.41,15.24,1.84
7008,2024-12-04 17:34:53,1574.62,15.24,1.84
7009,2024-12-04 17:34:53,1574.83,15.24,1.84
7010,2024-12-04 17:34:53,1575.05,15.24,1.84
7011,2024-12-04 17:34:53,1575.26,15.24,1.84
7012,2024-12-04 17:34:54,1575.47,15.24,1.84
7013,2024-12-04 17:34:54,1575.69,15.24,1.84
7014,2024-12-04 17:34:54,1575.91,15.24,1.84
7015,2024-12-04 17:34:54,1576.12,15.24,1.84
7016,2024-12-04 17:34:54,1576.34,15.24,1.84
7017,2024-12-04 17:34:55,1576.55,15.24,1.84
7018,2024-12-04 17:34:55,1576.78,15.24,1.84
7019,2024-12-04 17:34:55,1576.98,15.24,1.84
7020,2024-12-04 17:34:55,1577.19,15.24,1.84
7021,2024-12-04 17:34:56,1577.41,15.24,1.84
7022,2024-12-04 17:34:56,1577.61,15.24,1.84
7023,2024-12-04 17:34:56,1577.84,15.24,1.84
7024,2024-12-04 17:34:56,1578.06,15.24,1.84
7025,2024-12-04 17:34:56,1578.27,15.24,1.84
7026,2024-12-04 17:34:57,1578.48,15.24,1.84
7027,2024-12-04 17:34:57,1578.69,15.24,1.84
7028,2024-12-04 17:34:57,1578.90,15.24,1.84
7029,2024-12-04 17:34:57,1579.11,15.24,1.84
7030,2024-12-04 17:34:57,1579.32,15.24,1.84
7031,2024-12-04 17:34:58,1579.53,15.24,1.84
7032,2024-12-04 17:34:58,1579.75,15.24,1.84
7033,2024-12-04 17:34:58,1579.97,15.24,1.84
7034,2024-12-04 17:34:58,1580.19,15.24,1.84
7035,2024-12-04 17:34:59,1580.41,15.24,1.84
7036,2024-12-04 17:34:59,1580.63,15.24,1.84
7037,2024-12-04 17:34:59,1580.85,15.24,1.84
7038,2024-12-04 17:34:59,1581.05,15.24,1.84
7039,2024-12-04 17:34:59,1581.27,15.24,1.84
7040,2024-12-04 17:35:00,1581.49,15.24,1.84
7041,2024-12-04 17:35:00,1581.71,15.24,1.84
7042,2024-12-04 17:35:00,1581.93,15.24,1.84
7043,2024-12-04 17:35:00,1582.14,15.24,1.84
7044,2024-12-04 17:35:00,1582.36,15.24,1.84
7045,2024-12-04 17:35:01,1582.58,15.24,1.84
7046,2024-12-04 17:35:01,1582.80,15.24,1.84
7047,2024-12-04 17:35:01,1583.02,15.24,1.84
7048,2024-12-04 17:35:01,1583.23,15.24,1.84
7049,2024-12-04 17:35:02,1583.44,15.24,1.84
7050,2024-12-04 17:35:02,1583.66,15.24,1.84
7051,2024-12-04 17:35:02,1583.88,15.24,1.84
7052,2024-12-04 17:35:02,1584.09,15.24,1.84
7053,2024-12-04 17:35:02,1584.30,15.24,1.84
7054,2024-12-04 17:35:03,1584.52,15.24,1.84
7055,2024-12-04 17:35:03,1584.76,15.24,1.84
7056,2024-12-04 17:35:03,1584.95,15.24,1.84
7057,2024-12-04 17:35:03,1585.17,15.24,1.84
7058,2024-12-04 17:35:03,1585.37,15.24,1.84
7059,2024-12-04 17:35:04,1585.59,15.24,1.84
7060,2024-12-04 17:35:04,1585.81,15.24,1.84
7061,2024-12-04 17:35:04,1586.02,15.24,1.84
7062,2024-12-04 17:35:04,1586.24,15.24,1.84
7063,2024-12-04 17:35:05,1586.46,15.24,1.84
7064,2024-12-04 17:35:05,1586.69,15.24,1.84
7065,2024-12-04 17:35:05,1586.86,15.24,1.84
7066,2024-12-04 17:35:05,1587.09,15.24,1.84
7067,2024-12-04 17:35:05,1587.30,15.24,1.84
7068,2024-12-04 17:35:06,1587.52,15.24,1.84
7069,2024-12-04 17:35:06,1587.72,15.24,1.84
7070,2024-12-04 17:35:06,1587.94,15.24,1.84
7071,2024-12-04 17:35:06,1588.16,15.24,1.84
7072,2024-12-04 17:35:06,1588.38,15.24,1.84
7073,2024-12-04 17:35:07,1588.59,15.24,1.84
7074,2024-12-04 17:35:07,1588.80,15.24,1.84
7075,2024-12-04 17:35:07,1589.04,15.24,1.84
7076,2024-12-04 17:35:07,1589.26,15.24,1.84
7077,2024-12-04 17:35:08,1589.47,15.24,1.84
7078,2024-12-04 17:35:08,1589.68,15.24,1.84
7079,2024-12-04 17:35:08,1589.88,15.24,1.84
7080,2024-12-04 17:35:08,1590.11,15.24,1.84
7081,2024-12-04 17:35:08,1590.32,15.24,1.84
7082,2024-12-04 17:35:09,1590.53,15.24,1.84
7083,2024-12-04 17:35:09,1590.74,15.24,1.84
7084,2024-12-04 17:35:09,1590.95,15.24,1.84
7085,2024-12-04 17:35:09,1591.16,15.24,1.84
7086,2024-12-04 17:35:10,1591.38,15.24,1.84
7087,2024-12-04 17:35:10,1591.59,15.24,1.84
7088,2024-12-04 17:35:10,1591.81,15.24,1.84
7089,2024-12-04 17:35:10,1592.03,15.24,1.84
7090,2024-12-04 17:35:10,1592.23,15.24,1.84
7091,2024-12-04 17:35:11,1592.44,15.24,1.84
7092,2024-12-04 17:35:11,1592.66,15.24,1.84
7093,2024-12-04 17:35:11,1592.88,15.24,1.84
7094,2024-12-04 17:35:11,1593.11,15.24,1.84
7095,2024-12-04 17:35:11,1593.34,15.24,1.84
7096,2024-12-04 17:35:12,1593.54,15.24,1.84
7097,2024-12-04 17:35:12,1593.75,15.24,1.84
7098,2024-12-04 17:35:12,1593.96,15.24,1.84
7099,2024-12-04 17:35:12,1594.18,15.24,1.84
7100,2024-12-04 17:35:13,1594.40,15.24,1.84
7101,2024-12-04 17:35:13,1594.63,15.24,1.84
7102,2024-12-04 17:35:13,1594.85,15.24,1.84
7103,2024-12-04 17:35:13,1595.07,15.24,1.84
7104,2024-12-04 17:35:13,1595.27,15.24,1.84
7105,2024-12-04 17:35:14,1595.47,15.24,1.84
7106,2024-12-04 17:35:14,1595.70,15.24,1.84
7107,2024-12-04 17:35:14,1595.92,15.24,1.84
7108,2024-12-04 17:35:14,1596.14,15.24,1.84
7109,2024-12-04 17:35:14,1596.36,15.24,1.84
7110,2024-12-04 17:35:15,1596.58,15.24,1.84
7111,2024-12-04 17:35:15,1596.80,15.24,1.84
7112,2024-12-04 17:35:15,1597.02,15.24,1.84
7113,2024-12-04 17:35:15,1597.23,15.24,1.84
7114,2024-12-04 17:35:16,1597.46,15.24,1.84
7115,2024-12-04 17:35:16,1597.66,15.24,1.84
7116,2024-12-04 17:35:16,1597.87,15.24,1.84
7117,2024-12-04 17:35:16,1598.09,15.24,1.84
7118,2024-12-04 17:35:16,1598.31,15.24,1.84
7119,2024-12-04 17:35:17,1598.51,15.24,1.84
7120,2024-12-04 17:35:17,1598.71,15.24,1.84
7121,2024-12-04 17:35:17,1598.91,15.24,1.84
7122,2024-12-04 17:35:17,1599.13,15.24,1.84
7123,2024-12-04 17:35:17,1599.34,15.24,1.84
7124,2024-12-04 17:35:18,1599.56,15.24,1.84
7125,2024-12-04 17:35:18,1599.77,15.24,1.84
7126,2024-12-04 17:35:18,1599.99,15.24,1.84
7127,2024-12-04 17:35:18,1600.21,15.24,1.84
7128,2024-12-04 17:35:19,1600.42,15.24,1.84
7129,2024-12-04 17:35:19,1600.64,15.24,1.84
7130,2024-12-04 17:35:19,1600.86,15.24,1.84
7131,2024-12-04 17:35:19,1601.07,15.24,1.84
7132,2024-12-04 17:35:19,1601.28,15.24,1.84
7133,2024-12-04 17:35:20,1601.48,15.24,1.84
7134,2024-12-04 17:35:20,1601.71,15.24,1.84
7135,2024-12-04 17:35:20,1601.94,15.24,1.84
7136,2024-12-04 17:35:20,1602.16,15.24,1.84
7137,2024-12-04 17:35:21,1602.38,15.24,1.84
7138,2024-12-04 17:35:21,1602.60,15.24,1.84
7139,2024-12-04 17:35:21,1602.82,15.24,1.84
7140,2024-12-04 17:35:21,1603.03,15.24,1.84
7141,2024-12-04 17:35:21,1603.25,15.24,1.84
7142,2024-12-04 17:35:22,1603.47,15.24,1.84
7143,2024-12-04 17:35:22,1603.68,15.24,1.84
7144,2024-12-04 17:35:22,1603.90,15.24,1.84
7145,2024-12-04 17:35:22,1604.12,15.24,1.84
7146,2024-12-04 17:35:22,1604.34,15.24,1.84
7147,2024-12-04 17:35:23,1604.55,15.24,1.84
7148,2024-12-04 17:35:23,1604.77,15.24,1.84
7149,2024-12-04 17:35:23,1604.97,15.24,1.84
7150,2024-12-04 17:35:23,1605.19,15.24,1.84
7151,2024-12-04 17:35:24,1605.40,15.24,1.84
7152,2024-12-04 17:35:24,1605.62,15.24,1.84
7153,2024-12-04 17:35:24,1605.84,15.24,1.84
7154,2024-12-04 17:35:24,1606.05,15.24,1.84
7155,2024-12-04 17:35:24,1606.27,15.24,1.84
7156,2024-12-04 17:35:25,1606.49,15.24,1.84
7157,2024-12-04 17:35:25,1606.69,15.24,1.84
7158,2024-12-04 17:35:25,1606.90,15.24,1.84
7159,2024-12-04 17:35:25,1607.13,15.24,1.84
7160,2024-12-04 17:35:25,1607.34,15.24,1.84
7161,2024-12-04 17:35:26,1607.56,15.24,1.84
7162,2024-12-04 17:35:26,1607.77,15.24,1.84
7163,2024-12-04 17:35:26,1607.98,15.24,1.84
7164,2024-12-04 17:35:26,1608.20,15.24,1.84
7165,2024-12-04 17:35:27,1608.41,15.24,1.84
7166,2024-12-04 17:35:27,1608.62,15.24,1.84
7167,2024-12-04 17:35:27,1608.83,15.24,1.84
7168,2024-12-04 17:35:27,1609.05,15.24,1.84
7169,2024-12-04 17:35:27,1609.26,15.24,1.84
7170,2024-12-04 17:35:28,1609.46,15.24,1.84
7171,2024-12-04 17:35:28,1609.67,15.24,1.84
7172,2024-12-04 17:35:28,1609.88,15.24,1.84
7173,2024-12-04 17:35:28,1610.12,15.24,1.84
7174,2024-12-04 17:35:28,1610.33,15.24,1.84
7175,2024-12-04 17:35:29,1610.54,15.24,1.84
7176,2024-12-04 17:35:29,1610.76,15.24,1.84
7177,2024-12-04 17:35:29,1610.98,15.24,1.84
7178,2024-12-04 17:35:29,1611.19,15.24,1.84
7179,2024-12-04 17:35:30,1611.41,15.24,1.84
7180,2024-12-04 17:35:30,1611.62,15.24,1.84
7181,2024-12-04 17:35:30,1611.82,15.24,1.84
7182,2024-12-04 17:35:30,1612.04,15.24,1.84
7183,2024-12-04 17:35:30,1612.25,15.24,1.84
7184,2024-12-04 17:35:31,1612.46,15.24,1.84
7185,2024-12-04 17:35:31,1612.69,15.24,1.84
7186,2024-12-04 17:35:31,1612.91,15.24,1.84
7187,2024-12-04 17:35:31,1613.13,15.24,1.84
7188,2024-12-04 17:35:31,1613.34,15.24,1.84
7189,2024-12-04 17:35:32,1613.56,15.24,1.84
7190,2024-12-04 17:35:32,1613.78,15.24,1.84
7191,2024-12-04 17:35:32,1614.01,15.24,1.84
7192,2024-12-04 17:35:32,1614.21,15.24,1.84
7193,2024-12-04 17:35:33,1614.43,15.24,1.84
7194,2024-12-04 17:35:33,1614.64,15.24,1.84
7195,2024-12-04 17:35:33,1614.85,15.24,1.84
7196,2024-12-04 17:35:33,1615.05,15.24,1.84
7197,2024-12-04 17:35:33,1615.27,15.24,1.84
7198,2024-12-04 17:35:34,1615.48,15.24,1.84
7199,2024-12-04 17:35:34,1615.70,15.24,1.84
7200,2024-12-04 17:35:34,1615.92,15.24,1.84
7201,2024-12-04 17:35:34,1616.12,15.24,1.84
7202,2024-12-04 17:35:34,1616.34,15.24,1.84
7203,2024-12-04 17:35:35,1616.55,15.24,1.84
7204,2024-12-04 17:35:35,1616.77,15.24,1.84
7205,2024-12-04 17:35:35,1616.98,15.24,1.84
7206,2024-12-04 17:35:35,1617.20,15.24,1.84
7207,2024-12-04 17:35:36,1617.41,15.24,1.84
7208,2024-12-04 17:35:36,1617.64,15.24,1.84
7209,2024-12-04 17:35:36,1617.87,15.24,1.84
7210,2024-12-04 17:35:36,1618.09,15.24,1.84
7211,2024-12-04 17:35:36,1618.31,15.24,1.84
7212,2024-12-04 17:35:37,1618.53,15.24,1.84
7213,2024-12-04 17:35:37,1618.74,15.24,1.84
7214,2024-12-04 17:35:37,1618.96,15.24,1.84
7215,2024-12-04 17:35:37,1619.17,15.24,1.84
7216,2024-12-04 17:35:38,1619.39,15.24,1.84
7217,2024-12-04 17:35:38,1619.61,15.24,1.84
7218,2024-12-04 17:35:38,1619.82,15.24,1.84
7219,2024-12-04 17:35:38,1620.01,15.24,1.84
7220,2024-12-04 17:35:38,1620.22,15.24,1.84
7221,2024-12-04 17:35:39,1620.43,15.24,1.84
7222,2024-12-04 17:35:39,1620.65,15.24,1.84
7223,2024-12-04 17:35:39,1620.86,15.24,1.84
7224,2024-12-04 17:35:39,1621.08,15.24,1.84
7225,2024-12-04 17:35:39,1621.30,15.24,1.84
7226,2024-12-04 17:35:40,1621.51,15.24,1.84
7227,2024-12-04 17:35:40,1621.72,15.24,1.84
7228,2024-12-04 17:35:40,1621.94,15.24,1.84
7229,2024-12-04 17:35:40,1622.14,15.24,1.84
7230,2024-12-04 17:35:40,1622.34,15.24,1.84
7231,2024-12-04 17:35:41,1622.56,15.24,1.84
7232,2024-12-04 17:35:41,1622.78,15.24,1.84
7233,2024-12-04 17:35:41,1623.00,15.24,1.84
7234,2024-12-04 17:35:41,1623.21,15.24,1.84
7235,2024-12-04 17:35:42,1623.42,15.24,1.84
7236,2024-12-04 17:35:42,1623.63,15.24,1.84
7237,2024-12-04 17:35:42,1623.85,15.24,1.84
7238,2024-12-04 17:35:42,1624.05,15.24,1.84
7239,2024-12-04 17:35:42,1624.26,15.24,1.84
7240,2024-12-04 17:35:43,1624.46,15.24,1.84
7241,2024-12-04 17:35:43,1624.67,15.24,1.84
7242,2024-12-04 17:35:43,1624.87,15.24,1.84
7243,2024-12-04 17:35:43,1625.08,15.24,1.84
7244,2024-12-04 17:35:43,1625.30,15.24,1.84
7245,2024-12-04 17:35:44,1625.51,15.24,1.84
7246,2024-12-04 17:35:44,1625.72,15.24,1.84
7247,2024-12-04 17:35:44,1625.93,15.24,1.84
7248,2024-12-04 17:35:44,1626.14,15.24,1.84
7249,2024-12-04 17:35:44,1626.35,15.24,1.84
7250,2024-12-04 17:35:45,1626.56,15.24,1.84
7251,2024-12-04 17:35:45,1626.78,15.24,1.84
7252,2024-12-04 17:35:45,1627.00,15.24,1.84
7253,2024-12-04 17:35:45,1627.22,15.24,1.84
7254,2024-12-04 17:35:46,1627.42,15.24,1.84
7255,2024-12-04 17:35:46,1627.65,15.24,1.84
7256,2024-12-04 17:35:46,1627.87,15.24,1.84
7257,2024-12-04 17:35:46,1628.09,15.24,1.84
7258,2024-12-04 17:35:46,1628.29,15.24,1.84
7259,2024-12-04 17:35:47,1628.51,15.24,1.84
7260,2024-12-04 17:35:47,1628.72,15.24,1.84
7261,2024-12-04 17:35:47,1628.94,15.24,1.84
7262,2024-12-04 17:35:47,1629.15,15.24,1.84
7263,2024-12-04 17:35:47,1629.37,15.24,1.84
7264,2024-12-04 17:35:48,1629.59,15.24,1.84
7265,2024-12-04 17:35:48,1629.81,15.24,1.84
7266,2024-12-04 17:35:48,1630.03,15.24,1.84
7267,2024-12-04 17:35:48,1630.24,15.24,1.84
7268,2024-12-04 17:35:49,1630.45,15.24,1.84
7269,2024-12-04 17:35:49,1630.67,15.24,1.84
7270,2024-12-04 17:35:49,1630.89,15.24,1.84
7271,2024-12-04 17:35:49,1631.11,15.24,1.84
7272,2024-12-04 17:35:49,1631.33,15.24,1.84
7273,2024-12-04 17:35:50,1631.54,15.24,1.84
7274,2024-12-04 17:35:50,1631.76,15.24,1.84
7275,2024-12-04 17:35:50,1631.98,15.24,1.84
7276,2024-12-04 17:35:50,1632.20,15.24,1.84
7277,2024-12-04 17:35:51,1632.42,15.24,1.84
7278,2024-12-04 17:35:51,1632.63,15.24,1.84
7279,2024-12-04 17:35:51,1632.84,15.24,1.84
7280,2024-12-04 17:35:51,1633.06,15.24,1.84
7281,2024-12-04 17:35:51,1633.28,15.24,1.84
7282,2024-12-04 17:35:52,1633.49,15.24,1.84
7283,2024-12-04 17:35:52,1633.69,15.24,1.84
7284,2024-12-04 17:35:52,1633.91,15.24,1.84
7285,2024-12-04 17:35:52,1634.13,15.24,1.84
7286,2024-12-04 17:35:52,1634.36,15.24,1.84
7287,2024-12-04 17:35:53,1634.55,15.24,1.84
7288,2024-12-04 17:35:53,1634.78,15.24,1.84
7289,2024-12-04 17:35:53,1634.99,15.24,1.84
7290,2024-12-04 17:35:53,1635.21,15.24,1.84
7291,2024-12-04 17:35:54,1635.45,15.24,1.84
7292,2024-12-04 17:35:54,1635.65,15.24,1.84
7293,2024-12-04 17:35:54,1635.87,15.24,1.84
7294,2024-12-04 17:35:54,1636.09,15.24,1.84
7295,2024-12-04 17:35:54,1636.31,15.24,1.84
7296,2024-12-04 17:35:55,1636.52,15.24,1.84
7297,2024-12-04 17:35:55,1636.75,15.24,1.84
7298,2024-12-04 17:35:55,1636.97,15.24,1.84
7299,2024-12-04 17:35:55,1637.17,15.24,1.84
7300,2024-12-04 17:35:56,1637.40,15.24,1.84
7301,2024-12-04 17:35:56,1637.61,15.24,1.84
7302,2024-12-04 17:35:56,1637.82,15.24,1.84
7303,2024-12-04 17:35:56,1638.04,15.24,1.84
7304,2024-12-04 17:35:56,1638.25,15.24,1.84
7305,2024-12-04 17:35:57,1638.48,15.24,1.84
7306,2024-12-04 17:35:57,1638.70,15.24,1.84
7307,2024-12-04 17:35:57,1638.91,15.24,1.84
7308,2024-12-04 17:35:57,1639.12,15.24,1.84
7309,2024-12-04 17:35:57,1639.32,15.24,1.84
7310,2024-12-04 17:35:58,1639.54,15.24,1.84
7311,2024-12-04 17:35:58,1639.75,15.24,1.84
7312,2024-12-04 17:35:58,1639.97,15.24,1.84
7313,2024-12-04 17:35:58,1640.20,15.24,1.84
7314,2024-12-04 17:35:59,1640.41,15.24,1.84
7315,2024-12-04 17:35:59,1640.64,15.24,1.84
7316,2024-12-04 17:35:59,1640.85,15.24,1.84
7317,2024-12-04 17:35:59,1641.07,15.24,1.84
7318,2024-12-04 17:35:59,1641.29,15.24,1.84
7319,2024-12-04 17:36:00,1641.50,15.24,1.84
7320,2024-12-04 17:36:00,1641.72,15.24,1.84
7321,2024-12-04 17:36:00,1641.93,15.24,1.84
7322,2024-12-04 17:36:00,1642.15,15.24,1.84
7323,2024-12-04 17:36:00,1642.37,15.24,1.84
7324,2024-12-04 17:36:01,1642.58,15.24,1.84
7325,2024-12-04 17:36:01,1642.81,15.24,1.84
7326,2024-12-04 17:36:01,1643.00,15.24,1.84
7327,2024-12-04 17:36:01,1643.21,15.24,1.84
7328,2024-12-04 17:36:02,1643.43,15.24,1.84
7329,2024-12-04 17:36:02,1643.65,15.24,1.84
7330,2024-12-04 17:36:02,1643.86,15.24,1.84
7331,2024-12-04 17:36:02,1644.07,15.24,1.84
7332,2024-12-04 17:36:02,1644.29,15.24,1.84
7333,2024-12-04 17:36:03,1644.51,15.24,1.84
7334,2024-12-04 17:36:03,1644.73,15.24,1.84
7335,2024-12-04 17:36:03,1644.94,15.24,1.84
7336,2024-12-04 17:36:03,1645.16,15.24,1.84
7337,2024-12-04 17:36:03,1645.37,15.24,1.84
7338,2024-12-04 17:36:04,1645.58,15.24,1.84
7339,2024-12-04 17:36:04,1645.80,15.24,1.84
7340,2024-12-04 17:36:04,1646.00,15.24,1.84
7341,2024-12-04 17:36:04,1646.21,15.24,1.84
7342,2024-12-04 17:36:05,1646.42,15.24,1.84
7343,2024-12-04 17:36:05,1646.63,15.24,1.84
7344,2024-12-04 17:36:05,1646.83,15.24,1.84
7345,2024-12-04 17:36:05,1647.05,15.24,1.84
7346,2024-12-04 17:36:05,1647.26,15.24,1.84
7347,2024-12-04 17:36:06,1647.49,15.24,1.84
7348,2024-12-04 17:36:06,1647.71,15.24,1.84
7349,2024-12-04 17:36:06,1647.93,15.24,1.84
7350,2024-12-04 17:36:06,1648.15,15.24,1.84
7351,2024-12-04 17:36:06,1648.37,15.24,1.84
7352,2024-12-04 17:36:07,1648.59,15.24,1.84
7353,2024-12-04 17:36:07,1648.80,15.24,1.84
7354,2024-12-04 17:36:07,1649.02,15.24,1.84
7355,2024-12-04 17:36:07,1649.25,15.24,1.84
7356,2024-12-04 17:36:08,1649.46,15.24,1.84
7357,2024-12-04 17:36:08,1649.67,15.24,1.84
7358,2024-12-04 17:36:08,1649.89,15.24,1.84
7359,2024-12-04 17:36:08,1650.10,15.24,1.84
7360,2024-12-04 17:36:08,1650.30,15.24,1.84
7361,2024-12-04 17:36:09,1650.52,15.24,1.84
7362,2024-12-04 17:36:09,1650.73,15.24,1.84
7363,2024-12-04 17:36:09,1650.95,15.24,1.84
7364,2024-12-04 17:36:09,1651.17,15.24,1.84
7365,2024-12-04 17:36:09,1651.38,15.24,1.84
7366,2024-12-04 17:36:10,1651.59,15.24,1.84
7367,2024-12-04 17:36:10,1651.81,15.24,1.84
7368,2024-12-04 17:36:10,1652.03,15.24,1.84
7369,2024-12-04 17:36:10,1652.24,15.24,1.84
7370,2024-12-04 17:36:11,1652.44,15.24,1.84
7371,2024-12-04 17:36:11,1652.66,15.24,1.84
7372,2024-12-04 17:36:11,1652.87,15.24,1.84
7373,2024-12-04 17:36:11,1653.08,15.24,1.84
7374,2024-12-04 17:36:11,1653.29,15.24,1.84
7375,2024-12-04 17:36:12,1653.51,15.24,1.84
7376,2024-12-04 17:36:12,1653.72,15.24,1.84
7377,2024-12-04 17:36:12,1653.93,15.24,1.84
7378,2024-12-04 17:36:12,1654.15,15.24,1.84
7379,2024-12-04 17:36:12,1654.35,15.24,1.84
7380,2024-12-04 17:36:13,1654.56,15.24,1.84
7381,2024-12-04 17:36:13,1654.78,15.24,1.84
7382,2024-12-04 17:36:13,1655.00,15.24,1.84
7383,2024-12-04 17:36:13,1655.22,15.24,1.84
7384,2024-12-04 17:36:14,1655.44,15.24,1.84
7385,2024-12-04 17:36:14,1655.65,15.24,1.84
7386,2024-12-04 17:36:14,1655.86,15.24,1.84
7387,2024-12-04 17:36:14,1656.08,15.24,1.84
7388,2024-12-04 17:36:14,1656.30,15.24,1.84
7389,2024-12-04 17:36:15,1656.52,15.24,1.84
7390,2024-12-04 17:36:15,1656.73,15.24,1.84
7391,2024-12-04 17:36:15,1656.94,15.24,1.84
7392,2024-12-04 17:36:15,1657.15,15.24,1.84
7393,2024-12-04 17:36:15,1657.37,15.24,1.84
7394,2024-12-04 17:36:16,1657.59,15.24,1.84
7395,2024-12-04 17:36:16,1657.81,15.24,1.84
7396,2024-12-04 17:36:16,1658.02,15.24,1.84
7397,2024-12-04 17:36:16,1658.24,15.24,1.84
7398,2024-12-04 17:36:17,1658.46,15.24,1.84
7399,2024-12-04 17:36:17,1658.67,15.24,1.84
7400,2024-12-04 17:36:17,1658.89,15.24,1.84
7401,2024-12-04 17:36:17,1659.10,15.24,1.84
7402,2024-12-04 17:36:17,1659.32,15.24,1.84
7403,2024-12-04 17:36:18,1659.53,15.24,1.84
7404,2024-12-04 17:36:18,1659.75,15.24,1.84
7405,2024-12-04 17:36:18,1659.97,15.24,1.84
7406,2024-12-04 17:36:18,1660.19,15.24,1.84
7407,2024-12-04 17:36:19,1660.40,15.24,1.84
7408,2024-12-04 17:36:19,1660.62,15.24,1.84
7409,2024-12-04 17:36:19,1660.85,15.24,1.84
7410,2024-12-04 17:36:19,1661.06,15.24,1.84
7411,2024-12-04 17:36:19,1661.28,15.24,1.84
7412,2024-12-04 17:36:20,1661.50,15.24,1.84
7413,2024-12-04 17:36:20,1661.71,15.24,1.84
7414,2024-12-04 17:36:20,1661.92,15.24,1.84
7415,2024-12-04 17:36:20,1662.13,15.24,1.84
7416,2024-12-04 17:36:20,1662.35,15.24,1.84
7417,2024-12-04 17:36:21,1662.57,15.24,1.84
7418,2024-12-04 17:36:21,1662.79,15.24,1.84
7419,2024-12-04 17:36:21,1663.00,15.24,1.84
7420,2024-12-04 17:36:21,1663.22,15.24,1.84
7421,2024-12-04 17:36:22,1663.44,15.24,1.84
7422,2024-12-04 17:36:22,1663.64,15.24,1.84
7423,2024-12-04 17:36:22,1663.85,15.24,1.84
7424,2024-12-04 17:36:22,1664.07,15.24,1.84
7425,2024-12-04 17:36:22,1664.29,15.24,1.84
7426,2024-12-04 17:36:23,1664.51,15.24,1.84
7427,2024-12-04 17:36:23,1664.72,15.24,1.84
7428,2024-12-04 17:36:23,1664.93,15.24,1.84
7429,2024-12-04 17:36:23,1665.14,15.24,1.84
7430,2024-12-04 17:36:23,1665.34,15.24,1.84
7431,2024-12-04 17:36:24,1665.55,15.24,1.84
7432,2024-12-04 17:36:24,1665.77,15.24,1.84
7433,2024-12-04 17:36:24,1665.99,15.24,1.84
7434,2024-12-04 17:36:24,1666.19,15.24,1.84
7435,2024-12-04 17:36:25,1666.40,15.24,1.84
7436,2024-12-04 17:36:25,1666.62,15.24,1.84
7437,2024-12-04 17:36:25,1666.85,15.24,1.84
7438,2024-12-04 17:36:25,1667.07,15.24,1.84
7439,2024-12-04 17:36:25,1667.29,15.24,1.84
7440,2024-12-04 17:36:26,1667.48,15.24,1.84
7441,2024-12-04 17:36:26,1667.68,15.24,1.84
7442,2024-12-04 17:36:26,1667.89,15.24,1.84
7443,2024-12-04 17:36:26,1668.12,15.24,1.84
7444,2024-12-04 17:36:26,1668.34,15.24,1.84
7445,2024-12-04 17:36:27,1668.56,15.24,1.84
7446,2024-12-04 17:36:27,1668.78,15.24,1.84
7447,2024-12-04 17:36:27,1668.99,15.24,1.84
7448,2024-12-04 17:36:27,1669.21,15.24,1.84
7449,2024-12-04 17:36:28,1669.42,15.24,1.84
7450,2024-12-04 17:36:28,1669.63,15.24,1.84
7451,2024-12-04 17:36:28,1669.84,15.24,1.84
7452,2024-12-04 17:36:28,1670.06,15.24,1.84
7453,2024-12-04 17:36:28,1670.28,15.24,1.84
7454,2024-12-04 17:36:29,1670.50,15.24,1.84
7455,2024-12-04 17:36:29,1670.71,15.24,1.84
7456,2024-12-04 17:36:29,1670.93,15.24,1.84
7457,2024-12-04 17:36:29,1671.15,15.24,1.84
7458,2024-12-04 17:36:29,1671.37,15.24,1.84
7459,2024-12-04 17:36:30,1671.58,15.24,1.84
7460,2024-12-04 17:36:30,1671.79,15.24,1.84
7461,2024-12-04 17:36:30,1672.02,15.24,1.84
7462,2024-12-04 17:36:30,1672.23,15.24,1.84
7463,2024-12-04 17:36:31,1672.44,15.24,1.84
7464,2024-12-04 17:36:31,1672.66,15.24,1.84
7465,2024-12-04 17:36:31,1672.87,15.24,1.84
7466,2024-12-04 17:36:31,1673.09,15.24,1.84
7467,2024-12-04 17:36:31,1673.29,15.24,1.84
7468,2024-12-04 17:36:32,1673.53,15.24,1.84
7469,2024-12-04 17:36:32,1673.75,15.24,1.84
7470,2024-12-04 17:36:32,1673.97,15.24,1.84
7471,2024-12-04 17:36:32,1674.19,15.24,1.84
7472,2024-12-04 17:36:33,1674.42,15.24,1.84
7473,2024-12-04 17:36:33,1674.64,15.24,1.84
7474,2024-12-04 17:36:33,1674.86,15.24,1.84
7475,2024-12-04 17:36:33,1675.08,15.24,1.84
7476,2024-12-04 17:36:33,1675.30,15.24,1.84
7477,2024-12-04 17:36:34,1675.52,15.24,1.84
7478,2024-12-04 17:36:34,1675.73,15.24,1.84
7479,2024-12-04 17:36:34,1675.95,15.24,1.84
7480,2024-12-04 17:36:34,1676.16,15.24,1.84
7481,2024-12-04 17:36:34,1676.36,15.24,1.84
7482,2024-12-04 17:36:35,1676.58,15.24,1.84
7483,2024-12-04 17:36:35,1676.79,15.24,1.84
7484,2024-12-04 17:36:35,1677.01,15.24,1.84
7485,2024-12-04 17:36:35,1677.21,15.24,1.84
7486,2024-12-04 17:36:36,1677.42,15.24,1.84
7487,2024-12-04 17:36:36,1677.63,15.24,1.84
7488,2024-12-04 17:36:36,1677.86,15.24,1.84
7489,2024-12-04 17:36:36,1678.08,15.24,1.84
7490,2024-12-04 17:36:36,1678.30,15.24,1.84
7491,2024-12-04 17:36:37,1678.53,15.24,1.84
7492,2024-12-04 17:36:37,1678.75,15.24,1.84
7493,2024-12-04 17:36:37,1678.95,15.24,1.84
7494,2024-12-04 17:36:37,1679.17,15.24,1.84
7495,2024-12-04 17:36:37,1679.38,15.24,1.84
7496,2024-12-04 17:36:38,1679.59,15.24,1.84
7497,2024-12-04 17:36:38,1679.80,15.24,1.84
7498,2024-12-04 17:36:38,1680.02,15.24,1.84
7499,2024-12-04 17:36:38,1680.23,15.24,1.84
7500,2024-12-04 17:36:39,1680.45,15.24,1.84
