Step,Timestamp,Time (s),RAM Usage (GB),GPU Memory Usage (GB)
1,2024-12-04 18:13:13,1.22,15.24,3.68
2,2024-12-04 18:13:13,1.56,15.24,3.68
3,2024-12-04 18:13:14,1.93,15.24,3.68
4,2024-12-04 18:13:14,2.29,15.24,3.68
5,2024-12-04 18:13:14,2.62,15.24,3.68
6,2024-12-04 18:13:15,2.98,15.24,3.68
7,2024-12-04 18:13:15,3.34,15.24,3.68
8,2024-12-04 18:13:15,3.69,15.24,3.68
9,2024-12-04 18:13:16,4.05,15.24,3.68
10,2024-12-04 18:13:16,4.38,15.24,3.68
11,2024-12-04 18:13:16,4.72,15.24,3.68
12,2024-12-04 18:13:17,5.06,15.24,3.68
13,2024-12-04 18:13:17,5.40,15.24,3.68
14,2024-12-04 18:13:18,5.75,15.24,3.68
15,2024-12-04 18:13:18,6.10,15.24,3.68
16,2024-12-04 18:13:18,6.45,15.24,3.68
17,2024-12-04 18:13:19,6.79,15.24,3.68
18,2024-12-04 18:13:19,7.14,15.24,3.68
19,2024-12-04 18:13:19,7.49,15.24,3.68
20,2024-12-04 18:13:20,7.85,15.24,3.68
21,2024-12-04 18:13:20,8.21,15.24,3.68
22,2024-12-04 18:13:20,8.56,15.24,3.68
23,2024-12-04 18:13:21,8.91,15.24,3.68
24,2024-12-04 18:13:21,9.25,15.24,3.68
25,2024-12-04 18:13:21,9.61,15.24,3.68
26,2024-12-04 18:13:22,9.96,15.24,3.68
27,2024-12-04 18:13:22,10.29,15.24,3.68
28,2024-12-04 18:13:22,10.64,15.24,3.68
29,2024-12-04 18:13:23,10.99,15.24,3.68
30,2024-12-04 18:13:23,11.34,15.24,3.68
31,2024-12-04 18:13:23,11.68,15.24,3.68
32,2024-12-04 18:13:24,12.02,15.24,3.68
33,2024-12-04 18:13:24,12.36,15.24,3.68
34,2024-12-04 18:13:24,12.72,15.24,3.68
35,2024-12-04 18:13:25,13.07,15.24,3.68
36,2024-12-04 18:13:25,13.41,15.24,3.68
37,2024-12-04 18:13:26,13.77,15.24,3.68
38,2024-12-04 18:13:26,14.12,15.24,3.68
39,2024-12-04 18:13:26,14.48,15.24,3.68
40,2024-12-04 18:13:27,14.83,15.24,3.68
41,2024-12-04 18:13:27,15.18,15.24,3.68
42,2024-12-04 18:13:27,15.53,15.24,3.68
43,2024-12-04 18:13:28,15.88,15.24,3.68
44,2024-12-04 18:13:28,16.24,15.24,3.68
45,2024-12-04 18:13:28,16.60,15.24,3.68
46,2024-12-04 18:13:29,16.96,15.24,3.68
47,2024-12-04 18:13:29,17.31,15.24,3.68
48,2024-12-04 18:13:29,17.65,15.24,3.68
49,2024-12-04 18:13:30,18.01,15.24,3.68
50,2024-12-04 18:13:30,18.37,15.24,3.68
51,2024-12-04 18:13:31,18.73,15.24,3.68
52,2024-12-04 18:13:31,19.09,15.24,3.68
53,2024-12-04 18:13:31,19.43,15.24,3.68
54,2024-12-04 18:13:32,19.77,15.24,3.68
55,2024-12-04 18:13:32,20.13,15.24,3.68
56,2024-12-04 18:13:32,20.49,15.24,3.68
57,2024-12-04 18:13:33,20.84,15.24,3.68
58,2024-12-04 18:13:33,21.19,15.24,3.68
59,2024-12-04 18:13:33,21.55,15.24,3.68
60,2024-12-04 18:13:34,21.90,15.24,3.68
61,2024-12-04 18:13:34,22.26,15.24,3.68
62,2024-12-04 18:13:34,22.62,15.24,3.68
63,2024-12-04 18:13:35,22.97,15.24,3.68
64,2024-12-04 18:13:35,23.34,15.24,3.68
65,2024-12-04 18:13:35,23.70,15.24,3.68
66,2024-12-04 18:13:36,24.06,15.24,3.68
67,2024-12-04 18:13:36,24.42,15.24,3.68
68,2024-12-04 18:13:37,24.77,15.24,3.68
69,2024-12-04 18:13:37,25.13,15.24,3.68
70,2024-12-04 18:13:37,25.49,15.24,3.68
71,2024-12-04 18:13:38,25.85,15.24,3.68
72,2024-12-04 18:13:38,26.20,15.24,3.68
73,2024-12-04 18:13:38,26.57,15.24,3.68
74,2024-12-04 18:13:39,26.92,15.24,3.68
75,2024-12-04 18:13:39,27.25,15.24,3.68
76,2024-12-04 18:13:39,27.60,15.24,3.68
77,2024-12-04 18:13:40,27.96,15.24,3.68
78,2024-12-04 18:13:40,28.31,15.24,3.68
79,2024-12-04 18:13:40,28.65,15.24,3.68
80,2024-12-04 18:13:41,29.00,15.24,3.68
81,2024-12-04 18:13:41,29.36,15.24,3.68
82,2024-12-04 18:13:41,29.71,15.24,3.68
83,2024-12-04 18:13:42,30.08,15.24,3.68
84,2024-12-04 18:13:42,30.42,15.24,3.68
85,2024-12-04 18:13:43,30.78,15.24,3.68
86,2024-12-04 18:13:43,31.12,15.24,3.68
87,2024-12-04 18:13:43,31.48,15.24,3.68
88,2024-12-04 18:13:44,31.84,15.24,3.68
89,2024-12-04 18:13:44,32.19,15.24,3.68
90,2024-12-04 18:13:44,32.54,15.24,3.68
91,2024-12-04 18:13:45,32.88,15.24,3.68
92,2024-12-04 18:13:45,33.22,15.24,3.68
93,2024-12-04 18:13:45,33.58,15.24,3.68
94,2024-12-04 18:13:46,33.93,15.24,3.68
95,2024-12-04 18:13:46,34.27,15.24,3.68
96,2024-12-04 18:13:46,34.61,15.24,3.68
97,2024-12-04 18:13:47,34.97,15.24,3.68
98,2024-12-04 18:13:47,35.33,15.24,3.68
99,2024-12-04 18:13:47,35.68,15.24,3.68
100,2024-12-04 18:13:48,36.03,15.24,3.68
101,2024-12-04 18:13:48,36.38,15.24,3.68
102,2024-12-04 18:13:49,36.73,15.24,3.68
103,2024-12-04 18:13:49,37.09,15.24,3.68
104,2024-12-04 18:13:49,37.46,15.24,3.68
105,2024-12-04 18:13:50,37.81,15.24,3.68
106,2024-12-04 18:13:50,38.16,15.24,3.68
107,2024-12-04 18:13:50,38.53,15.24,3.68
108,2024-12-04 18:13:51,38.89,15.24,3.68
109,2024-12-04 18:13:51,39.26,15.24,3.68
110,2024-12-04 18:13:51,39.62,15.24,3.68
111,2024-12-04 18:13:52,39.98,15.24,3.68
112,2024-12-04 18:13:52,40.34,15.24,3.68
113,2024-12-04 18:13:52,40.69,15.24,3.68
114,2024-12-04 18:13:53,41.04,15.24,3.68
115,2024-12-04 18:13:53,41.40,15.24,3.68
116,2024-12-04 18:13:54,41.74,15.24,3.68
117,2024-12-04 18:13:54,42.09,15.24,3.68
118,2024-12-04 18:13:54,42.46,15.24,3.68
119,2024-12-04 18:13:55,42.82,15.24,3.68
120,2024-12-04 18:13:55,43.19,15.24,3.68
121,2024-12-04 18:13:55,43.54,15.24,3.68
122,2024-12-04 18:13:56,43.90,15.24,3.68
123,2024-12-04 18:13:56,44.26,15.24,3.68
124,2024-12-04 18:13:56,44.62,15.24,3.68
125,2024-12-04 18:13:57,44.96,15.24,3.68
126,2024-12-04 18:13:57,45.30,15.24,3.68
127,2024-12-04 18:13:57,45.64,15.24,3.68
128,2024-12-04 18:13:58,45.98,15.24,3.68
129,2024-12-04 18:13:58,46.33,15.24,3.68
130,2024-12-04 18:13:58,46.68,15.24,3.68
131,2024-12-04 18:13:59,47.03,15.24,3.68
132,2024-12-04 18:13:59,47.39,15.24,3.68
133,2024-12-04 18:14:00,47.75,15.24,3.68
134,2024-12-04 18:14:00,48.10,15.24,3.68
135,2024-12-04 18:14:00,48.44,15.24,3.68
136,2024-12-04 18:14:01,48.78,15.24,3.68
137,2024-12-04 18:14:01,49.13,15.24,3.68
138,2024-12-04 18:14:01,49.48,15.24,3.68
139,2024-12-04 18:14:02,49.84,15.24,3.68
140,2024-12-04 18:14:02,50.19,15.24,3.68
141,2024-12-04 18:14:02,50.55,15.24,3.68
142,2024-12-04 18:14:03,50.92,15.24,3.68
143,2024-12-04 18:14:03,51.28,15.24,3.68
144,2024-12-04 18:14:03,51.65,15.24,3.68
145,2024-12-04 18:14:04,52.00,15.24,3.68
146,2024-12-04 18:14:04,52.34,15.24,3.68
147,2024-12-04 18:14:04,52.69,15.24,3.68
148,2024-12-04 18:14:05,53.05,15.24,3.68
149,2024-12-04 18:14:05,53.40,15.24,3.68
150,2024-12-04 18:14:06,53.75,15.24,3.68
151,2024-12-04 18:14:06,54.11,15.24,3.68
152,2024-12-04 18:14:06,54.47,15.24,3.68
153,2024-12-04 18:14:07,54.83,15.24,3.68
154,2024-12-04 18:14:07,55.20,15.24,3.68
155,2024-12-04 18:14:07,55.56,15.24,3.68
156,2024-12-04 18:14:08,55.91,15.24,3.68
157,2024-12-04 18:14:08,56.26,15.24,3.68
158,2024-12-04 18:14:08,56.61,15.24,3.68
159,2024-12-04 18:14:09,56.96,15.24,3.68
160,2024-12-04 18:14:09,57.32,15.24,3.68
161,2024-12-04 18:14:09,57.67,15.24,3.68
162,2024-12-04 18:14:10,58.03,15.24,3.68
163,2024-12-04 18:14:10,58.38,15.24,3.68
164,2024-12-04 18:14:11,58.74,15.24,3.68
165,2024-12-04 18:14:11,59.10,15.24,3.68
166,2024-12-04 18:14:11,59.47,15.24,3.68
167,2024-12-04 18:14:12,59.82,15.24,3.68
168,2024-12-04 18:14:12,60.15,15.24,3.68
169,2024-12-04 18:14:12,60.51,15.24,3.68
170,2024-12-04 18:14:13,60.86,15.24,3.68
171,2024-12-04 18:14:13,61.20,15.24,3.68
172,2024-12-04 18:14:13,61.55,15.24,3.68
173,2024-12-04 18:14:14,61.91,15.24,3.68
174,2024-12-04 18:14:14,62.26,15.24,3.68
175,2024-12-04 18:14:14,62.62,15.24,3.68
176,2024-12-04 18:14:15,62.97,15.24,3.68
177,2024-12-04 18:14:15,63.31,15.24,3.68
178,2024-12-04 18:14:15,63.65,15.24,3.68
179,2024-12-04 18:14:16,64.01,15.24,3.68
180,2024-12-04 18:14:16,64.37,15.24,3.68
181,2024-12-04 18:14:16,64.72,15.24,3.68
182,2024-12-04 18:14:17,65.08,15.24,3.68
183,2024-12-04 18:14:17,65.41,15.24,3.68
184,2024-12-04 18:14:18,65.76,15.24,3.68
185,2024-12-04 18:14:18,66.08,15.24,3.68
186,2024-12-04 18:14:18,66.43,15.24,3.68
187,2024-12-04 18:14:19,66.76,15.24,3.68
188,2024-12-04 18:14:19,67.09,15.24,3.68
189,2024-12-04 18:14:19,67.44,15.24,3.68
190,2024-12-04 18:14:20,67.80,15.24,3.68
191,2024-12-04 18:14:20,68.16,15.24,3.68
192,2024-12-04 18:14:20,68.52,15.24,3.68
193,2024-12-04 18:14:21,68.87,15.24,3.68
194,2024-12-04 18:14:21,69.23,15.24,3.68
195,2024-12-04 18:14:21,69.60,15.24,3.68
196,2024-12-04 18:14:22,69.96,15.24,3.68
197,2024-12-04 18:14:22,70.30,15.24,3.68
198,2024-12-04 18:14:22,70.65,15.24,3.68
199,2024-12-04 18:14:23,70.99,15.24,3.68
200,2024-12-04 18:14:23,71.32,15.24,3.68
201,2024-12-04 18:14:23,71.67,15.24,3.68
202,2024-12-04 18:14:24,72.00,15.24,3.68
203,2024-12-04 18:14:24,72.36,15.24,3.68
204,2024-12-04 18:14:24,72.70,15.24,3.68
205,2024-12-04 18:14:25,73.07,15.24,3.68
206,2024-12-04 18:14:25,73.42,15.24,3.68
207,2024-12-04 18:14:26,73.78,15.24,3.68
208,2024-12-04 18:14:26,74.13,15.24,3.68
209,2024-12-04 18:14:26,74.47,15.24,3.68
210,2024-12-04 18:14:27,74.82,15.24,3.68
211,2024-12-04 18:14:27,75.17,15.24,3.68
212,2024-12-04 18:14:27,75.53,15.24,3.68
213,2024-12-04 18:14:28,75.89,15.24,3.68
214,2024-12-04 18:14:28,76.23,15.24,3.68
215,2024-12-04 18:14:28,76.59,15.24,3.68
216,2024-12-04 18:14:29,76.94,15.24,3.68
217,2024-12-04 18:14:29,77.29,15.24,3.68
218,2024-12-04 18:14:29,77.63,15.24,3.68
219,2024-12-04 18:14:30,77.99,15.24,3.68
220,2024-12-04 18:14:30,78.35,15.24,3.68
221,2024-12-04 18:14:30,78.70,15.24,3.68
222,2024-12-04 18:14:31,79.04,15.24,3.68
223,2024-12-04 18:14:31,79.38,15.24,3.68
224,2024-12-04 18:14:31,79.72,15.24,3.68
225,2024-12-04 18:14:32,80.08,15.24,3.68
226,2024-12-04 18:14:32,80.43,15.24,3.68
227,2024-12-04 18:14:33,80.77,15.24,3.68
228,2024-12-04 18:14:33,81.10,15.24,3.68
229,2024-12-04 18:14:33,81.42,15.24,3.68
230,2024-12-04 18:14:34,81.78,15.24,3.68
231,2024-12-04 18:14:34,82.14,15.24,3.68
232,2024-12-04 18:14:34,82.48,15.24,3.68
233,2024-12-04 18:14:35,82.84,15.24,3.68
234,2024-12-04 18:14:35,83.20,15.24,3.68
235,2024-12-04 18:14:35,83.56,15.24,3.68
236,2024-12-04 18:14:36,83.91,15.24,3.68
237,2024-12-04 18:14:36,84.27,15.24,3.68
238,2024-12-04 18:14:36,84.62,15.24,3.68
239,2024-12-04 18:14:37,84.98,15.24,3.68
240,2024-12-04 18:14:37,85.33,15.24,3.68
241,2024-12-04 18:14:37,85.67,15.24,3.68
242,2024-12-04 18:14:38,86.01,15.24,3.68
243,2024-12-04 18:14:38,86.35,15.24,3.68
244,2024-12-04 18:14:38,86.71,15.24,3.68
245,2024-12-04 18:14:39,87.07,15.24,3.68
246,2024-12-04 18:14:39,87.43,15.24,3.68
247,2024-12-04 18:14:40,87.79,15.24,3.68
248,2024-12-04 18:14:40,88.13,15.24,3.68
249,2024-12-04 18:14:40,88.48,15.24,3.68
250,2024-12-04 18:14:41,88.81,15.24,3.68
251,2024-12-04 18:14:41,89.13,15.24,3.68
252,2024-12-04 18:14:41,89.47,15.24,3.68
253,2024-12-04 18:14:42,89.82,15.24,3.68
254,2024-12-04 18:14:42,90.15,15.24,3.68
255,2024-12-04 18:14:42,90.50,15.24,3.68
256,2024-12-04 18:14:43,90.84,15.24,3.68
257,2024-12-04 18:14:43,91.20,15.24,3.68
258,2024-12-04 18:14:43,91.55,15.24,3.68
259,2024-12-04 18:14:44,91.90,15.24,3.68
260,2024-12-04 18:14:44,92.23,15.24,3.68
261,2024-12-04 18:14:44,92.58,15.24,3.68
262,2024-12-04 18:14:45,92.93,15.24,3.68
263,2024-12-04 18:14:45,93.29,15.24,3.68
264,2024-12-04 18:14:45,93.65,15.24,3.68
265,2024-12-04 18:14:46,94.00,15.24,3.68
266,2024-12-04 18:14:46,94.34,15.24,3.68
267,2024-12-04 18:14:46,94.70,15.24,3.68
268,2024-12-04 18:14:47,95.07,15.24,3.68
269,2024-12-04 18:14:47,95.42,15.24,3.68
270,2024-12-04 18:14:48,95.77,15.24,3.68
271,2024-12-04 18:14:48,96.11,15.24,3.68
272,2024-12-04 18:14:48,96.45,15.24,3.68
273,2024-12-04 18:14:49,96.80,15.24,3.68
274,2024-12-04 18:14:49,97.16,15.24,3.68
275,2024-12-04 18:14:49,97.52,15.24,3.68
276,2024-12-04 18:14:50,97.88,15.24,3.68
277,2024-12-04 18:14:50,98.23,15.24,3.68
278,2024-12-04 18:14:50,98.57,15.24,3.68
279,2024-12-04 18:14:51,98.94,15.24,3.68
280,2024-12-04 18:14:51,99.29,15.24,3.68
281,2024-12-04 18:14:51,99.65,15.24,3.68
282,2024-12-04 18:14:52,100.01,15.24,3.68
283,2024-12-04 18:14:52,100.35,15.24,3.68
284,2024-12-04 18:14:52,100.71,15.24,3.68
285,2024-12-04 18:14:53,101.06,15.24,3.68
286,2024-12-04 18:14:53,101.42,15.24,3.68
287,2024-12-04 18:14:54,101.78,15.24,3.68
288,2024-12-04 18:14:54,102.14,15.24,3.68
289,2024-12-04 18:14:54,102.50,15.24,3.68
290,2024-12-04 18:14:55,102.85,15.24,3.68
291,2024-12-04 18:14:55,103.19,15.24,3.68
292,2024-12-04 18:14:55,103.54,15.24,3.68
293,2024-12-04 18:14:56,103.90,15.24,3.68
294,2024-12-04 18:14:56,104.25,15.24,3.68
295,2024-12-04 18:14:56,104.60,15.24,3.68
296,2024-12-04 18:14:57,104.95,15.24,3.68
297,2024-12-04 18:14:57,105.31,15.24,3.68
298,2024-12-04 18:14:57,105.64,15.24,3.68
299,2024-12-04 18:14:58,106.00,15.24,3.68
300,2024-12-04 18:14:58,106.36,15.24,3.68
301,2024-12-04 18:14:58,106.70,15.24,3.68
302,2024-12-04 18:14:59,107.07,15.24,3.68
303,2024-12-04 18:14:59,107.42,15.24,3.68
304,2024-12-04 18:15:00,107.77,15.24,3.68
305,2024-12-04 18:15:00,108.11,15.24,3.68
306,2024-12-04 18:15:00,108.46,15.24,3.68
307,2024-12-04 18:15:01,108.83,15.24,3.68
308,2024-12-04 18:15:01,109.17,15.24,3.68
309,2024-12-04 18:15:01,109.51,15.24,3.68
310,2024-12-04 18:15:02,109.85,15.24,3.68
311,2024-12-04 18:15:02,110.22,15.24,3.68
312,2024-12-04 18:15:02,110.57,15.24,3.68
313,2024-12-04 18:15:03,110.93,15.24,3.68
314,2024-12-04 18:15:03,111.29,15.24,3.68
315,2024-12-04 18:15:03,111.65,15.24,3.68
316,2024-12-04 18:15:04,112.00,15.24,3.68
317,2024-12-04 18:15:04,112.34,15.24,3.68
318,2024-12-04 18:15:04,112.69,15.24,3.68
319,2024-12-04 18:15:05,113.05,15.24,3.68
320,2024-12-04 18:15:05,113.39,15.24,3.68
321,2024-12-04 18:15:05,113.71,15.24,3.68
322,2024-12-04 18:15:06,114.05,15.24,3.68
323,2024-12-04 18:15:06,114.40,15.24,3.68
324,2024-12-04 18:15:07,114.75,15.24,3.68
325,2024-12-04 18:15:07,115.09,15.24,3.68
326,2024-12-04 18:15:07,115.44,15.24,3.68
327,2024-12-04 18:15:08,115.79,15.24,3.68
328,2024-12-04 18:15:08,116.14,15.24,3.68
329,2024-12-04 18:15:08,116.49,15.24,3.68
330,2024-12-04 18:15:09,116.85,15.24,3.68
331,2024-12-04 18:15:09,117.21,15.24,3.68
332,2024-12-04 18:15:09,117.57,15.24,3.68
333,2024-12-04 18:15:10,117.91,15.24,3.68
334,2024-12-04 18:15:10,118.25,15.24,3.68
335,2024-12-04 18:15:10,118.60,15.24,3.68
336,2024-12-04 18:15:11,118.93,15.24,3.68
337,2024-12-04 18:15:11,119.27,15.24,3.68
338,2024-12-04 18:15:11,119.61,15.24,3.68
339,2024-12-04 18:15:12,119.95,15.24,3.68
340,2024-12-04 18:15:12,120.31,15.24,3.68
341,2024-12-04 18:15:12,120.66,15.24,3.68
342,2024-12-04 18:15:13,121.02,15.24,3.68
343,2024-12-04 18:15:13,121.37,15.24,3.68
344,2024-12-04 18:15:13,121.72,15.24,3.68
345,2024-12-04 18:15:14,122.09,15.24,3.68
346,2024-12-04 18:15:14,122.44,15.24,3.68
347,2024-12-04 18:15:15,122.79,15.24,3.68
348,2024-12-04 18:15:15,123.15,15.24,3.68
349,2024-12-04 18:15:15,123.51,15.24,3.68
350,2024-12-04 18:15:16,123.86,15.24,3.68
351,2024-12-04 18:15:16,124.21,15.24,3.68
352,2024-12-04 18:15:16,124.57,15.24,3.68
353,2024-12-04 18:15:17,124.92,15.24,3.68
354,2024-12-04 18:15:17,125.28,15.24,3.68
355,2024-12-04 18:15:17,125.64,15.24,3.68
356,2024-12-04 18:15:18,125.99,15.24,3.68
357,2024-12-04 18:15:18,126.35,15.24,3.68
358,2024-12-04 18:15:18,126.70,15.24,3.68
359,2024-12-04 18:15:19,127.06,15.24,3.68
360,2024-12-04 18:15:19,127.42,15.24,3.68
361,2024-12-04 18:15:20,127.76,15.24,3.68
362,2024-12-04 18:15:20,128.10,15.24,3.68
363,2024-12-04 18:15:20,128.42,15.24,3.68
364,2024-12-04 18:15:21,128.78,15.24,3.68
365,2024-12-04 18:15:21,129.13,15.24,3.68
366,2024-12-04 18:15:21,129.49,15.24,3.68
367,2024-12-04 18:15:22,129.85,15.24,3.68
368,2024-12-04 18:15:22,130.20,15.24,3.68
369,2024-12-04 18:15:22,130.55,15.24,3.68
370,2024-12-04 18:15:23,130.88,15.24,3.68
371,2024-12-04 18:15:23,131.25,15.24,3.68
372,2024-12-04 18:15:23,131.59,15.24,3.68
373,2024-12-04 18:15:24,131.95,15.24,3.68
374,2024-12-04 18:15:24,132.30,15.24,3.68
375,2024-12-04 18:15:24,132.66,15.24,3.68
376,2024-12-04 18:15:25,133.01,15.24,3.68
377,2024-12-04 18:15:25,133.37,15.24,3.68
378,2024-12-04 18:15:26,133.73,15.24,3.68
379,2024-12-04 18:15:26,134.09,15.24,3.68
380,2024-12-04 18:15:26,134.45,15.24,3.68
381,2024-12-04 18:15:27,134.79,15.24,3.68
382,2024-12-04 18:15:27,135.15,15.24,3.68
383,2024-12-04 18:15:27,135.52,15.24,3.68
384,2024-12-04 18:15:28,135.88,15.24,3.68
385,2024-12-04 18:15:28,136.24,15.24,3.68
386,2024-12-04 18:15:28,136.60,15.24,3.68
387,2024-12-04 18:15:29,136.93,15.24,3.68
388,2024-12-04 18:15:29,137.28,15.24,3.68
389,2024-12-04 18:15:29,137.62,15.24,3.68
390,2024-12-04 18:15:30,137.97,15.24,3.68
391,2024-12-04 18:15:30,138.33,15.24,3.68
392,2024-12-04 18:15:30,138.69,15.24,3.68
393,2024-12-04 18:15:31,139.05,15.24,3.68
394,2024-12-04 18:15:31,139.37,15.24,3.68
395,2024-12-04 18:15:31,139.68,15.24,3.68
396,2024-12-04 18:15:32,140.02,15.24,3.68
397,2024-12-04 18:15:32,140.38,15.24,3.68
398,2024-12-04 18:15:33,140.75,15.24,3.68
399,2024-12-04 18:15:33,141.11,15.24,3.68
400,2024-12-04 18:15:33,141.46,15.24,3.68
401,2024-12-04 18:15:34,141.81,15.24,3.68
402,2024-12-04 18:15:34,142.14,15.24,3.68
403,2024-12-04 18:15:34,142.48,15.24,3.68
404,2024-12-04 18:15:35,142.83,15.24,3.68
405,2024-12-04 18:15:35,143.19,15.24,3.68
406,2024-12-04 18:15:35,143.54,15.24,3.68
407,2024-12-04 18:15:36,143.89,15.24,3.68
408,2024-12-04 18:15:36,144.23,15.24,3.68
409,2024-12-04 18:15:36,144.58,15.24,3.68
410,2024-12-04 18:15:37,144.93,15.24,3.68
411,2024-12-04 18:15:37,145.26,15.24,3.68
412,2024-12-04 18:15:37,145.59,15.24,3.68
413,2024-12-04 18:15:38,145.94,15.24,3.68
414,2024-12-04 18:15:38,146.29,15.24,3.68
415,2024-12-04 18:15:38,146.65,15.24,3.68
416,2024-12-04 18:15:39,146.99,15.24,3.68
417,2024-12-04 18:15:39,147.32,15.24,3.68
418,2024-12-04 18:15:39,147.67,15.24,3.68
419,2024-12-04 18:15:40,148.03,15.24,3.68
420,2024-12-04 18:15:40,148.39,15.24,3.68
421,2024-12-04 18:15:41,148.75,15.24,3.68
422,2024-12-04 18:15:41,149.10,15.24,3.68
423,2024-12-04 18:15:41,149.44,15.24,3.68
424,2024-12-04 18:15:42,149.79,15.24,3.68
425,2024-12-04 18:15:42,150.14,15.24,3.68
426,2024-12-04 18:15:42,150.50,15.24,3.68
427,2024-12-04 18:15:43,150.84,15.24,3.68
428,2024-12-04 18:15:43,151.19,15.24,3.68
429,2024-12-04 18:15:43,151.53,15.24,3.68
430,2024-12-04 18:15:44,151.86,15.24,3.68
431,2024-12-04 18:15:44,152.22,15.24,3.68
432,2024-12-04 18:15:44,152.58,15.24,3.68
433,2024-12-04 18:15:45,152.93,15.24,3.68
434,2024-12-04 18:15:45,153.26,15.24,3.68
435,2024-12-04 18:15:45,153.59,15.24,3.68
436,2024-12-04 18:15:46,153.93,15.24,3.68
437,2024-12-04 18:15:46,154.29,15.24,3.68
438,2024-12-04 18:15:46,154.62,15.24,3.68
439,2024-12-04 18:15:47,154.97,15.24,3.68
440,2024-12-04 18:15:47,155.34,15.24,3.68
441,2024-12-04 18:15:47,155.70,15.24,3.68
442,2024-12-04 18:15:48,156.03,15.24,3.68
443,2024-12-04 18:15:48,156.38,15.24,3.68
444,2024-12-04 18:15:49,156.73,15.24,3.68
445,2024-12-04 18:15:49,157.07,15.24,3.68
446,2024-12-04 18:15:49,157.43,15.24,3.68
447,2024-12-04 18:15:50,157.79,15.24,3.68
448,2024-12-04 18:15:50,158.14,15.24,3.68
449,2024-12-04 18:15:50,158.49,15.24,3.68
450,2024-12-04 18:15:51,158.84,15.24,3.68
451,2024-12-04 18:15:51,159.18,15.24,3.68
452,2024-12-04 18:15:51,159.54,15.24,3.68
453,2024-12-04 18:15:52,159.89,15.24,3.68
454,2024-12-04 18:15:52,160.21,15.24,3.68
455,2024-12-04 18:15:52,160.56,15.24,3.68
456,2024-12-04 18:15:53,160.93,15.24,3.68
457,2024-12-04 18:15:53,161.29,15.24,3.68
458,2024-12-04 18:15:53,161.65,15.24,3.68
459,2024-12-04 18:15:54,161.99,15.24,3.68
460,2024-12-04 18:15:54,162.33,15.24,3.68
461,2024-12-04 18:15:54,162.69,15.24,3.68
462,2024-12-04 18:15:55,163.02,15.24,3.68
463,2024-12-04 18:15:55,163.37,15.24,3.68
464,2024-12-04 18:15:55,163.72,15.24,3.68
465,2024-12-04 18:15:56,164.06,15.24,3.68
466,2024-12-04 18:15:56,164.42,15.24,3.68
467,2024-12-04 18:15:57,164.78,15.24,3.68
468,2024-12-04 18:15:57,165.12,15.24,3.68
469,2024-12-04 18:15:57,165.48,15.24,3.68
470,2024-12-04 18:15:58,165.81,15.24,3.68
471,2024-12-04 18:15:58,166.17,15.24,3.68
472,2024-12-04 18:15:58,166.52,15.24,3.68
473,2024-12-04 18:15:59,166.88,15.24,3.68
474,2024-12-04 18:15:59,167.23,15.24,3.68
475,2024-12-04 18:15:59,167.59,15.24,3.68
476,2024-12-04 18:16:00,167.95,15.24,3.68
477,2024-12-04 18:16:00,168.31,15.24,3.68
478,2024-12-04 18:16:00,168.65,15.24,3.68
479,2024-12-04 18:16:01,169.01,15.24,3.68
480,2024-12-04 18:16:01,169.34,15.24,3.68
481,2024-12-04 18:16:01,169.70,15.24,3.68
482,2024-12-04 18:16:02,170.06,15.24,3.68
483,2024-12-04 18:16:02,170.42,15.24,3.68
484,2024-12-04 18:16:03,170.78,15.24,3.68
485,2024-12-04 18:16:03,171.15,15.24,3.68
486,2024-12-04 18:16:03,171.49,15.24,3.68
487,2024-12-04 18:16:04,171.84,15.24,3.68
488,2024-12-04 18:16:04,172.18,15.24,3.68
489,2024-12-04 18:16:04,172.52,15.24,3.68
490,2024-12-04 18:16:05,172.87,15.24,3.68
491,2024-12-04 18:16:05,173.20,15.24,3.68
492,2024-12-04 18:16:05,173.56,15.24,3.68
493,2024-12-04 18:16:06,173.91,15.24,3.68
494,2024-12-04 18:16:06,174.24,15.24,3.68
495,2024-12-04 18:16:06,174.59,15.24,3.68
496,2024-12-04 18:16:07,174.94,15.24,3.68
497,2024-12-04 18:16:07,175.31,15.24,3.68
498,2024-12-04 18:16:07,175.66,15.24,3.68
499,2024-12-04 18:16:08,176.01,15.24,3.68
500,2024-12-04 18:16:08,176.37,15.24,3.68
501,2024-12-04 18:16:09,176.73,15.24,3.68
502,2024-12-04 18:16:09,177.06,15.24,3.68
503,2024-12-04 18:16:09,177.42,15.24,3.68
504,2024-12-04 18:16:10,177.77,15.24,3.68
505,2024-12-04 18:16:10,178.12,15.24,3.68
506,2024-12-04 18:16:10,178.47,15.24,3.68
507,2024-12-04 18:16:11,178.83,15.24,3.68
508,2024-12-04 18:16:11,179.18,15.24,3.68
509,2024-12-04 18:16:11,179.54,15.24,3.68
510,2024-12-04 18:16:12,179.88,15.24,3.68
511,2024-12-04 18:16:12,180.23,15.24,3.68
512,2024-12-04 18:16:12,180.59,15.24,3.68
513,2024-12-04 18:16:13,180.94,15.24,3.68
514,2024-12-04 18:16:13,181.29,15.24,3.68
515,2024-12-04 18:16:13,181.64,15.24,3.68
516,2024-12-04 18:16:14,182.00,15.24,3.68
517,2024-12-04 18:16:14,182.34,15.24,3.68
518,2024-12-04 18:16:14,182.70,15.24,3.68
519,2024-12-04 18:16:15,183.05,15.24,3.68
520,2024-12-04 18:16:15,183.38,15.24,3.68
521,2024-12-04 18:16:16,183.73,15.24,3.68
522,2024-12-04 18:16:16,184.07,15.24,3.68
523,2024-12-04 18:16:16,184.43,15.24,3.68
524,2024-12-04 18:16:17,184.78,15.24,3.68
525,2024-12-04 18:16:17,185.12,15.24,3.68
526,2024-12-04 18:16:17,185.46,15.24,3.68
527,2024-12-04 18:16:18,185.80,15.24,3.68
528,2024-12-04 18:16:18,186.15,15.24,3.68
529,2024-12-04 18:16:18,186.50,15.24,3.68
530,2024-12-04 18:16:19,186.85,15.24,3.68
531,2024-12-04 18:16:19,187.20,15.24,3.68
532,2024-12-04 18:16:19,187.55,15.24,3.68
533,2024-12-04 18:16:20,187.90,15.24,3.68
534,2024-12-04 18:16:20,188.25,15.24,3.68
535,2024-12-04 18:16:20,188.60,15.24,3.68
536,2024-12-04 18:16:21,188.95,15.24,3.68
537,2024-12-04 18:16:21,189.31,15.24,3.68
538,2024-12-04 18:16:21,189.66,15.24,3.68
539,2024-12-04 18:16:22,190.02,15.24,3.68
540,2024-12-04 18:16:22,190.37,15.24,3.68
541,2024-12-04 18:16:23,190.73,15.24,3.68
542,2024-12-04 18:16:23,191.09,15.24,3.68
543,2024-12-04 18:16:23,191.45,15.24,3.68
544,2024-12-04 18:16:24,191.81,15.24,3.68
545,2024-12-04 18:16:24,192.16,15.24,3.68
546,2024-12-04 18:16:24,192.50,15.24,3.68
547,2024-12-04 18:16:25,192.85,15.24,3.68
548,2024-12-04 18:16:25,193.21,15.24,3.68
549,2024-12-04 18:16:25,193.56,15.24,3.68
550,2024-12-04 18:16:26,193.92,15.24,3.68
551,2024-12-04 18:16:26,194.27,15.24,3.68
552,2024-12-04 18:16:26,194.60,15.24,3.68
553,2024-12-04 18:16:27,194.94,15.24,3.68
554,2024-12-04 18:16:27,195.29,15.24,3.68
555,2024-12-04 18:16:27,195.66,15.24,3.68
556,2024-12-04 18:16:28,196.01,15.24,3.68
557,2024-12-04 18:16:28,196.37,15.24,3.68
558,2024-12-04 18:16:28,196.73,15.24,3.68
559,2024-12-04 18:16:29,197.06,15.24,3.68
560,2024-12-04 18:16:29,197.40,15.24,3.68
561,2024-12-04 18:16:30,197.75,15.24,3.68
562,2024-12-04 18:16:30,198.11,15.24,3.68
563,2024-12-04 18:16:30,198.47,15.24,3.68
564,2024-12-04 18:16:31,198.82,15.24,3.68
565,2024-12-04 18:16:31,199.15,15.24,3.68
566,2024-12-04 18:16:31,199.49,15.24,3.68
567,2024-12-04 18:16:32,199.84,15.24,3.68
568,2024-12-04 18:16:32,200.18,15.24,3.68
569,2024-12-04 18:16:32,200.52,15.24,3.68
570,2024-12-04 18:16:33,200.87,15.24,3.68
571,2024-12-04 18:16:33,201.22,15.24,3.68
572,2024-12-04 18:16:33,201.59,15.24,3.68
573,2024-12-04 18:16:34,201.95,15.24,3.68
574,2024-12-04 18:16:34,202.31,15.24,3.68
575,2024-12-04 18:16:34,202.67,15.24,3.68
576,2024-12-04 18:16:35,203.03,15.24,3.68
577,2024-12-04 18:16:35,203.39,15.24,3.68
578,2024-12-04 18:16:36,203.75,15.24,3.68
579,2024-12-04 18:16:36,204.10,15.24,3.68
580,2024-12-04 18:16:36,204.44,15.24,3.68
581,2024-12-04 18:16:37,204.78,15.24,3.68
582,2024-12-04 18:16:37,205.13,15.24,3.68
583,2024-12-04 18:16:37,205.49,15.24,3.68
584,2024-12-04 18:16:38,205.83,15.24,3.68
585,2024-12-04 18:16:38,206.18,15.24,3.68
586,2024-12-04 18:16:38,206.54,15.24,3.68
587,2024-12-04 18:16:39,206.89,15.24,3.68
588,2024-12-04 18:16:39,207.24,15.24,3.68
589,2024-12-04 18:16:39,207.59,15.24,3.68
590,2024-12-04 18:16:40,207.94,15.24,3.68
591,2024-12-04 18:16:40,208.30,15.24,3.68
592,2024-12-04 18:16:40,208.64,15.24,3.68
593,2024-12-04 18:16:41,209.00,15.24,3.68
594,2024-12-04 18:16:41,209.34,15.24,3.68
595,2024-12-04 18:16:41,209.70,15.24,3.68
596,2024-12-04 18:16:42,210.07,15.24,3.68
597,2024-12-04 18:16:42,210.40,15.24,3.68
598,2024-12-04 18:16:43,210.73,15.24,3.68
599,2024-12-04 18:16:43,211.08,15.24,3.68
600,2024-12-04 18:16:43,211.45,15.24,3.68
601,2024-12-04 18:16:44,211.80,15.24,3.68
602,2024-12-04 18:16:44,212.16,15.24,3.68
603,2024-12-04 18:16:44,212.52,15.24,3.68
604,2024-12-04 18:16:45,212.87,15.24,3.68
605,2024-12-04 18:16:45,213.23,15.24,3.68
606,2024-12-04 18:16:45,213.58,15.24,3.68
607,2024-12-04 18:16:46,213.91,15.24,3.68
608,2024-12-04 18:16:46,214.25,15.24,3.68
609,2024-12-04 18:16:46,214.60,15.24,3.68
610,2024-12-04 18:16:47,214.96,15.24,3.68
611,2024-12-04 18:16:47,215.31,15.24,3.68
612,2024-12-04 18:16:47,215.67,15.24,3.68
613,2024-12-04 18:16:48,216.03,15.24,3.68
614,2024-12-04 18:16:48,216.38,15.24,3.68
615,2024-12-04 18:16:49,216.74,15.24,3.68
616,2024-12-04 18:16:49,217.10,15.24,3.68
617,2024-12-04 18:16:49,217.46,15.24,3.68
618,2024-12-04 18:16:50,217.79,15.24,3.68
619,2024-12-04 18:16:50,218.13,15.24,3.68
620,2024-12-04 18:16:50,218.48,15.24,3.68
621,2024-12-04 18:16:51,218.85,15.24,3.68
622,2024-12-04 18:16:51,219.19,15.24,3.68
623,2024-12-04 18:16:51,219.55,15.24,3.68
624,2024-12-04 18:16:52,219.91,15.24,3.68
625,2024-12-04 18:16:52,220.27,15.24,3.68
626,2024-12-04 18:16:52,220.63,15.24,3.68
627,2024-12-04 18:16:53,220.97,15.24,3.68
628,2024-12-04 18:16:53,221.32,15.24,3.68
629,2024-12-04 18:16:53,221.68,15.24,3.68
630,2024-12-04 18:16:54,222.02,15.24,3.68
631,2024-12-04 18:16:54,222.36,15.24,3.68
632,2024-12-04 18:16:54,222.72,15.24,3.68
633,2024-12-04 18:16:55,223.07,15.24,3.68
634,2024-12-04 18:16:55,223.41,15.24,3.68
635,2024-12-04 18:16:56,223.76,15.24,3.68
636,2024-12-04 18:16:56,224.12,15.24,3.68
637,2024-12-04 18:16:56,224.47,15.24,3.68
638,2024-12-04 18:16:57,224.84,15.24,3.68
639,2024-12-04 18:16:57,225.17,15.24,3.68
640,2024-12-04 18:16:57,225.51,15.24,3.68
641,2024-12-04 18:16:58,225.87,15.24,3.68
642,2024-12-04 18:16:58,226.22,15.24,3.68
643,2024-12-04 18:16:58,226.56,15.24,3.68
644,2024-12-04 18:16:59,226.89,15.24,3.68
645,2024-12-04 18:16:59,227.24,15.24,3.68
646,2024-12-04 18:16:59,227.60,15.24,3.68
647,2024-12-04 18:17:00,227.96,15.24,3.68
648,2024-12-04 18:17:00,228.33,15.24,3.68
649,2024-12-04 18:17:00,228.69,15.24,3.68
650,2024-12-04 18:17:01,229.05,15.24,3.68
651,2024-12-04 18:17:01,229.41,15.24,3.68
652,2024-12-04 18:17:02,229.76,15.24,3.68
653,2024-12-04 18:17:02,230.11,15.24,3.68
654,2024-12-04 18:17:02,230.47,15.24,3.68
655,2024-12-04 18:17:03,230.82,15.24,3.68
656,2024-12-04 18:17:03,231.18,15.24,3.68
657,2024-12-04 18:17:03,231.53,15.24,3.68
658,2024-12-04 18:17:04,231.89,15.24,3.68
659,2024-12-04 18:17:04,232.25,15.24,3.68
660,2024-12-04 18:17:04,232.59,15.24,3.68
661,2024-12-04 18:17:05,232.95,15.24,3.68
662,2024-12-04 18:17:05,233.31,15.24,3.68
663,2024-12-04 18:17:05,233.67,15.24,3.68
664,2024-12-04 18:17:06,234.03,15.24,3.68
665,2024-12-04 18:17:06,234.38,15.24,3.68
666,2024-12-04 18:17:06,234.73,15.24,3.68
667,2024-12-04 18:17:07,235.08,15.24,3.68
668,2024-12-04 18:17:07,235.45,15.24,3.68
669,2024-12-04 18:17:08,235.81,15.24,3.68
670,2024-12-04 18:17:08,236.17,15.24,3.68
671,2024-12-04 18:17:08,236.53,15.24,3.68
672,2024-12-04 18:17:09,236.86,15.24,3.68
673,2024-12-04 18:17:09,237.20,15.24,3.68
674,2024-12-04 18:17:09,237.55,15.24,3.68
675,2024-12-04 18:17:10,237.90,15.24,3.68
676,2024-12-04 18:17:10,238.25,15.24,3.68
677,2024-12-04 18:17:10,238.62,15.24,3.68
678,2024-12-04 18:17:11,238.97,15.24,3.68
679,2024-12-04 18:17:11,239.32,15.24,3.68
680,2024-12-04 18:17:11,239.67,15.24,3.68
681,2024-12-04 18:17:12,240.03,15.24,3.68
682,2024-12-04 18:17:12,240.38,15.24,3.68
683,2024-12-04 18:17:13,240.73,15.24,3.68
684,2024-12-04 18:17:13,241.08,15.24,3.68
685,2024-12-04 18:17:13,241.42,15.24,3.68
686,2024-12-04 18:17:14,241.74,15.24,3.68
687,2024-12-04 18:17:14,242.07,15.24,3.68
688,2024-12-04 18:17:14,242.41,15.24,3.68
689,2024-12-04 18:17:15,242.77,15.24,3.68
690,2024-12-04 18:17:15,243.13,15.24,3.68
691,2024-12-04 18:17:15,243.49,15.24,3.68
692,2024-12-04 18:17:16,243.85,15.24,3.68
693,2024-12-04 18:17:16,244.19,15.24,3.68
694,2024-12-04 18:17:16,244.54,15.24,3.68
695,2024-12-04 18:17:17,244.90,15.24,3.68
696,2024-12-04 18:17:17,245.25,15.24,3.68
697,2024-12-04 18:17:17,245.62,15.24,3.68
698,2024-12-04 18:17:18,245.95,15.24,3.68
699,2024-12-04 18:17:18,246.29,15.24,3.68
700,2024-12-04 18:17:18,246.65,15.24,3.68
701,2024-12-04 18:17:19,246.99,15.24,3.68
702,2024-12-04 18:17:19,247.35,15.24,3.68
703,2024-12-04 18:17:19,247.71,15.24,3.68
704,2024-12-04 18:17:20,248.07,15.24,3.68
705,2024-12-04 18:17:20,248.41,15.24,3.68
706,2024-12-04 18:17:21,248.76,15.24,3.68
707,2024-12-04 18:17:21,249.11,15.24,3.68
708,2024-12-04 18:17:21,249.45,15.24,3.68
709,2024-12-04 18:17:22,249.81,15.24,3.68
710,2024-12-04 18:17:22,250.17,15.24,3.68
711,2024-12-04 18:17:22,250.52,15.24,3.68
712,2024-12-04 18:17:23,250.88,15.24,3.68
713,2024-12-04 18:17:23,251.24,15.24,3.68
714,2024-12-04 18:17:23,251.60,15.24,3.68
715,2024-12-04 18:17:24,251.96,15.24,3.68
716,2024-12-04 18:17:24,252.32,15.24,3.68
717,2024-12-04 18:17:24,252.67,15.24,3.68
718,2024-12-04 18:17:25,253.02,15.24,3.68
719,2024-12-04 18:17:25,253.37,15.24,3.68
720,2024-12-04 18:17:25,253.72,15.24,3.68
721,2024-12-04 18:17:26,254.08,15.24,3.68
722,2024-12-04 18:17:26,254.43,15.24,3.68
723,2024-12-04 18:17:27,254.77,15.24,3.68
724,2024-12-04 18:17:27,255.11,15.24,3.68
725,2024-12-04 18:17:27,255.46,15.24,3.68
726,2024-12-04 18:17:28,255.81,15.24,3.68
727,2024-12-04 18:17:28,256.13,15.24,3.68
728,2024-12-04 18:17:28,256.48,15.24,3.68
729,2024-12-04 18:17:29,256.84,15.24,3.68
730,2024-12-04 18:17:29,257.18,15.24,3.68
731,2024-12-04 18:17:29,257.52,15.24,3.68
732,2024-12-04 18:17:30,257.86,15.24,3.68
733,2024-12-04 18:17:30,258.21,15.24,3.68
734,2024-12-04 18:17:30,258.55,15.24,3.68
735,2024-12-04 18:17:31,258.91,15.24,3.68
736,2024-12-04 18:17:31,259.27,15.24,3.68
737,2024-12-04 18:17:31,259.63,15.24,3.68
738,2024-12-04 18:17:32,259.98,15.24,3.68
739,2024-12-04 18:17:32,260.33,15.24,3.68
740,2024-12-04 18:17:32,260.69,15.24,3.68
741,2024-12-04 18:17:33,261.04,15.24,3.68
742,2024-12-04 18:17:33,261.39,15.24,3.68
743,2024-12-04 18:17:34,261.76,15.24,3.68
744,2024-12-04 18:17:34,262.11,15.24,3.68
745,2024-12-04 18:17:34,262.45,15.24,3.68
746,2024-12-04 18:17:35,262.78,15.24,3.68
747,2024-12-04 18:17:35,263.13,15.24,3.68
748,2024-12-04 18:17:35,263.49,15.24,3.68
749,2024-12-04 18:17:36,263.85,15.24,3.68
750,2024-12-04 18:17:36,264.20,15.24,3.68
751,2024-12-04 18:17:36,264.55,15.24,3.68
752,2024-12-04 18:17:37,264.91,15.24,3.68
753,2024-12-04 18:17:37,265.27,15.24,3.68
754,2024-12-04 18:17:37,265.62,15.24,3.68
755,2024-12-04 18:17:38,265.97,15.24,3.68
756,2024-12-04 18:17:38,266.34,15.24,3.68
757,2024-12-04 18:17:38,266.69,15.24,3.68
758,2024-12-04 18:17:39,267.04,15.24,3.68
759,2024-12-04 18:17:39,267.39,15.24,3.68
760,2024-12-04 18:17:40,267.73,15.24,3.68
761,2024-12-04 18:17:40,268.07,15.24,3.68
762,2024-12-04 18:17:40,268.40,15.24,3.68
763,2024-12-04 18:17:41,268.76,15.24,3.68
764,2024-12-04 18:17:41,269.11,15.24,3.68
765,2024-12-04 18:17:41,269.46,15.24,3.68
766,2024-12-04 18:17:42,269.79,15.24,3.68
767,2024-12-04 18:17:42,270.14,15.24,3.68
768,2024-12-04 18:17:42,270.48,15.24,3.68
769,2024-12-04 18:17:43,270.84,15.24,3.68
770,2024-12-04 18:17:43,271.17,15.24,3.68
771,2024-12-04 18:17:43,271.52,15.24,3.68
772,2024-12-04 18:17:44,271.87,15.24,3.68
773,2024-12-04 18:17:44,272.21,15.24,3.68
774,2024-12-04 18:17:44,272.55,15.24,3.68
775,2024-12-04 18:17:45,272.92,15.24,3.68
776,2024-12-04 18:17:45,273.28,15.24,3.68
777,2024-12-04 18:17:45,273.61,15.24,3.68
778,2024-12-04 18:17:46,273.95,15.24,3.68
779,2024-12-04 18:17:46,274.28,15.24,3.68
780,2024-12-04 18:17:46,274.63,15.24,3.68
781,2024-12-04 18:17:47,274.97,15.24,3.68
782,2024-12-04 18:17:47,275.30,15.24,3.68
783,2024-12-04 18:17:47,275.65,15.24,3.68
784,2024-12-04 18:17:48,275.99,15.24,3.68
785,2024-12-04 18:17:48,276.35,15.24,3.68
786,2024-12-04 18:17:48,276.70,15.24,3.68
787,2024-12-04 18:17:49,277.06,15.24,3.68
788,2024-12-04 18:17:49,277.41,15.24,3.68
789,2024-12-04 18:17:50,277.74,15.24,3.68
790,2024-12-04 18:17:50,278.08,15.24,3.68
791,2024-12-04 18:17:50,278.42,15.24,3.68
792,2024-12-04 18:17:51,278.78,15.24,3.68
793,2024-12-04 18:17:51,279.13,15.24,3.68
794,2024-12-04 18:17:51,279.48,15.24,3.68
795,2024-12-04 18:17:52,279.84,15.24,3.68
796,2024-12-04 18:17:52,280.20,15.24,3.68
797,2024-12-04 18:17:52,280.55,15.24,3.68
798,2024-12-04 18:17:53,280.91,15.24,3.68
799,2024-12-04 18:17:53,281.26,15.24,3.68
800,2024-12-04 18:17:53,281.60,15.24,3.68
801,2024-12-04 18:17:54,281.95,15.24,3.68
802,2024-12-04 18:17:54,282.29,15.24,3.68
803,2024-12-04 18:17:54,282.63,15.24,3.68
804,2024-12-04 18:17:55,282.98,15.24,3.68
805,2024-12-04 18:17:55,283.33,15.24,3.68
806,2024-12-04 18:17:55,283.69,15.24,3.68
807,2024-12-04 18:17:56,284.04,15.24,3.68
808,2024-12-04 18:17:56,284.39,15.24,3.68
809,2024-12-04 18:17:57,284.73,15.24,3.68
810,2024-12-04 18:17:57,285.07,15.24,3.68
811,2024-12-04 18:17:57,285.42,15.24,3.68
812,2024-12-04 18:17:58,285.76,15.24,3.68
813,2024-12-04 18:17:58,286.12,15.24,3.68
814,2024-12-04 18:17:58,286.47,15.24,3.68
815,2024-12-04 18:17:59,286.82,15.24,3.68
816,2024-12-04 18:17:59,287.18,15.24,3.68
817,2024-12-04 18:17:59,287.52,15.24,3.68
818,2024-12-04 18:18:00,287.85,15.24,3.68
819,2024-12-04 18:18:00,288.21,15.24,3.68
820,2024-12-04 18:18:00,288.55,15.24,3.68
821,2024-12-04 18:18:01,288.91,15.24,3.68
822,2024-12-04 18:18:01,289.26,15.24,3.68
823,2024-12-04 18:18:01,289.61,15.24,3.68
824,2024-12-04 18:18:02,289.95,15.24,3.68
825,2024-12-04 18:18:02,290.29,15.24,3.68
826,2024-12-04 18:18:02,290.62,15.24,3.68
827,2024-12-04 18:18:03,290.98,15.24,3.68
828,2024-12-04 18:18:03,291.33,15.24,3.68
829,2024-12-04 18:18:03,291.68,15.24,3.68
830,2024-12-04 18:18:04,292.04,15.24,3.68
831,2024-12-04 18:18:04,292.41,15.24,3.68
832,2024-12-04 18:18:05,292.75,15.24,3.68
833,2024-12-04 18:18:05,293.10,15.24,3.68
834,2024-12-04 18:18:05,293.46,15.24,3.68
835,2024-12-04 18:18:06,293.82,15.24,3.68
836,2024-12-04 18:18:06,294.18,15.24,3.68
837,2024-12-04 18:18:06,294.53,15.24,3.68
838,2024-12-04 18:18:07,294.89,15.24,3.68
839,2024-12-04 18:18:07,295.25,15.24,3.68
840,2024-12-04 18:18:07,295.59,15.24,3.68
841,2024-12-04 18:18:08,295.95,15.24,3.68
842,2024-12-04 18:18:08,296.30,15.24,3.68
843,2024-12-04 18:18:08,296.65,15.24,3.68
844,2024-12-04 18:18:09,297.00,15.24,3.68
845,2024-12-04 18:18:09,297.36,15.24,3.68
846,2024-12-04 18:18:09,297.71,15.24,3.68
847,2024-12-04 18:18:10,298.08,15.24,3.68
848,2024-12-04 18:18:10,298.44,15.24,3.68
849,2024-12-04 18:18:11,298.80,15.24,3.68
850,2024-12-04 18:18:11,299.15,15.24,3.68
851,2024-12-04 18:18:11,299.51,15.24,3.68
852,2024-12-04 18:18:12,299.83,15.24,3.68
853,2024-12-04 18:18:12,300.18,15.24,3.68
854,2024-12-04 18:18:12,300.53,15.24,3.68
855,2024-12-04 18:18:13,300.87,15.24,3.68
856,2024-12-04 18:18:13,301.23,15.24,3.68
857,2024-12-04 18:18:13,301.59,15.24,3.68
858,2024-12-04 18:18:14,301.95,15.24,3.68
859,2024-12-04 18:18:14,302.31,15.24,3.68
860,2024-12-04 18:18:14,302.66,15.24,3.68
861,2024-12-04 18:18:15,302.99,15.24,3.68
862,2024-12-04 18:18:15,303.33,15.24,3.68
863,2024-12-04 18:18:15,303.69,15.24,3.68
864,2024-12-04 18:18:16,304.03,15.24,3.68
865,2024-12-04 18:18:16,304.38,15.24,3.68
866,2024-12-04 18:18:17,304.74,15.24,3.68
867,2024-12-04 18:18:17,305.11,15.24,3.68
868,2024-12-04 18:18:17,305.46,15.24,3.68
869,2024-12-04 18:18:18,305.82,15.24,3.68
870,2024-12-04 18:18:18,306.19,15.24,3.68
871,2024-12-04 18:18:18,306.55,15.24,3.68
872,2024-12-04 18:18:19,306.91,15.24,3.68
873,2024-12-04 18:18:19,307.25,15.24,3.68
874,2024-12-04 18:18:19,307.60,15.24,3.68
875,2024-12-04 18:18:20,307.97,15.24,3.68
876,2024-12-04 18:18:20,308.32,15.24,3.68
877,2024-12-04 18:18:20,308.68,15.24,3.68
878,2024-12-04 18:18:21,309.03,15.24,3.68
879,2024-12-04 18:18:21,309.38,15.24,3.68
880,2024-12-04 18:18:22,309.73,15.24,3.68
881,2024-12-04 18:18:22,310.10,15.24,3.68
882,2024-12-04 18:18:22,310.45,15.24,3.68
883,2024-12-04 18:18:23,310.80,15.24,3.68
884,2024-12-04 18:18:23,311.14,15.24,3.68
885,2024-12-04 18:18:23,311.50,15.24,3.68
886,2024-12-04 18:18:24,311.86,15.24,3.68
887,2024-12-04 18:18:24,312.22,15.24,3.68
888,2024-12-04 18:18:24,312.57,15.24,3.68
889,2024-12-04 18:18:25,312.92,15.24,3.68
890,2024-12-04 18:18:25,313.24,15.24,3.68
891,2024-12-04 18:18:25,313.58,15.24,3.68
892,2024-12-04 18:18:26,313.94,15.24,3.68
893,2024-12-04 18:18:26,314.29,15.24,3.68
894,2024-12-04 18:18:26,314.64,15.24,3.68
895,2024-12-04 18:18:27,315.00,15.24,3.68
896,2024-12-04 18:18:27,315.36,15.24,3.68
897,2024-12-04 18:18:27,315.72,15.24,3.68
898,2024-12-04 18:18:28,316.06,15.24,3.68
899,2024-12-04 18:18:28,316.41,15.24,3.68
900,2024-12-04 18:18:29,316.77,15.24,3.68
901,2024-12-04 18:18:29,317.13,15.24,3.68
902,2024-12-04 18:18:29,317.48,15.24,3.68
903,2024-12-04 18:18:30,317.84,15.24,3.68
904,2024-12-04 18:18:30,318.19,15.24,3.68
905,2024-12-04 18:18:30,318.55,15.24,3.68
906,2024-12-04 18:18:31,318.91,15.24,3.68
907,2024-12-04 18:18:31,319.26,15.24,3.68
908,2024-12-04 18:18:31,319.61,15.24,3.68
909,2024-12-04 18:18:32,319.96,15.24,3.68
910,2024-12-04 18:18:32,320.30,15.24,3.68
911,2024-12-04 18:18:32,320.66,15.24,3.68
912,2024-12-04 18:18:33,321.02,15.24,3.68
913,2024-12-04 18:18:33,321.37,15.24,3.68
914,2024-12-04 18:18:34,321.73,15.24,3.68
915,2024-12-04 18:18:34,322.08,15.24,3.68
916,2024-12-04 18:18:34,322.43,15.24,3.68
917,2024-12-04 18:18:35,322.78,15.24,3.68
918,2024-12-04 18:18:35,323.13,15.24,3.68
919,2024-12-04 18:18:35,323.48,15.24,3.68
920,2024-12-04 18:18:36,323.83,15.24,3.68
921,2024-12-04 18:18:36,324.18,15.24,3.68
922,2024-12-04 18:18:36,324.54,15.24,3.68
923,2024-12-04 18:18:37,324.89,15.24,3.68
924,2024-12-04 18:18:37,325.25,15.24,3.68
925,2024-12-04 18:18:37,325.61,15.24,3.68
926,2024-12-04 18:18:38,325.96,15.24,3.68
927,2024-12-04 18:18:38,326.33,15.24,3.68
928,2024-12-04 18:18:38,326.69,15.24,3.68
929,2024-12-04 18:18:39,327.05,15.24,3.68
930,2024-12-04 18:18:39,327.40,15.24,3.68
931,2024-12-04 18:18:40,327.73,15.24,3.68
932,2024-12-04 18:18:40,328.09,15.24,3.68
933,2024-12-04 18:18:40,328.45,15.24,3.68
934,2024-12-04 18:18:41,328.81,15.24,3.68
935,2024-12-04 18:18:41,329.17,15.24,3.68
936,2024-12-04 18:18:41,329.53,15.24,3.68
937,2024-12-04 18:18:42,329.88,15.24,3.68
938,2024-12-04 18:18:42,330.24,15.24,3.68
939,2024-12-04 18:18:42,330.59,15.24,3.68
940,2024-12-04 18:18:43,330.95,15.24,3.68
941,2024-12-04 18:18:43,331.30,15.24,3.68
942,2024-12-04 18:18:43,331.64,15.24,3.68
943,2024-12-04 18:18:44,332.00,15.24,3.68
944,2024-12-04 18:18:44,332.36,15.24,3.68
945,2024-12-04 18:18:44,332.70,15.24,3.68
946,2024-12-04 18:18:45,333.05,15.24,3.68
947,2024-12-04 18:18:45,333.41,15.24,3.68
948,2024-12-04 18:18:46,333.76,15.24,3.68
949,2024-12-04 18:18:46,334.11,15.24,3.68
950,2024-12-04 18:18:46,334.47,15.24,3.68
951,2024-12-04 18:18:47,334.83,15.24,3.68
952,2024-12-04 18:18:47,335.18,15.24,3.68
953,2024-12-04 18:18:47,335.53,15.24,3.68
954,2024-12-04 18:18:48,335.89,15.24,3.68
955,2024-12-04 18:18:48,336.24,15.24,3.68
956,2024-12-04 18:18:48,336.60,15.24,3.68
957,2024-12-04 18:18:49,336.96,15.24,3.68
958,2024-12-04 18:18:49,337.32,15.24,3.68
959,2024-12-04 18:18:49,337.66,15.24,3.68
960,2024-12-04 18:18:50,338.01,15.24,3.68
961,2024-12-04 18:18:50,338.37,15.24,3.68
962,2024-12-04 18:18:50,338.72,15.24,3.68
963,2024-12-04 18:18:51,339.07,15.24,3.68
964,2024-12-04 18:18:51,339.39,15.24,3.68
965,2024-12-04 18:18:52,339.75,15.24,3.68
966,2024-12-04 18:18:52,340.10,15.24,3.68
967,2024-12-04 18:18:52,340.43,15.24,3.68
968,2024-12-04 18:18:53,340.77,15.24,3.68
969,2024-12-04 18:18:53,341.13,15.24,3.68
970,2024-12-04 18:18:53,341.48,15.24,3.68
971,2024-12-04 18:18:54,341.84,15.24,3.68
972,2024-12-04 18:18:54,342.19,15.24,3.68
973,2024-12-04 18:18:54,342.54,15.24,3.68
974,2024-12-04 18:18:55,342.90,15.24,3.68
975,2024-12-04 18:18:55,343.23,15.24,3.68
976,2024-12-04 18:18:55,343.58,15.24,3.68
977,2024-12-04 18:18:56,343.93,15.24,3.68
978,2024-12-04 18:18:56,344.28,15.24,3.68
979,2024-12-04 18:18:56,344.62,15.24,3.68
980,2024-12-04 18:18:57,344.95,15.24,3.68
981,2024-12-04 18:18:57,345.31,15.24,3.68
982,2024-12-04 18:18:57,345.66,15.24,3.68
983,2024-12-04 18:18:58,346.01,15.24,3.68
984,2024-12-04 18:18:58,346.37,15.24,3.68
985,2024-12-04 18:18:58,346.72,15.24,3.68
986,2024-12-04 18:18:59,347.06,15.24,3.68
987,2024-12-04 18:18:59,347.40,15.24,3.68
988,2024-12-04 18:19:00,347.75,15.24,3.68
989,2024-12-04 18:19:00,348.11,15.24,3.68
990,2024-12-04 18:19:00,348.46,15.24,3.68
991,2024-12-04 18:19:01,348.82,15.24,3.68
992,2024-12-04 18:19:01,349.18,15.24,3.68
993,2024-12-04 18:19:01,349.52,15.24,3.68
994,2024-12-04 18:19:02,349.88,15.24,3.68
995,2024-12-04 18:19:02,350.24,15.24,3.68
996,2024-12-04 18:19:02,350.58,15.24,3.68
997,2024-12-04 18:19:03,350.92,15.24,3.68
998,2024-12-04 18:19:03,351.27,15.24,3.68
999,2024-12-04 18:19:03,351.63,15.24,3.68
1000,2024-12-04 18:19:04,351.99,15.24,3.68
1001,2024-12-04 18:19:04,352.35,15.24,3.68
1002,2024-12-04 18:19:04,352.72,15.24,3.68
1003,2024-12-04 18:19:05,353.08,15.24,3.68
1004,2024-12-04 18:19:05,353.43,15.24,3.68
1005,2024-12-04 18:19:06,353.79,15.24,3.68
1006,2024-12-04 18:19:06,354.13,15.24,3.68
1007,2024-12-04 18:19:06,354.46,15.24,3.68
1008,2024-12-04 18:19:07,354.80,15.24,3.68
1009,2024-12-04 18:19:07,355.14,15.24,3.68
1010,2024-12-04 18:19:07,355.49,15.24,3.68
1011,2024-12-04 18:19:08,355.84,15.24,3.68
1012,2024-12-04 18:19:08,356.19,15.24,3.68
1013,2024-12-04 18:19:08,356.54,15.24,3.68
1014,2024-12-04 18:19:09,356.89,15.24,3.68
1015,2024-12-04 18:19:09,357.24,15.24,3.68
1016,2024-12-04 18:19:09,357.59,15.24,3.68
1017,2024-12-04 18:19:10,357.95,15.24,3.68
1018,2024-12-04 18:19:10,358.31,15.24,3.68
1019,2024-12-04 18:19:10,358.66,15.24,3.68
1020,2024-12-04 18:19:11,359.01,15.24,3.68
1021,2024-12-04 18:19:11,359.35,15.24,3.68
1022,2024-12-04 18:19:11,359.70,15.24,3.68
1023,2024-12-04 18:19:12,360.04,15.24,3.68
1024,2024-12-04 18:19:12,360.40,15.24,3.68
1025,2024-12-04 18:19:13,360.73,15.24,3.68
1026,2024-12-04 18:19:13,361.08,15.24,3.68
1027,2024-12-04 18:19:13,361.44,15.24,3.68
1028,2024-12-04 18:19:14,361.78,15.24,3.68
1029,2024-12-04 18:19:14,362.13,15.24,3.68
1030,2024-12-04 18:19:14,362.48,15.24,3.68
1031,2024-12-04 18:19:15,362.85,15.24,3.68
1032,2024-12-04 18:19:15,363.21,15.24,3.68
1033,2024-12-04 18:19:15,363.55,15.24,3.68
1034,2024-12-04 18:19:16,363.91,15.24,3.68
1035,2024-12-04 18:19:16,364.26,15.24,3.68
1036,2024-12-04 18:19:16,364.61,15.24,3.68
1037,2024-12-04 18:19:17,364.96,15.24,3.68
1038,2024-12-04 18:19:17,365.30,15.24,3.68
1039,2024-12-04 18:19:17,365.65,15.24,3.68
1040,2024-12-04 18:19:18,366.02,15.24,3.68
1041,2024-12-04 18:19:18,366.36,15.24,3.68
1042,2024-12-04 18:19:18,366.69,15.24,3.68
1043,2024-12-04 18:19:19,367.04,15.24,3.68
1044,2024-12-04 18:19:19,367.38,15.24,3.68
1045,2024-12-04 18:19:20,367.74,15.24,3.68
1046,2024-12-04 18:19:20,368.07,15.24,3.68
1047,2024-12-04 18:19:20,368.42,15.24,3.68
1048,2024-12-04 18:19:21,368.79,15.24,3.68
1049,2024-12-04 18:19:21,369.14,15.24,3.68
1050,2024-12-04 18:19:21,369.49,15.24,3.68
1051,2024-12-04 18:19:22,369.85,15.24,3.68
1052,2024-12-04 18:19:22,370.21,15.24,3.68
1053,2024-12-04 18:19:22,370.56,15.24,3.68
1054,2024-12-04 18:19:23,370.93,15.24,3.68
1055,2024-12-04 18:19:23,371.26,15.24,3.68
1056,2024-12-04 18:19:23,371.61,15.24,3.68
1057,2024-12-04 18:19:24,371.96,15.24,3.68
1058,2024-12-04 18:19:24,372.32,15.24,3.68
1059,2024-12-04 18:19:24,372.68,15.24,3.68
1060,2024-12-04 18:19:25,373.03,15.24,3.68
1061,2024-12-04 18:19:25,373.39,15.24,3.68
1062,2024-12-04 18:19:26,373.75,15.24,3.68
1063,2024-12-04 18:19:26,374.10,15.24,3.68
1064,2024-12-04 18:19:26,374.45,15.24,3.68
1065,2024-12-04 18:19:27,374.81,15.24,3.68
1066,2024-12-04 18:19:27,375.16,15.24,3.68
1067,2024-12-04 18:19:27,375.51,15.24,3.68
1068,2024-12-04 18:19:28,375.87,15.24,3.68
1069,2024-12-04 18:19:28,376.21,15.24,3.68
1070,2024-12-04 18:19:28,376.56,15.24,3.68
1071,2024-12-04 18:19:29,376.92,15.24,3.68
1072,2024-12-04 18:19:29,377.28,15.24,3.68
1073,2024-12-04 18:19:29,377.62,15.24,3.68
1074,2024-12-04 18:19:30,377.98,15.24,3.68
1075,2024-12-04 18:19:30,378.33,15.24,3.68
1076,2024-12-04 18:19:30,378.67,15.24,3.68
1077,2024-12-04 18:19:31,379.02,15.24,3.68
1078,2024-12-04 18:19:31,379.38,15.24,3.68
1079,2024-12-04 18:19:32,379.73,15.24,3.68
1080,2024-12-04 18:19:32,380.08,15.24,3.68
1081,2024-12-04 18:19:32,380.43,15.24,3.68
1082,2024-12-04 18:19:33,380.77,15.24,3.68
1083,2024-12-04 18:19:33,381.13,15.24,3.68
1084,2024-12-04 18:19:33,381.48,15.24,3.68
1085,2024-12-04 18:19:34,381.83,15.24,3.68
1086,2024-12-04 18:19:34,382.18,15.24,3.68
1087,2024-12-04 18:19:34,382.54,15.24,3.68
1088,2024-12-04 18:19:35,382.89,15.24,3.68
1089,2024-12-04 18:19:35,383.25,15.24,3.68
1090,2024-12-04 18:19:35,383.61,15.24,3.68
1091,2024-12-04 18:19:36,383.95,15.24,3.68
1092,2024-12-04 18:19:36,384.30,15.24,3.68
1093,2024-12-04 18:19:36,384.66,15.24,3.68
1094,2024-12-04 18:19:37,385.01,15.24,3.68
1095,2024-12-04 18:19:37,385.34,15.24,3.68
1096,2024-12-04 18:19:37,385.67,15.24,3.68
1097,2024-12-04 18:19:38,386.03,15.24,3.68
1098,2024-12-04 18:19:38,386.39,15.24,3.68
1099,2024-12-04 18:19:39,386.74,15.24,3.68
1100,2024-12-04 18:19:39,387.08,15.24,3.68
1101,2024-12-04 18:19:39,387.44,15.24,3.68
1102,2024-12-04 18:19:40,387.80,15.24,3.68
1103,2024-12-04 18:19:40,388.15,15.24,3.68
1104,2024-12-04 18:19:40,388.49,15.24,3.68
1105,2024-12-04 18:19:41,388.83,15.24,3.68
1106,2024-12-04 18:19:41,389.18,15.24,3.68
1107,2024-12-04 18:19:41,389.54,15.24,3.68
1108,2024-12-04 18:19:42,389.88,15.24,3.68
1109,2024-12-04 18:19:42,390.23,15.24,3.68
1110,2024-12-04 18:19:42,390.59,15.24,3.68
1111,2024-12-04 18:19:43,390.95,15.24,3.68
1112,2024-12-04 18:19:43,391.31,15.24,3.68
1113,2024-12-04 18:19:43,391.67,15.24,3.68
1114,2024-12-04 18:19:44,392.02,15.24,3.68
1115,2024-12-04 18:19:44,392.38,15.24,3.68
1116,2024-12-04 18:19:45,392.74,15.24,3.68
1117,2024-12-04 18:19:45,393.09,15.24,3.68
1118,2024-12-04 18:19:45,393.44,15.24,3.68
1119,2024-12-04 18:19:46,393.78,15.24,3.68
1120,2024-12-04 18:19:46,394.14,15.24,3.68
1121,2024-12-04 18:19:46,394.50,15.24,3.68
1122,2024-12-04 18:19:47,394.85,15.24,3.68
1123,2024-12-04 18:19:47,395.21,15.24,3.68
1124,2024-12-04 18:19:47,395.57,15.24,3.68
1125,2024-12-04 18:19:48,395.92,15.24,3.68
1126,2024-12-04 18:19:48,396.26,15.24,3.68
1127,2024-12-04 18:19:48,396.61,15.24,3.68
1128,2024-12-04 18:19:49,396.97,15.24,3.68
1129,2024-12-04 18:19:49,397.34,15.24,3.68
1130,2024-12-04 18:19:49,397.69,15.24,3.68
1131,2024-12-04 18:19:50,398.05,15.24,3.68
1132,2024-12-04 18:19:50,398.41,15.24,3.68
1133,2024-12-04 18:19:51,398.76,15.24,3.68
1134,2024-12-04 18:19:51,399.11,15.24,3.68
1135,2024-12-04 18:19:51,399.47,15.24,3.68
1136,2024-12-04 18:19:52,399.83,15.24,3.68
1137,2024-12-04 18:19:52,400.20,15.24,3.68
1138,2024-12-04 18:19:52,400.56,15.24,3.68
1139,2024-12-04 18:19:53,400.92,15.24,3.68
1140,2024-12-04 18:19:53,401.27,15.24,3.68
1141,2024-12-04 18:19:53,401.63,15.24,3.68
1142,2024-12-04 18:19:54,402.00,15.24,3.68
1143,2024-12-04 18:19:54,402.36,15.24,3.68
1144,2024-12-04 18:19:54,402.72,15.24,3.68
1145,2024-12-04 18:19:55,403.05,15.24,3.68
1146,2024-12-04 18:19:55,403.40,15.24,3.68
1147,2024-12-04 18:19:56,403.75,15.24,3.68
1148,2024-12-04 18:19:56,404.10,15.24,3.68
1149,2024-12-04 18:19:56,404.44,15.24,3.68
1150,2024-12-04 18:19:57,404.78,15.24,3.68
1151,2024-12-04 18:19:57,405.13,15.24,3.68
1152,2024-12-04 18:19:57,405.48,15.24,3.68
1153,2024-12-04 18:19:58,405.82,15.24,3.68
1154,2024-12-04 18:19:58,406.17,15.24,3.68
1155,2024-12-04 18:19:58,406.52,15.24,3.68
1156,2024-12-04 18:19:59,406.88,15.24,3.68
1157,2024-12-04 18:19:59,407.24,15.24,3.68
1158,2024-12-04 18:19:59,407.60,15.24,3.68
1159,2024-12-04 18:20:00,407.93,15.24,3.68
1160,2024-12-04 18:20:00,408.28,15.24,3.68
1161,2024-12-04 18:20:00,408.64,15.24,3.68
1162,2024-12-04 18:20:01,409.01,15.24,3.68
1163,2024-12-04 18:20:01,409.37,15.24,3.68
1164,2024-12-04 18:20:01,409.72,15.24,3.68
1165,2024-12-04 18:20:02,410.06,15.24,3.68
1166,2024-12-04 18:20:02,410.42,15.24,3.68
1167,2024-12-04 18:20:03,410.76,15.24,3.68
1168,2024-12-04 18:20:03,411.12,15.24,3.68
1169,2024-12-04 18:20:03,411.46,15.24,3.68
1170,2024-12-04 18:20:04,411.77,15.24,3.68
1171,2024-12-04 18:20:04,412.11,15.24,3.68
1172,2024-12-04 18:20:04,412.48,15.24,3.68
1173,2024-12-04 18:20:05,412.83,15.24,3.68
1174,2024-12-04 18:20:05,413.20,15.24,3.68
1175,2024-12-04 18:20:05,413.54,15.24,3.68
1176,2024-12-04 18:20:06,413.86,15.24,3.68
1177,2024-12-04 18:20:06,414.20,15.24,3.68
1178,2024-12-04 18:20:06,414.56,15.24,3.68
1179,2024-12-04 18:20:07,414.90,15.24,3.68
1180,2024-12-04 18:20:07,415.25,15.24,3.68
1181,2024-12-04 18:20:07,415.59,15.24,3.68
1182,2024-12-04 18:20:08,415.92,15.24,3.68
1183,2024-12-04 18:20:08,416.27,15.24,3.68
1184,2024-12-04 18:20:08,416.63,15.24,3.68
1185,2024-12-04 18:20:09,416.99,15.24,3.68
1186,2024-12-04 18:20:09,417.33,15.24,3.68
1187,2024-12-04 18:20:09,417.68,15.24,3.68
1188,2024-12-04 18:20:10,418.04,15.24,3.68
1189,2024-12-04 18:20:10,418.39,15.24,3.68
1190,2024-12-04 18:20:11,418.75,15.24,3.68
1191,2024-12-04 18:20:11,419.11,15.24,3.68
1192,2024-12-04 18:20:11,419.47,15.24,3.68
1193,2024-12-04 18:20:12,419.81,15.24,3.68
1194,2024-12-04 18:20:12,420.17,15.24,3.68
1195,2024-12-04 18:20:12,420.50,15.24,3.68
1196,2024-12-04 18:20:13,420.84,15.24,3.68
1197,2024-12-04 18:20:13,421.20,15.24,3.68
1198,2024-12-04 18:20:13,421.54,15.24,3.68
1199,2024-12-04 18:20:14,421.89,15.24,3.68
1200,2024-12-04 18:20:14,422.23,15.24,3.68
1201,2024-12-04 18:20:14,422.57,15.24,3.68
1202,2024-12-04 18:20:15,422.93,15.24,3.68
1203,2024-12-04 18:20:15,423.29,15.24,3.68
1204,2024-12-04 18:20:15,423.65,15.24,3.68
1205,2024-12-04 18:20:16,424.01,15.24,3.68
1206,2024-12-04 18:20:16,424.37,15.24,3.68
1207,2024-12-04 18:20:16,424.72,15.24,3.68
1208,2024-12-04 18:20:17,425.06,15.24,3.68
1209,2024-12-04 18:20:17,425.41,15.24,3.68
1210,2024-12-04 18:20:18,425.76,15.24,3.68
1211,2024-12-04 18:20:18,426.10,15.24,3.68
1212,2024-12-04 18:20:18,426.45,15.24,3.68
1213,2024-12-04 18:20:19,426.82,15.24,3.68
1214,2024-12-04 18:20:19,427.16,15.24,3.68
1215,2024-12-04 18:20:19,427.49,15.24,3.68
1216,2024-12-04 18:20:20,427.85,15.24,3.68
1217,2024-12-04 18:20:20,428.22,15.24,3.68
1218,2024-12-04 18:20:20,428.58,15.24,3.68
1219,2024-12-04 18:20:21,428.94,15.24,3.68
1220,2024-12-04 18:20:21,429.29,15.24,3.68
1221,2024-12-04 18:20:21,429.63,15.24,3.68
1222,2024-12-04 18:20:22,429.97,15.24,3.68
1223,2024-12-04 18:20:22,430.33,15.24,3.68
1224,2024-12-04 18:20:22,430.69,15.24,3.68
1225,2024-12-04 18:20:23,431.04,15.24,3.68
1226,2024-12-04 18:20:23,431.40,15.24,3.68
1227,2024-12-04 18:20:24,431.76,15.24,3.68
1228,2024-12-04 18:20:24,432.11,15.24,3.68
1229,2024-12-04 18:20:24,432.44,15.24,3.68
1230,2024-12-04 18:20:25,432.78,15.24,3.68
1231,2024-12-04 18:20:25,433.12,15.24,3.68
1232,2024-12-04 18:20:25,433.48,15.24,3.68
1233,2024-12-04 18:20:26,433.83,15.24,3.68
1234,2024-12-04 18:20:26,434.16,15.24,3.68
1235,2024-12-04 18:20:26,434.51,15.24,3.68
1236,2024-12-04 18:20:27,434.87,15.24,3.68
1237,2024-12-04 18:20:27,435.23,15.24,3.68
1238,2024-12-04 18:20:27,435.56,15.24,3.68
1239,2024-12-04 18:20:28,435.91,15.24,3.68
1240,2024-12-04 18:20:28,436.25,15.24,3.68
1241,2024-12-04 18:20:28,436.60,15.24,3.68
1242,2024-12-04 18:20:29,436.96,15.24,3.68
1243,2024-12-04 18:20:29,437.31,15.24,3.68
1244,2024-12-04 18:20:29,437.65,15.24,3.68
1245,2024-12-04 18:20:30,438.01,15.24,3.68
1246,2024-12-04 18:20:30,438.37,15.24,3.68
1247,2024-12-04 18:20:30,438.73,15.24,3.68
1248,2024-12-04 18:20:31,439.09,15.24,3.68
1249,2024-12-04 18:20:31,439.44,15.24,3.68
1250,2024-12-04 18:20:32,439.80,15.24,3.68
1251,2024-12-04 18:20:32,440.11,15.24,3.68
1252,2024-12-04 18:20:32,440.42,15.24,3.68
1253,2024-12-04 18:20:33,440.77,15.24,3.68
1254,2024-12-04 18:20:33,441.11,15.24,3.68
1255,2024-12-04 18:20:33,441.47,15.24,3.68
1256,2024-12-04 18:20:34,441.82,15.24,3.68
1257,2024-12-04 18:20:34,442.17,15.24,3.68
1258,2024-12-04 18:20:34,442.52,15.24,3.68
1259,2024-12-04 18:20:35,442.87,15.24,3.68
1260,2024-12-04 18:20:35,443.22,15.24,3.68
1261,2024-12-04 18:20:35,443.57,15.24,3.68
1262,2024-12-04 18:20:36,443.91,15.24,3.68
1263,2024-12-04 18:20:36,444.25,15.24,3.68
1264,2024-12-04 18:20:36,444.60,15.24,3.68
1265,2024-12-04 18:20:37,444.95,15.24,3.68
1266,2024-12-04 18:20:37,445.29,15.24,3.68
1267,2024-12-04 18:20:37,445.64,15.24,3.68
1268,2024-12-04 18:20:38,446.00,15.24,3.68
1269,2024-12-04 18:20:38,446.35,15.24,3.68
1270,2024-12-04 18:20:38,446.71,15.24,3.68
1271,2024-12-04 18:20:39,447.07,15.24,3.68
1272,2024-12-04 18:20:39,447.43,15.24,3.68
1273,2024-12-04 18:20:40,447.78,15.24,3.68
1274,2024-12-04 18:20:40,448.13,15.24,3.68
1275,2024-12-04 18:20:40,448.48,15.24,3.68
1276,2024-12-04 18:20:41,448.84,15.24,3.68
1277,2024-12-04 18:20:41,449.19,15.24,3.68
1278,2024-12-04 18:20:41,449.55,15.24,3.68
1279,2024-12-04 18:20:42,449.90,15.24,3.68
1280,2024-12-04 18:20:42,450.25,15.24,3.68
1281,2024-12-04 18:20:42,450.60,15.24,3.68
1282,2024-12-04 18:20:43,450.96,15.24,3.68
1283,2024-12-04 18:20:43,451.31,15.24,3.68
1284,2024-12-04 18:20:43,451.68,15.24,3.68
1285,2024-12-04 18:20:44,452.04,15.24,3.68
1286,2024-12-04 18:20:44,452.40,15.24,3.68
1287,2024-12-04 18:20:45,452.75,15.24,3.68
1288,2024-12-04 18:20:45,453.10,15.24,3.68
1289,2024-12-04 18:20:45,453.46,15.24,3.68
1290,2024-12-04 18:20:46,453.81,15.24,3.68
1291,2024-12-04 18:20:46,454.17,15.24,3.68
1292,2024-12-04 18:20:46,454.53,15.24,3.68
1293,2024-12-04 18:20:47,454.89,15.24,3.68
1294,2024-12-04 18:20:47,455.23,15.24,3.68
1295,2024-12-04 18:20:47,455.58,15.24,3.68
1296,2024-12-04 18:20:48,455.93,15.24,3.68
1297,2024-12-04 18:20:48,456.29,15.24,3.68
1298,2024-12-04 18:20:48,456.63,15.24,3.68
1299,2024-12-04 18:20:49,456.95,15.24,3.68
1300,2024-12-04 18:20:49,457.31,15.24,3.68
1301,2024-12-04 18:20:49,457.66,15.24,3.68
1302,2024-12-04 18:20:50,457.99,15.24,3.68
1303,2024-12-04 18:20:50,458.35,15.24,3.68
1304,2024-12-04 18:20:50,458.71,15.24,3.68
1305,2024-12-04 18:20:51,459.07,15.24,3.68
1306,2024-12-04 18:20:51,459.43,15.24,3.68
1307,2024-12-04 18:20:52,459.78,15.24,3.68
1308,2024-12-04 18:20:52,460.13,15.24,3.68
1309,2024-12-04 18:20:52,460.48,15.24,3.68
1310,2024-12-04 18:20:53,460.82,15.24,3.68
1311,2024-12-04 18:20:53,461.17,15.24,3.68
1312,2024-12-04 18:20:53,461.51,15.24,3.68
1313,2024-12-04 18:20:54,461.88,15.24,3.68
1314,2024-12-04 18:20:54,462.24,15.24,3.68
1315,2024-12-04 18:20:54,462.59,15.24,3.68
1316,2024-12-04 18:20:55,462.94,15.24,3.68
1317,2024-12-04 18:20:55,463.27,15.24,3.68
1318,2024-12-04 18:20:55,463.60,15.24,3.68
1319,2024-12-04 18:20:56,463.96,15.24,3.68
1320,2024-12-04 18:20:56,464.31,15.24,3.68
1321,2024-12-04 18:20:56,464.66,15.24,3.68
1322,2024-12-04 18:20:57,465.01,15.24,3.68
1323,2024-12-04 18:20:57,465.37,15.24,3.68
1324,2024-12-04 18:20:57,465.70,15.24,3.68
1325,2024-12-04 18:20:58,466.04,15.24,3.68
1326,2024-12-04 18:20:58,466.39,15.24,3.68
1327,2024-12-04 18:20:59,466.75,15.24,3.68
1328,2024-12-04 18:20:59,467.08,15.24,3.68
1329,2024-12-04 18:20:59,467.43,15.24,3.68
1330,2024-12-04 18:21:00,467.78,15.24,3.68
1331,2024-12-04 18:21:00,468.12,15.24,3.68
1332,2024-12-04 18:21:00,468.46,15.24,3.68
1333,2024-12-04 18:21:01,468.82,15.24,3.68
1334,2024-12-04 18:21:01,469.17,15.24,3.68
1335,2024-12-04 18:21:01,469.53,15.24,3.68
1336,2024-12-04 18:21:02,469.89,15.24,3.68
1337,2024-12-04 18:21:02,470.24,15.24,3.68
1338,2024-12-04 18:21:02,470.59,15.24,3.68
1339,2024-12-04 18:21:03,470.91,15.24,3.68
1340,2024-12-04 18:21:03,471.25,15.24,3.68
1341,2024-12-04 18:21:03,471.60,15.24,3.68
1342,2024-12-04 18:21:04,471.95,15.24,3.68
1343,2024-12-04 18:21:04,472.29,15.24,3.68
1344,2024-12-04 18:21:04,472.62,15.24,3.68
1345,2024-12-04 18:21:05,472.97,15.24,3.68
1346,2024-12-04 18:21:05,473.32,15.24,3.68
1347,2024-12-04 18:21:05,473.66,15.24,3.68
1348,2024-12-04 18:21:06,474.03,15.24,3.68
1349,2024-12-04 18:21:06,474.39,15.24,3.68
1350,2024-12-04 18:21:07,474.74,15.24,3.68
1351,2024-12-04 18:21:07,475.10,15.24,3.68
1352,2024-12-04 18:21:07,475.45,15.24,3.68
1353,2024-12-04 18:21:08,475.80,15.24,3.68
1354,2024-12-04 18:21:08,476.15,15.24,3.68
1355,2024-12-04 18:21:08,476.50,15.24,3.68
1356,2024-12-04 18:21:09,476.86,15.24,3.68
1357,2024-12-04 18:21:09,477.21,15.24,3.68
1358,2024-12-04 18:21:09,477.55,15.24,3.68
1359,2024-12-04 18:21:10,477.89,15.24,3.68
1360,2024-12-04 18:21:10,478.24,15.24,3.68
1361,2024-12-04 18:21:10,478.59,15.24,3.68
1362,2024-12-04 18:21:11,478.93,15.24,3.68
1363,2024-12-04 18:21:11,479.29,15.24,3.68
1364,2024-12-04 18:21:11,479.64,15.24,3.68
1365,2024-12-04 18:21:12,480.00,15.24,3.68
1366,2024-12-04 18:21:12,480.36,15.24,3.68
1367,2024-12-04 18:21:12,480.72,15.24,3.68
1368,2024-12-04 18:21:13,481.06,15.24,3.68
1369,2024-12-04 18:21:13,481.40,15.24,3.68
1370,2024-12-04 18:21:14,481.76,15.24,3.68
1371,2024-12-04 18:21:14,482.13,15.24,3.68
1372,2024-12-04 18:21:14,482.49,15.24,3.68
1373,2024-12-04 18:21:15,482.82,15.24,3.68
1374,2024-12-04 18:21:15,483.17,15.24,3.68
1375,2024-12-04 18:21:15,483.53,15.24,3.68
1376,2024-12-04 18:21:16,483.87,15.24,3.68
1377,2024-12-04 18:21:16,484.23,15.24,3.68
1378,2024-12-04 18:21:16,484.58,15.24,3.68
1379,2024-12-04 18:21:17,484.92,15.24,3.68
1380,2024-12-04 18:21:17,485.26,15.24,3.68
1381,2024-12-04 18:21:17,485.60,15.24,3.68
1382,2024-12-04 18:21:18,485.94,15.24,3.68
1383,2024-12-04 18:21:18,486.30,15.24,3.68
1384,2024-12-04 18:21:18,486.66,15.24,3.68
1385,2024-12-04 18:21:19,487.02,15.24,3.68
1386,2024-12-04 18:21:19,487.36,15.24,3.68
1387,2024-12-04 18:21:19,487.73,15.24,3.68
1388,2024-12-04 18:21:20,488.08,15.24,3.68
1389,2024-12-04 18:21:20,488.44,15.24,3.68
1390,2024-12-04 18:21:21,488.79,15.24,3.68
1391,2024-12-04 18:21:21,489.13,15.24,3.68
1392,2024-12-04 18:21:21,489.48,15.24,3.68
1393,2024-12-04 18:21:22,489.84,15.24,3.68
1394,2024-12-04 18:21:22,490.20,15.24,3.68
1395,2024-12-04 18:21:22,490.56,15.24,3.68
1396,2024-12-04 18:21:23,490.92,15.24,3.68
1397,2024-12-04 18:21:23,491.28,15.24,3.68
1398,2024-12-04 18:21:23,491.63,15.24,3.68
1399,2024-12-04 18:21:24,491.98,15.24,3.68
1400,2024-12-04 18:21:24,492.33,15.24,3.68
1401,2024-12-04 18:21:24,492.70,15.24,3.68
1402,2024-12-04 18:21:25,493.04,15.24,3.68
1403,2024-12-04 18:21:25,493.38,15.24,3.68
1404,2024-12-04 18:21:26,493.73,15.24,3.68
1405,2024-12-04 18:21:26,494.10,15.24,3.68
1406,2024-12-04 18:21:26,494.45,15.24,3.68
1407,2024-12-04 18:21:27,494.80,15.24,3.68
1408,2024-12-04 18:21:27,495.15,15.24,3.68
1409,2024-12-04 18:21:27,495.50,15.24,3.68
1410,2024-12-04 18:21:28,495.85,15.24,3.68
1411,2024-12-04 18:21:28,496.21,15.24,3.68
1412,2024-12-04 18:21:28,496.56,15.24,3.68
1413,2024-12-04 18:21:29,496.91,15.24,3.68
1414,2024-12-04 18:21:29,497.26,15.24,3.68
1415,2024-12-04 18:21:29,497.63,15.24,3.68
1416,2024-12-04 18:21:30,497.98,15.24,3.68
1417,2024-12-04 18:21:30,498.32,15.24,3.68
1418,2024-12-04 18:21:30,498.66,15.24,3.68
1419,2024-12-04 18:21:31,498.99,15.24,3.68
1420,2024-12-04 18:21:31,499.34,15.24,3.68
1421,2024-12-04 18:21:31,499.69,15.24,3.68
1422,2024-12-04 18:21:32,500.03,15.24,3.68
1423,2024-12-04 18:21:32,500.38,15.24,3.68
1424,2024-12-04 18:21:33,500.75,15.24,3.68
1425,2024-12-04 18:21:33,501.10,15.24,3.68
1426,2024-12-04 18:21:33,501.45,15.24,3.68
1427,2024-12-04 18:21:34,501.81,15.24,3.68
1428,2024-12-04 18:21:34,502.15,15.24,3.68
1429,2024-12-04 18:21:34,502.49,15.24,3.68
1430,2024-12-04 18:21:35,502.85,15.24,3.68
1431,2024-12-04 18:21:35,503.18,15.24,3.68
1432,2024-12-04 18:21:35,503.49,15.24,3.68
1433,2024-12-04 18:21:36,503.83,15.24,3.68
1434,2024-12-04 18:21:36,504.19,15.24,3.68
1435,2024-12-04 18:21:36,504.55,15.24,3.68
1436,2024-12-04 18:21:37,504.90,15.24,3.68
1437,2024-12-04 18:21:37,505.26,15.24,3.68
1438,2024-12-04 18:21:37,505.62,15.24,3.68
1439,2024-12-04 18:21:38,505.97,15.24,3.68
1440,2024-12-04 18:21:38,506.30,15.24,3.68
1441,2024-12-04 18:21:38,506.66,15.24,3.68
1442,2024-12-04 18:21:39,506.99,15.24,3.68
1443,2024-12-04 18:21:39,507.35,15.24,3.68
1444,2024-12-04 18:21:39,507.69,15.24,3.68
1445,2024-12-04 18:21:40,508.03,15.24,3.68
1446,2024-12-04 18:21:40,508.40,15.24,3.68
1447,2024-12-04 18:21:41,508.75,15.24,3.68
1448,2024-12-04 18:21:41,509.11,15.24,3.68
1449,2024-12-04 18:21:41,509.48,15.24,3.68
1450,2024-12-04 18:21:42,509.83,15.24,3.68
1451,2024-12-04 18:21:42,510.18,15.24,3.68
1452,2024-12-04 18:21:42,510.51,15.24,3.68
1453,2024-12-04 18:21:43,510.84,15.24,3.68
1454,2024-12-04 18:21:43,511.20,15.24,3.68
1455,2024-12-04 18:21:43,511.55,15.24,3.68
1456,2024-12-04 18:21:44,511.90,15.24,3.68
1457,2024-12-04 18:21:44,512.23,15.24,3.68
1458,2024-12-04 18:21:44,512.56,15.24,3.68
1459,2024-12-04 18:21:45,512.90,15.24,3.68
1460,2024-12-04 18:21:45,513.26,15.24,3.68
1461,2024-12-04 18:21:45,513.62,15.24,3.68
1462,2024-12-04 18:21:46,513.97,15.24,3.68
1463,2024-12-04 18:21:46,514.33,15.24,3.68
1464,2024-12-04 18:21:46,514.69,15.24,3.68
1465,2024-12-04 18:21:47,515.03,15.24,3.68
1466,2024-12-04 18:21:47,515.38,15.24,3.68
1467,2024-12-04 18:21:48,515.75,15.24,3.68
1468,2024-12-04 18:21:48,516.11,15.24,3.68
1469,2024-12-04 18:21:48,516.47,15.24,3.68
1470,2024-12-04 18:21:49,516.83,15.24,3.68
1471,2024-12-04 18:21:49,517.18,15.24,3.68
1472,2024-12-04 18:21:49,517.51,15.24,3.68
1473,2024-12-04 18:21:50,517.86,15.24,3.68
1474,2024-12-04 18:21:50,518.21,15.24,3.68
1475,2024-12-04 18:21:50,518.57,15.24,3.68
1476,2024-12-04 18:21:51,518.92,15.24,3.68
1477,2024-12-04 18:21:51,519.28,15.24,3.68
1478,2024-12-04 18:21:51,519.64,15.24,3.68
1479,2024-12-04 18:21:52,520.01,15.24,3.68
1480,2024-12-04 18:21:52,520.34,15.24,3.68
1481,2024-12-04 18:21:52,520.70,15.24,3.68
1482,2024-12-04 18:21:53,521.06,15.24,3.68
1483,2024-12-04 18:21:53,521.41,15.24,3.68
1484,2024-12-04 18:21:54,521.77,15.24,3.68
1485,2024-12-04 18:21:54,522.14,15.24,3.68
1486,2024-12-04 18:21:54,522.49,15.24,3.68
1487,2024-12-04 18:21:55,522.84,15.24,3.68
1488,2024-12-04 18:21:55,523.19,15.24,3.68
1489,2024-12-04 18:21:55,523.55,15.24,3.68
1490,2024-12-04 18:21:56,523.89,15.24,3.68
1491,2024-12-04 18:21:56,524.25,15.24,3.68
1492,2024-12-04 18:21:56,524.61,15.24,3.68
1493,2024-12-04 18:21:57,524.95,15.24,3.68
1494,2024-12-04 18:21:57,525.30,15.24,3.68
1495,2024-12-04 18:21:57,525.65,15.24,3.68
1496,2024-12-04 18:21:58,526.00,15.24,3.68
1497,2024-12-04 18:21:58,526.35,15.24,3.68
1498,2024-12-04 18:21:58,526.68,15.24,3.68
1499,2024-12-04 18:21:59,527.05,15.24,3.68
1500,2024-12-04 18:21:59,527.41,15.24,3.68
1501,2024-12-04 18:22:00,527.77,15.24,3.68
1502,2024-12-04 18:22:00,528.11,15.24,3.68
1503,2024-12-04 18:22:00,528.47,15.24,3.68
1504,2024-12-04 18:22:01,528.83,15.24,3.68
1505,2024-12-04 18:22:01,529.19,15.24,3.68
1506,2024-12-04 18:22:01,529.55,15.24,3.68
1507,2024-12-04 18:22:02,529.91,15.24,3.68
1508,2024-12-04 18:22:02,530.25,15.24,3.68
1509,2024-12-04 18:22:02,530.59,15.24,3.68
1510,2024-12-04 18:22:03,530.95,15.24,3.68
1511,2024-12-04 18:22:03,531.30,15.24,3.68
1512,2024-12-04 18:22:03,531.61,15.24,3.68
1513,2024-12-04 18:22:04,531.95,15.24,3.68
1514,2024-12-04 18:22:04,532.30,15.24,3.68
1515,2024-12-04 18:22:04,532.65,15.24,3.68
1516,2024-12-04 18:22:05,533.00,15.24,3.68
1517,2024-12-04 18:22:05,533.33,15.24,3.68
1518,2024-12-04 18:22:05,533.68,15.24,3.68
1519,2024-12-04 18:22:06,534.03,15.24,3.68
1520,2024-12-04 18:22:06,534.38,15.24,3.68
1521,2024-12-04 18:22:07,534.73,15.24,3.68
1522,2024-12-04 18:22:07,535.08,15.24,3.68
1523,2024-12-04 18:22:07,535.43,15.24,3.68
1524,2024-12-04 18:22:08,535.78,15.24,3.68
1525,2024-12-04 18:22:08,536.13,15.24,3.68
1526,2024-12-04 18:22:08,536.47,15.24,3.68
1527,2024-12-04 18:22:09,536.82,15.24,3.68
1528,2024-12-04 18:22:09,537.18,15.24,3.68
1529,2024-12-04 18:22:09,537.54,15.24,3.68
1530,2024-12-04 18:22:10,537.90,15.24,3.68
1531,2024-12-04 18:22:10,538.25,15.24,3.68
1532,2024-12-04 18:22:10,538.62,15.24,3.68
1533,2024-12-04 18:22:11,538.97,15.24,3.68
1534,2024-12-04 18:22:11,539.34,15.24,3.68
1535,2024-12-04 18:22:11,539.70,15.24,3.68
1536,2024-12-04 18:22:12,540.06,15.24,3.68
1537,2024-12-04 18:22:12,540.41,15.24,3.68
1538,2024-12-04 18:22:13,540.77,15.24,3.68
1539,2024-12-04 18:22:13,541.11,15.24,3.68
1540,2024-12-04 18:22:13,541.45,15.24,3.68
1541,2024-12-04 18:22:14,541.80,15.24,3.68
1542,2024-12-04 18:22:14,542.16,15.24,3.68
1543,2024-12-04 18:22:14,542.52,15.24,3.68
1544,2024-12-04 18:22:15,542.86,15.24,3.68
1545,2024-12-04 18:22:15,543.22,15.24,3.68
1546,2024-12-04 18:22:15,543.57,15.24,3.68
1547,2024-12-04 18:22:16,543.92,15.24,3.68
1548,2024-12-04 18:22:16,544.27,15.24,3.68
1549,2024-12-04 18:22:16,544.63,15.24,3.68
1550,2024-12-04 18:22:17,544.99,15.24,3.68
1551,2024-12-04 18:22:17,545.35,15.24,3.68
1552,2024-12-04 18:22:17,545.69,15.24,3.68
1553,2024-12-04 18:22:18,546.03,15.24,3.68
1554,2024-12-04 18:22:18,546.39,15.24,3.68
1555,2024-12-04 18:22:18,546.72,15.24,3.68
1556,2024-12-04 18:22:19,547.06,15.24,3.68
1557,2024-12-04 18:22:19,547.41,15.24,3.68
1558,2024-12-04 18:22:20,547.75,15.24,3.68
1559,2024-12-04 18:22:20,548.10,15.24,3.68
1560,2024-12-04 18:22:20,548.46,15.24,3.68
1561,2024-12-04 18:22:21,548.81,15.24,3.68
1562,2024-12-04 18:22:21,549.17,15.24,3.68
1563,2024-12-04 18:22:21,549.52,15.24,3.68
1564,2024-12-04 18:22:22,549.86,15.24,3.68
1565,2024-12-04 18:22:22,550.22,15.24,3.68
1566,2024-12-04 18:22:22,550.58,15.24,3.68
1567,2024-12-04 18:22:23,550.94,15.24,3.68
1568,2024-12-04 18:22:23,551.29,15.24,3.68
1569,2024-12-04 18:22:23,551.62,15.24,3.68
1570,2024-12-04 18:22:24,551.96,15.24,3.68
1571,2024-12-04 18:22:24,552.31,15.24,3.68
1572,2024-12-04 18:22:24,552.66,15.24,3.68
1573,2024-12-04 18:22:25,553.02,15.24,3.68
1574,2024-12-04 18:22:25,553.37,15.24,3.68
1575,2024-12-04 18:22:25,553.72,15.24,3.68
1576,2024-12-04 18:22:26,554.07,15.24,3.68
1577,2024-12-04 18:22:26,554.42,15.24,3.68
1578,2024-12-04 18:22:27,554.77,15.24,3.68
1579,2024-12-04 18:22:27,555.14,15.24,3.68
1580,2024-12-04 18:22:27,555.49,15.24,3.68
1581,2024-12-04 18:22:28,555.83,15.24,3.68
1582,2024-12-04 18:22:28,556.19,15.24,3.68
1583,2024-12-04 18:22:28,556.56,15.24,3.68
1584,2024-12-04 18:22:29,556.91,15.24,3.68
1585,2024-12-04 18:22:29,557.27,15.24,3.68
1586,2024-12-04 18:22:29,557.64,15.24,3.68
1587,2024-12-04 18:22:30,557.99,15.24,3.68
1588,2024-12-04 18:22:30,558.34,15.24,3.68
1589,2024-12-04 18:22:30,558.68,15.24,3.68
1590,2024-12-04 18:22:31,559.04,15.24,3.68
1591,2024-12-04 18:22:31,559.40,15.24,3.68
1592,2024-12-04 18:22:32,559.75,15.24,3.68
1593,2024-12-04 18:22:32,560.10,15.24,3.68
1594,2024-12-04 18:22:32,560.45,15.24,3.68
1595,2024-12-04 18:22:33,560.80,15.24,3.68
1596,2024-12-04 18:22:33,561.15,15.24,3.68
1597,2024-12-04 18:22:33,561.51,15.24,3.68
1598,2024-12-04 18:22:34,561.85,15.24,3.68
1599,2024-12-04 18:22:34,562.20,15.24,3.68
1600,2024-12-04 18:22:34,562.56,15.24,3.68
1601,2024-12-04 18:22:35,562.88,15.24,3.68
1602,2024-12-04 18:22:35,563.23,15.24,3.68
1603,2024-12-04 18:22:35,563.57,15.24,3.68
1604,2024-12-04 18:22:36,563.91,15.24,3.68
1605,2024-12-04 18:22:36,564.24,15.24,3.68
1606,2024-12-04 18:22:36,564.60,15.24,3.68
1607,2024-12-04 18:22:37,564.96,15.24,3.68
1608,2024-12-04 18:22:37,565.32,15.24,3.68
1609,2024-12-04 18:22:37,565.66,15.24,3.68
1610,2024-12-04 18:22:38,566.00,15.24,3.68
1611,2024-12-04 18:22:38,566.33,15.24,3.68
1612,2024-12-04 18:22:38,566.68,15.24,3.68
1613,2024-12-04 18:22:39,567.05,15.24,3.68
1614,2024-12-04 18:22:39,567.40,15.24,3.68
1615,2024-12-04 18:22:40,567.75,15.24,3.68
1616,2024-12-04 18:22:40,568.09,15.24,3.68
1617,2024-12-04 18:22:40,568.45,15.24,3.68
1618,2024-12-04 18:22:41,568.79,15.24,3.68
1619,2024-12-04 18:22:41,569.15,15.24,3.68
1620,2024-12-04 18:22:41,569.52,15.24,3.68
1621,2024-12-04 18:22:42,569.87,15.24,3.68
1622,2024-12-04 18:22:42,570.22,15.24,3.68
1623,2024-12-04 18:22:42,570.58,15.24,3.68
1624,2024-12-04 18:22:43,570.94,15.24,3.68
1625,2024-12-04 18:22:43,571.28,15.24,3.68
1626,2024-12-04 18:22:43,571.63,15.24,3.68
1627,2024-12-04 18:22:44,571.99,15.24,3.68
1628,2024-12-04 18:22:44,572.35,15.24,3.68
1629,2024-12-04 18:22:44,572.71,15.24,3.68
1630,2024-12-04 18:22:45,573.07,15.24,3.68
1631,2024-12-04 18:22:45,573.41,15.24,3.68
1632,2024-12-04 18:22:46,573.75,15.24,3.68
1633,2024-12-04 18:22:46,574.11,15.24,3.68
1634,2024-12-04 18:22:46,574.47,15.24,3.68
1635,2024-12-04 18:22:47,574.82,15.24,3.68
1636,2024-12-04 18:22:47,575.17,15.24,3.68
1637,2024-12-04 18:22:47,575.53,15.24,3.68
1638,2024-12-04 18:22:48,575.87,15.24,3.68
1639,2024-12-04 18:22:48,576.21,15.24,3.68
1640,2024-12-04 18:22:48,576.56,15.24,3.68
1641,2024-12-04 18:22:49,576.91,15.24,3.68
1642,2024-12-04 18:22:49,577.27,15.24,3.68
1643,2024-12-04 18:22:49,577.62,15.24,3.68
1644,2024-12-04 18:22:50,577.98,15.24,3.68
1645,2024-12-04 18:22:50,578.32,15.24,3.68
1646,2024-12-04 18:22:50,578.68,15.24,3.68
1647,2024-12-04 18:22:51,579.03,15.24,3.68
1648,2024-12-04 18:22:51,579.38,15.24,3.68
1649,2024-12-04 18:22:51,579.71,15.24,3.68
1650,2024-12-04 18:22:52,580.06,15.24,3.68
1651,2024-12-04 18:22:52,580.41,15.24,3.68
1652,2024-12-04 18:22:53,580.76,15.24,3.68
1653,2024-12-04 18:22:53,581.12,15.24,3.68
1654,2024-12-04 18:22:53,581.47,15.24,3.68
1655,2024-12-04 18:22:54,581.83,15.24,3.68
1656,2024-12-04 18:22:54,582.14,15.24,3.68
1657,2024-12-04 18:22:54,582.48,15.24,3.68
1658,2024-12-04 18:22:55,582.84,15.24,3.68
1659,2024-12-04 18:22:55,583.20,15.24,3.68
1660,2024-12-04 18:22:55,583.54,15.24,3.68
1661,2024-12-04 18:22:56,583.89,15.24,3.68
1662,2024-12-04 18:22:56,584.26,15.24,3.68
1663,2024-12-04 18:22:56,584.61,15.24,3.68
1664,2024-12-04 18:22:57,584.97,15.24,3.68
1665,2024-12-04 18:22:57,585.33,15.24,3.68
1666,2024-12-04 18:22:57,585.67,15.24,3.68
1667,2024-12-04 18:22:58,586.01,15.24,3.68
1668,2024-12-04 18:22:58,586.36,15.24,3.68
1669,2024-12-04 18:22:58,586.72,15.24,3.68
1670,2024-12-04 18:22:59,587.06,15.24,3.68
1671,2024-12-04 18:22:59,587.39,15.24,3.68
1672,2024-12-04 18:23:00,587.75,15.24,3.68
1673,2024-12-04 18:23:00,588.11,15.24,3.68
1674,2024-12-04 18:23:00,588.46,15.24,3.68
1675,2024-12-04 18:23:01,588.82,15.24,3.68
1676,2024-12-04 18:23:01,589.18,15.24,3.68
1677,2024-12-04 18:23:01,589.54,15.24,3.68
1678,2024-12-04 18:23:02,589.89,15.24,3.68
1679,2024-12-04 18:23:02,590.25,15.24,3.68
1680,2024-12-04 18:23:02,590.60,15.24,3.68
1681,2024-12-04 18:23:03,590.94,15.24,3.68
1682,2024-12-04 18:23:03,591.30,15.24,3.68
1683,2024-12-04 18:23:03,591.65,15.24,3.68
1684,2024-12-04 18:23:04,591.99,15.24,3.68
1685,2024-12-04 18:23:04,592.34,15.24,3.68
1686,2024-12-04 18:23:04,592.70,15.24,3.68
1687,2024-12-04 18:23:05,593.02,15.24,3.68
1688,2024-12-04 18:23:05,593.37,15.24,3.68
1689,2024-12-04 18:23:05,593.71,15.24,3.68
1690,2024-12-04 18:23:06,594.05,15.24,3.68
1691,2024-12-04 18:23:06,594.40,15.24,3.68
1692,2024-12-04 18:23:07,594.76,15.24,3.68
1693,2024-12-04 18:23:07,595.11,15.24,3.68
1694,2024-12-04 18:23:07,595.46,15.24,3.68
1695,2024-12-04 18:23:08,595.82,15.24,3.68
1696,2024-12-04 18:23:08,596.18,15.24,3.68
1697,2024-12-04 18:23:08,596.55,15.24,3.68
1698,2024-12-04 18:23:09,596.89,15.24,3.68
1699,2024-12-04 18:23:09,597.24,15.24,3.68
1700,2024-12-04 18:23:09,597.58,15.24,3.68
1701,2024-12-04 18:23:10,597.95,15.24,3.68
1702,2024-12-04 18:23:10,598.31,15.24,3.68
1703,2024-12-04 18:23:10,598.66,15.24,3.68
1704,2024-12-04 18:23:11,599.00,15.24,3.68
1705,2024-12-04 18:23:11,599.32,15.24,3.68
1706,2024-12-04 18:23:11,599.65,15.24,3.68
1707,2024-12-04 18:23:12,600.00,15.24,3.68
1708,2024-12-04 18:23:12,600.35,15.24,3.68
1709,2024-12-04 18:23:12,600.70,15.24,3.68
1710,2024-12-04 18:23:13,601.05,15.24,3.68
1711,2024-12-04 18:23:13,601.41,15.24,3.68
1712,2024-12-04 18:23:14,601.75,15.24,3.68
1713,2024-12-04 18:23:14,602.10,15.24,3.68
1714,2024-12-04 18:23:14,602.45,15.24,3.68
1715,2024-12-04 18:23:15,602.81,15.24,3.68
1716,2024-12-04 18:23:15,603.15,15.24,3.68
1717,2024-12-04 18:23:15,603.51,15.24,3.68
1718,2024-12-04 18:23:16,603.87,15.24,3.68
1719,2024-12-04 18:23:16,604.23,15.24,3.68
1720,2024-12-04 18:23:16,604.59,15.24,3.68
1721,2024-12-04 18:23:17,604.95,15.24,3.68
1722,2024-12-04 18:23:17,605.30,15.24,3.68
1723,2024-12-04 18:23:17,605.67,15.24,3.68
1724,2024-12-04 18:23:18,606.03,15.24,3.68
1725,2024-12-04 18:23:18,606.39,15.24,3.68
1726,2024-12-04 18:23:19,606.74,15.24,3.68
1727,2024-12-04 18:23:19,607.10,15.24,3.68
1728,2024-12-04 18:23:19,607.47,15.24,3.68
1729,2024-12-04 18:23:20,607.83,15.24,3.68
1730,2024-12-04 18:23:20,608.19,15.24,3.68
1731,2024-12-04 18:23:20,608.55,15.24,3.68
1732,2024-12-04 18:23:21,608.91,15.24,3.68
1733,2024-12-04 18:23:21,609.25,15.24,3.68
1734,2024-12-04 18:23:21,609.61,15.24,3.68
1735,2024-12-04 18:23:22,609.98,15.24,3.68
1736,2024-12-04 18:23:22,610.33,15.24,3.68
1737,2024-12-04 18:23:22,610.68,15.24,3.68
1738,2024-12-04 18:23:23,611.04,15.24,3.68
1739,2024-12-04 18:23:23,611.39,15.24,3.68
1740,2024-12-04 18:23:24,611.74,15.24,3.68
1741,2024-12-04 18:23:24,612.07,15.24,3.68
1742,2024-12-04 18:23:24,612.42,15.24,3.68
1743,2024-12-04 18:23:25,612.76,15.24,3.68
1744,2024-12-04 18:23:25,613.12,15.24,3.68
1745,2024-12-04 18:23:25,613.47,15.24,3.68
1746,2024-12-04 18:23:26,613.81,15.24,3.68
1747,2024-12-04 18:23:26,614.14,15.24,3.68
1748,2024-12-04 18:23:26,614.50,15.24,3.68
1749,2024-12-04 18:23:27,614.86,15.24,3.68
1750,2024-12-04 18:23:27,615.23,15.24,3.68
1751,2024-12-04 18:23:27,615.57,15.24,3.68
1752,2024-12-04 18:23:28,615.91,15.24,3.68
1753,2024-12-04 18:23:28,616.26,15.24,3.68
1754,2024-12-04 18:23:28,616.61,15.24,3.68
1755,2024-12-04 18:23:29,616.96,15.24,3.68
1756,2024-12-04 18:23:29,617.31,15.24,3.68
1757,2024-12-04 18:23:29,617.67,15.24,3.68
1758,2024-12-04 18:23:30,618.03,15.24,3.68
1759,2024-12-04 18:23:30,618.39,15.24,3.68
1760,2024-12-04 18:23:31,618.74,15.24,3.68
1761,2024-12-04 18:23:31,619.08,15.24,3.68
1762,2024-12-04 18:23:31,619.43,15.24,3.68
1763,2024-12-04 18:23:32,619.77,15.24,3.68
1764,2024-12-04 18:23:32,620.12,15.24,3.68
1765,2024-12-04 18:23:32,620.48,15.24,3.68
1766,2024-12-04 18:23:33,620.82,15.24,3.68
1767,2024-12-04 18:23:33,621.17,15.24,3.68
1768,2024-12-04 18:23:33,621.53,15.24,3.68
1769,2024-12-04 18:23:34,621.89,15.24,3.68
1770,2024-12-04 18:23:34,622.23,15.24,3.68
1771,2024-12-04 18:23:34,622.59,15.24,3.68
1772,2024-12-04 18:23:35,622.95,15.24,3.68
1773,2024-12-04 18:23:35,623.31,15.24,3.68
1774,2024-12-04 18:23:35,623.66,15.24,3.68
1775,2024-12-04 18:23:36,624.02,15.24,3.68
1776,2024-12-04 18:23:36,624.38,15.24,3.68
1777,2024-12-04 18:23:37,624.75,15.24,3.68
1778,2024-12-04 18:23:37,625.10,15.24,3.68
1779,2024-12-04 18:23:37,625.45,15.24,3.68
1780,2024-12-04 18:23:38,625.80,15.24,3.68
1781,2024-12-04 18:23:38,626.15,15.24,3.68
1782,2024-12-04 18:23:38,626.50,15.24,3.68
1783,2024-12-04 18:23:39,626.85,15.24,3.68
1784,2024-12-04 18:23:39,627.19,15.24,3.68
1785,2024-12-04 18:23:39,627.53,15.24,3.68
1786,2024-12-04 18:23:40,627.85,15.24,3.68
1787,2024-12-04 18:23:40,628.18,15.24,3.68
1788,2024-12-04 18:23:40,628.53,15.24,3.68
1789,2024-12-04 18:23:41,628.87,15.24,3.68
1790,2024-12-04 18:23:41,629.22,15.24,3.68
1791,2024-12-04 18:23:41,629.57,15.24,3.68
1792,2024-12-04 18:23:42,629.92,15.24,3.68
1793,2024-12-04 18:23:42,630.27,15.24,3.68
1794,2024-12-04 18:23:42,630.63,15.24,3.68
1795,2024-12-04 18:23:43,630.98,15.24,3.68
1796,2024-12-04 18:23:43,631.35,15.24,3.68
1797,2024-12-04 18:23:43,631.71,15.24,3.68
1798,2024-12-04 18:23:44,632.06,15.24,3.68
1799,2024-12-04 18:23:44,632.39,15.24,3.68
1800,2024-12-04 18:23:45,632.73,15.24,3.68
1801,2024-12-04 18:23:45,633.08,15.24,3.68
1802,2024-12-04 18:23:45,633.43,15.24,3.68
1803,2024-12-04 18:23:46,633.79,15.24,3.68
1804,2024-12-04 18:23:46,634.15,15.24,3.68
1805,2024-12-04 18:23:46,634.51,15.24,3.68
1806,2024-12-04 18:23:47,634.87,15.24,3.68
1807,2024-12-04 18:23:47,635.22,15.24,3.68
1808,2024-12-04 18:23:47,635.56,15.24,3.68
1809,2024-12-04 18:23:48,635.90,15.24,3.68
1810,2024-12-04 18:23:48,636.25,15.24,3.68
1811,2024-12-04 18:23:48,636.60,15.24,3.68
1812,2024-12-04 18:23:49,636.95,15.24,3.68
1813,2024-12-04 18:23:49,637.29,15.24,3.68
1814,2024-12-04 18:23:49,637.62,15.24,3.68
1815,2024-12-04 18:23:50,637.99,15.24,3.68
1816,2024-12-04 18:23:50,638.32,15.24,3.68
1817,2024-12-04 18:23:50,638.65,15.24,3.68
1818,2024-12-04 18:23:51,639.00,15.24,3.68
1819,2024-12-04 18:23:51,639.35,15.24,3.68
1820,2024-12-04 18:23:51,639.69,15.24,3.68
1821,2024-12-04 18:23:52,640.05,15.24,3.68
1822,2024-12-04 18:23:52,640.39,15.24,3.68
1823,2024-12-04 18:23:53,640.73,15.24,3.68
1824,2024-12-04 18:23:53,641.09,15.24,3.68
1825,2024-12-04 18:23:53,641.45,15.24,3.68
1826,2024-12-04 18:23:54,641.81,15.24,3.68
1827,2024-12-04 18:23:54,642.16,15.24,3.68
1828,2024-12-04 18:23:54,642.52,15.24,3.68
1829,2024-12-04 18:23:55,642.87,15.24,3.68
1830,2024-12-04 18:23:55,643.20,15.24,3.68
1831,2024-12-04 18:23:55,643.55,15.24,3.68
1832,2024-12-04 18:23:56,643.90,15.24,3.68
1833,2024-12-04 18:23:56,644.24,15.24,3.68
1834,2024-12-04 18:23:56,644.58,15.24,3.68
1835,2024-12-04 18:23:57,644.94,15.24,3.68
1836,2024-12-04 18:23:57,645.30,15.24,3.68
1837,2024-12-04 18:23:57,645.66,15.24,3.68
1838,2024-12-04 18:23:58,646.02,15.24,3.68
1839,2024-12-04 18:23:58,646.39,15.24,3.68
1840,2024-12-04 18:23:59,646.76,15.24,3.68
1841,2024-12-04 18:23:59,647.12,15.24,3.68
1842,2024-12-04 18:23:59,647.47,15.24,3.68
1843,2024-12-04 18:24:00,647.83,15.24,3.68
1844,2024-12-04 18:24:00,648.19,15.24,3.68
1845,2024-12-04 18:24:00,648.54,15.24,3.68
1846,2024-12-04 18:24:01,648.88,15.24,3.68
1847,2024-12-04 18:24:01,649.23,15.24,3.68
1848,2024-12-04 18:24:01,649.58,15.24,3.68
1849,2024-12-04 18:24:02,649.94,15.24,3.68
1850,2024-12-04 18:24:02,650.30,15.24,3.68
1851,2024-12-04 18:24:02,650.66,15.24,3.68
1852,2024-12-04 18:24:03,651.00,15.24,3.68
1853,2024-12-04 18:24:03,651.35,15.24,3.68
1854,2024-12-04 18:24:03,651.70,15.24,3.68
1855,2024-12-04 18:24:04,652.07,15.24,3.68
1856,2024-12-04 18:24:04,652.43,15.24,3.68
1857,2024-12-04 18:24:05,652.79,15.24,3.68
1858,2024-12-04 18:24:05,653.14,15.24,3.68
1859,2024-12-04 18:24:05,653.47,15.24,3.68
1860,2024-12-04 18:24:06,653.80,15.24,3.68
1861,2024-12-04 18:24:06,654.16,15.24,3.68
1862,2024-12-04 18:24:06,654.52,15.24,3.68
1863,2024-12-04 18:24:07,654.88,15.24,3.68
1864,2024-12-04 18:24:07,655.24,15.24,3.68
1865,2024-12-04 18:24:07,655.60,15.24,3.68
1866,2024-12-04 18:24:08,655.96,15.24,3.68
1867,2024-12-04 18:24:08,656.31,15.24,3.68
1868,2024-12-04 18:24:08,656.66,15.24,3.68
1869,2024-12-04 18:24:09,657.01,15.24,3.68
1870,2024-12-04 18:24:09,657.36,15.24,3.68
1871,2024-12-04 18:24:09,657.71,15.24,3.68
1872,2024-12-04 18:24:10,658.07,15.24,3.68
1873,2024-12-04 18:24:10,658.43,15.24,3.68
1874,2024-12-04 18:24:11,658.76,15.24,3.68
1875,2024-12-04 18:24:11,659.10,15.24,3.68
1876,2024-12-04 18:24:11,659.44,15.24,3.68
1877,2024-12-04 18:24:12,659.79,15.24,3.68
1878,2024-12-04 18:24:12,660.14,15.24,3.68
1879,2024-12-04 18:24:12,660.50,15.24,3.68
1880,2024-12-04 18:24:13,660.85,15.24,3.68
1881,2024-12-04 18:24:13,661.20,15.24,3.68
1882,2024-12-04 18:24:13,661.57,15.24,3.68
1883,2024-12-04 18:24:14,661.92,15.24,3.68
1884,2024-12-04 18:24:14,662.28,15.24,3.68
1885,2024-12-04 18:24:14,662.62,15.24,3.68
1886,2024-12-04 18:24:15,662.96,15.24,3.68
1887,2024-12-04 18:24:15,663.30,15.24,3.68
1888,2024-12-04 18:24:15,663.66,15.24,3.68
1889,2024-12-04 18:24:16,664.02,15.24,3.68
1890,2024-12-04 18:24:16,664.37,15.24,3.68
1891,2024-12-04 18:24:17,664.74,15.24,3.68
1892,2024-12-04 18:24:17,665.10,15.24,3.68
1893,2024-12-04 18:24:17,665.45,15.24,3.68
1894,2024-12-04 18:24:18,665.79,15.24,3.68
1895,2024-12-04 18:24:18,666.14,15.24,3.68
1896,2024-12-04 18:24:18,666.48,15.24,3.68
1897,2024-12-04 18:24:19,666.83,15.24,3.68
1898,2024-12-04 18:24:19,667.19,15.24,3.68
1899,2024-12-04 18:24:19,667.52,15.24,3.68
1900,2024-12-04 18:24:20,667.88,15.24,3.68
1901,2024-12-04 18:24:20,668.23,15.24,3.68
1902,2024-12-04 18:24:20,668.58,15.24,3.68
1903,2024-12-04 18:24:21,668.94,15.24,3.68
1904,2024-12-04 18:24:21,669.30,15.24,3.68
1905,2024-12-04 18:24:21,669.63,15.24,3.68
1906,2024-12-04 18:24:22,669.96,15.24,3.68
1907,2024-12-04 18:24:22,670.30,15.24,3.68
1908,2024-12-04 18:24:22,670.64,15.24,3.68
1909,2024-12-04 18:24:23,670.99,15.24,3.68
1910,2024-12-04 18:24:23,671.33,15.24,3.68
1911,2024-12-04 18:24:23,671.66,15.24,3.68
1912,2024-12-04 18:24:24,672.00,15.24,3.68
1913,2024-12-04 18:24:24,672.33,15.24,3.68
1914,2024-12-04 18:24:24,672.68,15.24,3.68
1915,2024-12-04 18:24:25,673.00,15.24,3.68
1916,2024-12-04 18:24:25,673.35,15.24,3.68
1917,2024-12-04 18:24:25,673.69,15.24,3.68
1918,2024-12-04 18:24:26,674.04,15.24,3.68
1919,2024-12-04 18:24:26,674.39,15.24,3.68
1920,2024-12-04 18:24:26,674.73,15.24,3.68
1921,2024-12-04 18:24:27,675.07,15.24,3.68
1922,2024-12-04 18:24:27,675.42,15.24,3.68
1923,2024-12-04 18:24:28,675.79,15.24,3.68
1924,2024-12-04 18:24:28,676.14,15.24,3.68
1925,2024-12-04 18:24:28,676.49,15.24,3.68
1926,2024-12-04 18:24:29,676.86,15.24,3.68
1927,2024-12-04 18:24:29,677.20,15.24,3.68
1928,2024-12-04 18:24:29,677.56,15.24,3.68
1929,2024-12-04 18:24:30,677.92,15.24,3.68
1930,2024-12-04 18:24:30,678.28,15.24,3.68
1931,2024-12-04 18:24:30,678.64,15.24,3.68
1932,2024-12-04 18:24:31,678.97,15.24,3.68
1933,2024-12-04 18:24:31,679.31,15.24,3.68
1934,2024-12-04 18:24:31,679.67,15.24,3.68
1935,2024-12-04 18:24:32,680.02,15.24,3.68
1936,2024-12-04 18:24:32,680.38,15.24,3.68
1937,2024-12-04 18:24:33,680.73,15.24,3.68
1938,2024-12-04 18:24:33,681.09,15.24,3.68
1939,2024-12-04 18:24:33,681.44,15.24,3.68
1940,2024-12-04 18:24:34,681.79,15.24,3.68
1941,2024-12-04 18:24:34,682.15,15.24,3.68
1942,2024-12-04 18:24:34,682.49,15.24,3.68
1943,2024-12-04 18:24:35,682.84,15.24,3.68
1944,2024-12-04 18:24:35,683.19,15.24,3.68
1945,2024-12-04 18:24:35,683.54,15.24,3.68
1946,2024-12-04 18:24:36,683.89,15.24,3.68
1947,2024-12-04 18:24:36,684.24,15.24,3.68
1948,2024-12-04 18:24:36,684.58,15.24,3.68
1949,2024-12-04 18:24:37,684.92,15.24,3.68
1950,2024-12-04 18:24:37,685.26,15.24,3.68
1951,2024-12-04 18:24:37,685.62,15.24,3.68
1952,2024-12-04 18:24:38,685.98,15.24,3.68
1953,2024-12-04 18:24:38,686.33,15.24,3.68
1954,2024-12-04 18:24:38,686.68,15.24,3.68
1955,2024-12-04 18:24:39,687.03,15.24,3.68
1956,2024-12-04 18:24:39,687.39,15.24,3.68
1957,2024-12-04 18:24:40,687.75,15.24,3.68
1958,2024-12-04 18:24:40,688.11,15.24,3.68
1959,2024-12-04 18:24:40,688.47,15.24,3.68
1960,2024-12-04 18:24:41,688.84,15.24,3.68
1961,2024-12-04 18:24:41,689.17,15.24,3.68
1962,2024-12-04 18:24:41,689.53,15.24,3.68
1963,2024-12-04 18:24:42,689.88,15.24,3.68
1964,2024-12-04 18:24:42,690.23,15.24,3.68
1965,2024-12-04 18:24:42,690.58,15.24,3.68
1966,2024-12-04 18:24:43,690.90,15.24,3.68
1967,2024-12-04 18:24:43,691.22,15.24,3.68
1968,2024-12-04 18:24:43,691.56,15.24,3.68
1969,2024-12-04 18:24:44,691.89,15.24,3.68
1970,2024-12-04 18:24:44,692.24,15.24,3.68
1971,2024-12-04 18:24:44,692.59,15.24,3.68
1972,2024-12-04 18:24:45,692.95,15.24,3.68
1973,2024-12-04 18:24:45,693.30,15.24,3.68
1974,2024-12-04 18:24:45,693.64,15.24,3.68
1975,2024-12-04 18:24:46,693.98,15.24,3.68
1976,2024-12-04 18:24:46,694.32,15.24,3.68
1977,2024-12-04 18:24:46,694.66,15.24,3.68
1978,2024-12-04 18:24:47,695.01,15.24,3.68
1979,2024-12-04 18:24:47,695.36,15.24,3.68
1980,2024-12-04 18:24:47,695.73,15.24,3.68
1981,2024-12-04 18:24:48,696.07,15.24,3.68
1982,2024-12-04 18:24:48,696.42,15.24,3.68
1983,2024-12-04 18:24:49,696.78,15.24,3.68
1984,2024-12-04 18:24:49,697.13,15.24,3.68
1985,2024-12-04 18:24:49,697.49,15.24,3.68
1986,2024-12-04 18:24:50,697.85,15.24,3.68
1987,2024-12-04 18:24:50,698.21,15.24,3.68
1988,2024-12-04 18:24:50,698.55,15.24,3.68
1989,2024-12-04 18:24:51,698.89,15.24,3.68
1990,2024-12-04 18:24:51,699.25,15.24,3.68
1991,2024-12-04 18:24:51,699.59,15.24,3.68
1992,2024-12-04 18:24:52,699.94,15.24,3.68
1993,2024-12-04 18:24:52,700.28,15.24,3.68
1994,2024-12-04 18:24:52,700.63,15.24,3.68
1995,2024-12-04 18:24:53,700.98,15.24,3.68
1996,2024-12-04 18:24:53,701.33,15.24,3.68
1997,2024-12-04 18:24:53,701.69,15.24,3.68
1998,2024-12-04 18:24:54,702.05,15.24,3.68
1999,2024-12-04 18:24:54,702.39,15.24,3.68
2000,2024-12-04 18:24:55,702.74,15.24,3.68
2001,2024-12-04 18:24:55,703.08,15.24,3.68
2002,2024-12-04 18:24:55,703.42,15.24,3.68
2003,2024-12-04 18:24:56,703.77,15.24,3.68
2004,2024-12-04 18:24:56,704.13,15.24,3.68
2005,2024-12-04 18:24:56,704.49,15.24,3.68
2006,2024-12-04 18:24:57,704.86,15.24,3.68
2007,2024-12-04 18:24:57,705.21,15.24,3.68
2008,2024-12-04 18:24:57,705.55,15.24,3.68
2009,2024-12-04 18:24:58,705.90,15.24,3.68
2010,2024-12-04 18:24:58,706.25,15.24,3.68
2011,2024-12-04 18:24:58,706.59,15.24,3.68
2012,2024-12-04 18:24:59,706.95,15.24,3.68
2013,2024-12-04 18:24:59,707.28,15.24,3.68
2014,2024-12-04 18:24:59,707.60,15.24,3.68
2015,2024-12-04 18:25:00,707.96,15.24,3.68
2016,2024-12-04 18:25:00,708.32,15.24,3.68
2017,2024-12-04 18:25:00,708.67,15.24,3.68
2018,2024-12-04 18:25:01,709.02,15.24,3.68
2019,2024-12-04 18:25:01,709.36,15.24,3.68
2020,2024-12-04 18:25:01,709.71,15.24,3.68
2021,2024-12-04 18:25:02,710.05,15.24,3.68
2022,2024-12-04 18:25:02,710.38,15.24,3.68
2023,2024-12-04 18:25:03,710.74,15.24,3.68
2024,2024-12-04 18:25:03,711.09,15.24,3.68
2025,2024-12-04 18:25:03,711.43,15.24,3.68
2026,2024-12-04 18:25:04,711.79,15.24,3.68
2027,2024-12-04 18:25:04,712.14,15.24,3.68
2028,2024-12-04 18:25:04,712.48,15.24,3.68
2029,2024-12-04 18:25:05,712.84,15.24,3.68
2030,2024-12-04 18:25:05,713.19,15.24,3.68
2031,2024-12-04 18:25:05,713.55,15.24,3.68
2032,2024-12-04 18:25:06,713.90,15.24,3.68
2033,2024-12-04 18:25:06,714.26,15.24,3.68
2034,2024-12-04 18:25:06,714.60,15.24,3.68
2035,2024-12-04 18:25:07,714.96,15.24,3.68
2036,2024-12-04 18:25:07,715.31,15.24,3.68
2037,2024-12-04 18:25:07,715.67,15.24,3.68
2038,2024-12-04 18:25:08,716.02,15.24,3.68
2039,2024-12-04 18:25:08,716.39,15.24,3.68
2040,2024-12-04 18:25:09,716.75,15.24,3.68
2041,2024-12-04 18:25:09,717.10,15.24,3.68
2042,2024-12-04 18:25:09,717.44,15.24,3.68
2043,2024-12-04 18:25:10,717.79,15.24,3.68
2044,2024-12-04 18:25:10,718.16,15.24,3.68
2045,2024-12-04 18:25:10,718.52,15.24,3.68
2046,2024-12-04 18:25:11,718.88,15.24,3.68
2047,2024-12-04 18:25:11,719.23,15.24,3.68
2048,2024-12-04 18:25:11,719.58,15.24,3.68
2049,2024-12-04 18:25:12,719.94,15.24,3.68
2050,2024-12-04 18:25:12,720.29,15.24,3.68
2051,2024-12-04 18:25:12,720.63,15.24,3.68
2052,2024-12-04 18:25:13,720.98,15.24,3.68
2053,2024-12-04 18:25:13,721.34,15.24,3.68
2054,2024-12-04 18:25:13,721.70,15.24,3.68
2055,2024-12-04 18:25:14,722.06,15.24,3.68
2056,2024-12-04 18:25:14,722.42,15.24,3.68
2057,2024-12-04 18:25:15,722.76,15.24,3.68
2058,2024-12-04 18:25:15,723.10,15.24,3.68
2059,2024-12-04 18:25:15,723.47,15.24,3.68
2060,2024-12-04 18:25:16,723.82,15.24,3.68
2061,2024-12-04 18:25:16,724.17,15.24,3.68
2062,2024-12-04 18:25:16,724.53,15.24,3.68
2063,2024-12-04 18:25:17,724.89,15.24,3.68
2064,2024-12-04 18:25:17,725.24,15.24,3.68
2065,2024-12-04 18:25:17,725.59,15.24,3.68
2066,2024-12-04 18:25:18,725.95,15.24,3.68
2067,2024-12-04 18:25:18,726.31,15.24,3.68
2068,2024-12-04 18:25:18,726.67,15.24,3.68
2069,2024-12-04 18:25:19,727.01,15.24,3.68
2070,2024-12-04 18:25:19,727.36,15.24,3.68
2071,2024-12-04 18:25:19,727.68,15.24,3.68
2072,2024-12-04 18:25:20,728.02,15.24,3.68
2073,2024-12-04 18:25:20,728.38,15.24,3.68
2074,2024-12-04 18:25:21,728.75,15.24,3.68
2075,2024-12-04 18:25:21,729.11,15.24,3.68
2076,2024-12-04 18:25:21,729.45,15.24,3.68
2077,2024-12-04 18:25:22,729.80,15.24,3.68
2078,2024-12-04 18:25:22,730.16,15.24,3.68
2079,2024-12-04 18:25:22,730.51,15.24,3.68
2080,2024-12-04 18:25:23,730.87,15.24,3.68
2081,2024-12-04 18:25:23,731.23,15.24,3.68
2082,2024-12-04 18:25:23,731.58,15.24,3.68
2083,2024-12-04 18:25:24,731.92,15.24,3.68
2084,2024-12-04 18:25:24,732.27,15.24,3.68
2085,2024-12-04 18:25:24,732.64,15.24,3.68
2086,2024-12-04 18:25:25,733.00,15.24,3.68
2087,2024-12-04 18:25:25,733.35,15.24,3.68
2088,2024-12-04 18:25:25,733.71,15.24,3.68
2089,2024-12-04 18:25:26,734.07,15.24,3.68
2090,2024-12-04 18:25:26,734.44,15.24,3.68
2091,2024-12-04 18:25:27,734.77,15.24,3.68
2092,2024-12-04 18:25:27,735.13,15.24,3.68
2093,2024-12-04 18:25:27,735.48,15.24,3.68
2094,2024-12-04 18:25:28,735.82,15.24,3.68
2095,2024-12-04 18:25:28,736.18,15.24,3.68
2096,2024-12-04 18:25:28,736.53,15.24,3.68
2097,2024-12-04 18:25:29,736.89,15.24,3.68
2098,2024-12-04 18:25:29,737.25,15.24,3.68
2099,2024-12-04 18:25:29,737.60,15.24,3.68
2100,2024-12-04 18:25:30,737.96,15.24,3.68
2101,2024-12-04 18:25:30,738.32,15.24,3.68
2102,2024-12-04 18:25:30,738.66,15.24,3.68
2103,2024-12-04 18:25:31,739.00,15.24,3.68
2104,2024-12-04 18:25:31,739.33,15.24,3.68
2105,2024-12-04 18:25:31,739.67,15.24,3.68
2106,2024-12-04 18:25:32,740.02,15.24,3.68
2107,2024-12-04 18:25:32,740.37,15.24,3.68
2108,2024-12-04 18:25:33,740.73,15.24,3.68
2109,2024-12-04 18:25:33,741.09,15.24,3.68
2110,2024-12-04 18:25:33,741.44,15.24,3.68
2111,2024-12-04 18:25:34,741.80,15.24,3.68
2112,2024-12-04 18:25:34,742.16,15.24,3.68
2113,2024-12-04 18:25:34,742.51,15.24,3.68
2114,2024-12-04 18:25:35,742.85,15.24,3.68
2115,2024-12-04 18:25:35,743.20,15.24,3.68
2116,2024-12-04 18:25:35,743.54,15.24,3.68
2117,2024-12-04 18:25:36,743.89,15.24,3.68
2118,2024-12-04 18:25:36,744.23,15.24,3.68
2119,2024-12-04 18:25:36,744.58,15.24,3.68
2120,2024-12-04 18:25:37,744.95,15.24,3.68
2121,2024-12-04 18:25:37,745.31,15.24,3.68
2122,2024-12-04 18:25:37,745.66,15.24,3.68
2123,2024-12-04 18:25:38,746.00,15.24,3.68
2124,2024-12-04 18:25:38,746.35,15.24,3.68
2125,2024-12-04 18:25:38,746.68,15.24,3.68
2126,2024-12-04 18:25:39,747.03,15.24,3.68
2127,2024-12-04 18:25:39,747.38,15.24,3.68
2128,2024-12-04 18:25:39,747.72,15.24,3.68
2129,2024-12-04 18:25:40,748.09,15.24,3.68
2130,2024-12-04 18:25:40,748.45,15.24,3.68
2131,2024-12-04 18:25:41,748.78,15.24,3.68
2132,2024-12-04 18:25:41,749.14,15.24,3.68
2133,2024-12-04 18:25:41,749.47,15.24,3.68
2134,2024-12-04 18:25:42,749.81,15.24,3.68
2135,2024-12-04 18:25:42,750.15,15.24,3.68
2136,2024-12-04 18:25:42,750.49,15.24,3.68
2137,2024-12-04 18:25:43,750.85,15.24,3.68
2138,2024-12-04 18:25:43,751.21,15.24,3.68
2139,2024-12-04 18:25:43,751.56,15.24,3.68
2140,2024-12-04 18:25:44,751.90,15.24,3.68
2141,2024-12-04 18:25:44,752.25,15.24,3.68
2142,2024-12-04 18:25:44,752.61,15.24,3.68
2143,2024-12-04 18:25:45,752.97,15.24,3.68
2144,2024-12-04 18:25:45,753.33,15.24,3.68
2145,2024-12-04 18:25:45,753.66,15.24,3.68
2146,2024-12-04 18:25:46,754.02,15.24,3.68
2147,2024-12-04 18:25:46,754.37,15.24,3.68
2148,2024-12-04 18:25:47,754.73,15.24,3.68
2149,2024-12-04 18:25:47,755.09,15.24,3.68
2150,2024-12-04 18:25:47,755.44,15.24,3.68
2151,2024-12-04 18:25:48,755.79,15.24,3.68
2152,2024-12-04 18:25:48,756.14,15.24,3.68
2153,2024-12-04 18:25:48,756.49,15.24,3.68
2154,2024-12-04 18:25:49,756.86,15.24,3.68
2155,2024-12-04 18:25:49,757.23,15.24,3.68
2156,2024-12-04 18:25:49,757.56,15.24,3.68
2157,2024-12-04 18:25:50,757.91,15.24,3.68
2158,2024-12-04 18:25:50,758.25,15.24,3.68
2159,2024-12-04 18:25:50,758.59,15.24,3.68
2160,2024-12-04 18:25:51,758.95,15.24,3.68
2161,2024-12-04 18:25:51,759.30,15.24,3.68
2162,2024-12-04 18:25:51,759.64,15.24,3.68
2163,2024-12-04 18:25:52,760.00,15.24,3.68
2164,2024-12-04 18:25:52,760.35,15.24,3.68
2165,2024-12-04 18:25:52,760.71,15.24,3.68
2166,2024-12-04 18:25:53,761.07,15.24,3.68
2167,2024-12-04 18:25:53,761.42,15.24,3.68
2168,2024-12-04 18:25:54,761.77,15.24,3.68
2169,2024-12-04 18:25:54,762.12,15.24,3.68
2170,2024-12-04 18:25:54,762.47,15.24,3.68
2171,2024-12-04 18:25:55,762.82,15.24,3.68
2172,2024-12-04 18:25:55,763.17,15.24,3.68
2173,2024-12-04 18:25:55,763.53,15.24,3.68
2174,2024-12-04 18:25:56,763.88,15.24,3.68
2175,2024-12-04 18:25:56,764.23,15.24,3.68
2176,2024-12-04 18:25:56,764.60,15.24,3.68
2177,2024-12-04 18:25:57,764.96,15.24,3.68
2178,2024-12-04 18:25:57,765.32,15.24,3.68
2179,2024-12-04 18:25:57,765.68,15.24,3.68
2180,2024-12-04 18:25:58,766.03,15.24,3.68
2181,2024-12-04 18:25:58,766.37,15.24,3.68
2182,2024-12-04 18:25:58,766.71,15.24,3.68
2183,2024-12-04 18:25:59,767.05,15.24,3.68
2184,2024-12-04 18:25:59,767.40,15.24,3.68
2185,2024-12-04 18:26:00,767.75,15.24,3.68
2186,2024-12-04 18:26:00,768.10,15.24,3.68
2187,2024-12-04 18:26:00,768.43,15.24,3.68
2188,2024-12-04 18:26:01,768.77,15.24,3.68
2189,2024-12-04 18:26:01,769.12,15.24,3.68
2190,2024-12-04 18:26:01,769.49,15.24,3.68
2191,2024-12-04 18:26:02,769.85,15.24,3.68
2192,2024-12-04 18:26:02,770.19,15.24,3.68
2193,2024-12-04 18:26:02,770.52,15.24,3.68
2194,2024-12-04 18:26:03,770.88,15.24,3.68
2195,2024-12-04 18:26:03,771.24,15.24,3.68
2196,2024-12-04 18:26:03,771.60,15.24,3.68
2197,2024-12-04 18:26:04,771.95,15.24,3.68
2198,2024-12-04 18:26:04,772.31,15.24,3.68
2199,2024-12-04 18:26:04,772.67,15.24,3.68
2200,2024-12-04 18:26:05,773.02,15.24,3.68
2201,2024-12-04 18:26:05,773.38,15.24,3.68
2202,2024-12-04 18:26:05,773.73,15.24,3.68
2203,2024-12-04 18:26:06,774.08,15.24,3.68
2204,2024-12-04 18:26:06,774.45,15.24,3.68
2205,2024-12-04 18:26:07,774.81,15.24,3.68
2206,2024-12-04 18:26:07,775.17,15.24,3.68
2207,2024-12-04 18:26:07,775.54,15.24,3.68
2208,2024-12-04 18:26:08,775.90,15.24,3.68
2209,2024-12-04 18:26:08,776.27,15.24,3.68
2210,2024-12-04 18:26:08,776.61,15.24,3.68
2211,2024-12-04 18:26:09,776.97,15.24,3.68
2212,2024-12-04 18:26:09,777.30,15.24,3.68
2213,2024-12-04 18:26:09,777.65,15.24,3.68
2214,2024-12-04 18:26:10,777.98,15.24,3.68
2215,2024-12-04 18:26:10,778.31,15.24,3.68
2216,2024-12-04 18:26:10,778.66,15.24,3.68
2217,2024-12-04 18:26:11,779.01,15.24,3.68
2218,2024-12-04 18:26:11,779.36,15.24,3.68
2219,2024-12-04 18:26:11,779.71,15.24,3.68
2220,2024-12-04 18:26:12,780.08,15.24,3.68
2221,2024-12-04 18:26:12,780.41,15.24,3.68
2222,2024-12-04 18:26:13,780.76,15.24,3.68
2223,2024-12-04 18:26:13,781.09,15.24,3.68
2224,2024-12-04 18:26:13,781.45,15.24,3.68
2225,2024-12-04 18:26:14,781.81,15.24,3.68
2226,2024-12-04 18:26:14,782.17,15.24,3.68
2227,2024-12-04 18:26:14,782.51,15.24,3.68
2228,2024-12-04 18:26:15,782.87,15.24,3.68
2229,2024-12-04 18:26:15,783.22,15.24,3.68
2230,2024-12-04 18:26:15,783.56,15.24,3.68
2231,2024-12-04 18:26:16,783.92,15.24,3.68
2232,2024-12-04 18:26:16,784.27,15.24,3.68
2233,2024-12-04 18:26:16,784.62,15.24,3.68
2234,2024-12-04 18:26:17,784.96,15.24,3.68
2235,2024-12-04 18:26:17,785.31,15.24,3.68
2236,2024-12-04 18:26:17,785.68,15.24,3.68
2237,2024-12-04 18:26:18,786.01,15.24,3.68
2238,2024-12-04 18:26:18,786.37,15.24,3.68
2239,2024-12-04 18:26:19,786.73,15.24,3.68
2240,2024-12-04 18:26:19,787.08,15.24,3.68
2241,2024-12-04 18:26:19,787.44,15.24,3.68
2242,2024-12-04 18:26:20,787.80,15.24,3.68
2243,2024-12-04 18:26:20,788.16,15.24,3.68
2244,2024-12-04 18:26:20,788.51,15.24,3.68
2245,2024-12-04 18:26:21,788.88,15.24,3.68
2246,2024-12-04 18:26:21,789.23,15.24,3.68
2247,2024-12-04 18:26:21,789.59,15.24,3.68
2248,2024-12-04 18:26:22,789.95,15.24,3.68
2249,2024-12-04 18:26:22,790.32,15.24,3.68
2250,2024-12-04 18:26:22,790.68,15.24,3.68
2251,2024-12-04 18:26:23,791.03,15.24,3.68
2252,2024-12-04 18:26:23,791.36,15.24,3.68
2253,2024-12-04 18:26:23,791.70,15.24,3.68
2254,2024-12-04 18:26:24,792.05,15.24,3.68
2255,2024-12-04 18:26:24,792.40,15.24,3.68
2256,2024-12-04 18:26:25,792.75,15.24,3.68
2257,2024-12-04 18:26:25,793.09,15.24,3.68
2258,2024-12-04 18:26:25,793.44,15.24,3.68
2259,2024-12-04 18:26:26,793.80,15.24,3.68
2260,2024-12-04 18:26:26,794.16,15.24,3.68
2261,2024-12-04 18:26:26,794.52,15.24,3.68
2262,2024-12-04 18:26:27,794.89,15.24,3.68
2263,2024-12-04 18:26:27,795.25,15.24,3.68
2264,2024-12-04 18:26:27,795.61,15.24,3.68
2265,2024-12-04 18:26:28,795.98,15.24,3.68
2266,2024-12-04 18:26:28,796.32,15.24,3.68
2267,2024-12-04 18:26:28,796.68,15.24,3.68
2268,2024-12-04 18:26:29,797.04,15.24,3.68
2269,2024-12-04 18:26:29,797.39,15.24,3.68
2270,2024-12-04 18:26:29,797.71,15.24,3.68
2271,2024-12-04 18:26:30,798.05,15.24,3.68
2272,2024-12-04 18:26:30,798.40,15.24,3.68
2273,2024-12-04 18:26:31,798.76,15.24,3.68
2274,2024-12-04 18:26:31,799.10,15.24,3.68
2275,2024-12-04 18:26:31,799.45,15.24,3.68
2276,2024-12-04 18:26:32,799.81,15.24,3.68
2277,2024-12-04 18:26:32,800.17,15.24,3.68
2278,2024-12-04 18:26:32,800.52,15.24,3.68
2279,2024-12-04 18:26:33,800.87,15.24,3.68
2280,2024-12-04 18:26:33,801.23,15.24,3.68
2281,2024-12-04 18:26:33,801.57,15.24,3.68
2282,2024-12-04 18:26:34,801.91,15.24,3.68
2283,2024-12-04 18:26:34,802.24,15.24,3.68
2284,2024-12-04 18:26:34,802.58,15.24,3.68
2285,2024-12-04 18:26:35,802.94,15.24,3.68
2286,2024-12-04 18:26:35,803.28,15.24,3.68
2287,2024-12-04 18:26:35,803.63,15.24,3.68
2288,2024-12-04 18:26:36,803.98,15.24,3.68
2289,2024-12-04 18:26:36,804.34,15.24,3.68
2290,2024-12-04 18:26:36,804.69,15.24,3.68
2291,2024-12-04 18:26:37,805.05,15.24,3.68
2292,2024-12-04 18:26:37,805.40,15.24,3.68
2293,2024-12-04 18:26:38,805.76,15.24,3.68
2294,2024-12-04 18:26:38,806.10,15.24,3.68
2295,2024-12-04 18:26:38,806.45,15.24,3.68
2296,2024-12-04 18:26:39,806.80,15.24,3.68
2297,2024-12-04 18:26:39,807.15,15.24,3.68
2298,2024-12-04 18:26:39,807.51,15.24,3.68
2299,2024-12-04 18:26:40,807.85,15.24,3.68
2300,2024-12-04 18:26:40,808.20,15.24,3.68
2301,2024-12-04 18:26:40,808.55,15.24,3.68
2302,2024-12-04 18:26:41,808.90,15.24,3.68
2303,2024-12-04 18:26:41,809.26,15.24,3.68
2304,2024-12-04 18:26:41,809.61,15.24,3.68
2305,2024-12-04 18:26:42,809.96,15.24,3.68
2306,2024-12-04 18:26:42,810.33,15.24,3.68
2307,2024-12-04 18:26:42,810.69,15.24,3.68
2308,2024-12-04 18:26:43,811.03,15.24,3.68
2309,2024-12-04 18:26:43,811.37,15.24,3.68
2310,2024-12-04 18:26:43,811.72,15.24,3.68
2311,2024-12-04 18:26:44,812.07,15.24,3.68
2312,2024-12-04 18:26:44,812.42,15.24,3.68
2313,2024-12-04 18:26:45,812.78,15.24,3.68
2314,2024-12-04 18:26:45,813.12,15.24,3.68
2315,2024-12-04 18:26:45,813.48,15.24,3.68
2316,2024-12-04 18:26:46,813.84,15.24,3.68
2317,2024-12-04 18:26:46,814.19,15.24,3.68
2318,2024-12-04 18:26:46,814.52,15.24,3.68
2319,2024-12-04 18:26:47,814.87,15.24,3.68
2320,2024-12-04 18:26:47,815.21,15.24,3.68
2321,2024-12-04 18:26:47,815.56,15.24,3.68
2322,2024-12-04 18:26:48,815.93,15.24,3.68
2323,2024-12-04 18:26:48,816.29,15.24,3.68
2324,2024-12-04 18:26:48,816.65,15.24,3.68
2325,2024-12-04 18:26:49,817.01,15.24,3.68
2326,2024-12-04 18:26:49,817.36,15.24,3.68
2327,2024-12-04 18:26:49,817.72,15.24,3.68
2328,2024-12-04 18:26:50,818.08,15.24,3.68
2329,2024-12-04 18:26:50,818.44,15.24,3.68
2330,2024-12-04 18:26:51,818.79,15.24,3.68
2331,2024-12-04 18:26:51,819.15,15.24,3.68
2332,2024-12-04 18:26:51,819.51,15.24,3.68
2333,2024-12-04 18:26:52,819.86,15.24,3.68
2334,2024-12-04 18:26:52,820.21,15.24,3.68
2335,2024-12-04 18:26:52,820.57,15.24,3.68
2336,2024-12-04 18:26:53,820.92,15.24,3.68
2337,2024-12-04 18:26:53,821.25,15.24,3.68
2338,2024-12-04 18:26:53,821.61,15.24,3.68
2339,2024-12-04 18:26:54,821.95,15.24,3.68
2340,2024-12-04 18:26:54,822.29,15.24,3.68
2341,2024-12-04 18:26:54,822.62,15.24,3.68
2342,2024-12-04 18:26:55,822.94,15.24,3.68
2343,2024-12-04 18:26:55,823.27,15.24,3.68
2344,2024-12-04 18:26:55,823.62,15.24,3.68
2345,2024-12-04 18:26:56,823.97,15.24,3.68
2346,2024-12-04 18:26:56,824.32,15.24,3.68
2347,2024-12-04 18:26:56,824.69,15.24,3.68
2348,2024-12-04 18:26:57,825.04,15.24,3.68
2349,2024-12-04 18:26:57,825.39,15.24,3.68
2350,2024-12-04 18:26:58,825.76,15.24,3.68
2351,2024-12-04 18:26:58,826.10,15.24,3.68
2352,2024-12-04 18:26:58,826.44,15.24,3.68
2353,2024-12-04 18:26:59,826.79,15.24,3.68
2354,2024-12-04 18:26:59,827.15,15.24,3.68
2355,2024-12-04 18:26:59,827.50,15.24,3.68
2356,2024-12-04 18:27:00,827.84,15.24,3.68
2357,2024-12-04 18:27:00,828.19,15.24,3.68
2358,2024-12-04 18:27:00,828.55,15.24,3.68
2359,2024-12-04 18:27:01,828.90,15.24,3.68
2360,2024-12-04 18:27:01,829.25,15.24,3.68
2361,2024-12-04 18:27:01,829.62,15.24,3.68
2362,2024-12-04 18:27:02,829.98,15.24,3.68
2363,2024-12-04 18:27:02,830.32,15.24,3.68
2364,2024-12-04 18:27:02,830.65,15.24,3.68
2365,2024-12-04 18:27:03,831.00,15.24,3.68
2366,2024-12-04 18:27:03,831.36,15.24,3.68
2367,2024-12-04 18:27:03,831.72,15.24,3.68
2368,2024-12-04 18:27:04,832.07,15.24,3.68
2369,2024-12-04 18:27:04,832.42,15.24,3.68
2370,2024-12-04 18:27:05,832.77,15.24,3.68
2371,2024-12-04 18:27:05,833.12,15.24,3.68
2372,2024-12-04 18:27:05,833.46,15.24,3.68
2373,2024-12-04 18:27:06,833.79,15.24,3.68
2374,2024-12-04 18:27:06,834.12,15.24,3.68
2375,2024-12-04 18:27:06,834.48,15.24,3.68
2376,2024-12-04 18:27:07,834.83,15.24,3.68
2377,2024-12-04 18:27:07,835.18,15.24,3.68
2378,2024-12-04 18:27:07,835.52,15.24,3.68
2379,2024-12-04 18:27:08,835.87,15.24,3.68
2380,2024-12-04 18:27:08,836.22,15.24,3.68
2381,2024-12-04 18:27:08,836.57,15.24,3.68
2382,2024-12-04 18:27:09,836.92,15.24,3.68
2383,2024-12-04 18:27:09,837.27,15.24,3.68
2384,2024-12-04 18:27:09,837.63,15.24,3.68
2385,2024-12-04 18:27:10,837.98,15.24,3.68
2386,2024-12-04 18:27:10,838.31,15.24,3.68
2387,2024-12-04 18:27:10,838.66,15.24,3.68
2388,2024-12-04 18:27:11,839.00,15.24,3.68
2389,2024-12-04 18:27:11,839.35,15.24,3.68
2390,2024-12-04 18:27:11,839.72,15.24,3.68
2391,2024-12-04 18:27:12,840.08,15.24,3.68
2392,2024-12-04 18:27:12,840.44,15.24,3.68
2393,2024-12-04 18:27:13,840.80,15.24,3.68
2394,2024-12-04 18:27:13,841.14,15.24,3.68
2395,2024-12-04 18:27:13,841.47,15.24,3.68
2396,2024-12-04 18:27:14,841.82,15.24,3.68
2397,2024-12-04 18:27:14,842.19,15.24,3.68
2398,2024-12-04 18:27:14,842.55,15.24,3.68
2399,2024-12-04 18:27:15,842.89,15.24,3.68
2400,2024-12-04 18:27:15,843.24,15.24,3.68
2401,2024-12-04 18:27:15,843.58,15.24,3.68
2402,2024-12-04 18:27:16,843.92,15.24,3.68
2403,2024-12-04 18:27:16,844.27,15.24,3.68
2404,2024-12-04 18:27:16,844.61,15.24,3.68
2405,2024-12-04 18:27:17,844.96,15.24,3.68
2406,2024-12-04 18:27:17,845.30,15.24,3.68
2407,2024-12-04 18:27:17,845.63,15.24,3.68
2408,2024-12-04 18:27:18,845.98,15.24,3.68
2409,2024-12-04 18:27:18,846.34,15.24,3.68
2410,2024-12-04 18:27:18,846.70,15.24,3.68
2411,2024-12-04 18:27:19,847.05,15.24,3.68
2412,2024-12-04 18:27:19,847.41,15.24,3.68
2413,2024-12-04 18:27:20,847.77,15.24,3.68
2414,2024-12-04 18:27:20,848.13,15.24,3.68
2415,2024-12-04 18:27:20,848.48,15.24,3.68
2416,2024-12-04 18:27:21,848.83,15.24,3.68
2417,2024-12-04 18:27:21,849.19,15.24,3.68
2418,2024-12-04 18:27:21,849.53,15.24,3.68
2419,2024-12-04 18:27:22,849.88,15.24,3.68
2420,2024-12-04 18:27:22,850.21,15.24,3.68
2421,2024-12-04 18:27:22,850.57,15.24,3.68
2422,2024-12-04 18:27:23,850.93,15.24,3.68
2423,2024-12-04 18:27:23,851.27,15.24,3.68
2424,2024-12-04 18:27:23,851.63,15.24,3.68
2425,2024-12-04 18:27:24,851.97,15.24,3.68
2426,2024-12-04 18:27:24,852.33,15.24,3.68
2427,2024-12-04 18:27:24,852.68,15.24,3.68
2428,2024-12-04 18:27:25,853.04,15.24,3.68
2429,2024-12-04 18:27:25,853.40,15.24,3.68
2430,2024-12-04 18:27:26,853.75,15.24,3.68
2431,2024-12-04 18:27:26,854.12,15.24,3.68
2432,2024-12-04 18:27:26,854.47,15.24,3.68
2433,2024-12-04 18:27:27,854.82,15.24,3.68
2434,2024-12-04 18:27:27,855.17,15.24,3.68
2435,2024-12-04 18:27:27,855.53,15.24,3.68
2436,2024-12-04 18:27:28,855.89,15.24,3.68
2437,2024-12-04 18:27:28,856.24,15.24,3.68
2438,2024-12-04 18:27:28,856.56,15.24,3.68
2439,2024-12-04 18:27:29,856.90,15.24,3.68
2440,2024-12-04 18:27:29,857.25,15.24,3.68
2441,2024-12-04 18:27:29,857.60,15.24,3.68
2442,2024-12-04 18:27:30,857.97,15.24,3.68
2443,2024-12-04 18:27:30,858.31,15.24,3.68
2444,2024-12-04 18:27:30,858.64,15.24,3.68
2445,2024-12-04 18:27:31,858.99,15.24,3.68
2446,2024-12-04 18:27:31,859.31,15.24,3.68
2447,2024-12-04 18:27:31,859.65,15.24,3.68
2448,2024-12-04 18:27:32,860.01,15.24,3.68
2449,2024-12-04 18:27:32,860.37,15.24,3.68
2450,2024-12-04 18:27:33,860.73,15.24,3.68
2451,2024-12-04 18:27:33,861.09,15.24,3.68
2452,2024-12-04 18:27:33,861.45,15.24,3.68
2453,2024-12-04 18:27:34,861.81,15.24,3.68
2454,2024-12-04 18:27:34,862.16,15.24,3.68
2455,2024-12-04 18:27:34,862.49,15.24,3.68
2456,2024-12-04 18:27:35,862.84,15.24,3.68
2457,2024-12-04 18:27:35,863.18,15.24,3.68
2458,2024-12-04 18:27:35,863.51,15.24,3.68
2459,2024-12-04 18:27:36,863.87,15.24,3.68
2460,2024-12-04 18:27:36,864.23,15.24,3.68
2461,2024-12-04 18:27:36,864.58,15.24,3.68
2462,2024-12-04 18:27:37,864.93,15.24,3.68
2463,2024-12-04 18:27:37,865.27,15.24,3.68
2464,2024-12-04 18:27:37,865.63,15.24,3.68
2465,2024-12-04 18:27:38,865.99,15.24,3.68
2466,2024-12-04 18:27:38,866.34,15.24,3.68
2467,2024-12-04 18:27:38,866.69,15.24,3.68
2468,2024-12-04 18:27:39,867.02,15.24,3.68
2469,2024-12-04 18:27:39,867.37,15.24,3.68
2470,2024-12-04 18:27:40,867.73,15.24,3.68
2471,2024-12-04 18:27:40,868.09,15.24,3.68
2472,2024-12-04 18:27:40,868.45,15.24,3.68
2473,2024-12-04 18:27:41,868.81,15.24,3.68
2474,2024-12-04 18:27:41,869.18,15.24,3.68
2475,2024-12-04 18:27:41,869.53,15.24,3.68
2476,2024-12-04 18:27:42,869.89,15.24,3.68
2477,2024-12-04 18:27:42,870.25,15.24,3.68
2478,2024-12-04 18:27:42,870.61,15.24,3.68
2479,2024-12-04 18:27:43,870.97,15.24,3.68
2480,2024-12-04 18:27:43,871.32,15.24,3.68
2481,2024-12-04 18:27:43,871.67,15.24,3.68
2482,2024-12-04 18:27:44,872.02,15.24,3.68
2483,2024-12-04 18:27:44,872.36,15.24,3.68
2484,2024-12-04 18:27:44,872.71,15.24,3.68
2485,2024-12-04 18:27:45,873.06,15.24,3.68
2486,2024-12-04 18:27:45,873.42,15.24,3.68
2487,2024-12-04 18:27:46,873.76,15.24,3.68
2488,2024-12-04 18:27:46,874.12,15.24,3.68
2489,2024-12-04 18:27:46,874.47,15.24,3.68
2490,2024-12-04 18:27:47,874.81,15.24,3.68
2491,2024-12-04 18:27:47,875.14,15.24,3.68
2492,2024-12-04 18:27:47,875.50,15.24,3.68
2493,2024-12-04 18:27:48,875.85,15.24,3.68
2494,2024-12-04 18:27:48,876.20,15.24,3.68
2495,2024-12-04 18:27:48,876.56,15.24,3.68
2496,2024-12-04 18:27:49,876.92,15.24,3.68
2497,2024-12-04 18:27:49,877.25,15.24,3.68
2498,2024-12-04 18:27:49,877.60,15.24,3.68
2499,2024-12-04 18:27:50,877.96,15.24,3.68
2500,2024-12-04 18:27:50,878.30,15.24,3.68
2501,2024-12-04 18:28:23,911.25,15.24,3.68
2502,2024-12-04 18:28:23,911.59,15.24,3.68
2503,2024-12-04 18:28:24,911.93,15.24,3.68
2504,2024-12-04 18:28:24,912.29,15.24,3.68
2505,2024-12-04 18:28:24,912.65,15.24,3.68
2506,2024-12-04 18:28:25,912.99,15.24,3.68
2507,2024-12-04 18:28:25,913.35,15.24,3.68
2508,2024-12-04 18:28:25,913.70,15.24,3.68
2509,2024-12-04 18:28:26,914.06,15.24,3.68
2510,2024-12-04 18:28:26,914.42,15.24,3.68
2511,2024-12-04 18:28:27,914.78,15.24,3.68
2512,2024-12-04 18:28:27,915.14,15.24,3.68
2513,2024-12-04 18:28:27,915.49,15.24,3.68
2514,2024-12-04 18:28:28,915.84,15.24,3.68
2515,2024-12-04 18:28:28,916.20,15.24,3.68
2516,2024-12-04 18:28:28,916.53,15.24,3.68
2517,2024-12-04 18:28:29,916.87,15.24,3.68
2518,2024-12-04 18:28:29,917.23,15.24,3.68
2519,2024-12-04 18:28:29,917.57,15.24,3.68
2520,2024-12-04 18:28:30,917.93,15.24,3.68
2521,2024-12-04 18:28:30,918.28,15.24,3.68
2522,2024-12-04 18:28:30,918.64,15.24,3.68
2523,2024-12-04 18:28:31,918.99,15.24,3.68
2524,2024-12-04 18:28:31,919.33,15.24,3.68
2525,2024-12-04 18:28:31,919.67,15.24,3.68
2526,2024-12-04 18:28:32,920.03,15.24,3.68
2527,2024-12-04 18:28:32,920.37,15.24,3.68
2528,2024-12-04 18:28:32,920.73,15.24,3.68
2529,2024-12-04 18:28:33,921.08,15.24,3.68
2530,2024-12-04 18:28:33,921.44,15.24,3.68
2531,2024-12-04 18:28:34,921.80,15.24,3.68
2532,2024-12-04 18:28:34,922.14,15.24,3.68
2533,2024-12-04 18:28:34,922.50,15.24,3.68
2534,2024-12-04 18:28:35,922.84,15.24,3.68
2535,2024-12-04 18:28:35,923.20,15.24,3.68
2536,2024-12-04 18:28:35,923.55,15.24,3.68
2537,2024-12-04 18:28:36,923.90,15.24,3.68
2538,2024-12-04 18:28:36,924.27,15.24,3.68
2539,2024-12-04 18:28:36,924.61,15.24,3.68
2540,2024-12-04 18:28:37,924.97,15.24,3.68
2541,2024-12-04 18:28:37,925.31,15.24,3.68
2542,2024-12-04 18:28:37,925.67,15.24,3.68
2543,2024-12-04 18:28:38,926.03,15.24,3.68
2544,2024-12-04 18:28:38,926.40,15.24,3.68
2545,2024-12-04 18:28:39,926.76,15.24,3.68
2546,2024-12-04 18:28:39,927.11,15.24,3.68
2547,2024-12-04 18:28:39,927.46,15.24,3.68
2548,2024-12-04 18:28:40,927.82,15.24,3.68
2549,2024-12-04 18:28:40,928.17,15.24,3.68
2550,2024-12-04 18:28:40,928.50,15.24,3.68
2551,2024-12-04 18:28:41,928.83,15.24,3.68
2552,2024-12-04 18:28:41,929.19,15.24,3.68
2553,2024-12-04 18:28:41,929.55,15.24,3.68
2554,2024-12-04 18:28:42,929.90,15.24,3.68
2555,2024-12-04 18:28:42,930.24,15.24,3.68
2556,2024-12-04 18:28:42,930.58,15.24,3.68
2557,2024-12-04 18:28:43,930.94,15.24,3.68
2558,2024-12-04 18:28:43,931.31,15.24,3.68
2559,2024-12-04 18:28:43,931.67,15.24,3.68
2560,2024-12-04 18:28:44,932.02,15.24,3.68
2561,2024-12-04 18:28:44,932.36,15.24,3.68
2562,2024-12-04 18:28:44,932.71,15.24,3.68
2563,2024-12-04 18:28:45,933.04,15.24,3.68
2564,2024-12-04 18:28:45,933.39,15.24,3.68
2565,2024-12-04 18:28:46,933.73,15.24,3.68
2566,2024-12-04 18:28:46,934.09,15.24,3.68
2567,2024-12-04 18:28:46,934.44,15.24,3.68
2568,2024-12-04 18:28:47,934.81,15.24,3.68
2569,2024-12-04 18:28:47,935.15,15.24,3.68
2570,2024-12-04 18:28:47,935.51,15.24,3.68
2571,2024-12-04 18:28:48,935.86,15.24,3.68
2572,2024-12-04 18:28:48,936.21,15.24,3.68
2573,2024-12-04 18:28:48,936.57,15.24,3.68
2574,2024-12-04 18:28:49,936.91,15.24,3.68
2575,2024-12-04 18:28:49,937.27,15.24,3.68
2576,2024-12-04 18:28:49,937.63,15.24,3.68
2577,2024-12-04 18:28:50,938.00,15.24,3.68
2578,2024-12-04 18:28:50,938.34,15.24,3.68
2579,2024-12-04 18:28:50,938.70,15.24,3.68
2580,2024-12-04 18:28:51,939.06,15.24,3.68
2581,2024-12-04 18:28:51,939.41,15.24,3.68
2582,2024-12-04 18:28:52,939.78,15.24,3.68
2583,2024-12-04 18:28:52,940.12,15.24,3.68
2584,2024-12-04 18:28:52,940.47,15.24,3.68
2585,2024-12-04 18:28:53,940.82,15.24,3.68
2586,2024-12-04 18:28:53,941.18,15.24,3.68
2587,2024-12-04 18:28:53,941.53,15.24,3.68
2588,2024-12-04 18:28:54,941.87,15.24,3.68
2589,2024-12-04 18:28:54,942.21,15.24,3.68
2590,2024-12-04 18:28:54,942.57,15.24,3.68
2591,2024-12-04 18:28:55,942.92,15.24,3.68
2592,2024-12-04 18:28:55,943.29,15.24,3.68
2593,2024-12-04 18:28:55,943.64,15.24,3.68
2594,2024-12-04 18:28:56,944.00,15.24,3.68
2595,2024-12-04 18:28:56,944.36,15.24,3.68
2596,2024-12-04 18:28:56,944.69,15.24,3.68
2597,2024-12-04 18:28:57,945.03,15.24,3.68
2598,2024-12-04 18:28:57,945.38,15.24,3.68
2599,2024-12-04 18:28:58,945.73,15.24,3.68
2600,2024-12-04 18:28:58,946.09,15.24,3.68
2601,2024-12-04 18:28:58,946.44,15.24,3.68
2602,2024-12-04 18:28:59,946.79,15.24,3.68
2603,2024-12-04 18:28:59,947.16,15.24,3.68
2604,2024-12-04 18:28:59,947.51,15.24,3.68
2605,2024-12-04 18:29:00,947.86,15.24,3.68
2606,2024-12-04 18:29:00,948.23,15.24,3.68
2607,2024-12-04 18:29:00,948.59,15.24,3.68
2608,2024-12-04 18:29:01,948.95,15.24,3.68
2609,2024-12-04 18:29:01,949.31,15.24,3.68
2610,2024-12-04 18:29:01,949.67,15.24,3.68
2611,2024-12-04 18:29:02,950.04,15.24,3.68
2612,2024-12-04 18:29:02,950.39,15.24,3.68
2613,2024-12-04 18:29:03,950.75,15.24,3.68
2614,2024-12-04 18:29:03,951.10,15.24,3.68
2615,2024-12-04 18:29:03,951.47,15.24,3.68
2616,2024-12-04 18:29:04,951.80,15.24,3.68
2617,2024-12-04 18:29:04,952.13,15.24,3.68
2618,2024-12-04 18:29:04,952.48,15.24,3.68
2619,2024-12-04 18:29:05,952.83,15.24,3.68
2620,2024-12-04 18:29:05,953.19,15.24,3.68
2621,2024-12-04 18:29:05,953.55,15.24,3.68
2622,2024-12-04 18:29:06,953.91,15.24,3.68
2623,2024-12-04 18:29:06,954.26,15.24,3.68
2624,2024-12-04 18:29:06,954.59,15.24,3.68
2625,2024-12-04 18:29:07,954.94,15.24,3.68
2626,2024-12-04 18:29:07,955.29,15.24,3.68
2627,2024-12-04 18:29:07,955.65,15.24,3.68
2628,2024-12-04 18:29:08,956.02,15.24,3.68
2629,2024-12-04 18:29:08,956.38,15.24,3.68
2630,2024-12-04 18:29:09,956.73,15.24,3.68
2631,2024-12-04 18:29:09,957.08,15.24,3.68
2632,2024-12-04 18:29:09,957.43,15.24,3.68
2633,2024-12-04 18:29:10,957.79,15.24,3.68
2634,2024-12-04 18:29:10,958.15,15.24,3.68
2635,2024-12-04 18:29:10,958.50,15.24,3.68
2636,2024-12-04 18:29:11,958.84,15.24,3.68
2637,2024-12-04 18:29:11,959.17,15.24,3.68
2638,2024-12-04 18:29:11,959.51,15.24,3.68
2639,2024-12-04 18:29:12,959.87,15.24,3.68
2640,2024-12-04 18:29:12,960.23,15.24,3.68
2641,2024-12-04 18:29:12,960.57,15.24,3.68
2642,2024-12-04 18:29:13,960.92,15.24,3.68
2643,2024-12-04 18:29:13,961.27,15.24,3.68
2644,2024-12-04 18:29:13,961.63,15.24,3.68
2645,2024-12-04 18:29:14,962.00,15.24,3.68
2646,2024-12-04 18:29:14,962.34,15.24,3.68
2647,2024-12-04 18:29:14,962.68,15.24,3.68
2648,2024-12-04 18:29:15,963.03,15.24,3.68
2649,2024-12-04 18:29:15,963.40,15.24,3.68
2650,2024-12-04 18:29:16,963.76,15.24,3.68
2651,2024-12-04 18:29:16,964.12,15.24,3.68
2652,2024-12-04 18:29:16,964.47,15.24,3.68
2653,2024-12-04 18:29:17,964.83,15.24,3.68
2654,2024-12-04 18:29:17,965.19,15.24,3.68
2655,2024-12-04 18:29:17,965.55,15.24,3.68
2656,2024-12-04 18:29:18,965.91,15.24,3.68
2657,2024-12-04 18:29:18,966.27,15.24,3.68
2658,2024-12-04 18:29:18,966.62,15.24,3.68
2659,2024-12-04 18:29:19,966.98,15.24,3.68
2660,2024-12-04 18:29:19,967.31,15.24,3.68
2661,2024-12-04 18:29:19,967.66,15.24,3.68
2662,2024-12-04 18:29:20,968.00,15.24,3.68
2663,2024-12-04 18:29:20,968.34,15.24,3.68
2664,2024-12-04 18:29:20,968.68,15.24,3.68
2665,2024-12-04 18:29:21,969.01,15.24,3.68
2666,2024-12-04 18:29:21,969.34,15.24,3.68
2667,2024-12-04 18:29:21,969.69,15.24,3.68
2668,2024-12-04 18:29:22,970.06,15.24,3.68
2669,2024-12-04 18:29:22,970.43,15.24,3.68
2670,2024-12-04 18:29:23,970.78,15.24,3.68
2671,2024-12-04 18:29:23,971.14,15.24,3.68
2672,2024-12-04 18:29:23,971.49,15.24,3.68
2673,2024-12-04 18:29:24,971.82,15.24,3.68
2674,2024-12-04 18:29:24,972.17,15.24,3.68
2675,2024-12-04 18:29:24,972.53,15.24,3.68
2676,2024-12-04 18:29:25,972.88,15.24,3.68
2677,2024-12-04 18:29:25,973.25,15.24,3.68
2678,2024-12-04 18:29:25,973.61,15.24,3.68
2679,2024-12-04 18:29:26,973.96,15.24,3.68
2680,2024-12-04 18:29:26,974.32,15.24,3.68
2681,2024-12-04 18:29:26,974.68,15.24,3.68
2682,2024-12-04 18:29:27,975.04,15.24,3.68
2683,2024-12-04 18:29:27,975.40,15.24,3.68
2684,2024-12-04 18:29:28,975.77,15.24,3.68
2685,2024-12-04 18:29:28,976.12,15.24,3.68
2686,2024-12-04 18:29:28,976.47,15.24,3.68
2687,2024-12-04 18:29:29,976.80,15.24,3.68
2688,2024-12-04 18:29:29,977.16,15.24,3.68
2689,2024-12-04 18:29:29,977.51,15.24,3.68
2690,2024-12-04 18:29:30,977.87,15.24,3.68
2691,2024-12-04 18:29:30,978.22,15.24,3.68
2692,2024-12-04 18:29:30,978.57,15.24,3.68
2693,2024-12-04 18:29:31,978.93,15.24,3.68
2694,2024-12-04 18:29:31,979.28,15.24,3.68
2695,2024-12-04 18:29:31,979.64,15.24,3.68
2696,2024-12-04 18:29:32,979.99,15.24,3.68
2697,2024-12-04 18:29:32,980.34,15.24,3.68
2698,2024-12-04 18:29:32,980.69,15.24,3.68
2699,2024-12-04 18:29:33,981.05,15.24,3.68
2700,2024-12-04 18:29:33,981.41,15.24,3.68
2701,2024-12-04 18:29:34,981.77,15.24,3.68
2702,2024-12-04 18:29:34,982.13,15.24,3.68
2703,2024-12-04 18:29:34,982.50,15.24,3.68
2704,2024-12-04 18:29:35,982.86,15.24,3.68
2705,2024-12-04 18:29:35,983.22,15.24,3.68
2706,2024-12-04 18:29:35,983.56,15.24,3.68
2707,2024-12-04 18:29:36,983.92,15.24,3.68
2708,2024-12-04 18:29:36,984.27,15.24,3.68
2709,2024-12-04 18:29:36,984.63,15.24,3.68
2710,2024-12-04 18:29:37,984.99,15.24,3.68
2711,2024-12-04 18:29:37,985.35,15.24,3.68
2712,2024-12-04 18:29:37,985.71,15.24,3.68
2713,2024-12-04 18:29:38,986.07,15.24,3.68
2714,2024-12-04 18:29:38,986.44,15.24,3.68
2715,2024-12-04 18:29:39,986.80,15.24,3.68
2716,2024-12-04 18:29:39,987.16,15.24,3.68
2717,2024-12-04 18:29:39,987.50,15.24,3.68
2718,2024-12-04 18:29:40,987.85,15.24,3.68
2719,2024-12-04 18:29:40,988.20,15.24,3.68
2720,2024-12-04 18:29:40,988.55,15.24,3.68
2721,2024-12-04 18:29:41,988.91,15.24,3.68
2722,2024-12-04 18:29:41,989.27,15.24,3.68
2723,2024-12-04 18:29:41,989.62,15.24,3.68
2724,2024-12-04 18:29:42,989.98,15.24,3.68
2725,2024-12-04 18:29:42,990.32,15.24,3.68
2726,2024-12-04 18:29:42,990.67,15.24,3.68
2727,2024-12-04 18:29:43,991.02,15.24,3.68
2728,2024-12-04 18:29:43,991.36,15.24,3.68
2729,2024-12-04 18:29:43,991.70,15.24,3.68
2730,2024-12-04 18:29:44,992.06,15.24,3.68
2731,2024-12-04 18:29:44,992.42,15.24,3.68
2732,2024-12-04 18:29:45,992.78,15.24,3.68
2733,2024-12-04 18:29:45,993.13,15.24,3.68
2734,2024-12-04 18:29:45,993.48,15.24,3.68
2735,2024-12-04 18:29:46,993.84,15.24,3.68
2736,2024-12-04 18:29:46,994.17,15.24,3.68
2737,2024-12-04 18:29:46,994.50,15.24,3.68
2738,2024-12-04 18:29:47,994.86,15.24,3.68
2739,2024-12-04 18:29:47,995.21,15.24,3.68
2740,2024-12-04 18:29:47,995.57,15.24,3.68
2741,2024-12-04 18:29:48,995.92,15.24,3.68
2742,2024-12-04 18:29:48,996.28,15.24,3.68
2743,2024-12-04 18:29:48,996.63,15.24,3.68
2744,2024-12-04 18:29:49,996.99,15.24,3.68
2745,2024-12-04 18:29:49,997.35,15.24,3.68
2746,2024-12-04 18:29:49,997.71,15.24,3.68
2747,2024-12-04 18:29:50,998.06,15.24,3.68
2748,2024-12-04 18:29:50,998.41,15.24,3.68
2749,2024-12-04 18:29:51,998.77,15.24,3.68
2750,2024-12-04 18:29:51,999.13,15.24,3.68
2751,2024-12-04 18:29:51,999.49,15.24,3.68
2752,2024-12-04 18:29:52,999.84,15.24,3.68
2753,2024-12-04 18:29:52,1000.21,15.24,3.68
2754,2024-12-04 18:29:52,1000.57,15.24,3.68
2755,2024-12-04 18:29:53,1000.91,15.24,3.68
2756,2024-12-04 18:29:53,1001.26,15.24,3.68
2757,2024-12-04 18:29:53,1001.61,15.24,3.68
2758,2024-12-04 18:29:54,1001.96,15.24,3.68
2759,2024-12-04 18:29:54,1002.31,15.24,3.68
2760,2024-12-04 18:29:54,1002.64,15.24,3.68
2761,2024-12-04 18:29:55,1002.98,15.24,3.68
2762,2024-12-04 18:29:55,1003.33,15.24,3.68
2763,2024-12-04 18:29:55,1003.67,15.24,3.68
2764,2024-12-04 18:29:56,1004.01,15.24,3.68
2765,2024-12-04 18:29:56,1004.36,15.24,3.68
2766,2024-12-04 18:29:56,1004.72,15.24,3.68
2767,2024-12-04 18:29:57,1005.08,15.24,3.68
2768,2024-12-04 18:29:57,1005.44,15.24,3.68
2769,2024-12-04 18:29:58,1005.80,15.24,3.68
2770,2024-12-04 18:29:58,1006.16,15.24,3.68
2771,2024-12-04 18:29:58,1006.52,15.24,3.68
2772,2024-12-04 18:29:59,1006.87,15.24,3.68
2773,2024-12-04 18:29:59,1007.23,15.24,3.68
2774,2024-12-04 18:29:59,1007.60,15.24,3.68
2775,2024-12-04 18:30:00,1007.94,15.24,3.68
2776,2024-12-04 18:30:00,1008.30,15.24,3.68
2777,2024-12-04 18:30:00,1008.66,15.24,3.68
2778,2024-12-04 18:30:01,1009.01,15.24,3.68
2779,2024-12-04 18:30:01,1009.33,15.24,3.68
2780,2024-12-04 18:30:01,1009.67,15.24,3.68
2781,2024-12-04 18:30:02,1010.02,15.24,3.68
2782,2024-12-04 18:30:02,1010.39,15.24,3.68
2783,2024-12-04 18:30:02,1010.72,15.24,3.68
2784,2024-12-04 18:30:03,1011.06,15.24,3.68
2785,2024-12-04 18:30:03,1011.42,15.24,3.68
2786,2024-12-04 18:30:04,1011.77,15.24,3.68
2787,2024-12-04 18:30:04,1012.11,15.24,3.68
2788,2024-12-04 18:30:04,1012.46,15.24,3.68
2789,2024-12-04 18:30:05,1012.79,15.24,3.68
2790,2024-12-04 18:30:05,1013.12,15.24,3.68
2791,2024-12-04 18:30:05,1013.46,15.24,3.68
2792,2024-12-04 18:30:06,1013.80,15.24,3.68
2793,2024-12-04 18:30:06,1014.14,15.24,3.68
2794,2024-12-04 18:30:06,1014.49,15.24,3.68
2795,2024-12-04 18:30:07,1014.82,15.24,3.68
2796,2024-12-04 18:30:07,1015.16,15.24,3.68
2797,2024-12-04 18:30:07,1015.50,15.24,3.68
2798,2024-12-04 18:30:08,1015.84,15.24,3.68
2799,2024-12-04 18:30:08,1016.20,15.24,3.68
2800,2024-12-04 18:30:08,1016.55,15.24,3.68
2801,2024-12-04 18:30:09,1016.91,15.24,3.68
2802,2024-12-04 18:30:09,1017.26,15.24,3.68
2803,2024-12-04 18:30:09,1017.60,15.24,3.68
2804,2024-12-04 18:30:10,1017.96,15.24,3.68
2805,2024-12-04 18:30:10,1018.32,15.24,3.68
2806,2024-12-04 18:30:10,1018.68,15.24,3.68
2807,2024-12-04 18:30:11,1019.03,15.24,3.68
2808,2024-12-04 18:30:11,1019.38,15.24,3.68
2809,2024-12-04 18:30:12,1019.74,15.24,3.68
2810,2024-12-04 18:30:12,1020.09,15.24,3.68
2811,2024-12-04 18:30:12,1020.44,15.24,3.68
2812,2024-12-04 18:30:13,1020.80,15.24,3.68
2813,2024-12-04 18:30:13,1021.15,15.24,3.68
2814,2024-12-04 18:30:13,1021.51,15.24,3.68
2815,2024-12-04 18:30:14,1021.87,15.24,3.68
2816,2024-12-04 18:30:14,1022.22,15.24,3.68
2817,2024-12-04 18:30:14,1022.57,15.24,3.68
2818,2024-12-04 18:30:15,1022.92,15.24,3.68
2819,2024-12-04 18:30:15,1023.27,15.24,3.68
2820,2024-12-04 18:30:15,1023.61,15.24,3.68
2821,2024-12-04 18:30:16,1023.97,15.24,3.68
2822,2024-12-04 18:30:16,1024.31,15.24,3.68
2823,2024-12-04 18:30:16,1024.66,15.24,3.68
2824,2024-12-04 18:30:17,1025.02,15.24,3.68
2825,2024-12-04 18:30:17,1025.38,15.24,3.68
2826,2024-12-04 18:30:18,1025.74,15.24,3.68
2827,2024-12-04 18:30:18,1026.09,15.24,3.68
2828,2024-12-04 18:30:18,1026.45,15.24,3.68
2829,2024-12-04 18:30:19,1026.80,15.24,3.68
2830,2024-12-04 18:30:19,1027.14,15.24,3.68
2831,2024-12-04 18:30:19,1027.50,15.24,3.68
2832,2024-12-04 18:30:20,1027.86,15.24,3.68
2833,2024-12-04 18:30:20,1028.21,15.24,3.68
2834,2024-12-04 18:30:20,1028.56,15.24,3.68
2835,2024-12-04 18:30:21,1028.90,15.24,3.68
2836,2024-12-04 18:30:21,1029.26,15.24,3.68
2837,2024-12-04 18:30:21,1029.62,15.24,3.68
2838,2024-12-04 18:30:22,1029.97,15.24,3.68
2839,2024-12-04 18:30:22,1030.31,15.24,3.68
2840,2024-12-04 18:30:22,1030.64,15.24,3.68
2841,2024-12-04 18:30:23,1030.98,15.24,3.68
2842,2024-12-04 18:30:23,1031.30,15.24,3.68
2843,2024-12-04 18:30:23,1031.65,15.24,3.68
2844,2024-12-04 18:30:24,1031.99,15.24,3.68
2845,2024-12-04 18:30:24,1032.34,15.24,3.68
2846,2024-12-04 18:30:24,1032.67,15.24,3.68
2847,2024-12-04 18:30:25,1033.02,15.24,3.68
2848,2024-12-04 18:30:25,1033.36,15.24,3.68
2849,2024-12-04 18:30:25,1033.72,15.24,3.68
2850,2024-12-04 18:30:26,1034.08,15.24,3.68
2851,2024-12-04 18:30:26,1034.41,15.24,3.68
2852,2024-12-04 18:30:27,1034.75,15.24,3.68
2853,2024-12-04 18:30:27,1035.09,15.24,3.68
2854,2024-12-04 18:30:27,1035.46,15.24,3.68
2855,2024-12-04 18:30:28,1035.80,15.24,3.68
2856,2024-12-04 18:30:28,1036.14,15.24,3.68
2857,2024-12-04 18:30:28,1036.50,15.24,3.68
2858,2024-12-04 18:30:29,1036.86,15.24,3.68
2859,2024-12-04 18:30:29,1037.22,15.24,3.68
2860,2024-12-04 18:30:29,1037.54,15.24,3.68
2861,2024-12-04 18:30:30,1037.88,15.24,3.68
2862,2024-12-04 18:30:30,1038.24,15.24,3.68
2863,2024-12-04 18:30:30,1038.61,15.24,3.68
2864,2024-12-04 18:30:31,1038.97,15.24,3.68
2865,2024-12-04 18:30:31,1039.32,15.24,3.68
2866,2024-12-04 18:30:31,1039.68,15.24,3.68
2867,2024-12-04 18:30:32,1040.04,15.24,3.68
2868,2024-12-04 18:30:32,1040.38,15.24,3.68
2869,2024-12-04 18:30:33,1040.74,15.24,3.68
2870,2024-12-04 18:30:33,1041.09,15.24,3.68
2871,2024-12-04 18:30:33,1041.45,15.24,3.68
2872,2024-12-04 18:30:34,1041.81,15.24,3.68
2873,2024-12-04 18:30:34,1042.16,15.24,3.68
2874,2024-12-04 18:30:34,1042.49,15.24,3.68
2875,2024-12-04 18:30:35,1042.83,15.24,3.68
2876,2024-12-04 18:30:35,1043.16,15.24,3.68
2877,2024-12-04 18:30:35,1043.50,15.24,3.68
2878,2024-12-04 18:30:36,1043.85,15.24,3.68
2879,2024-12-04 18:30:36,1044.20,15.24,3.68
2880,2024-12-04 18:30:36,1044.56,15.24,3.68
2881,2024-12-04 18:30:37,1044.93,15.24,3.68
2882,2024-12-04 18:30:37,1045.27,15.24,3.68
2883,2024-12-04 18:30:37,1045.61,15.24,3.68
2884,2024-12-04 18:30:38,1045.98,15.24,3.68
2885,2024-12-04 18:30:38,1046.34,15.24,3.68
2886,2024-12-04 18:30:38,1046.69,15.24,3.68
2887,2024-12-04 18:30:39,1047.04,15.24,3.68
2888,2024-12-04 18:30:39,1047.40,15.24,3.68
2889,2024-12-04 18:30:40,1047.75,15.24,3.68
2890,2024-12-04 18:30:40,1048.10,15.24,3.68
2891,2024-12-04 18:30:40,1048.46,15.24,3.68
2892,2024-12-04 18:30:41,1048.82,15.24,3.68
2893,2024-12-04 18:30:41,1049.18,15.24,3.68
2894,2024-12-04 18:30:41,1049.54,15.24,3.68
2895,2024-12-04 18:30:42,1049.89,15.24,3.68
2896,2024-12-04 18:30:42,1050.25,15.24,3.68
2897,2024-12-04 18:30:42,1050.61,15.24,3.68
2898,2024-12-04 18:30:43,1050.96,15.24,3.68
2899,2024-12-04 18:30:43,1051.31,15.24,3.68
2900,2024-12-04 18:30:43,1051.67,15.24,3.68
2901,2024-12-04 18:30:44,1052.02,15.24,3.68
2902,2024-12-04 18:30:44,1052.38,15.24,3.68
2903,2024-12-04 18:30:45,1052.73,15.24,3.68
2904,2024-12-04 18:30:45,1053.09,15.24,3.68
2905,2024-12-04 18:30:45,1053.45,15.24,3.68
2906,2024-12-04 18:30:46,1053.80,15.24,3.68
2907,2024-12-04 18:30:46,1054.16,15.24,3.68
2908,2024-12-04 18:30:46,1054.51,15.24,3.68
2909,2024-12-04 18:30:47,1054.88,15.24,3.68
2910,2024-12-04 18:30:47,1055.23,15.24,3.68
2911,2024-12-04 18:30:47,1055.58,15.24,3.68
2912,2024-12-04 18:30:48,1055.91,15.24,3.68
2913,2024-12-04 18:30:48,1056.25,15.24,3.68
2914,2024-12-04 18:30:48,1056.60,15.24,3.68
2915,2024-12-04 18:30:49,1056.97,15.24,3.68
2916,2024-12-04 18:30:49,1057.30,15.24,3.68
2917,2024-12-04 18:30:49,1057.65,15.24,3.68
2918,2024-12-04 18:30:50,1058.01,15.24,3.68
2919,2024-12-04 18:30:50,1058.35,15.24,3.68
2920,2024-12-04 18:30:50,1058.69,15.24,3.68
2921,2024-12-04 18:30:51,1059.02,15.24,3.68
2922,2024-12-04 18:30:51,1059.37,15.24,3.68
2923,2024-12-04 18:30:52,1059.73,15.24,3.68
2924,2024-12-04 18:30:52,1060.09,15.24,3.68
2925,2024-12-04 18:30:52,1060.44,15.24,3.68
2926,2024-12-04 18:30:53,1060.80,15.24,3.68
2927,2024-12-04 18:30:53,1061.16,15.24,3.68
2928,2024-12-04 18:30:53,1061.53,15.24,3.68
2929,2024-12-04 18:30:54,1061.89,15.24,3.68
2930,2024-12-04 18:30:54,1062.24,15.24,3.68
2931,2024-12-04 18:30:54,1062.59,15.24,3.68
2932,2024-12-04 18:30:55,1062.94,15.24,3.68
2933,2024-12-04 18:30:55,1063.30,15.24,3.68
2934,2024-12-04 18:30:55,1063.64,15.24,3.68
2935,2024-12-04 18:30:56,1064.00,15.24,3.68
2936,2024-12-04 18:30:56,1064.36,15.24,3.68
2937,2024-12-04 18:30:56,1064.72,15.24,3.68
2938,2024-12-04 18:30:57,1065.07,15.24,3.68
2939,2024-12-04 18:30:57,1065.42,15.24,3.68
2940,2024-12-04 18:30:58,1065.79,15.24,3.68
2941,2024-12-04 18:30:58,1066.13,15.24,3.68
2942,2024-12-04 18:30:58,1066.48,15.24,3.68
2943,2024-12-04 18:30:59,1066.84,15.24,3.68
2944,2024-12-04 18:30:59,1067.19,15.24,3.68
2945,2024-12-04 18:30:59,1067.55,15.24,3.68
2946,2024-12-04 18:31:00,1067.92,15.24,3.68
2947,2024-12-04 18:31:00,1068.27,15.24,3.68
2948,2024-12-04 18:31:00,1068.62,15.24,3.68
2949,2024-12-04 18:31:01,1068.98,15.24,3.68
2950,2024-12-04 18:31:01,1069.34,15.24,3.68
2951,2024-12-04 18:31:01,1069.67,15.24,3.68
2952,2024-12-04 18:31:02,1070.03,15.24,3.68
2953,2024-12-04 18:31:02,1070.39,15.24,3.68
2954,2024-12-04 18:31:03,1070.75,15.24,3.68
2955,2024-12-04 18:31:03,1071.08,15.24,3.68
2956,2024-12-04 18:31:03,1071.43,15.24,3.68
2957,2024-12-04 18:31:04,1071.79,15.24,3.68
2958,2024-12-04 18:31:04,1072.16,15.24,3.68
2959,2024-12-04 18:31:04,1072.52,15.24,3.68
2960,2024-12-04 18:31:05,1072.88,15.24,3.68
2961,2024-12-04 18:31:05,1073.22,15.24,3.68
2962,2024-12-04 18:31:05,1073.56,15.24,3.68
2963,2024-12-04 18:31:06,1073.92,15.24,3.68
2964,2024-12-04 18:31:06,1074.29,15.24,3.68
2965,2024-12-04 18:31:06,1074.65,15.24,3.68
2966,2024-12-04 18:31:07,1075.00,15.24,3.68
2967,2024-12-04 18:31:07,1075.34,15.24,3.68
2968,2024-12-04 18:31:07,1075.69,15.24,3.68
2969,2024-12-04 18:31:08,1076.03,15.24,3.68
2970,2024-12-04 18:31:08,1076.38,15.24,3.68
2971,2024-12-04 18:31:08,1076.73,15.24,3.68
2972,2024-12-04 18:31:09,1077.09,15.24,3.68
2973,2024-12-04 18:31:09,1077.45,15.24,3.68
2974,2024-12-04 18:31:10,1077.80,15.24,3.68
2975,2024-12-04 18:31:10,1078.15,15.24,3.68
2976,2024-12-04 18:31:10,1078.51,15.24,3.68
2977,2024-12-04 18:31:11,1078.84,15.24,3.68
2978,2024-12-04 18:31:11,1079.19,15.24,3.68
2979,2024-12-04 18:31:11,1079.55,15.24,3.68
2980,2024-12-04 18:31:12,1079.90,15.24,3.68
2981,2024-12-04 18:31:12,1080.25,15.24,3.68
2982,2024-12-04 18:31:12,1080.61,15.24,3.68
2983,2024-12-04 18:31:13,1080.97,15.24,3.68
2984,2024-12-04 18:31:13,1081.33,15.24,3.68
2985,2024-12-04 18:31:13,1081.68,15.24,3.68
2986,2024-12-04 18:31:14,1082.04,15.24,3.68
2987,2024-12-04 18:31:14,1082.40,15.24,3.68
2988,2024-12-04 18:31:15,1082.77,15.24,3.68
2989,2024-12-04 18:31:15,1083.13,15.24,3.68
2990,2024-12-04 18:31:15,1083.48,15.24,3.68
2991,2024-12-04 18:31:16,1083.83,15.24,3.68
2992,2024-12-04 18:31:16,1084.18,15.24,3.68
2993,2024-12-04 18:31:16,1084.53,15.24,3.68
2994,2024-12-04 18:31:17,1084.88,15.24,3.68
2995,2024-12-04 18:31:17,1085.23,15.24,3.68
2996,2024-12-04 18:31:17,1085.58,15.24,3.68
2997,2024-12-04 18:31:18,1085.95,15.24,3.68
2998,2024-12-04 18:31:18,1086.31,15.24,3.68
2999,2024-12-04 18:31:18,1086.66,15.24,3.68
3000,2024-12-04 18:31:19,1087.02,15.24,3.68
3001,2024-12-04 18:31:19,1087.35,15.24,3.68
3002,2024-12-04 18:31:19,1087.69,15.24,3.68
3003,2024-12-04 18:31:20,1088.05,15.24,3.68
3004,2024-12-04 18:31:20,1088.41,15.24,3.68
3005,2024-12-04 18:31:21,1088.76,15.24,3.68
3006,2024-12-04 18:31:21,1089.12,15.24,3.68
3007,2024-12-04 18:31:21,1089.48,15.24,3.68
3008,2024-12-04 18:31:22,1089.84,15.24,3.68
3009,2024-12-04 18:31:22,1090.20,15.24,3.68
3010,2024-12-04 18:31:22,1090.55,15.24,3.68
3011,2024-12-04 18:31:23,1090.89,15.24,3.68
3012,2024-12-04 18:31:23,1091.23,15.24,3.68
3013,2024-12-04 18:31:23,1091.58,15.24,3.68
3014,2024-12-04 18:31:24,1091.92,15.24,3.68
3015,2024-12-04 18:31:24,1092.27,15.24,3.68
3016,2024-12-04 18:31:24,1092.61,15.24,3.68
3017,2024-12-04 18:31:25,1092.96,15.24,3.68
3018,2024-12-04 18:31:25,1093.31,15.24,3.68
3019,2024-12-04 18:31:25,1093.67,15.24,3.68
3020,2024-12-04 18:31:26,1094.01,15.24,3.68
3021,2024-12-04 18:31:26,1094.36,15.24,3.68
3022,2024-12-04 18:31:26,1094.71,15.24,3.68
3023,2024-12-04 18:31:27,1095.05,15.24,3.68
3024,2024-12-04 18:31:27,1095.38,15.24,3.68
3025,2024-12-04 18:31:27,1095.72,15.24,3.68
3026,2024-12-04 18:31:28,1096.07,15.24,3.68
3027,2024-12-04 18:31:28,1096.44,15.24,3.68
3028,2024-12-04 18:31:29,1096.80,15.24,3.68
3029,2024-12-04 18:31:29,1097.15,15.24,3.68
3030,2024-12-04 18:31:29,1097.49,15.24,3.68
3031,2024-12-04 18:31:30,1097.84,15.24,3.68
3032,2024-12-04 18:31:30,1098.19,15.24,3.68
3033,2024-12-04 18:31:30,1098.54,15.24,3.68
3034,2024-12-04 18:31:31,1098.90,15.24,3.68
3035,2024-12-04 18:31:31,1099.26,15.24,3.68
3036,2024-12-04 18:31:31,1099.61,15.24,3.68
3037,2024-12-04 18:31:32,1099.98,15.24,3.68
3038,2024-12-04 18:31:32,1100.34,15.24,3.68
3039,2024-12-04 18:31:32,1100.69,15.24,3.68
3040,2024-12-04 18:31:33,1101.03,15.24,3.68
3041,2024-12-04 18:31:33,1101.39,15.24,3.68
3042,2024-12-04 18:31:34,1101.76,15.24,3.68
3043,2024-12-04 18:31:34,1102.12,15.24,3.68
3044,2024-12-04 18:31:34,1102.48,15.24,3.68
3045,2024-12-04 18:31:35,1102.85,15.24,3.68
3046,2024-12-04 18:31:35,1103.21,15.24,3.68
3047,2024-12-04 18:31:35,1103.56,15.24,3.68
3048,2024-12-04 18:31:36,1103.90,15.24,3.68
3049,2024-12-04 18:31:36,1104.25,15.24,3.68
3050,2024-12-04 18:31:36,1104.61,15.24,3.68
3051,2024-12-04 18:31:37,1104.97,15.24,3.68
3052,2024-12-04 18:31:37,1105.32,15.24,3.68
3053,2024-12-04 18:31:37,1105.67,15.24,3.68
3054,2024-12-04 18:31:38,1106.04,15.24,3.68
3055,2024-12-04 18:31:38,1106.38,15.24,3.68
3056,2024-12-04 18:31:38,1106.72,15.24,3.68
3057,2024-12-04 18:31:39,1107.07,15.24,3.68
3058,2024-12-04 18:31:39,1107.44,15.24,3.68
3059,2024-12-04 18:31:40,1107.80,15.24,3.68
3060,2024-12-04 18:31:40,1108.16,15.24,3.68
3061,2024-12-04 18:31:40,1108.52,15.24,3.68
3062,2024-12-04 18:31:41,1108.89,15.24,3.68
3063,2024-12-04 18:31:41,1109.23,15.24,3.68
3064,2024-12-04 18:31:41,1109.58,15.24,3.68
3065,2024-12-04 18:31:42,1109.93,15.24,3.68
3066,2024-12-04 18:31:42,1110.29,15.24,3.68
3067,2024-12-04 18:31:42,1110.64,15.24,3.68
3068,2024-12-04 18:31:43,1111.01,15.24,3.68
3069,2024-12-04 18:31:43,1111.37,15.24,3.68
3070,2024-12-04 18:31:43,1111.71,15.24,3.68
3071,2024-12-04 18:31:44,1112.06,15.24,3.68
3072,2024-12-04 18:31:44,1112.42,15.24,3.68
3073,2024-12-04 18:31:45,1112.76,15.24,3.68
3074,2024-12-04 18:31:45,1113.10,15.24,3.68
3075,2024-12-04 18:31:45,1113.45,15.24,3.68
3076,2024-12-04 18:31:46,1113.80,15.24,3.68
3077,2024-12-04 18:31:46,1114.15,15.24,3.68
3078,2024-12-04 18:31:46,1114.51,15.24,3.68
3079,2024-12-04 18:31:47,1114.87,15.24,3.68
3080,2024-12-04 18:31:47,1115.21,15.24,3.68
3081,2024-12-04 18:31:47,1115.56,15.24,3.68
3082,2024-12-04 18:31:48,1115.90,15.24,3.68
3083,2024-12-04 18:31:48,1116.25,15.24,3.68
3084,2024-12-04 18:31:48,1116.60,15.24,3.68
3085,2024-12-04 18:31:49,1116.96,15.24,3.68
3086,2024-12-04 18:31:49,1117.31,15.24,3.68
3087,2024-12-04 18:31:49,1117.66,15.24,3.68
3088,2024-12-04 18:31:50,1118.02,15.24,3.68
3089,2024-12-04 18:31:50,1118.39,15.24,3.68
3090,2024-12-04 18:31:51,1118.75,15.24,3.68
3091,2024-12-04 18:31:51,1119.10,15.24,3.68
3092,2024-12-04 18:31:51,1119.44,15.24,3.68
3093,2024-12-04 18:31:52,1119.79,15.24,3.68
3094,2024-12-04 18:31:52,1120.14,15.24,3.68
3095,2024-12-04 18:31:52,1120.49,15.24,3.68
3096,2024-12-04 18:31:53,1120.84,15.24,3.68
3097,2024-12-04 18:31:53,1121.18,15.24,3.68
3098,2024-12-04 18:31:53,1121.51,15.24,3.68
3099,2024-12-04 18:31:54,1121.87,15.24,3.68
3100,2024-12-04 18:31:54,1122.22,15.24,3.68
3101,2024-12-04 18:31:54,1122.58,15.24,3.68
3102,2024-12-04 18:31:55,1122.94,15.24,3.68
3103,2024-12-04 18:31:55,1123.30,15.24,3.68
3104,2024-12-04 18:31:55,1123.67,15.24,3.68
3105,2024-12-04 18:31:56,1124.02,15.24,3.68
3106,2024-12-04 18:31:56,1124.38,15.24,3.68
3107,2024-12-04 18:31:57,1124.74,15.24,3.68
3108,2024-12-04 18:31:57,1125.09,15.24,3.68
3109,2024-12-04 18:31:57,1125.44,15.24,3.68
3110,2024-12-04 18:31:58,1125.79,15.24,3.68
3111,2024-12-04 18:31:58,1126.15,15.24,3.68
3112,2024-12-04 18:31:58,1126.49,15.24,3.68
3113,2024-12-04 18:31:59,1126.84,15.24,3.68
3114,2024-12-04 18:31:59,1127.19,15.24,3.68
3115,2024-12-04 18:31:59,1127.53,15.24,3.68
3116,2024-12-04 18:32:00,1127.88,15.24,3.68
3117,2024-12-04 18:32:00,1128.24,15.24,3.68
3118,2024-12-04 18:32:00,1128.58,15.24,3.68
3119,2024-12-04 18:32:01,1128.94,15.24,3.68
3120,2024-12-04 18:32:01,1129.29,15.24,3.68
3121,2024-12-04 18:32:01,1129.65,15.24,3.68
3122,2024-12-04 18:32:02,1130.02,15.24,3.68
3123,2024-12-04 18:32:02,1130.37,15.24,3.68
3124,2024-12-04 18:32:02,1130.72,15.24,3.68
3125,2024-12-04 18:32:03,1131.07,15.24,3.68
3126,2024-12-04 18:32:03,1131.42,15.24,3.68
3127,2024-12-04 18:32:04,1131.77,15.24,3.68
3128,2024-12-04 18:32:04,1132.12,15.24,3.68
3129,2024-12-04 18:32:04,1132.48,15.24,3.68
3130,2024-12-04 18:32:05,1132.83,15.24,3.68
3131,2024-12-04 18:32:05,1133.17,15.24,3.68
3132,2024-12-04 18:32:05,1133.51,15.24,3.68
3133,2024-12-04 18:32:06,1133.86,15.24,3.68
3134,2024-12-04 18:32:06,1134.21,15.24,3.68
3135,2024-12-04 18:32:06,1134.56,15.24,3.68
3136,2024-12-04 18:32:07,1134.93,15.24,3.68
3137,2024-12-04 18:32:07,1135.29,15.24,3.68
3138,2024-12-04 18:32:07,1135.65,15.24,3.68
3139,2024-12-04 18:32:08,1136.02,15.24,3.68
3140,2024-12-04 18:32:08,1136.38,15.24,3.68
3141,2024-12-04 18:32:09,1136.74,15.24,3.68
3142,2024-12-04 18:32:09,1137.10,15.24,3.68
3143,2024-12-04 18:32:09,1137.45,15.24,3.68
3144,2024-12-04 18:32:10,1137.81,15.24,3.68
3145,2024-12-04 18:32:10,1138.17,15.24,3.68
3146,2024-12-04 18:32:10,1138.53,15.24,3.68
3147,2024-12-04 18:32:11,1138.90,15.24,3.68
3148,2024-12-04 18:32:11,1139.25,15.24,3.68
3149,2024-12-04 18:32:11,1139.60,15.24,3.68
3150,2024-12-04 18:32:12,1139.95,15.24,3.68
3151,2024-12-04 18:32:12,1140.31,15.24,3.68
3152,2024-12-04 18:32:12,1140.66,15.24,3.68
3153,2024-12-04 18:32:13,1141.01,15.24,3.68
3154,2024-12-04 18:32:13,1141.36,15.24,3.68
3155,2024-12-04 18:32:13,1141.71,15.24,3.68
3156,2024-12-04 18:32:14,1142.04,15.24,3.68
3157,2024-12-04 18:32:14,1142.38,15.24,3.68
3158,2024-12-04 18:32:15,1142.73,15.24,3.68
3159,2024-12-04 18:32:15,1143.09,15.24,3.68
3160,2024-12-04 18:32:15,1143.44,15.24,3.68
3161,2024-12-04 18:32:16,1143.80,15.24,3.68
3162,2024-12-04 18:32:16,1144.15,15.24,3.68
3163,2024-12-04 18:32:16,1144.51,15.24,3.68
3164,2024-12-04 18:32:17,1144.86,15.24,3.68
3165,2024-12-04 18:32:17,1145.21,15.24,3.68
3166,2024-12-04 18:32:17,1145.54,15.24,3.68
3167,2024-12-04 18:32:18,1145.88,15.24,3.68
3168,2024-12-04 18:32:18,1146.24,15.24,3.68
3169,2024-12-04 18:32:18,1146.59,15.24,3.68
3170,2024-12-04 18:32:19,1146.95,15.24,3.68
3171,2024-12-04 18:32:19,1147.31,15.24,3.68
3172,2024-12-04 18:32:19,1147.68,15.24,3.68
3173,2024-12-04 18:32:20,1148.03,15.24,3.68
3174,2024-12-04 18:32:20,1148.39,15.24,3.68
3175,2024-12-04 18:32:21,1148.74,15.24,3.68
3176,2024-12-04 18:32:21,1149.09,15.24,3.68
3177,2024-12-04 18:32:21,1149.44,15.24,3.68
3178,2024-12-04 18:32:22,1149.78,15.24,3.68
3179,2024-12-04 18:32:22,1150.12,15.24,3.68
3180,2024-12-04 18:32:22,1150.46,15.24,3.68
3181,2024-12-04 18:32:23,1150.82,15.24,3.68
3182,2024-12-04 18:32:23,1151.16,15.24,3.68
3183,2024-12-04 18:32:23,1151.49,15.24,3.68
3184,2024-12-04 18:32:24,1151.85,15.24,3.68
3185,2024-12-04 18:32:24,1152.20,15.24,3.68
3186,2024-12-04 18:32:24,1152.56,15.24,3.68
3187,2024-12-04 18:32:25,1152.91,15.24,3.68
3188,2024-12-04 18:32:25,1153.28,15.24,3.68
3189,2024-12-04 18:32:25,1153.63,15.24,3.68
3190,2024-12-04 18:32:26,1153.97,15.24,3.68
3191,2024-12-04 18:32:26,1154.30,15.24,3.68
3192,2024-12-04 18:32:26,1154.64,15.24,3.68
3193,2024-12-04 18:32:27,1154.99,15.24,3.68
3194,2024-12-04 18:32:27,1155.34,15.24,3.68
3195,2024-12-04 18:32:27,1155.70,15.24,3.68
3196,2024-12-04 18:32:28,1156.06,15.24,3.68
3197,2024-12-04 18:32:28,1156.41,15.24,3.68
3198,2024-12-04 18:32:29,1156.76,15.24,3.68
3199,2024-12-04 18:32:29,1157.11,15.24,3.68
3200,2024-12-04 18:32:29,1157.45,15.24,3.68
3201,2024-12-04 18:32:30,1157.81,15.24,3.68
3202,2024-12-04 18:32:30,1158.16,15.24,3.68
3203,2024-12-04 18:32:30,1158.52,15.24,3.68
3204,2024-12-04 18:32:31,1158.89,15.24,3.68
3205,2024-12-04 18:32:31,1159.25,15.24,3.68
3206,2024-12-04 18:32:31,1159.59,15.24,3.68
3207,2024-12-04 18:32:32,1159.94,15.24,3.68
3208,2024-12-04 18:32:32,1160.28,15.24,3.68
3209,2024-12-04 18:32:32,1160.62,15.24,3.68
3210,2024-12-04 18:32:33,1160.96,15.24,3.68
3211,2024-12-04 18:32:33,1161.29,15.24,3.68
3212,2024-12-04 18:32:33,1161.64,15.24,3.68
3213,2024-12-04 18:32:34,1161.99,15.24,3.68
3214,2024-12-04 18:32:34,1162.35,15.24,3.68
3215,2024-12-04 18:32:34,1162.70,15.24,3.68
3216,2024-12-04 18:32:35,1163.06,15.24,3.68
3217,2024-12-04 18:32:35,1163.41,15.24,3.68
3218,2024-12-04 18:32:36,1163.77,15.24,3.68
3219,2024-12-04 18:32:36,1164.13,15.24,3.68
3220,2024-12-04 18:32:36,1164.49,15.24,3.68
3221,2024-12-04 18:32:37,1164.83,15.24,3.68
3222,2024-12-04 18:32:37,1165.18,15.24,3.68
3223,2024-12-04 18:32:37,1165.53,15.24,3.68
3224,2024-12-04 18:32:38,1165.89,15.24,3.68
3225,2024-12-04 18:32:38,1166.24,15.24,3.68
3226,2024-12-04 18:32:38,1166.58,15.24,3.68
3227,2024-12-04 18:32:39,1166.93,15.24,3.68
3228,2024-12-04 18:32:39,1167.29,15.24,3.68
3229,2024-12-04 18:32:39,1167.63,15.24,3.68
3230,2024-12-04 18:32:40,1167.98,15.24,3.68
3231,2024-12-04 18:32:40,1168.34,15.24,3.68
3232,2024-12-04 18:32:40,1168.68,15.24,3.68
3233,2024-12-04 18:32:41,1169.04,15.24,3.68
3234,2024-12-04 18:32:41,1169.40,15.24,3.68
3235,2024-12-04 18:32:42,1169.74,15.24,3.68
3236,2024-12-04 18:32:42,1170.10,15.24,3.68
3237,2024-12-04 18:32:42,1170.45,15.24,3.68
3238,2024-12-04 18:32:43,1170.79,15.24,3.68
3239,2024-12-04 18:32:43,1171.13,15.24,3.68
3240,2024-12-04 18:32:43,1171.47,15.24,3.68
3241,2024-12-04 18:32:44,1171.82,15.24,3.68
3242,2024-12-04 18:32:44,1172.17,15.24,3.68
3243,2024-12-04 18:32:44,1172.53,15.24,3.68
3244,2024-12-04 18:32:45,1172.88,15.24,3.68
3245,2024-12-04 18:32:45,1173.24,15.24,3.68
3246,2024-12-04 18:32:45,1173.59,15.24,3.68
3247,2024-12-04 18:32:46,1173.93,15.24,3.68
3248,2024-12-04 18:32:46,1174.28,15.24,3.68
3249,2024-12-04 18:32:46,1174.62,15.24,3.68
3250,2024-12-04 18:32:47,1174.97,15.24,3.68
3251,2024-12-04 18:32:47,1175.32,15.24,3.68
3252,2024-12-04 18:32:47,1175.67,15.24,3.68
3253,2024-12-04 18:32:48,1176.02,15.24,3.68
3254,2024-12-04 18:32:48,1176.36,15.24,3.68
3255,2024-12-04 18:32:48,1176.72,15.24,3.68
3256,2024-12-04 18:32:49,1177.08,15.24,3.68
3257,2024-12-04 18:32:49,1177.44,15.24,3.68
3258,2024-12-04 18:32:50,1177.80,15.24,3.68
3259,2024-12-04 18:32:50,1178.16,15.24,3.68
3260,2024-12-04 18:32:50,1178.52,15.24,3.68
3261,2024-12-04 18:32:51,1178.89,15.24,3.68
3262,2024-12-04 18:32:51,1179.24,15.24,3.68
3263,2024-12-04 18:32:51,1179.60,15.24,3.68
3264,2024-12-04 18:32:52,1179.95,15.24,3.68
3265,2024-12-04 18:32:52,1180.30,15.24,3.68
3266,2024-12-04 18:32:52,1180.66,15.24,3.68
3267,2024-12-04 18:32:53,1181.03,15.24,3.68
3268,2024-12-04 18:32:53,1181.39,15.24,3.68
3269,2024-12-04 18:32:54,1181.75,15.24,3.68
3270,2024-12-04 18:32:54,1182.11,15.24,3.68
3271,2024-12-04 18:32:54,1182.47,15.24,3.68
3272,2024-12-04 18:32:55,1182.82,15.24,3.68
3273,2024-12-04 18:32:55,1183.18,15.24,3.68
3274,2024-12-04 18:32:55,1183.55,15.24,3.68
3275,2024-12-04 18:32:56,1183.91,15.24,3.68
3276,2024-12-04 18:32:56,1184.27,15.24,3.68
3277,2024-12-04 18:32:56,1184.64,15.24,3.68
3278,2024-12-04 18:32:57,1184.99,15.24,3.68
3279,2024-12-04 18:32:57,1185.31,15.24,3.68
3280,2024-12-04 18:32:57,1185.65,15.24,3.68
3281,2024-12-04 18:32:58,1186.00,15.24,3.68
3282,2024-12-04 18:32:58,1186.35,15.24,3.68
3283,2024-12-04 18:32:58,1186.70,15.24,3.68
3284,2024-12-04 18:32:59,1187.06,15.24,3.68
3285,2024-12-04 18:32:59,1187.42,15.24,3.68
3286,2024-12-04 18:33:00,1187.78,15.24,3.68
3287,2024-12-04 18:33:00,1188.14,15.24,3.68
3288,2024-12-04 18:33:00,1188.51,15.24,3.68
3289,2024-12-04 18:33:01,1188.86,15.24,3.68
3290,2024-12-04 18:33:01,1189.22,15.24,3.68
3291,2024-12-04 18:33:01,1189.58,15.24,3.68
3292,2024-12-04 18:33:02,1189.94,15.24,3.68
3293,2024-12-04 18:33:02,1190.30,15.24,3.68
3294,2024-12-04 18:33:02,1190.65,15.24,3.68
3295,2024-12-04 18:33:03,1191.01,15.24,3.68
3296,2024-12-04 18:33:03,1191.36,15.24,3.68
3297,2024-12-04 18:33:03,1191.71,15.24,3.68
3298,2024-12-04 18:33:04,1192.06,15.24,3.68
3299,2024-12-04 18:33:04,1192.42,15.24,3.68
3300,2024-12-04 18:33:05,1192.79,15.24,3.68
3301,2024-12-04 18:33:05,1193.15,15.24,3.68
3302,2024-12-04 18:33:05,1193.51,15.24,3.68
3303,2024-12-04 18:33:06,1193.85,15.24,3.68
3304,2024-12-04 18:33:06,1194.21,15.24,3.68
3305,2024-12-04 18:33:06,1194.57,15.24,3.68
3306,2024-12-04 18:33:07,1194.93,15.24,3.68
3307,2024-12-04 18:33:07,1195.28,15.24,3.68
3308,2024-12-04 18:33:07,1195.63,15.24,3.68
3309,2024-12-04 18:33:08,1195.99,15.24,3.68
3310,2024-12-04 18:33:08,1196.35,15.24,3.68
3311,2024-12-04 18:33:08,1196.71,15.24,3.68
3312,2024-12-04 18:33:09,1197.06,15.24,3.68
3313,2024-12-04 18:33:09,1197.40,15.24,3.68
3314,2024-12-04 18:33:10,1197.76,15.24,3.68
3315,2024-12-04 18:33:10,1198.11,15.24,3.68
3316,2024-12-04 18:33:10,1198.45,15.24,3.68
3317,2024-12-04 18:33:11,1198.80,15.24,3.68
3318,2024-12-04 18:33:11,1199.15,15.24,3.68
3319,2024-12-04 18:33:11,1199.51,15.24,3.68
3320,2024-12-04 18:33:12,1199.86,15.24,3.68
3321,2024-12-04 18:33:12,1200.18,15.24,3.68
3322,2024-12-04 18:33:12,1200.53,15.24,3.68
3323,2024-12-04 18:33:13,1200.88,15.24,3.68
3324,2024-12-04 18:33:13,1201.24,15.24,3.68
3325,2024-12-04 18:33:13,1201.59,15.24,3.68
3326,2024-12-04 18:33:14,1201.94,15.24,3.68
3327,2024-12-04 18:33:14,1202.30,15.24,3.68
3328,2024-12-04 18:33:14,1202.66,15.24,3.68
3329,2024-12-04 18:33:15,1203.02,15.24,3.68
3330,2024-12-04 18:33:15,1203.38,15.24,3.68
3331,2024-12-04 18:33:16,1203.73,15.24,3.68
3332,2024-12-04 18:33:16,1204.09,15.24,3.68
3333,2024-12-04 18:33:16,1204.44,15.24,3.68
3334,2024-12-04 18:33:17,1204.79,15.24,3.68
3335,2024-12-04 18:33:17,1205.16,15.24,3.68
3336,2024-12-04 18:33:17,1205.52,15.24,3.68
3337,2024-12-04 18:33:18,1205.88,15.24,3.68
3338,2024-12-04 18:33:18,1206.24,15.24,3.68
3339,2024-12-04 18:33:18,1206.58,15.24,3.68
3340,2024-12-04 18:33:19,1206.93,15.24,3.68
3341,2024-12-04 18:33:19,1207.29,15.24,3.68
3342,2024-12-04 18:33:19,1207.65,15.24,3.68
3343,2024-12-04 18:33:20,1208.00,15.24,3.68
3344,2024-12-04 18:33:20,1208.35,15.24,3.68
3345,2024-12-04 18:33:20,1208.69,15.24,3.68
3346,2024-12-04 18:33:21,1209.04,15.24,3.68
3347,2024-12-04 18:33:21,1209.39,15.24,3.68
3348,2024-12-04 18:33:22,1209.74,15.24,3.68
3349,2024-12-04 18:33:22,1210.10,15.24,3.68
3350,2024-12-04 18:33:22,1210.46,15.24,3.68
3351,2024-12-04 18:33:23,1210.82,15.24,3.68
3352,2024-12-04 18:33:23,1211.18,15.24,3.68
3353,2024-12-04 18:33:23,1211.54,15.24,3.68
3354,2024-12-04 18:33:24,1211.91,15.24,3.68
3355,2024-12-04 18:33:24,1212.26,15.24,3.68
3356,2024-12-04 18:33:24,1212.62,15.24,3.68
3357,2024-12-04 18:33:25,1212.98,15.24,3.68
3358,2024-12-04 18:33:25,1213.34,15.24,3.68
3359,2024-12-04 18:33:25,1213.68,15.24,3.68
3360,2024-12-04 18:33:26,1214.02,15.24,3.68
3361,2024-12-04 18:33:26,1214.38,15.24,3.68
3362,2024-12-04 18:33:27,1214.73,15.24,3.68
3363,2024-12-04 18:33:27,1215.10,15.24,3.68
3364,2024-12-04 18:33:27,1215.46,15.24,3.68
3365,2024-12-04 18:33:28,1215.79,15.24,3.68
3366,2024-12-04 18:33:28,1216.16,15.24,3.68
3367,2024-12-04 18:33:28,1216.51,15.24,3.68
3368,2024-12-04 18:33:29,1216.87,15.24,3.68
3369,2024-12-04 18:33:29,1217.22,15.24,3.68
3370,2024-12-04 18:33:29,1217.58,15.24,3.68
3371,2024-12-04 18:33:30,1217.94,15.24,3.68
3372,2024-12-04 18:33:30,1218.30,15.24,3.68
3373,2024-12-04 18:33:30,1218.64,15.24,3.68
3374,2024-12-04 18:33:31,1219.00,15.24,3.68
3375,2024-12-04 18:33:31,1219.35,15.24,3.68
3376,2024-12-04 18:33:31,1219.70,15.24,3.68
3377,2024-12-04 18:33:32,1220.05,15.24,3.68
3378,2024-12-04 18:33:32,1220.40,15.24,3.68
3379,2024-12-04 18:33:33,1220.74,15.24,3.68
3380,2024-12-04 18:33:33,1221.08,15.24,3.68
3381,2024-12-04 18:33:33,1221.43,15.24,3.68
3382,2024-12-04 18:33:34,1221.79,15.24,3.68
3383,2024-12-04 18:33:34,1222.14,15.24,3.68
3384,2024-12-04 18:33:34,1222.49,15.24,3.68
3385,2024-12-04 18:33:35,1222.84,15.24,3.68
3386,2024-12-04 18:33:35,1223.18,15.24,3.68
3387,2024-12-04 18:33:35,1223.52,15.24,3.68
3388,2024-12-04 18:33:36,1223.86,15.24,3.68
3389,2024-12-04 18:33:36,1224.22,15.24,3.68
3390,2024-12-04 18:33:36,1224.57,15.24,3.68
3391,2024-12-04 18:33:37,1224.93,15.24,3.68
3392,2024-12-04 18:33:37,1225.29,15.24,3.68
3393,2024-12-04 18:33:37,1225.65,15.24,3.68
3394,2024-12-04 18:33:38,1226.00,15.24,3.68
3395,2024-12-04 18:33:38,1226.36,15.24,3.68
3396,2024-12-04 18:33:38,1226.71,15.24,3.68
3397,2024-12-04 18:33:39,1227.07,15.24,3.68
3398,2024-12-04 18:33:39,1227.42,15.24,3.68
3399,2024-12-04 18:33:40,1227.78,15.24,3.68
3400,2024-12-04 18:33:40,1228.15,15.24,3.68
3401,2024-12-04 18:33:40,1228.50,15.24,3.68
3402,2024-12-04 18:33:41,1228.86,15.24,3.68
3403,2024-12-04 18:33:41,1229.21,15.24,3.68
3404,2024-12-04 18:33:41,1229.57,15.24,3.68
3405,2024-12-04 18:33:42,1229.91,15.24,3.68
3406,2024-12-04 18:33:42,1230.25,15.24,3.68
3407,2024-12-04 18:33:42,1230.60,15.24,3.68
3408,2024-12-04 18:33:43,1230.94,15.24,3.68
3409,2024-12-04 18:33:43,1231.28,15.24,3.68
3410,2024-12-04 18:33:43,1231.64,15.24,3.68
3411,2024-12-04 18:33:44,1232.00,15.24,3.68
3412,2024-12-04 18:33:44,1232.35,15.24,3.68
3413,2024-12-04 18:33:44,1232.71,15.24,3.68
3414,2024-12-04 18:33:45,1233.06,15.24,3.68
3415,2024-12-04 18:33:45,1233.41,15.24,3.68
3416,2024-12-04 18:33:46,1233.76,15.24,3.68
3417,2024-12-04 18:33:46,1234.10,15.24,3.68
3418,2024-12-04 18:33:46,1234.46,15.24,3.68
3419,2024-12-04 18:33:47,1234.81,15.24,3.68
3420,2024-12-04 18:33:47,1235.15,15.24,3.68
3421,2024-12-04 18:33:47,1235.49,15.24,3.68
3422,2024-12-04 18:33:48,1235.84,15.24,3.68
3423,2024-12-04 18:33:48,1236.19,15.24,3.68
3424,2024-12-04 18:33:48,1236.54,15.24,3.68
3425,2024-12-04 18:33:49,1236.89,15.24,3.68
3426,2024-12-04 18:33:49,1237.25,15.24,3.68
3427,2024-12-04 18:33:49,1237.60,15.24,3.68
3428,2024-12-04 18:33:50,1237.96,15.24,3.68
3429,2024-12-04 18:33:50,1238.32,15.24,3.68
3430,2024-12-04 18:33:50,1238.68,15.24,3.68
3431,2024-12-04 18:33:51,1239.04,15.24,3.68
3432,2024-12-04 18:33:51,1239.39,15.24,3.68
3433,2024-12-04 18:33:52,1239.73,15.24,3.68
3434,2024-12-04 18:33:52,1240.09,15.24,3.68
3435,2024-12-04 18:33:52,1240.44,15.24,3.68
3436,2024-12-04 18:33:53,1240.81,15.24,3.68
3437,2024-12-04 18:33:53,1241.17,15.24,3.68
3438,2024-12-04 18:33:53,1241.51,15.24,3.68
3439,2024-12-04 18:33:54,1241.87,15.24,3.68
3440,2024-12-04 18:33:54,1242.22,15.24,3.68
3441,2024-12-04 18:33:54,1242.57,15.24,3.68
3442,2024-12-04 18:33:55,1242.93,15.24,3.68
3443,2024-12-04 18:33:55,1243.28,15.24,3.68
3444,2024-12-04 18:33:55,1243.64,15.24,3.68
3445,2024-12-04 18:33:56,1243.99,15.24,3.68
3446,2024-12-04 18:33:56,1244.35,15.24,3.68
3447,2024-12-04 18:33:56,1244.69,15.24,3.68
3448,2024-12-04 18:33:57,1245.03,15.24,3.68
3449,2024-12-04 18:33:57,1245.36,15.24,3.68
3450,2024-12-04 18:33:57,1245.70,15.24,3.68
3451,2024-12-04 18:33:58,1246.05,15.24,3.68
3452,2024-12-04 18:33:58,1246.40,15.24,3.68
3453,2024-12-04 18:33:59,1246.73,15.24,3.68
3454,2024-12-04 18:33:59,1247.06,15.24,3.68
3455,2024-12-04 18:33:59,1247.41,15.24,3.68
3456,2024-12-04 18:34:00,1247.76,15.24,3.68
3457,2024-12-04 18:34:00,1248.10,15.24,3.68
3458,2024-12-04 18:34:00,1248.45,15.24,3.68
3459,2024-12-04 18:34:01,1248.79,15.24,3.68
3460,2024-12-04 18:34:01,1249.15,15.24,3.68
3461,2024-12-04 18:34:01,1249.51,15.24,3.68
3462,2024-12-04 18:34:02,1249.86,15.24,3.68
3463,2024-12-04 18:34:02,1250.22,15.24,3.68
3464,2024-12-04 18:34:02,1250.57,15.24,3.68
3465,2024-12-04 18:34:03,1250.91,15.24,3.68
3466,2024-12-04 18:34:03,1251.26,15.24,3.68
3467,2024-12-04 18:34:03,1251.59,15.24,3.68
3468,2024-12-04 18:34:04,1251.93,15.24,3.68
3469,2024-12-04 18:34:04,1252.29,15.24,3.68
3470,2024-12-04 18:34:04,1252.65,15.24,3.68
3471,2024-12-04 18:34:05,1253.00,15.24,3.68
3472,2024-12-04 18:34:05,1253.35,15.24,3.68
3473,2024-12-04 18:34:05,1253.72,15.24,3.68
3474,2024-12-04 18:34:06,1254.06,15.24,3.68
3475,2024-12-04 18:34:06,1254.39,15.24,3.68
3476,2024-12-04 18:34:07,1254.73,15.24,3.68
3477,2024-12-04 18:34:07,1255.09,15.24,3.68
3478,2024-12-04 18:34:07,1255.43,15.24,3.68
3479,2024-12-04 18:34:08,1255.78,15.24,3.68
3480,2024-12-04 18:34:08,1256.12,15.24,3.68
3481,2024-12-04 18:34:08,1256.48,15.24,3.68
3482,2024-12-04 18:34:09,1256.83,15.24,3.68
3483,2024-12-04 18:34:09,1257.18,15.24,3.68
3484,2024-12-04 18:34:09,1257.54,15.24,3.68
3485,2024-12-04 18:34:10,1257.89,15.24,3.68
3486,2024-12-04 18:34:10,1258.26,15.24,3.68
3487,2024-12-04 18:34:10,1258.62,15.24,3.68
3488,2024-12-04 18:34:11,1258.97,15.24,3.68
3489,2024-12-04 18:34:11,1259.34,15.24,3.68
3490,2024-12-04 18:34:11,1259.70,15.24,3.68
3491,2024-12-04 18:34:12,1260.06,15.24,3.68
3492,2024-12-04 18:34:12,1260.42,15.24,3.68
3493,2024-12-04 18:34:13,1260.76,15.24,3.68
3494,2024-12-04 18:34:13,1261.08,15.24,3.68
3495,2024-12-04 18:34:13,1261.39,15.24,3.68
3496,2024-12-04 18:34:13,1261.73,15.24,3.68
3497,2024-12-04 18:34:14,1262.08,15.24,3.68
3498,2024-12-04 18:34:14,1262.41,15.24,3.68
3499,2024-12-04 18:34:15,1262.75,15.24,3.68
3500,2024-12-04 18:34:15,1263.11,15.24,3.68
3501,2024-12-04 18:34:15,1263.46,15.24,3.68
3502,2024-12-04 18:34:16,1263.81,15.24,3.68
3503,2024-12-04 18:34:16,1264.17,15.24,3.68
3504,2024-12-04 18:34:16,1264.53,15.24,3.68
3505,2024-12-04 18:34:17,1264.87,15.24,3.68
3506,2024-12-04 18:34:17,1265.23,15.24,3.68
3507,2024-12-04 18:34:17,1265.59,15.24,3.68
3508,2024-12-04 18:34:18,1265.95,15.24,3.68
3509,2024-12-04 18:34:18,1266.30,15.24,3.68
3510,2024-12-04 18:34:18,1266.66,15.24,3.68
3511,2024-12-04 18:34:19,1267.00,15.24,3.68
3512,2024-12-04 18:34:19,1267.35,15.24,3.68
3513,2024-12-04 18:34:19,1267.72,15.24,3.68
3514,2024-12-04 18:34:20,1268.07,15.24,3.68
3515,2024-12-04 18:34:20,1268.41,15.24,3.68
3516,2024-12-04 18:34:21,1268.75,15.24,3.68
3517,2024-12-04 18:34:21,1269.09,15.24,3.68
3518,2024-12-04 18:34:21,1269.43,15.24,3.68
3519,2024-12-04 18:34:22,1269.75,15.24,3.68
3520,2024-12-04 18:34:22,1270.09,15.24,3.68
3521,2024-12-04 18:34:22,1270.45,15.24,3.68
3522,2024-12-04 18:34:23,1270.81,15.24,3.68
3523,2024-12-04 18:34:23,1271.17,15.24,3.68
3524,2024-12-04 18:34:23,1271.52,15.24,3.68
3525,2024-12-04 18:34:24,1271.86,15.24,3.68
3526,2024-12-04 18:34:24,1272.21,15.24,3.68
3527,2024-12-04 18:34:24,1272.55,15.24,3.68
3528,2024-12-04 18:34:25,1272.90,15.24,3.68
3529,2024-12-04 18:34:25,1273.25,15.24,3.68
3530,2024-12-04 18:34:25,1273.58,15.24,3.68
3531,2024-12-04 18:34:26,1273.92,15.24,3.68
3532,2024-12-04 18:34:26,1274.28,15.24,3.68
3533,2024-12-04 18:34:26,1274.64,15.24,3.68
3534,2024-12-04 18:34:27,1274.99,15.24,3.68
3535,2024-12-04 18:34:27,1275.35,15.24,3.68
3536,2024-12-04 18:34:27,1275.71,15.24,3.68
3537,2024-12-04 18:34:28,1276.07,15.24,3.68
3538,2024-12-04 18:34:28,1276.44,15.24,3.68
3539,2024-12-04 18:34:29,1276.79,15.24,3.68
3540,2024-12-04 18:34:29,1277.15,15.24,3.68
3541,2024-12-04 18:34:29,1277.51,15.24,3.68
3542,2024-12-04 18:34:30,1277.85,15.24,3.68
3543,2024-12-04 18:34:30,1278.21,15.24,3.68
3544,2024-12-04 18:34:30,1278.56,15.24,3.68
3545,2024-12-04 18:34:31,1278.91,15.24,3.68
3546,2024-12-04 18:34:31,1279.26,15.24,3.68
3547,2024-12-04 18:34:31,1279.61,15.24,3.68
3548,2024-12-04 18:34:32,1279.97,15.24,3.68
3549,2024-12-04 18:34:32,1280.33,15.24,3.68
3550,2024-12-04 18:34:32,1280.69,15.24,3.68
3551,2024-12-04 18:34:33,1281.04,15.24,3.68
3552,2024-12-04 18:34:33,1281.37,15.24,3.68
3553,2024-12-04 18:34:33,1281.71,15.24,3.68
3554,2024-12-04 18:34:34,1282.06,15.24,3.68
3555,2024-12-04 18:34:34,1282.42,15.24,3.68
3556,2024-12-04 18:34:35,1282.77,15.24,3.68
3557,2024-12-04 18:34:35,1283.12,15.24,3.68
3558,2024-12-04 18:34:35,1283.48,15.24,3.68
3559,2024-12-04 18:34:36,1283.84,15.24,3.68
3560,2024-12-04 18:34:36,1284.18,15.24,3.68
3561,2024-12-04 18:34:36,1284.51,15.24,3.68
3562,2024-12-04 18:34:37,1284.86,15.24,3.68
3563,2024-12-04 18:34:37,1285.21,15.24,3.68
3564,2024-12-04 18:34:37,1285.55,15.24,3.68
3565,2024-12-04 18:34:38,1285.90,15.24,3.68
3566,2024-12-04 18:34:38,1286.25,15.24,3.68
3567,2024-12-04 18:34:38,1286.60,15.24,3.68
3568,2024-12-04 18:34:39,1286.96,15.24,3.68
3569,2024-12-04 18:34:39,1287.31,15.24,3.68
3570,2024-12-04 18:34:39,1287.66,15.24,3.68
3571,2024-12-04 18:34:40,1288.01,15.24,3.68
3572,2024-12-04 18:34:40,1288.37,15.24,3.68
3573,2024-12-04 18:34:41,1288.73,15.24,3.68
3574,2024-12-04 18:34:41,1289.10,15.24,3.68
3575,2024-12-04 18:34:41,1289.43,15.24,3.68
3576,2024-12-04 18:34:42,1289.78,15.24,3.68
3577,2024-12-04 18:34:42,1290.13,15.24,3.68
3578,2024-12-04 18:34:42,1290.48,15.24,3.68
3579,2024-12-04 18:34:43,1290.85,15.24,3.68
3580,2024-12-04 18:34:43,1291.19,15.24,3.68
3581,2024-12-04 18:34:43,1291.53,15.24,3.68
3582,2024-12-04 18:34:44,1291.90,15.24,3.68
3583,2024-12-04 18:34:44,1292.25,15.24,3.68
3584,2024-12-04 18:34:44,1292.60,15.24,3.68
3585,2024-12-04 18:34:45,1292.95,15.24,3.68
3586,2024-12-04 18:34:45,1293.32,15.24,3.68
3587,2024-12-04 18:34:45,1293.66,15.24,3.68
3588,2024-12-04 18:34:46,1294.01,15.24,3.68
3589,2024-12-04 18:34:46,1294.38,15.24,3.68
3590,2024-12-04 18:34:47,1294.73,15.24,3.68
3591,2024-12-04 18:34:47,1295.06,15.24,3.68
3592,2024-12-04 18:34:47,1295.41,15.24,3.68
3593,2024-12-04 18:34:48,1295.76,15.24,3.68
3594,2024-12-04 18:34:48,1296.12,15.24,3.68
3595,2024-12-04 18:34:48,1296.47,15.24,3.68
3596,2024-12-04 18:34:49,1296.81,15.24,3.68
3597,2024-12-04 18:34:49,1297.15,15.24,3.68
3598,2024-12-04 18:34:49,1297.48,15.24,3.68
3599,2024-12-04 18:34:50,1297.84,15.24,3.68
3600,2024-12-04 18:34:50,1298.21,15.24,3.68
3601,2024-12-04 18:34:50,1298.55,15.24,3.68
3602,2024-12-04 18:34:51,1298.90,15.24,3.68
3603,2024-12-04 18:34:51,1299.25,15.24,3.68
3604,2024-12-04 18:34:51,1299.59,15.24,3.68
3605,2024-12-04 18:34:52,1299.95,15.24,3.68
3606,2024-12-04 18:34:52,1300.30,15.24,3.68
3607,2024-12-04 18:34:52,1300.65,15.24,3.68
3608,2024-12-04 18:34:53,1301.00,15.24,3.68
3609,2024-12-04 18:34:53,1301.35,15.24,3.68
3610,2024-12-04 18:34:53,1301.71,15.24,3.68
3611,2024-12-04 18:34:54,1302.03,15.24,3.68
3612,2024-12-04 18:34:54,1302.36,15.24,3.68
3613,2024-12-04 18:34:54,1302.71,15.24,3.68
3614,2024-12-04 18:34:55,1303.06,15.24,3.68
3615,2024-12-04 18:34:55,1303.41,15.24,3.68
3616,2024-12-04 18:34:56,1303.75,15.24,3.68
3617,2024-12-04 18:34:56,1304.10,15.24,3.68
3618,2024-12-04 18:34:56,1304.45,15.24,3.68
3619,2024-12-04 18:34:57,1304.79,15.24,3.68
3620,2024-12-04 18:34:57,1305.13,15.24,3.68
3621,2024-12-04 18:34:57,1305.49,15.24,3.68
3622,2024-12-04 18:34:58,1305.86,15.24,3.68
3623,2024-12-04 18:34:58,1306.23,15.24,3.68
3624,2024-12-04 18:34:58,1306.57,15.24,3.68
3625,2024-12-04 18:34:59,1306.91,15.24,3.68
3626,2024-12-04 18:34:59,1307.27,15.24,3.68
3627,2024-12-04 18:34:59,1307.62,15.24,3.68
3628,2024-12-04 18:35:00,1307.96,15.24,3.68
3629,2024-12-04 18:35:00,1308.32,15.24,3.68
3630,2024-12-04 18:35:00,1308.67,15.24,3.68
3631,2024-12-04 18:35:01,1309.02,15.24,3.68
3632,2024-12-04 18:35:01,1309.38,15.24,3.68
3633,2024-12-04 18:35:02,1309.73,15.24,3.68
3634,2024-12-04 18:35:02,1310.08,15.24,3.68
3635,2024-12-04 18:35:02,1310.44,15.24,3.68
3636,2024-12-04 18:35:03,1310.79,15.24,3.68
3637,2024-12-04 18:35:03,1311.14,15.24,3.68
3638,2024-12-04 18:35:03,1311.49,15.24,3.68
3639,2024-12-04 18:35:04,1311.85,15.24,3.68
3640,2024-12-04 18:35:04,1312.21,15.24,3.68
3641,2024-12-04 18:35:04,1312.57,15.24,3.68
3642,2024-12-04 18:35:05,1312.93,15.24,3.68
3643,2024-12-04 18:35:05,1313.29,15.24,3.68
3644,2024-12-04 18:35:05,1313.64,15.24,3.68
3645,2024-12-04 18:35:06,1314.00,15.24,3.68
3646,2024-12-04 18:35:06,1314.35,15.24,3.68
3647,2024-12-04 18:35:06,1314.71,15.24,3.68
3648,2024-12-04 18:35:07,1315.05,15.24,3.68
3649,2024-12-04 18:35:07,1315.40,15.24,3.68
3650,2024-12-04 18:35:08,1315.75,15.24,3.68
3651,2024-12-04 18:35:08,1316.10,15.24,3.68
3652,2024-12-04 18:35:08,1316.43,15.24,3.68
3653,2024-12-04 18:35:09,1316.77,15.24,3.68
3654,2024-12-04 18:35:09,1317.11,15.24,3.68
3655,2024-12-04 18:35:09,1317.45,15.24,3.68
3656,2024-12-04 18:35:10,1317.78,15.24,3.68
3657,2024-12-04 18:35:10,1318.13,15.24,3.68
3658,2024-12-04 18:35:10,1318.48,15.24,3.68
3659,2024-12-04 18:35:11,1318.83,15.24,3.68
3660,2024-12-04 18:35:11,1319.18,15.24,3.68
3661,2024-12-04 18:35:11,1319.52,15.24,3.68
3662,2024-12-04 18:35:12,1319.85,15.24,3.68
3663,2024-12-04 18:35:12,1320.17,15.24,3.68
3664,2024-12-04 18:35:12,1320.53,15.24,3.68
3665,2024-12-04 18:35:13,1320.87,15.24,3.68
3666,2024-12-04 18:35:13,1321.20,15.24,3.68
3667,2024-12-04 18:35:13,1321.54,15.24,3.68
3668,2024-12-04 18:35:14,1321.90,15.24,3.68
3669,2024-12-04 18:35:14,1322.26,15.24,3.68
3670,2024-12-04 18:35:14,1322.60,15.24,3.68
3671,2024-12-04 18:35:15,1322.95,15.24,3.68
3672,2024-12-04 18:35:15,1323.30,15.24,3.68
3673,2024-12-04 18:35:15,1323.65,15.24,3.68
3674,2024-12-04 18:35:16,1323.99,15.24,3.68
3675,2024-12-04 18:35:16,1324.33,15.24,3.68
3676,2024-12-04 18:35:16,1324.67,15.24,3.68
3677,2024-12-04 18:35:17,1325.03,15.24,3.68
3678,2024-12-04 18:35:17,1325.36,15.24,3.68
3679,2024-12-04 18:35:17,1325.69,15.24,3.68
3680,2024-12-04 18:35:18,1326.02,15.24,3.68
3681,2024-12-04 18:35:18,1326.37,15.24,3.68
3682,2024-12-04 18:35:18,1326.71,15.24,3.68
3683,2024-12-04 18:35:19,1327.07,15.24,3.68
3684,2024-12-04 18:35:19,1327.42,15.24,3.68
3685,2024-12-04 18:35:20,1327.79,15.24,3.68
3686,2024-12-04 18:35:20,1328.15,15.24,3.68
3687,2024-12-04 18:35:20,1328.50,15.24,3.68
3688,2024-12-04 18:35:21,1328.86,15.24,3.68
3689,2024-12-04 18:35:21,1329.19,15.24,3.68
3690,2024-12-04 18:35:21,1329.54,15.24,3.68
3691,2024-12-04 18:35:22,1329.90,15.24,3.68
3692,2024-12-04 18:35:22,1330.26,15.24,3.68
3693,2024-12-04 18:35:22,1330.61,15.24,3.68
3694,2024-12-04 18:35:23,1330.95,15.24,3.68
3695,2024-12-04 18:35:23,1331.30,15.24,3.68
3696,2024-12-04 18:35:23,1331.66,15.24,3.68
3697,2024-12-04 18:35:24,1332.03,15.24,3.68
3698,2024-12-04 18:35:24,1332.38,15.24,3.68
3699,2024-12-04 18:35:25,1332.74,15.24,3.68
3700,2024-12-04 18:35:25,1333.10,15.24,3.68
3701,2024-12-04 18:35:25,1333.46,15.24,3.68
3702,2024-12-04 18:35:26,1333.81,15.24,3.68
3703,2024-12-04 18:35:26,1334.14,15.24,3.68
3704,2024-12-04 18:35:26,1334.51,15.24,3.68
3705,2024-12-04 18:35:27,1334.87,15.24,3.68
3706,2024-12-04 18:35:27,1335.22,15.24,3.68
3707,2024-12-04 18:35:27,1335.57,15.24,3.68
3708,2024-12-04 18:35:28,1335.93,15.24,3.68
3709,2024-12-04 18:35:28,1336.27,15.24,3.68
3710,2024-12-04 18:35:28,1336.62,15.24,3.68
3711,2024-12-04 18:35:29,1336.97,15.24,3.68
3712,2024-12-04 18:35:29,1337.32,15.24,3.68
3713,2024-12-04 18:35:29,1337.68,15.24,3.68
3714,2024-12-04 18:35:30,1338.03,15.24,3.68
3715,2024-12-04 18:35:30,1338.37,15.24,3.68
3716,2024-12-04 18:35:31,1338.73,15.24,3.68
3717,2024-12-04 18:35:31,1339.08,15.24,3.68
3718,2024-12-04 18:35:31,1339.42,15.24,3.68
3719,2024-12-04 18:35:32,1339.78,15.24,3.68
3720,2024-12-04 18:35:32,1340.15,15.24,3.68
3721,2024-12-04 18:35:32,1340.49,15.24,3.68
3722,2024-12-04 18:35:33,1340.85,15.24,3.68
3723,2024-12-04 18:35:33,1341.19,15.24,3.68
3724,2024-12-04 18:35:33,1341.53,15.24,3.68
3725,2024-12-04 18:35:34,1341.88,15.24,3.68
3726,2024-12-04 18:35:34,1342.23,15.24,3.68
3727,2024-12-04 18:35:34,1342.60,15.24,3.68
3728,2024-12-04 18:35:35,1342.95,15.24,3.68
3729,2024-12-04 18:35:35,1343.30,15.24,3.68
3730,2024-12-04 18:35:35,1343.65,15.24,3.68
3731,2024-12-04 18:35:36,1344.01,15.24,3.68
3732,2024-12-04 18:35:36,1344.36,15.24,3.68
3733,2024-12-04 18:35:36,1344.72,15.24,3.68
3734,2024-12-04 18:35:37,1345.09,15.24,3.68
3735,2024-12-04 18:35:37,1345.44,15.24,3.68
3736,2024-12-04 18:35:38,1345.80,15.24,3.68
3737,2024-12-04 18:35:38,1346.16,15.24,3.68
3738,2024-12-04 18:35:38,1346.51,15.24,3.68
3739,2024-12-04 18:35:39,1346.83,15.24,3.68
3740,2024-12-04 18:35:39,1347.18,15.24,3.68
3741,2024-12-04 18:35:39,1347.54,15.24,3.68
3742,2024-12-04 18:35:40,1347.91,15.24,3.68
3743,2024-12-04 18:35:40,1348.24,15.24,3.68
3744,2024-12-04 18:35:40,1348.60,15.24,3.68
3745,2024-12-04 18:35:41,1348.95,15.24,3.68
3746,2024-12-04 18:35:41,1349.31,15.24,3.68
3747,2024-12-04 18:35:41,1349.65,15.24,3.68
3748,2024-12-04 18:35:42,1350.01,15.24,3.68
3749,2024-12-04 18:35:42,1350.35,15.24,3.68
3750,2024-12-04 18:35:42,1350.69,15.24,3.68
3751,2024-12-04 18:35:43,1351.04,15.24,3.68
3752,2024-12-04 18:35:43,1351.39,15.24,3.68
3753,2024-12-04 18:35:44,1351.74,15.24,3.68
3754,2024-12-04 18:35:44,1352.10,15.24,3.68
3755,2024-12-04 18:35:44,1352.46,15.24,3.68
3756,2024-12-04 18:35:45,1352.83,15.24,3.68
3757,2024-12-04 18:35:45,1353.18,15.24,3.68
3758,2024-12-04 18:35:45,1353.53,15.24,3.68
3759,2024-12-04 18:35:46,1353.89,15.24,3.68
3760,2024-12-04 18:35:46,1354.25,15.24,3.68
3761,2024-12-04 18:35:46,1354.59,15.24,3.68
3762,2024-12-04 18:35:47,1354.93,15.24,3.68
3763,2024-12-04 18:35:47,1355.27,15.24,3.68
3764,2024-12-04 18:35:47,1355.61,15.24,3.68
3765,2024-12-04 18:35:48,1355.96,15.24,3.68
3766,2024-12-04 18:35:48,1356.30,15.24,3.68
3767,2024-12-04 18:35:48,1356.67,15.24,3.68
3768,2024-12-04 18:35:49,1357.01,15.24,3.68
3769,2024-12-04 18:35:49,1357.36,15.24,3.68
3770,2024-12-04 18:35:49,1357.72,15.24,3.68
3771,2024-12-04 18:35:50,1358.08,15.24,3.68
3772,2024-12-04 18:35:50,1358.41,15.24,3.68
3773,2024-12-04 18:35:51,1358.75,15.24,3.68
3774,2024-12-04 18:35:51,1359.11,15.24,3.68
3775,2024-12-04 18:35:51,1359.47,15.24,3.68
3776,2024-12-04 18:35:52,1359.82,15.24,3.68
3777,2024-12-04 18:35:52,1360.16,15.24,3.68
3778,2024-12-04 18:35:52,1360.51,15.24,3.68
3779,2024-12-04 18:35:53,1360.87,15.24,3.68
3780,2024-12-04 18:35:53,1361.23,15.24,3.68
3781,2024-12-04 18:35:53,1361.59,15.24,3.68
3782,2024-12-04 18:35:54,1361.95,15.24,3.68
3783,2024-12-04 18:35:54,1362.30,15.24,3.68
3784,2024-12-04 18:35:54,1362.66,15.24,3.68
3785,2024-12-04 18:35:55,1363.02,15.24,3.68
3786,2024-12-04 18:35:55,1363.38,15.24,3.68
3787,2024-12-04 18:35:56,1363.74,15.24,3.68
3788,2024-12-04 18:35:56,1364.09,15.24,3.68
3789,2024-12-04 18:35:56,1364.44,15.24,3.68
3790,2024-12-04 18:35:57,1364.79,15.24,3.68
3791,2024-12-04 18:35:57,1365.14,15.24,3.68
3792,2024-12-04 18:35:57,1365.49,15.24,3.68
3793,2024-12-04 18:35:58,1365.82,15.24,3.68
3794,2024-12-04 18:35:58,1366.16,15.24,3.68
3795,2024-12-04 18:35:58,1366.49,15.24,3.68
3796,2024-12-04 18:35:59,1366.84,15.24,3.68
3797,2024-12-04 18:35:59,1367.18,15.24,3.68
3798,2024-12-04 18:35:59,1367.52,15.24,3.68
3799,2024-12-04 18:36:00,1367.88,15.24,3.68
3800,2024-12-04 18:36:00,1368.25,15.24,3.68
3801,2024-12-04 18:36:00,1368.61,15.24,3.68
3802,2024-12-04 18:36:01,1368.94,15.24,3.68
3803,2024-12-04 18:36:01,1369.30,15.24,3.68
3804,2024-12-04 18:36:01,1369.66,15.24,3.68
3805,2024-12-04 18:36:02,1370.01,15.24,3.68
3806,2024-12-04 18:36:02,1370.36,15.24,3.68
3807,2024-12-04 18:36:02,1370.69,15.24,3.68
3808,2024-12-04 18:36:03,1371.04,15.24,3.68
3809,2024-12-04 18:36:03,1371.39,15.24,3.68
3810,2024-12-04 18:36:04,1371.73,15.24,3.68
3811,2024-12-04 18:36:04,1372.09,15.24,3.68
3812,2024-12-04 18:36:04,1372.45,15.24,3.68
3813,2024-12-04 18:36:05,1372.79,15.24,3.68
3814,2024-12-04 18:36:05,1373.13,15.24,3.68
3815,2024-12-04 18:36:05,1373.49,15.24,3.68
3816,2024-12-04 18:36:06,1373.84,15.24,3.68
3817,2024-12-04 18:36:06,1374.21,15.24,3.68
3818,2024-12-04 18:36:06,1374.56,15.24,3.68
3819,2024-12-04 18:36:07,1374.92,15.24,3.68
3820,2024-12-04 18:36:07,1375.27,15.24,3.68
3821,2024-12-04 18:36:07,1375.63,15.24,3.68
3822,2024-12-04 18:36:08,1375.98,15.24,3.68
3823,2024-12-04 18:36:08,1376.33,15.24,3.68
3824,2024-12-04 18:36:08,1376.68,15.24,3.68
3825,2024-12-04 18:36:09,1377.04,15.24,3.68
3826,2024-12-04 18:36:09,1377.39,15.24,3.68
3827,2024-12-04 18:36:10,1377.75,15.24,3.68
3828,2024-12-04 18:36:10,1378.11,15.24,3.68
3829,2024-12-04 18:36:10,1378.46,15.24,3.68
3830,2024-12-04 18:36:11,1378.81,15.24,3.68
3831,2024-12-04 18:36:11,1379.15,15.24,3.68
3832,2024-12-04 18:36:11,1379.51,15.24,3.68
3833,2024-12-04 18:36:12,1379.86,15.24,3.68
3834,2024-12-04 18:36:12,1380.21,15.24,3.68
3835,2024-12-04 18:36:12,1380.55,15.24,3.68
3836,2024-12-04 18:36:13,1380.90,15.24,3.68
3837,2024-12-04 18:36:13,1381.25,15.24,3.68
3838,2024-12-04 18:36:13,1381.59,15.24,3.68
3839,2024-12-04 18:36:14,1381.95,15.24,3.68
3840,2024-12-04 18:36:14,1382.31,15.24,3.68
3841,2024-12-04 18:36:14,1382.67,15.24,3.68
3842,2024-12-04 18:36:15,1383.03,15.24,3.68
3843,2024-12-04 18:36:15,1383.39,15.24,3.68
3844,2024-12-04 18:36:16,1383.73,15.24,3.68
3845,2024-12-04 18:36:16,1384.08,15.24,3.68
3846,2024-12-04 18:36:16,1384.42,15.24,3.68
3847,2024-12-04 18:36:17,1384.78,15.24,3.68
3848,2024-12-04 18:36:17,1385.13,15.24,3.68
3849,2024-12-04 18:36:17,1385.49,15.24,3.68
3850,2024-12-04 18:36:18,1385.85,15.24,3.68
3851,2024-12-04 18:36:18,1386.21,15.24,3.68
3852,2024-12-04 18:36:18,1386.56,15.24,3.68
3853,2024-12-04 18:36:19,1386.91,15.24,3.68
3854,2024-12-04 18:36:19,1387.26,15.24,3.68
3855,2024-12-04 18:36:19,1387.62,15.24,3.68
3856,2024-12-04 18:36:20,1387.96,15.24,3.68
3857,2024-12-04 18:36:20,1388.31,15.24,3.68
3858,2024-12-04 18:36:20,1388.68,15.24,3.68
3859,2024-12-04 18:36:21,1389.03,15.24,3.68
3860,2024-12-04 18:36:21,1389.39,15.24,3.68
3861,2024-12-04 18:36:22,1389.75,15.24,3.68
3862,2024-12-04 18:36:22,1390.11,15.24,3.68
3863,2024-12-04 18:36:22,1390.46,15.24,3.68
3864,2024-12-04 18:36:23,1390.82,15.24,3.68
3865,2024-12-04 18:36:23,1391.18,15.24,3.68
3866,2024-12-04 18:36:23,1391.53,15.24,3.68
3867,2024-12-04 18:36:24,1391.87,15.24,3.68
3868,2024-12-04 18:36:24,1392.21,15.24,3.68
3869,2024-12-04 18:36:24,1392.56,15.24,3.68
3870,2024-12-04 18:36:25,1392.90,15.24,3.68
3871,2024-12-04 18:36:25,1393.26,15.24,3.68
3872,2024-12-04 18:36:25,1393.61,15.24,3.68
3873,2024-12-04 18:36:26,1393.96,15.24,3.68
3874,2024-12-04 18:36:26,1394.29,15.24,3.68
3875,2024-12-04 18:36:26,1394.63,15.24,3.68
3876,2024-12-04 18:36:27,1394.99,15.24,3.68
3877,2024-12-04 18:36:27,1395.34,15.24,3.68
3878,2024-12-04 18:36:27,1395.68,15.24,3.68
3879,2024-12-04 18:36:28,1396.02,15.24,3.68
3880,2024-12-04 18:36:28,1396.38,15.24,3.68
3881,2024-12-04 18:36:29,1396.74,15.24,3.68
3882,2024-12-04 18:36:29,1397.08,15.24,3.68
3883,2024-12-04 18:36:29,1397.44,15.24,3.68
3884,2024-12-04 18:36:30,1397.80,15.24,3.68
3885,2024-12-04 18:36:30,1398.16,15.24,3.68
3886,2024-12-04 18:36:30,1398.52,15.24,3.68
3887,2024-12-04 18:36:31,1398.87,15.24,3.68
3888,2024-12-04 18:36:31,1399.24,15.24,3.68
3889,2024-12-04 18:36:31,1399.58,15.24,3.68
3890,2024-12-04 18:36:32,1399.95,15.24,3.68
3891,2024-12-04 18:36:32,1400.31,15.24,3.68
3892,2024-12-04 18:36:32,1400.66,15.24,3.68
3893,2024-12-04 18:36:33,1401.03,15.24,3.68
3894,2024-12-04 18:36:33,1401.39,15.24,3.68
3895,2024-12-04 18:36:34,1401.74,15.24,3.68
3896,2024-12-04 18:36:34,1402.10,15.24,3.68
3897,2024-12-04 18:36:34,1402.45,15.24,3.68
3898,2024-12-04 18:36:35,1402.80,15.24,3.68
3899,2024-12-04 18:36:35,1403.14,15.24,3.68
3900,2024-12-04 18:36:35,1403.50,15.24,3.68
3901,2024-12-04 18:36:36,1403.84,15.24,3.68
3902,2024-12-04 18:36:36,1404.19,15.24,3.68
3903,2024-12-04 18:36:36,1404.55,15.24,3.68
3904,2024-12-04 18:36:37,1404.92,15.24,3.68
3905,2024-12-04 18:36:37,1405.28,15.24,3.68
3906,2024-12-04 18:36:37,1405.64,15.24,3.68
3907,2024-12-04 18:36:38,1405.99,15.24,3.68
3908,2024-12-04 18:36:38,1406.34,15.24,3.68
3909,2024-12-04 18:36:38,1406.68,15.24,3.68
3910,2024-12-04 18:36:39,1407.02,15.24,3.68
3911,2024-12-04 18:36:39,1407.37,15.24,3.68
3912,2024-12-04 18:36:40,1407.73,15.24,3.68
3913,2024-12-04 18:36:40,1408.08,15.24,3.68
3914,2024-12-04 18:36:40,1408.45,15.24,3.68
3915,2024-12-04 18:36:41,1408.81,15.24,3.68
3916,2024-12-04 18:36:41,1409.17,15.24,3.68
3917,2024-12-04 18:36:41,1409.52,15.24,3.68
3918,2024-12-04 18:36:42,1409.87,15.24,3.68
3919,2024-12-04 18:36:42,1410.20,15.24,3.68
3920,2024-12-04 18:36:42,1410.54,15.24,3.68
3921,2024-12-04 18:36:43,1410.90,15.24,3.68
3922,2024-12-04 18:36:43,1411.26,15.24,3.68
3923,2024-12-04 18:36:43,1411.60,15.24,3.68
3924,2024-12-04 18:36:44,1411.94,15.24,3.68
3925,2024-12-04 18:36:44,1412.28,15.24,3.68
3926,2024-12-04 18:36:44,1412.63,15.24,3.68
3927,2024-12-04 18:36:45,1412.98,15.24,3.68
3928,2024-12-04 18:36:45,1413.33,15.24,3.68
3929,2024-12-04 18:36:45,1413.69,15.24,3.68
3930,2024-12-04 18:36:46,1414.04,15.24,3.68
3931,2024-12-04 18:36:46,1414.40,15.24,3.68
3932,2024-12-04 18:36:47,1414.75,15.24,3.68
3933,2024-12-04 18:36:47,1415.11,15.24,3.68
3934,2024-12-04 18:36:47,1415.46,15.24,3.68
3935,2024-12-04 18:36:48,1415.83,15.24,3.68
3936,2024-12-04 18:36:48,1416.19,15.24,3.68
3937,2024-12-04 18:36:48,1416.54,15.24,3.68
3938,2024-12-04 18:36:49,1416.89,15.24,3.68
3939,2024-12-04 18:36:49,1417.24,15.24,3.68
3940,2024-12-04 18:36:49,1417.60,15.24,3.68
3941,2024-12-04 18:36:50,1417.94,15.24,3.68
3942,2024-12-04 18:36:50,1418.29,15.24,3.68
3943,2024-12-04 18:36:50,1418.65,15.24,3.68
3944,2024-12-04 18:36:51,1419.00,15.24,3.68
3945,2024-12-04 18:36:51,1419.35,15.24,3.68
3946,2024-12-04 18:36:51,1419.70,15.24,3.68
3947,2024-12-04 18:36:52,1420.05,15.24,3.68
3948,2024-12-04 18:36:52,1420.40,15.24,3.68
3949,2024-12-04 18:36:53,1420.75,15.24,3.68
3950,2024-12-04 18:36:53,1421.10,15.24,3.68
3951,2024-12-04 18:36:53,1421.45,15.24,3.68
3952,2024-12-04 18:36:54,1421.80,15.24,3.68
3953,2024-12-04 18:36:54,1422.14,15.24,3.68
3954,2024-12-04 18:36:54,1422.49,15.24,3.68
3955,2024-12-04 18:36:55,1422.83,15.24,3.68
3956,2024-12-04 18:36:55,1423.16,15.24,3.68
3957,2024-12-04 18:36:55,1423.51,15.24,3.68
3958,2024-12-04 18:36:56,1423.86,15.24,3.68
3959,2024-12-04 18:36:56,1424.21,15.24,3.68
3960,2024-12-04 18:36:56,1424.56,15.24,3.68
3961,2024-12-04 18:36:57,1424.91,15.24,3.68
3962,2024-12-04 18:36:57,1425.28,15.24,3.68
3963,2024-12-04 18:36:57,1425.62,15.24,3.68
3964,2024-12-04 18:36:58,1425.98,15.24,3.68
3965,2024-12-04 18:36:58,1426.32,15.24,3.68
3966,2024-12-04 18:36:58,1426.68,15.24,3.68
3967,2024-12-04 18:36:59,1427.04,15.24,3.68
3968,2024-12-04 18:36:59,1427.41,15.24,3.68
3969,2024-12-04 18:37:00,1427.76,15.24,3.68
3970,2024-12-04 18:37:00,1428.10,15.24,3.68
3971,2024-12-04 18:37:00,1428.46,15.24,3.68
3972,2024-12-04 18:37:01,1428.82,15.24,3.68
3973,2024-12-04 18:37:01,1429.17,15.24,3.68
3974,2024-12-04 18:37:01,1429.52,15.24,3.68
3975,2024-12-04 18:37:02,1429.87,15.24,3.68
3976,2024-12-04 18:37:02,1430.22,15.24,3.68
3977,2024-12-04 18:37:02,1430.59,15.24,3.68
3978,2024-12-04 18:37:03,1430.94,15.24,3.68
3979,2024-12-04 18:37:03,1431.30,15.24,3.68
3980,2024-12-04 18:37:03,1431.67,15.24,3.68
3981,2024-12-04 18:37:04,1432.02,15.24,3.68
3982,2024-12-04 18:37:04,1432.36,15.24,3.68
3983,2024-12-04 18:37:04,1432.70,15.24,3.68
3984,2024-12-04 18:37:05,1433.04,15.24,3.68
3985,2024-12-04 18:37:05,1433.39,15.24,3.68
3986,2024-12-04 18:37:06,1433.73,15.24,3.68
3987,2024-12-04 18:37:06,1434.08,15.24,3.68
3988,2024-12-04 18:37:06,1434.43,15.24,3.68
3989,2024-12-04 18:37:07,1434.79,15.24,3.68
3990,2024-12-04 18:37:07,1435.14,15.24,3.68
3991,2024-12-04 18:37:07,1435.49,15.24,3.68
3992,2024-12-04 18:37:08,1435.82,15.24,3.68
3993,2024-12-04 18:37:08,1436.15,15.24,3.68
3994,2024-12-04 18:37:08,1436.49,15.24,3.68
3995,2024-12-04 18:37:09,1436.84,15.24,3.68
3996,2024-12-04 18:37:09,1437.19,15.24,3.68
3997,2024-12-04 18:37:09,1437.54,15.24,3.68
3998,2024-12-04 18:37:10,1437.87,15.24,3.68
3999,2024-12-04 18:37:10,1438.23,15.24,3.68
4000,2024-12-04 18:37:10,1438.59,15.24,3.68
4001,2024-12-04 18:37:11,1438.95,15.24,3.68
4002,2024-12-04 18:37:11,1439.30,15.24,3.68
4003,2024-12-04 18:37:11,1439.66,15.24,3.68
4004,2024-12-04 18:37:12,1440.02,15.24,3.68
4005,2024-12-04 18:37:12,1440.38,15.24,3.68
4006,2024-12-04 18:37:13,1440.73,15.24,3.68
4007,2024-12-04 18:37:13,1441.07,15.24,3.68
4008,2024-12-04 18:37:13,1441.41,15.24,3.68
4009,2024-12-04 18:37:14,1441.77,15.24,3.68
4010,2024-12-04 18:37:14,1442.12,15.24,3.68
4011,2024-12-04 18:37:14,1442.47,15.24,3.68
4012,2024-12-04 18:37:15,1442.81,15.24,3.68
4013,2024-12-04 18:37:15,1443.15,15.24,3.68
4014,2024-12-04 18:37:15,1443.50,15.24,3.68
4015,2024-12-04 18:37:16,1443.86,15.24,3.68
4016,2024-12-04 18:37:16,1444.22,15.24,3.68
4017,2024-12-04 18:37:16,1444.57,15.24,3.68
4018,2024-12-04 18:37:17,1444.93,15.24,3.68
4019,2024-12-04 18:37:17,1445.29,15.24,3.68
4020,2024-12-04 18:37:17,1445.66,15.24,3.68
4021,2024-12-04 18:37:18,1446.01,15.24,3.68
4022,2024-12-04 18:37:18,1446.37,15.24,3.68
4023,2024-12-04 18:37:18,1446.72,15.24,3.68
4024,2024-12-04 18:37:19,1447.08,15.24,3.68
4025,2024-12-04 18:37:19,1447.44,15.24,3.68
4026,2024-12-04 18:37:20,1447.81,15.24,3.68
4027,2024-12-04 18:37:20,1448.16,15.24,3.68
4028,2024-12-04 18:37:20,1448.49,15.24,3.68
4029,2024-12-04 18:37:21,1448.83,15.24,3.68
4030,2024-12-04 18:37:21,1449.19,15.24,3.68
4031,2024-12-04 18:37:21,1449.55,15.24,3.68
4032,2024-12-04 18:37:22,1449.88,15.24,3.68
4033,2024-12-04 18:37:22,1450.23,15.24,3.68
4034,2024-12-04 18:37:22,1450.57,15.24,3.68
4035,2024-12-04 18:37:23,1450.93,15.24,3.68
4036,2024-12-04 18:37:23,1451.28,15.24,3.68
4037,2024-12-04 18:37:23,1451.63,15.24,3.68
4038,2024-12-04 18:37:24,1451.98,15.24,3.68
4039,2024-12-04 18:37:24,1452.35,15.24,3.68
4040,2024-12-04 18:37:24,1452.69,15.24,3.68
4041,2024-12-04 18:37:25,1453.06,15.24,3.68
4042,2024-12-04 18:37:25,1453.41,15.24,3.68
4043,2024-12-04 18:37:26,1453.76,15.24,3.68
4044,2024-12-04 18:37:26,1454.13,15.24,3.68
4045,2024-12-04 18:37:26,1454.49,15.24,3.68
4046,2024-12-04 18:37:27,1454.83,15.24,3.68
4047,2024-12-04 18:37:27,1455.17,15.24,3.68
4048,2024-12-04 18:37:27,1455.53,15.24,3.68
4049,2024-12-04 18:37:28,1455.89,15.24,3.68
4050,2024-12-04 18:37:28,1456.26,15.24,3.68
4051,2024-12-04 18:37:28,1456.61,15.24,3.68
4052,2024-12-04 18:37:29,1456.97,15.24,3.68
4053,2024-12-04 18:37:29,1457.33,15.24,3.68
4054,2024-12-04 18:37:29,1457.69,15.24,3.68
4055,2024-12-04 18:37:30,1458.05,15.24,3.68
4056,2024-12-04 18:37:30,1458.40,15.24,3.68
4057,2024-12-04 18:37:31,1458.77,15.24,3.68
4058,2024-12-04 18:37:31,1459.13,15.24,3.68
4059,2024-12-04 18:37:31,1459.49,15.24,3.68
4060,2024-12-04 18:37:32,1459.83,15.24,3.68
4061,2024-12-04 18:37:32,1460.17,15.24,3.68
4062,2024-12-04 18:37:32,1460.50,15.24,3.68
4063,2024-12-04 18:37:33,1460.86,15.24,3.68
4064,2024-12-04 18:37:33,1461.22,15.24,3.68
4065,2024-12-04 18:37:33,1461.57,15.24,3.68
4066,2024-12-04 18:37:34,1461.94,15.24,3.68
4067,2024-12-04 18:37:34,1462.28,15.24,3.68
4068,2024-12-04 18:37:34,1462.62,15.24,3.68
4069,2024-12-04 18:37:35,1462.98,15.24,3.68
4070,2024-12-04 18:37:35,1463.34,15.24,3.68
4071,2024-12-04 18:37:35,1463.71,15.24,3.68
4072,2024-12-04 18:37:36,1464.07,15.24,3.68
4073,2024-12-04 18:37:36,1464.42,15.24,3.68
4074,2024-12-04 18:37:37,1464.78,15.24,3.68
4075,2024-12-04 18:37:37,1465.13,15.24,3.68
4076,2024-12-04 18:37:37,1465.48,15.24,3.68
4077,2024-12-04 18:37:38,1465.82,15.24,3.68
4078,2024-12-04 18:37:38,1466.14,15.24,3.68
4079,2024-12-04 18:37:38,1466.47,15.24,3.68
4080,2024-12-04 18:37:39,1466.83,15.24,3.68
4081,2024-12-04 18:37:39,1467.19,15.24,3.68
4082,2024-12-04 18:37:39,1467.55,15.24,3.68
4083,2024-12-04 18:37:40,1467.91,15.24,3.68
4084,2024-12-04 18:37:40,1468.26,15.24,3.68
4085,2024-12-04 18:37:40,1468.63,15.24,3.68
4086,2024-12-04 18:37:41,1468.97,15.24,3.68
4087,2024-12-04 18:37:41,1469.32,15.24,3.68
4088,2024-12-04 18:37:41,1469.68,15.24,3.68
4089,2024-12-04 18:37:42,1470.03,15.24,3.68
4090,2024-12-04 18:37:42,1470.39,15.24,3.68
4091,2024-12-04 18:37:43,1470.74,15.24,3.68
4092,2024-12-04 18:37:43,1471.10,15.24,3.68
4093,2024-12-04 18:37:43,1471.46,15.24,3.68
4094,2024-12-04 18:37:44,1471.82,15.24,3.68
4095,2024-12-04 18:37:44,1472.15,15.24,3.68
4096,2024-12-04 18:37:44,1472.51,15.24,3.68
4097,2024-12-04 18:37:45,1472.87,15.24,3.68
4098,2024-12-04 18:37:45,1473.22,15.24,3.68
4099,2024-12-04 18:37:45,1473.57,15.24,3.68
4100,2024-12-04 18:37:46,1473.92,15.24,3.68
4101,2024-12-04 18:37:46,1474.27,15.24,3.68
4102,2024-12-04 18:37:46,1474.62,15.24,3.68
4103,2024-12-04 18:37:47,1474.99,15.24,3.68
4104,2024-12-04 18:37:47,1475.35,15.24,3.68
4105,2024-12-04 18:37:47,1475.71,15.24,3.68
4106,2024-12-04 18:37:48,1476.06,15.24,3.68
4107,2024-12-04 18:37:48,1476.40,15.24,3.68
4108,2024-12-04 18:37:49,1476.75,15.24,3.68
4109,2024-12-04 18:37:49,1477.11,15.24,3.68
4110,2024-12-04 18:37:49,1477.47,15.24,3.68
4111,2024-12-04 18:37:50,1477.82,15.24,3.68
4112,2024-12-04 18:37:50,1478.18,15.24,3.68
4113,2024-12-04 18:37:50,1478.54,15.24,3.68
4114,2024-12-04 18:37:51,1478.91,15.24,3.68
4115,2024-12-04 18:37:51,1479.27,15.24,3.68
4116,2024-12-04 18:37:51,1479.64,15.24,3.68
4117,2024-12-04 18:37:52,1480.00,15.24,3.68
4118,2024-12-04 18:37:52,1480.36,15.24,3.68
4119,2024-12-04 18:37:52,1480.73,15.24,3.68
4120,2024-12-04 18:37:53,1481.07,15.24,3.68
4121,2024-12-04 18:37:53,1481.41,15.24,3.68
4122,2024-12-04 18:37:54,1481.75,15.24,3.68
4123,2024-12-04 18:37:54,1482.11,15.24,3.68
4124,2024-12-04 18:37:54,1482.47,15.24,3.68
4125,2024-12-04 18:37:55,1482.83,15.24,3.68
4126,2024-12-04 18:37:55,1483.17,15.24,3.68
4127,2024-12-04 18:37:55,1483.52,15.24,3.68
4128,2024-12-04 18:37:56,1483.89,15.24,3.68
4129,2024-12-04 18:37:56,1484.23,15.24,3.68
4130,2024-12-04 18:37:56,1484.58,15.24,3.68
4131,2024-12-04 18:37:57,1484.92,15.24,3.68
4132,2024-12-04 18:37:57,1485.27,15.24,3.68
4133,2024-12-04 18:37:57,1485.63,15.24,3.68
4134,2024-12-04 18:37:58,1485.99,15.24,3.68
4135,2024-12-04 18:37:58,1486.35,15.24,3.68
4136,2024-12-04 18:37:58,1486.72,15.24,3.68
4137,2024-12-04 18:37:59,1487.06,15.24,3.68
4138,2024-12-04 18:37:59,1487.39,15.24,3.68
4139,2024-12-04 18:37:59,1487.72,15.24,3.68
4140,2024-12-04 18:38:00,1488.06,15.24,3.68
4141,2024-12-04 18:38:00,1488.42,15.24,3.68
4142,2024-12-04 18:38:01,1488.78,15.24,3.68
4143,2024-12-04 18:38:01,1489.11,15.24,3.68
4144,2024-12-04 18:38:01,1489.46,15.24,3.68
4145,2024-12-04 18:38:02,1489.81,15.24,3.68
4146,2024-12-04 18:38:02,1490.18,15.24,3.68
4147,2024-12-04 18:38:02,1490.53,15.24,3.68
4148,2024-12-04 18:38:03,1490.88,15.24,3.68
4149,2024-12-04 18:38:03,1491.23,15.24,3.68
4150,2024-12-04 18:38:03,1491.58,15.24,3.68
4151,2024-12-04 18:38:04,1491.94,15.24,3.68
4152,2024-12-04 18:38:04,1492.29,15.24,3.68
4153,2024-12-04 18:38:04,1492.65,15.24,3.68
4154,2024-12-04 18:38:05,1493.00,15.24,3.68
4155,2024-12-04 18:38:05,1493.35,15.24,3.68
4156,2024-12-04 18:38:05,1493.71,15.24,3.68
4157,2024-12-04 18:38:06,1494.05,15.24,3.68
4158,2024-12-04 18:38:06,1494.41,15.24,3.68
4159,2024-12-04 18:38:07,1494.76,15.24,3.68
4160,2024-12-04 18:38:07,1495.13,15.24,3.68
4161,2024-12-04 18:38:07,1495.48,15.24,3.68
4162,2024-12-04 18:38:08,1495.83,15.24,3.68
4163,2024-12-04 18:38:08,1496.18,15.24,3.68
4164,2024-12-04 18:38:08,1496.50,15.24,3.68
4165,2024-12-04 18:38:09,1496.85,15.24,3.68
4166,2024-12-04 18:38:09,1497.20,15.24,3.68
4167,2024-12-04 18:38:09,1497.56,15.24,3.68
4168,2024-12-04 18:38:10,1497.90,15.24,3.68
4169,2024-12-04 18:38:10,1498.25,15.24,3.68
4170,2024-12-04 18:38:10,1498.62,15.24,3.68
4171,2024-12-04 18:38:11,1498.97,15.24,3.68
4172,2024-12-04 18:38:11,1499.33,15.24,3.68
4173,2024-12-04 18:38:11,1499.66,15.24,3.68
4174,2024-12-04 18:38:12,1499.99,15.24,3.68
4175,2024-12-04 18:38:12,1500.33,15.24,3.68
4176,2024-12-04 18:38:12,1500.69,15.24,3.68
4177,2024-12-04 18:38:13,1501.04,15.24,3.68
4178,2024-12-04 18:38:13,1501.40,15.24,3.68
4179,2024-12-04 18:38:14,1501.76,15.24,3.68
4180,2024-12-04 18:38:14,1502.10,15.24,3.68
4181,2024-12-04 18:38:14,1502.46,15.24,3.68
4182,2024-12-04 18:38:15,1502.79,15.24,3.68
4183,2024-12-04 18:38:15,1503.13,15.24,3.68
4184,2024-12-04 18:38:15,1503.47,15.24,3.68
4185,2024-12-04 18:38:16,1503.83,15.24,3.68
4186,2024-12-04 18:38:16,1504.18,15.24,3.68
4187,2024-12-04 18:38:16,1504.55,15.24,3.68
4188,2024-12-04 18:38:17,1504.90,15.24,3.68
4189,2024-12-04 18:38:17,1505.24,15.24,3.68
4190,2024-12-04 18:38:17,1505.58,15.24,3.68
4191,2024-12-04 18:38:18,1505.95,15.24,3.68
4192,2024-12-04 18:38:18,1506.30,15.24,3.68
4193,2024-12-04 18:38:18,1506.63,15.24,3.68
4194,2024-12-04 18:38:19,1506.98,15.24,3.68
4195,2024-12-04 18:38:19,1507.33,15.24,3.68
4196,2024-12-04 18:38:19,1507.68,15.24,3.68
4197,2024-12-04 18:38:20,1508.02,15.24,3.68
4198,2024-12-04 18:38:20,1508.38,15.24,3.68
4199,2024-12-04 18:38:21,1508.74,15.24,3.68
4200,2024-12-04 18:38:21,1509.09,15.24,3.68
4201,2024-12-04 18:38:21,1509.42,15.24,3.68
4202,2024-12-04 18:38:22,1509.75,15.24,3.68
4203,2024-12-04 18:38:22,1510.09,15.24,3.68
4204,2024-12-04 18:38:22,1510.43,15.24,3.68
4205,2024-12-04 18:38:23,1510.76,15.24,3.68
4206,2024-12-04 18:38:23,1511.12,15.24,3.68
4207,2024-12-04 18:38:23,1511.48,15.24,3.68
4208,2024-12-04 18:38:24,1511.84,15.24,3.68
4209,2024-12-04 18:38:24,1512.21,15.24,3.68
4210,2024-12-04 18:38:24,1512.57,15.24,3.68
4211,2024-12-04 18:38:25,1512.92,15.24,3.68
4212,2024-12-04 18:38:25,1513.28,15.24,3.68
4213,2024-12-04 18:38:25,1513.64,15.24,3.68
4214,2024-12-04 18:38:26,1514.00,15.24,3.68
4215,2024-12-04 18:38:26,1514.37,15.24,3.68
4216,2024-12-04 18:38:27,1514.73,15.24,3.68
4217,2024-12-04 18:38:27,1515.09,15.24,3.68
4218,2024-12-04 18:38:27,1515.44,15.24,3.68
4219,2024-12-04 18:38:28,1515.78,15.24,3.68
4220,2024-12-04 18:38:28,1516.10,15.24,3.68
4221,2024-12-04 18:38:28,1516.44,15.24,3.68
4222,2024-12-04 18:38:29,1516.78,15.24,3.68
4223,2024-12-04 18:38:29,1517.13,15.24,3.68
4224,2024-12-04 18:38:29,1517.49,15.24,3.68
4225,2024-12-04 18:38:30,1517.84,15.24,3.68
4226,2024-12-04 18:38:30,1518.19,15.24,3.68
4227,2024-12-04 18:38:30,1518.55,15.24,3.68
4228,2024-12-04 18:38:31,1518.90,15.24,3.68
4229,2024-12-04 18:38:31,1519.26,15.24,3.68
4230,2024-12-04 18:38:31,1519.61,15.24,3.68
4231,2024-12-04 18:38:32,1519.95,15.24,3.68
4232,2024-12-04 18:38:32,1520.30,15.24,3.68
4233,2024-12-04 18:38:32,1520.66,15.24,3.68
4234,2024-12-04 18:38:33,1521.03,15.24,3.68
4235,2024-12-04 18:38:33,1521.38,15.24,3.68
4236,2024-12-04 18:38:34,1521.74,15.24,3.68
4237,2024-12-04 18:38:34,1522.09,15.24,3.68
4238,2024-12-04 18:38:34,1522.44,15.24,3.68
4239,2024-12-04 18:38:35,1522.77,15.24,3.68
4240,2024-12-04 18:38:35,1523.13,15.24,3.68
4241,2024-12-04 18:38:35,1523.49,15.24,3.68
4242,2024-12-04 18:38:36,1523.83,15.24,3.68
4243,2024-12-04 18:38:36,1524.19,15.24,3.68
4244,2024-12-04 18:38:36,1524.55,15.24,3.68
4245,2024-12-04 18:38:37,1524.90,15.24,3.68
4246,2024-12-04 18:38:37,1525.26,15.24,3.68
4247,2024-12-04 18:38:37,1525.63,15.24,3.68
4248,2024-12-04 18:38:38,1525.97,15.24,3.68
4249,2024-12-04 18:38:38,1526.33,15.24,3.68
4250,2024-12-04 18:38:38,1526.69,15.24,3.68
4251,2024-12-04 18:38:39,1527.04,15.24,3.68
4252,2024-12-04 18:38:39,1527.40,15.24,3.68
4253,2024-12-04 18:38:40,1527.75,15.24,3.68
4254,2024-12-04 18:38:40,1528.11,15.24,3.68
4255,2024-12-04 18:38:40,1528.46,15.24,3.68
4256,2024-12-04 18:38:41,1528.80,15.24,3.68
4257,2024-12-04 18:38:41,1529.14,15.24,3.68
4258,2024-12-04 18:38:41,1529.49,15.24,3.68
4259,2024-12-04 18:38:42,1529.84,15.24,3.68
4260,2024-12-04 18:38:42,1530.19,15.24,3.68
4261,2024-12-04 18:38:42,1530.52,15.24,3.68
4262,2024-12-04 18:38:43,1530.87,15.24,3.68
4263,2024-12-04 18:38:43,1531.20,15.24,3.68
4264,2024-12-04 18:38:43,1531.55,15.24,3.68
4265,2024-12-04 18:38:44,1531.89,15.24,3.68
4266,2024-12-04 18:38:44,1532.26,15.24,3.68
4267,2024-12-04 18:38:44,1532.62,15.24,3.68
4268,2024-12-04 18:38:45,1532.97,15.24,3.68
4269,2024-12-04 18:38:45,1533.33,15.24,3.68
4270,2024-12-04 18:38:45,1533.69,15.24,3.68
4271,2024-12-04 18:38:46,1534.03,15.24,3.68
4272,2024-12-04 18:38:46,1534.37,15.24,3.68
4273,2024-12-04 18:38:46,1534.72,15.24,3.68
4274,2024-12-04 18:38:47,1535.05,15.24,3.68
4275,2024-12-04 18:38:47,1535.40,15.24,3.68
4276,2024-12-04 18:38:48,1535.73,15.24,3.68
4277,2024-12-04 18:38:48,1536.09,15.24,3.68
4278,2024-12-04 18:38:48,1536.44,15.24,3.68
4279,2024-12-04 18:38:49,1536.79,15.24,3.68
4280,2024-12-04 18:38:49,1537.13,15.24,3.68
4281,2024-12-04 18:38:49,1537.49,15.24,3.68
4282,2024-12-04 18:38:50,1537.84,15.24,3.68
4283,2024-12-04 18:38:50,1538.20,15.24,3.68
4284,2024-12-04 18:38:50,1538.55,15.24,3.68
4285,2024-12-04 18:38:51,1538.91,15.24,3.68
4286,2024-12-04 18:38:51,1539.27,15.24,3.68
4287,2024-12-04 18:38:51,1539.62,15.24,3.68
4288,2024-12-04 18:38:52,1539.98,15.24,3.68
4289,2024-12-04 18:38:52,1540.34,15.24,3.68
4290,2024-12-04 18:38:52,1540.71,15.24,3.68
4291,2024-12-04 18:38:53,1541.07,15.24,3.68
4292,2024-12-04 18:38:53,1541.43,15.24,3.68
4293,2024-12-04 18:38:54,1541.79,15.24,3.68
4294,2024-12-04 18:38:54,1542.15,15.24,3.68
4295,2024-12-04 18:38:54,1542.51,15.24,3.68
4296,2024-12-04 18:38:55,1542.87,15.24,3.68
4297,2024-12-04 18:38:55,1543.23,15.24,3.68
4298,2024-12-04 18:38:55,1543.58,15.24,3.68
4299,2024-12-04 18:38:56,1543.94,15.24,3.68
4300,2024-12-04 18:38:56,1544.29,15.24,3.68
4301,2024-12-04 18:38:56,1544.64,15.24,3.68
4302,2024-12-04 18:38:57,1545.00,15.24,3.68
4303,2024-12-04 18:38:57,1545.34,15.24,3.68
4304,2024-12-04 18:38:57,1545.69,15.24,3.68
4305,2024-12-04 18:38:58,1546.04,15.24,3.68
4306,2024-12-04 18:38:58,1546.38,15.24,3.68
4307,2024-12-04 18:38:59,1546.73,15.24,3.68
4308,2024-12-04 18:38:59,1547.09,15.24,3.68
4309,2024-12-04 18:38:59,1547.44,15.24,3.68
4310,2024-12-04 18:39:00,1547.80,15.24,3.68
4311,2024-12-04 18:39:00,1548.16,15.24,3.68
4312,2024-12-04 18:39:00,1548.52,15.24,3.68
4313,2024-12-04 18:39:01,1548.88,15.24,3.68
4314,2024-12-04 18:39:01,1549.23,15.24,3.68
4315,2024-12-04 18:39:01,1549.57,15.24,3.68
4316,2024-12-04 18:39:02,1549.92,15.24,3.68
4317,2024-12-04 18:39:02,1550.28,15.24,3.68
4318,2024-12-04 18:39:02,1550.65,15.24,3.68
4319,2024-12-04 18:39:03,1550.99,15.24,3.68
4320,2024-12-04 18:39:03,1551.34,15.24,3.68
4321,2024-12-04 18:39:03,1551.68,15.24,3.68
4322,2024-12-04 18:39:04,1552.03,15.24,3.68
4323,2024-12-04 18:39:04,1552.40,15.24,3.68
4324,2024-12-04 18:39:05,1552.75,15.24,3.68
4325,2024-12-04 18:39:05,1553.10,15.24,3.68
4326,2024-12-04 18:39:05,1553.45,15.24,3.68
4327,2024-12-04 18:39:06,1553.80,15.24,3.68
4328,2024-12-04 18:39:06,1554.15,15.24,3.68
4329,2024-12-04 18:39:06,1554.49,15.24,3.68
4330,2024-12-04 18:39:07,1554.84,15.24,3.68
4331,2024-12-04 18:39:07,1555.18,15.24,3.68
4332,2024-12-04 18:39:07,1555.52,15.24,3.68
4333,2024-12-04 18:39:08,1555.87,15.24,3.68
4334,2024-12-04 18:39:08,1556.21,15.24,3.68
4335,2024-12-04 18:39:08,1556.57,15.24,3.68
4336,2024-12-04 18:39:09,1556.93,15.24,3.68
4337,2024-12-04 18:39:09,1557.30,15.24,3.68
4338,2024-12-04 18:39:09,1557.65,15.24,3.68
4339,2024-12-04 18:39:10,1558.01,15.24,3.68
4340,2024-12-04 18:39:10,1558.37,15.24,3.68
4341,2024-12-04 18:39:10,1558.70,15.24,3.68
4342,2024-12-04 18:39:11,1559.05,15.24,3.68
4343,2024-12-04 18:39:11,1559.41,15.24,3.68
4344,2024-12-04 18:39:12,1559.76,15.24,3.68
4345,2024-12-04 18:39:12,1560.12,15.24,3.68
4346,2024-12-04 18:39:12,1560.48,15.24,3.68
4347,2024-12-04 18:39:13,1560.83,15.24,3.68
4348,2024-12-04 18:39:13,1561.18,15.24,3.68
4349,2024-12-04 18:39:13,1561.53,15.24,3.68
4350,2024-12-04 18:39:14,1561.88,15.24,3.68
4351,2024-12-04 18:39:14,1562.22,15.24,3.68
4352,2024-12-04 18:39:14,1562.58,15.24,3.68
4353,2024-12-04 18:39:15,1562.94,15.24,3.68
4354,2024-12-04 18:39:15,1563.29,15.24,3.68
4355,2024-12-04 18:39:15,1563.64,15.24,3.68
4356,2024-12-04 18:39:16,1564.00,15.24,3.68
4357,2024-12-04 18:39:16,1564.35,15.24,3.68
4358,2024-12-04 18:39:16,1564.70,15.24,3.68
4359,2024-12-04 18:39:17,1565.05,15.24,3.68
4360,2024-12-04 18:39:17,1565.41,15.24,3.68
4361,2024-12-04 18:39:18,1565.77,15.24,3.68
4362,2024-12-04 18:39:18,1566.13,15.24,3.68
4363,2024-12-04 18:39:18,1566.48,15.24,3.68
4364,2024-12-04 18:39:19,1566.83,15.24,3.68
4365,2024-12-04 18:39:19,1567.19,15.24,3.68
4366,2024-12-04 18:39:19,1567.55,15.24,3.68
4367,2024-12-04 18:39:20,1567.91,15.24,3.68
4368,2024-12-04 18:39:20,1568.25,15.24,3.68
4369,2024-12-04 18:39:20,1568.60,15.24,3.68
4370,2024-12-04 18:39:21,1568.97,15.24,3.68
4371,2024-12-04 18:39:21,1569.32,15.24,3.68
4372,2024-12-04 18:39:21,1569.67,15.24,3.68
4373,2024-12-04 18:39:22,1570.01,15.24,3.68
4374,2024-12-04 18:39:22,1570.37,15.24,3.68
4375,2024-12-04 18:39:23,1570.73,15.24,3.68
4376,2024-12-04 18:39:23,1571.08,15.24,3.68
4377,2024-12-04 18:39:23,1571.44,15.24,3.68
4378,2024-12-04 18:39:24,1571.79,15.24,3.68
4379,2024-12-04 18:39:24,1572.14,15.24,3.68
4380,2024-12-04 18:39:24,1572.49,15.24,3.68
4381,2024-12-04 18:39:25,1572.84,15.24,3.68
4382,2024-12-04 18:39:25,1573.18,15.24,3.68
4383,2024-12-04 18:39:25,1573.54,15.24,3.68
4384,2024-12-04 18:39:26,1573.88,15.24,3.68
4385,2024-12-04 18:39:26,1574.23,15.24,3.68
4386,2024-12-04 18:39:26,1574.58,15.24,3.68
4387,2024-12-04 18:39:27,1574.95,15.24,3.68
4388,2024-12-04 18:39:27,1575.28,15.24,3.68
4389,2024-12-04 18:39:27,1575.63,15.24,3.68
4390,2024-12-04 18:39:28,1575.98,15.24,3.68
4391,2024-12-04 18:39:28,1576.32,15.24,3.68
4392,2024-12-04 18:39:28,1576.66,15.24,3.68
4393,2024-12-04 18:39:29,1577.00,15.24,3.68
4394,2024-12-04 18:39:29,1577.36,15.24,3.68
4395,2024-12-04 18:39:29,1577.71,15.24,3.68
4396,2024-12-04 18:39:30,1578.05,15.24,3.68
4397,2024-12-04 18:39:30,1578.39,15.24,3.68
4398,2024-12-04 18:39:31,1578.76,15.24,3.68
4399,2024-12-04 18:39:31,1579.12,15.24,3.68
4400,2024-12-04 18:39:31,1579.46,15.24,3.68
4401,2024-12-04 18:39:32,1579.81,15.24,3.68
4402,2024-12-04 18:39:32,1580.18,15.24,3.68
4403,2024-12-04 18:39:32,1580.53,15.24,3.68
4404,2024-12-04 18:39:33,1580.89,15.24,3.68
4405,2024-12-04 18:39:33,1581.24,15.24,3.68
4406,2024-12-04 18:39:33,1581.60,15.24,3.68
4407,2024-12-04 18:39:34,1581.96,15.24,3.68
4408,2024-12-04 18:39:34,1582.32,15.24,3.68
4409,2024-12-04 18:39:34,1582.67,15.24,3.68
4410,2024-12-04 18:39:35,1583.03,15.24,3.68
4411,2024-12-04 18:39:35,1583.38,15.24,3.68
4412,2024-12-04 18:39:35,1583.72,15.24,3.68
4413,2024-12-04 18:39:36,1584.06,15.24,3.68
4414,2024-12-04 18:39:36,1584.42,15.24,3.68
4415,2024-12-04 18:39:37,1584.77,15.24,3.68
4416,2024-12-04 18:39:37,1585.12,15.24,3.68
4417,2024-12-04 18:39:37,1585.47,15.24,3.68
4418,2024-12-04 18:39:38,1585.82,15.24,3.68
4419,2024-12-04 18:39:38,1586.17,15.24,3.68
4420,2024-12-04 18:39:38,1586.50,15.24,3.68
4421,2024-12-04 18:39:39,1586.86,15.24,3.68
4422,2024-12-04 18:39:39,1587.22,15.24,3.68
4423,2024-12-04 18:39:39,1587.58,15.24,3.68
4424,2024-12-04 18:39:40,1587.91,15.24,3.68
4425,2024-12-04 18:39:40,1588.27,15.24,3.68
4426,2024-12-04 18:39:40,1588.62,15.24,3.68
4427,2024-12-04 18:39:41,1588.98,15.24,3.68
4428,2024-12-04 18:39:41,1589.33,15.24,3.68
4429,2024-12-04 18:39:41,1589.68,15.24,3.68
4430,2024-12-04 18:39:42,1590.04,15.24,3.68
4431,2024-12-04 18:39:42,1590.39,15.24,3.68
4432,2024-12-04 18:39:43,1590.74,15.24,3.68
4433,2024-12-04 18:39:43,1591.09,15.24,3.68
4434,2024-12-04 18:39:43,1591.45,15.24,3.68
4435,2024-12-04 18:39:44,1591.80,15.24,3.68
4436,2024-12-04 18:39:44,1592.15,15.24,3.68
4437,2024-12-04 18:39:44,1592.51,15.24,3.68
4438,2024-12-04 18:39:45,1592.84,15.24,3.68
4439,2024-12-04 18:39:45,1593.18,15.24,3.68
4440,2024-12-04 18:39:45,1593.52,15.24,3.68
4441,2024-12-04 18:39:46,1593.87,15.24,3.68
4442,2024-12-04 18:39:46,1594.22,15.24,3.68
4443,2024-12-04 18:39:46,1594.57,15.24,3.68
4444,2024-12-04 18:39:47,1594.90,15.24,3.68
4445,2024-12-04 18:39:47,1595.25,15.24,3.68
4446,2024-12-04 18:39:47,1595.60,15.24,3.68
4447,2024-12-04 18:39:48,1595.95,15.24,3.68
4448,2024-12-04 18:39:48,1596.30,15.24,3.68
4449,2024-12-04 18:39:48,1596.66,15.24,3.68
4450,2024-12-04 18:39:49,1597.01,15.24,3.68
4451,2024-12-04 18:39:49,1597.37,15.24,3.68
4452,2024-12-04 18:39:49,1597.72,15.24,3.68
4453,2024-12-04 18:39:50,1598.06,15.24,3.68
4454,2024-12-04 18:39:50,1598.41,15.24,3.68
4455,2024-12-04 18:39:51,1598.75,15.24,3.68
4456,2024-12-04 18:39:51,1599.10,15.24,3.68
4457,2024-12-04 18:39:51,1599.45,15.24,3.68
4458,2024-12-04 18:39:52,1599.80,15.24,3.68
4459,2024-12-04 18:39:52,1600.16,15.24,3.68
4460,2024-12-04 18:39:52,1600.52,15.24,3.68
4461,2024-12-04 18:39:53,1600.89,15.24,3.68
4462,2024-12-04 18:39:53,1601.24,15.24,3.68
4463,2024-12-04 18:39:53,1601.58,15.24,3.68
4464,2024-12-04 18:39:54,1601.94,15.24,3.68
4465,2024-12-04 18:39:54,1602.28,15.24,3.68
4466,2024-12-04 18:39:54,1602.62,15.24,3.68
4467,2024-12-04 18:39:55,1602.98,15.24,3.68
4468,2024-12-04 18:39:55,1603.32,15.24,3.68
4469,2024-12-04 18:39:55,1603.67,15.24,3.68
4470,2024-12-04 18:39:56,1604.02,15.24,3.68
4471,2024-12-04 18:39:56,1604.38,15.24,3.68
4472,2024-12-04 18:39:57,1604.73,15.24,3.68
4473,2024-12-04 18:39:57,1605.08,15.24,3.68
4474,2024-12-04 18:39:57,1605.44,15.24,3.68
4475,2024-12-04 18:39:58,1605.79,15.24,3.68
4476,2024-12-04 18:39:58,1606.14,15.24,3.68
4477,2024-12-04 18:39:58,1606.49,15.24,3.68
4478,2024-12-04 18:39:59,1606.84,15.24,3.68
4479,2024-12-04 18:39:59,1607.19,15.24,3.68
4480,2024-12-04 18:39:59,1607.55,15.24,3.68
4481,2024-12-04 18:40:00,1607.90,15.24,3.68
4482,2024-12-04 18:40:00,1608.26,15.24,3.68
4483,2024-12-04 18:40:00,1608.61,15.24,3.68
4484,2024-12-04 18:40:01,1608.95,15.24,3.68
4485,2024-12-04 18:40:01,1609.31,15.24,3.68
4486,2024-12-04 18:40:01,1609.65,15.24,3.68
4487,2024-12-04 18:40:02,1610.01,15.24,3.68
4488,2024-12-04 18:40:02,1610.35,15.24,3.68
4489,2024-12-04 18:40:02,1610.70,15.24,3.68
4490,2024-12-04 18:40:03,1611.06,15.24,3.68
4491,2024-12-04 18:40:03,1611.42,15.24,3.68
4492,2024-12-04 18:40:04,1611.77,15.24,3.68
4493,2024-12-04 18:40:04,1612.13,15.24,3.68
4494,2024-12-04 18:40:04,1612.48,15.24,3.68
4495,2024-12-04 18:40:05,1612.83,15.24,3.68
4496,2024-12-04 18:40:05,1613.18,15.24,3.68
4497,2024-12-04 18:40:05,1613.54,15.24,3.68
4498,2024-12-04 18:40:06,1613.87,15.24,3.68
4499,2024-12-04 18:40:06,1614.22,15.24,3.68
4500,2024-12-04 18:40:06,1614.57,15.24,3.68
4501,2024-12-04 18:40:07,1614.94,15.24,3.68
4502,2024-12-04 18:40:07,1615.30,15.24,3.68
4503,2024-12-04 18:40:07,1615.66,15.24,3.68
4504,2024-12-04 18:40:08,1616.01,15.24,3.68
4505,2024-12-04 18:40:08,1616.36,15.24,3.68
4506,2024-12-04 18:40:08,1616.70,15.24,3.68
4507,2024-12-04 18:40:09,1617.06,15.24,3.68
4508,2024-12-04 18:40:09,1617.40,15.24,3.68
4509,2024-12-04 18:40:10,1617.75,15.24,3.68
4510,2024-12-04 18:40:10,1618.11,15.24,3.68
4511,2024-12-04 18:40:10,1618.45,15.24,3.68
4512,2024-12-04 18:40:11,1618.79,15.24,3.68
4513,2024-12-04 18:40:11,1619.14,15.24,3.68
4514,2024-12-04 18:40:11,1619.49,15.24,3.68
4515,2024-12-04 18:40:12,1619.83,15.24,3.68
4516,2024-12-04 18:40:12,1620.17,15.24,3.68
4517,2024-12-04 18:40:12,1620.51,15.24,3.68
4518,2024-12-04 18:40:13,1620.85,15.24,3.68
4519,2024-12-04 18:40:13,1621.20,15.24,3.68
4520,2024-12-04 18:40:13,1621.56,15.24,3.68
4521,2024-12-04 18:40:14,1621.92,15.24,3.68
4522,2024-12-04 18:40:14,1622.26,15.24,3.68
4523,2024-12-04 18:40:14,1622.60,15.24,3.68
4524,2024-12-04 18:40:15,1622.95,15.24,3.68
4525,2024-12-04 18:40:15,1623.30,15.24,3.68
4526,2024-12-04 18:40:15,1623.66,15.24,3.68
4527,2024-12-04 18:40:16,1624.02,15.24,3.68
4528,2024-12-04 18:40:16,1624.38,15.24,3.68
4529,2024-12-04 18:40:16,1624.71,15.24,3.68
4530,2024-12-04 18:40:17,1625.03,15.24,3.68
4531,2024-12-04 18:40:17,1625.38,15.24,3.68
4532,2024-12-04 18:40:17,1625.72,15.24,3.68
4533,2024-12-04 18:40:18,1626.08,15.24,3.68
4534,2024-12-04 18:40:18,1626.44,15.24,3.68
4535,2024-12-04 18:40:19,1626.79,15.24,3.68
4536,2024-12-04 18:40:19,1627.15,15.24,3.68
4537,2024-12-04 18:40:19,1627.51,15.24,3.68
4538,2024-12-04 18:40:20,1627.86,15.24,3.68
4539,2024-12-04 18:40:20,1628.19,15.24,3.68
4540,2024-12-04 18:40:20,1628.54,15.24,3.68
4541,2024-12-04 18:40:21,1628.90,15.24,3.68
4542,2024-12-04 18:40:21,1629.25,15.24,3.68
4543,2024-12-04 18:40:21,1629.59,15.24,3.68
4544,2024-12-04 18:40:22,1629.94,15.24,3.68
4545,2024-12-04 18:40:22,1630.29,15.24,3.68
4546,2024-12-04 18:40:22,1630.62,15.24,3.68
4547,2024-12-04 18:40:23,1630.97,15.24,3.68
4548,2024-12-04 18:40:23,1631.31,15.24,3.68
4549,2024-12-04 18:40:23,1631.66,15.24,3.68
4550,2024-12-04 18:40:24,1632.02,15.24,3.68
4551,2024-12-04 18:40:24,1632.38,15.24,3.68
4552,2024-12-04 18:40:24,1632.73,15.24,3.68
4553,2024-12-04 18:40:25,1633.08,15.24,3.68
4554,2024-12-04 18:40:25,1633.43,15.24,3.68
4555,2024-12-04 18:40:26,1633.78,15.24,3.68
4556,2024-12-04 18:40:26,1634.14,15.24,3.68
4557,2024-12-04 18:40:26,1634.47,15.24,3.68
4558,2024-12-04 18:40:27,1634.83,15.24,3.68
4559,2024-12-04 18:40:27,1635.18,15.24,3.68
4560,2024-12-04 18:40:27,1635.52,15.24,3.68
4561,2024-12-04 18:40:28,1635.86,15.24,3.68
4562,2024-12-04 18:40:28,1636.21,15.24,3.68
4563,2024-12-04 18:40:28,1636.55,15.24,3.68
4564,2024-12-04 18:40:29,1636.91,15.24,3.68
4565,2024-12-04 18:40:29,1637.28,15.24,3.68
4566,2024-12-04 18:40:29,1637.62,15.24,3.68
4567,2024-12-04 18:40:30,1637.96,15.24,3.68
4568,2024-12-04 18:40:30,1638.31,15.24,3.68
4569,2024-12-04 18:40:30,1638.65,15.24,3.68
4570,2024-12-04 18:40:31,1639.00,15.24,3.68
4571,2024-12-04 18:40:31,1639.34,15.24,3.68
4572,2024-12-04 18:40:31,1639.68,15.24,3.68
4573,2024-12-04 18:40:32,1640.02,15.24,3.68
4574,2024-12-04 18:40:32,1640.35,15.24,3.68
4575,2024-12-04 18:40:32,1640.69,15.24,3.68
4576,2024-12-04 18:40:33,1641.03,15.24,3.68
4577,2024-12-04 18:40:33,1641.38,15.24,3.68
4578,2024-12-04 18:40:34,1641.73,15.24,3.68
4579,2024-12-04 18:40:34,1642.08,15.24,3.68
4580,2024-12-04 18:40:34,1642.45,15.24,3.68
4581,2024-12-04 18:40:35,1642.81,15.24,3.68
4582,2024-12-04 18:40:35,1643.17,15.24,3.68
4583,2024-12-04 18:40:35,1643.51,15.24,3.68
4584,2024-12-04 18:40:36,1643.87,15.24,3.68
4585,2024-12-04 18:40:36,1644.23,15.24,3.68
4586,2024-12-04 18:40:36,1644.59,15.24,3.68
4587,2024-12-04 18:40:37,1644.95,15.24,3.68
4588,2024-12-04 18:40:37,1645.31,15.24,3.68
4589,2024-12-04 18:40:37,1645.68,15.24,3.68
4590,2024-12-04 18:40:38,1646.04,15.24,3.68
4591,2024-12-04 18:40:38,1646.39,15.24,3.68
4592,2024-12-04 18:40:39,1646.74,15.24,3.68
4593,2024-12-04 18:40:39,1647.10,15.24,3.68
4594,2024-12-04 18:40:39,1647.44,15.24,3.68
4595,2024-12-04 18:40:40,1647.78,15.24,3.68
4596,2024-12-04 18:40:40,1648.13,15.24,3.68
4597,2024-12-04 18:40:40,1648.47,15.24,3.68
4598,2024-12-04 18:40:41,1648.82,15.24,3.68
4599,2024-12-04 18:40:41,1649.17,15.24,3.68
4600,2024-12-04 18:40:41,1649.52,15.24,3.68
4601,2024-12-04 18:40:42,1649.89,15.24,3.68
4602,2024-12-04 18:40:42,1650.25,15.24,3.68
4603,2024-12-04 18:40:42,1650.61,15.24,3.68
4604,2024-12-04 18:40:43,1650.97,15.24,3.68
4605,2024-12-04 18:40:43,1651.34,15.24,3.68
4606,2024-12-04 18:40:43,1651.70,15.24,3.68
4607,2024-12-04 18:40:44,1652.04,15.24,3.68
4608,2024-12-04 18:40:44,1652.39,15.24,3.68
4609,2024-12-04 18:40:45,1652.73,15.24,3.68
4610,2024-12-04 18:40:45,1653.07,15.24,3.68
4611,2024-12-04 18:40:45,1653.41,15.24,3.68
4612,2024-12-04 18:40:46,1653.73,15.24,3.68
4613,2024-12-04 18:40:46,1654.07,15.24,3.68
4614,2024-12-04 18:40:46,1654.43,15.24,3.68
4615,2024-12-04 18:40:47,1654.77,15.24,3.68
4616,2024-12-04 18:40:47,1655.12,15.24,3.68
4617,2024-12-04 18:40:47,1655.48,15.24,3.68
4618,2024-12-04 18:40:48,1655.84,15.24,3.68
4619,2024-12-04 18:40:48,1656.20,15.24,3.68
4620,2024-12-04 18:40:48,1656.57,15.24,3.68
4621,2024-12-04 18:40:49,1656.93,15.24,3.68
4622,2024-12-04 18:40:49,1657.27,15.24,3.68
4623,2024-12-04 18:40:49,1657.64,15.24,3.68
4624,2024-12-04 18:40:50,1658.00,15.24,3.68
4625,2024-12-04 18:40:50,1658.35,15.24,3.68
4626,2024-12-04 18:40:50,1658.71,15.24,3.68
4627,2024-12-04 18:40:51,1659.08,15.24,3.68
4628,2024-12-04 18:40:51,1659.42,15.24,3.68
4629,2024-12-04 18:40:52,1659.76,15.24,3.68
4630,2024-12-04 18:40:52,1660.12,15.24,3.68
4631,2024-12-04 18:40:52,1660.48,15.24,3.68
4632,2024-12-04 18:40:53,1660.83,15.24,3.68
4633,2024-12-04 18:40:53,1661.17,15.24,3.68
4634,2024-12-04 18:40:53,1661.54,15.24,3.68
4635,2024-12-04 18:40:54,1661.90,15.24,3.68
4636,2024-12-04 18:40:54,1662.26,15.24,3.68
4637,2024-12-04 18:40:54,1662.61,15.24,3.68
4638,2024-12-04 18:40:55,1662.96,15.24,3.68
4639,2024-12-04 18:40:55,1663.32,15.24,3.68
4640,2024-12-04 18:40:55,1663.68,15.24,3.68
4641,2024-12-04 18:40:56,1664.04,15.24,3.68
4642,2024-12-04 18:40:56,1664.39,15.24,3.68
4643,2024-12-04 18:40:57,1664.75,15.24,3.68
4644,2024-12-04 18:40:57,1665.10,15.24,3.68
4645,2024-12-04 18:40:57,1665.46,15.24,3.68
4646,2024-12-04 18:40:58,1665.82,15.24,3.68
4647,2024-12-04 18:40:58,1666.17,15.24,3.68
4648,2024-12-04 18:40:58,1666.52,15.24,3.68
4649,2024-12-04 18:40:59,1666.87,15.24,3.68
4650,2024-12-04 18:40:59,1667.24,15.24,3.68
4651,2024-12-04 18:40:59,1667.59,15.24,3.68
4652,2024-12-04 18:41:00,1667.95,15.24,3.68
4653,2024-12-04 18:41:00,1668.31,15.24,3.68
4654,2024-12-04 18:41:00,1668.65,15.24,3.68
4655,2024-12-04 18:41:01,1669.00,15.24,3.68
4656,2024-12-04 18:41:01,1669.34,15.24,3.68
4657,2024-12-04 18:41:01,1669.69,15.24,3.68
4658,2024-12-04 18:41:02,1670.04,15.24,3.68
4659,2024-12-04 18:41:02,1670.40,15.24,3.68
4660,2024-12-04 18:41:03,1670.75,15.24,3.68
4661,2024-12-04 18:41:03,1671.11,15.24,3.68
4662,2024-12-04 18:41:03,1671.46,15.24,3.68
4663,2024-12-04 18:41:04,1671.79,15.24,3.68
4664,2024-12-04 18:41:04,1672.15,15.24,3.68
4665,2024-12-04 18:41:04,1672.51,15.24,3.68
4666,2024-12-04 18:41:05,1672.86,15.24,3.68
4667,2024-12-04 18:41:05,1673.21,15.24,3.68
4668,2024-12-04 18:41:05,1673.57,15.24,3.68
4669,2024-12-04 18:41:06,1673.92,15.24,3.68
4670,2024-12-04 18:41:06,1674.27,15.24,3.68
4671,2024-12-04 18:41:06,1674.64,15.24,3.68
4672,2024-12-04 18:41:07,1674.99,15.24,3.68
4673,2024-12-04 18:41:07,1675.34,15.24,3.68
4674,2024-12-04 18:41:07,1675.71,15.24,3.68
4675,2024-12-04 18:41:08,1676.05,15.24,3.68
4676,2024-12-04 18:41:08,1676.41,15.24,3.68
4677,2024-12-04 18:41:09,1676.74,15.24,3.68
4678,2024-12-04 18:41:09,1677.10,15.24,3.68
4679,2024-12-04 18:41:09,1677.43,15.24,3.68
4680,2024-12-04 18:41:10,1677.78,15.24,3.68
4681,2024-12-04 18:41:10,1678.14,15.24,3.68
4682,2024-12-04 18:41:10,1678.49,15.24,3.68
4683,2024-12-04 18:41:11,1678.83,15.24,3.68
4684,2024-12-04 18:41:11,1679.19,15.24,3.68
4685,2024-12-04 18:41:11,1679.55,15.24,3.68
4686,2024-12-04 18:41:12,1679.91,15.24,3.68
4687,2024-12-04 18:41:12,1680.27,15.24,3.68
4688,2024-12-04 18:41:12,1680.61,15.24,3.68
4689,2024-12-04 18:41:13,1680.95,15.24,3.68
4690,2024-12-04 18:41:13,1681.31,15.24,3.68
4691,2024-12-04 18:41:13,1681.68,15.24,3.68
4692,2024-12-04 18:41:14,1682.02,15.24,3.68
4693,2024-12-04 18:41:14,1682.37,15.24,3.68
4694,2024-12-04 18:41:14,1682.72,15.24,3.68
4695,2024-12-04 18:41:15,1683.06,15.24,3.68
4696,2024-12-04 18:41:15,1683.41,15.24,3.68
4697,2024-12-04 18:41:16,1683.78,15.24,3.68
4698,2024-12-04 18:41:16,1684.12,15.24,3.68
4699,2024-12-04 18:41:16,1684.46,15.24,3.68
4700,2024-12-04 18:41:17,1684.81,15.24,3.68
4701,2024-12-04 18:41:17,1685.17,15.24,3.68
4702,2024-12-04 18:41:17,1685.52,15.24,3.68
4703,2024-12-04 18:41:18,1685.88,15.24,3.68
4704,2024-12-04 18:41:18,1686.23,15.24,3.68
4705,2024-12-04 18:41:18,1686.58,15.24,3.68
4706,2024-12-04 18:41:19,1686.94,15.24,3.68
4707,2024-12-04 18:41:19,1687.30,15.24,3.68
4708,2024-12-04 18:41:19,1687.65,15.24,3.68
4709,2024-12-04 18:41:20,1688.01,15.24,3.68
4710,2024-12-04 18:41:20,1688.35,15.24,3.68
4711,2024-12-04 18:41:20,1688.71,15.24,3.68
4712,2024-12-04 18:41:21,1689.07,15.24,3.68
4713,2024-12-04 18:41:21,1689.43,15.24,3.68
4714,2024-12-04 18:41:22,1689.77,15.24,3.68
4715,2024-12-04 18:41:22,1690.13,15.24,3.68
4716,2024-12-04 18:41:22,1690.47,15.24,3.68
4717,2024-12-04 18:41:23,1690.83,15.24,3.68
4718,2024-12-04 18:41:23,1691.18,15.24,3.68
4719,2024-12-04 18:41:23,1691.53,15.24,3.68
4720,2024-12-04 18:41:24,1691.89,15.24,3.68
4721,2024-12-04 18:41:24,1692.25,15.24,3.68
4722,2024-12-04 18:41:24,1692.59,15.24,3.68
4723,2024-12-04 18:41:25,1692.94,15.24,3.68
4724,2024-12-04 18:41:25,1693.29,15.24,3.68
4725,2024-12-04 18:41:25,1693.64,15.24,3.68
4726,2024-12-04 18:41:26,1694.00,15.24,3.68
4727,2024-12-04 18:41:26,1694.35,15.24,3.68
4728,2024-12-04 18:41:26,1694.68,15.24,3.68
4729,2024-12-04 18:41:27,1695.02,15.24,3.68
4730,2024-12-04 18:41:27,1695.38,15.24,3.68
4731,2024-12-04 18:41:28,1695.74,15.24,3.68
4732,2024-12-04 18:41:28,1696.09,15.24,3.68
4733,2024-12-04 18:41:28,1696.44,15.24,3.68
4734,2024-12-04 18:41:29,1696.80,15.24,3.68
4735,2024-12-04 18:41:29,1697.15,15.24,3.68
4736,2024-12-04 18:41:29,1697.51,15.24,3.68
4737,2024-12-04 18:41:30,1697.87,15.24,3.68
4738,2024-12-04 18:41:30,1698.23,15.24,3.68
4739,2024-12-04 18:41:30,1698.56,15.24,3.68
4740,2024-12-04 18:41:31,1698.89,15.24,3.68
4741,2024-12-04 18:41:31,1699.26,15.24,3.68
4742,2024-12-04 18:41:31,1699.62,15.24,3.68
4743,2024-12-04 18:41:32,1699.97,15.24,3.68
4744,2024-12-04 18:41:32,1700.33,15.24,3.68
4745,2024-12-04 18:41:32,1700.69,15.24,3.68
4746,2024-12-04 18:41:33,1701.04,15.24,3.68
4747,2024-12-04 18:41:33,1701.39,15.24,3.68
4748,2024-12-04 18:41:34,1701.74,15.24,3.68
4749,2024-12-04 18:41:34,1702.11,15.24,3.68
4750,2024-12-04 18:41:34,1702.47,15.24,3.68
4751,2024-12-04 18:41:35,1702.81,15.24,3.68
4752,2024-12-04 18:41:35,1703.15,15.24,3.68
4753,2024-12-04 18:41:35,1703.47,15.24,3.68
4754,2024-12-04 18:41:36,1703.79,15.24,3.68
4755,2024-12-04 18:41:36,1704.14,15.24,3.68
4756,2024-12-04 18:41:36,1704.49,15.24,3.68
4757,2024-12-04 18:41:37,1704.83,15.24,3.68
4758,2024-12-04 18:41:37,1705.18,15.24,3.68
4759,2024-12-04 18:41:37,1705.53,15.24,3.68
4760,2024-12-04 18:41:38,1705.88,15.24,3.68
4761,2024-12-04 18:41:38,1706.23,15.24,3.68
4762,2024-12-04 18:41:38,1706.58,15.24,3.68
4763,2024-12-04 18:41:39,1706.92,15.24,3.68
4764,2024-12-04 18:41:39,1707.27,15.24,3.68
4765,2024-12-04 18:41:39,1707.64,15.24,3.68
4766,2024-12-04 18:41:40,1707.98,15.24,3.68
4767,2024-12-04 18:41:40,1708.34,15.24,3.68
4768,2024-12-04 18:41:40,1708.71,15.24,3.68
4769,2024-12-04 18:41:41,1709.05,15.24,3.68
4770,2024-12-04 18:41:41,1709.39,15.24,3.68
4771,2024-12-04 18:41:41,1709.72,15.24,3.68
4772,2024-12-04 18:41:42,1710.06,15.24,3.68
4773,2024-12-04 18:41:42,1710.41,15.24,3.68
4774,2024-12-04 18:41:43,1710.75,15.24,3.68
4775,2024-12-04 18:41:43,1711.10,15.24,3.68
4776,2024-12-04 18:41:43,1711.45,15.24,3.68
4777,2024-12-04 18:41:44,1711.80,15.24,3.68
4778,2024-12-04 18:41:44,1712.16,15.24,3.68
4779,2024-12-04 18:41:44,1712.52,15.24,3.68
4780,2024-12-04 18:41:45,1712.86,15.24,3.68
4781,2024-12-04 18:41:45,1713.22,15.24,3.68
4782,2024-12-04 18:41:45,1713.57,15.24,3.68
4783,2024-12-04 18:41:46,1713.93,15.24,3.68
4784,2024-12-04 18:41:46,1714.28,15.24,3.68
4785,2024-12-04 18:41:46,1714.63,15.24,3.68
4786,2024-12-04 18:41:47,1714.97,15.24,3.68
4787,2024-12-04 18:41:47,1715.31,15.24,3.68
4788,2024-12-04 18:41:47,1715.64,15.24,3.68
4789,2024-12-04 18:41:48,1715.97,15.24,3.68
4790,2024-12-04 18:41:48,1716.32,15.24,3.68
4791,2024-12-04 18:41:48,1716.65,15.24,3.68
4792,2024-12-04 18:41:49,1717.00,15.24,3.68
4793,2024-12-04 18:41:49,1717.34,15.24,3.68
4794,2024-12-04 18:41:49,1717.69,15.24,3.68
4795,2024-12-04 18:41:50,1718.05,15.24,3.68
4796,2024-12-04 18:41:50,1718.41,15.24,3.68
4797,2024-12-04 18:41:51,1718.74,15.24,3.68
4798,2024-12-04 18:41:51,1719.08,15.24,3.68
4799,2024-12-04 18:41:51,1719.41,15.24,3.68
4800,2024-12-04 18:41:52,1719.75,15.24,3.68
4801,2024-12-04 18:41:52,1720.11,15.24,3.68
4802,2024-12-04 18:41:52,1720.46,15.24,3.68
4803,2024-12-04 18:41:53,1720.82,15.24,3.68
4804,2024-12-04 18:41:53,1721.18,15.24,3.68
4805,2024-12-04 18:41:53,1721.54,15.24,3.68
4806,2024-12-04 18:41:54,1721.89,15.24,3.68
4807,2024-12-04 18:41:54,1722.25,15.24,3.68
4808,2024-12-04 18:41:54,1722.60,15.24,3.68
4809,2024-12-04 18:41:55,1722.96,15.24,3.68
4810,2024-12-04 18:41:55,1723.32,15.24,3.68
4811,2024-12-04 18:41:55,1723.69,15.24,3.68
4812,2024-12-04 18:41:56,1724.03,15.24,3.68
4813,2024-12-04 18:41:56,1724.38,15.24,3.68
4814,2024-12-04 18:41:57,1724.74,15.24,3.68
4815,2024-12-04 18:41:57,1725.09,15.24,3.68
4816,2024-12-04 18:41:57,1725.44,15.24,3.68
4817,2024-12-04 18:41:58,1725.79,15.24,3.68
4818,2024-12-04 18:41:58,1726.13,15.24,3.68
4819,2024-12-04 18:41:58,1726.49,15.24,3.68
4820,2024-12-04 18:41:59,1726.84,15.24,3.68
4821,2024-12-04 18:41:59,1727.18,15.24,3.68
4822,2024-12-04 18:41:59,1727.52,15.24,3.68
4823,2024-12-04 18:42:00,1727.88,15.24,3.68
4824,2024-12-04 18:42:00,1728.23,15.24,3.68
4825,2024-12-04 18:42:00,1728.57,15.24,3.68
4826,2024-12-04 18:42:01,1728.91,15.24,3.68
4827,2024-12-04 18:42:01,1729.27,15.24,3.68
4828,2024-12-04 18:42:01,1729.62,15.24,3.68
4829,2024-12-04 18:42:02,1729.96,15.24,3.68
4830,2024-12-04 18:42:02,1730.31,15.24,3.68
4831,2024-12-04 18:42:02,1730.66,15.24,3.68
4832,2024-12-04 18:42:03,1731.00,15.24,3.68
4833,2024-12-04 18:42:03,1731.35,15.24,3.68
4834,2024-12-04 18:42:03,1731.71,15.24,3.68
4835,2024-12-04 18:42:04,1732.05,15.24,3.68
4836,2024-12-04 18:42:04,1732.41,15.24,3.68
4837,2024-12-04 18:42:05,1732.76,15.24,3.68
4838,2024-12-04 18:42:05,1733.11,15.24,3.68
4839,2024-12-04 18:42:05,1733.48,15.24,3.68
4840,2024-12-04 18:42:06,1733.83,15.24,3.68
4841,2024-12-04 18:42:06,1734.17,15.24,3.68
4842,2024-12-04 18:42:06,1734.51,15.24,3.68
4843,2024-12-04 18:42:07,1734.86,15.24,3.68
4844,2024-12-04 18:42:07,1735.21,15.24,3.68
4845,2024-12-04 18:42:07,1735.57,15.24,3.68
4846,2024-12-04 18:42:08,1735.94,15.24,3.68
4847,2024-12-04 18:42:08,1736.28,15.24,3.68
4848,2024-12-04 18:42:08,1736.62,15.24,3.68
4849,2024-12-04 18:42:09,1736.97,15.24,3.68
4850,2024-12-04 18:42:09,1737.32,15.24,3.68
4851,2024-12-04 18:42:09,1737.67,15.24,3.68
4852,2024-12-04 18:42:10,1738.03,15.24,3.68
4853,2024-12-04 18:42:10,1738.39,15.24,3.68
4854,2024-12-04 18:42:11,1738.75,15.24,3.68
4855,2024-12-04 18:42:11,1739.09,15.24,3.68
4856,2024-12-04 18:42:11,1739.44,15.24,3.68
4857,2024-12-04 18:42:12,1739.78,15.24,3.68
4858,2024-12-04 18:42:12,1740.13,15.24,3.68
4859,2024-12-04 18:42:12,1740.50,15.24,3.68
4860,2024-12-04 18:42:13,1740.86,15.24,3.68
4861,2024-12-04 18:42:13,1741.20,15.24,3.68
4862,2024-12-04 18:42:13,1741.55,15.24,3.68
4863,2024-12-04 18:42:14,1741.92,15.24,3.68
4864,2024-12-04 18:42:14,1742.27,15.24,3.68
4865,2024-12-04 18:42:14,1742.63,15.24,3.68
4866,2024-12-04 18:42:15,1742.97,15.24,3.68
4867,2024-12-04 18:42:15,1743.31,15.24,3.68
4868,2024-12-04 18:42:15,1743.67,15.24,3.68
4869,2024-12-04 18:42:16,1744.02,15.24,3.68
4870,2024-12-04 18:42:16,1744.38,15.24,3.68
4871,2024-12-04 18:42:17,1744.74,15.24,3.68
4872,2024-12-04 18:42:17,1745.09,15.24,3.68
4873,2024-12-04 18:42:17,1745.45,15.24,3.68
4874,2024-12-04 18:42:18,1745.80,15.24,3.68
4875,2024-12-04 18:42:18,1746.16,15.24,3.68
4876,2024-12-04 18:42:18,1746.51,15.24,3.68
4877,2024-12-04 18:42:19,1746.87,15.24,3.68
4878,2024-12-04 18:42:19,1747.22,15.24,3.68
4879,2024-12-04 18:42:19,1747.55,15.24,3.68
4880,2024-12-04 18:42:20,1747.89,15.24,3.68
4881,2024-12-04 18:42:20,1748.24,15.24,3.68
4882,2024-12-04 18:42:20,1748.61,15.24,3.68
4883,2024-12-04 18:42:21,1748.95,15.24,3.68
4884,2024-12-04 18:42:21,1749.30,15.24,3.68
4885,2024-12-04 18:42:21,1749.63,15.24,3.68
4886,2024-12-04 18:42:22,1749.96,15.24,3.68
4887,2024-12-04 18:42:22,1750.31,15.24,3.68
4888,2024-12-04 18:42:22,1750.67,15.24,3.68
4889,2024-12-04 18:42:23,1751.03,15.24,3.68
4890,2024-12-04 18:42:23,1751.39,15.24,3.68
4891,2024-12-04 18:42:24,1751.75,15.24,3.68
4892,2024-12-04 18:42:24,1752.11,15.24,3.68
4893,2024-12-04 18:42:24,1752.46,15.24,3.68
4894,2024-12-04 18:42:25,1752.81,15.24,3.68
4895,2024-12-04 18:42:25,1753.17,15.24,3.68
4896,2024-12-04 18:42:25,1753.53,15.24,3.68
4897,2024-12-04 18:42:26,1753.90,15.24,3.68
4898,2024-12-04 18:42:26,1754.25,15.24,3.68
4899,2024-12-04 18:42:26,1754.61,15.24,3.68
4900,2024-12-04 18:42:27,1754.96,15.24,3.68
4901,2024-12-04 18:42:27,1755.31,15.24,3.68
4902,2024-12-04 18:42:27,1755.66,15.24,3.68
4903,2024-12-04 18:42:28,1756.01,15.24,3.68
4904,2024-12-04 18:42:28,1756.37,15.24,3.68
4905,2024-12-04 18:42:29,1756.73,15.24,3.68
4906,2024-12-04 18:42:29,1757.09,15.24,3.68
4907,2024-12-04 18:42:29,1757.43,15.24,3.68
4908,2024-12-04 18:42:30,1757.79,15.24,3.68
4909,2024-12-04 18:42:30,1758.14,15.24,3.68
4910,2024-12-04 18:42:30,1758.48,15.24,3.68
4911,2024-12-04 18:42:31,1758.84,15.24,3.68
4912,2024-12-04 18:42:31,1759.19,15.24,3.68
4913,2024-12-04 18:42:31,1759.55,15.24,3.68
4914,2024-12-04 18:42:32,1759.91,15.24,3.68
4915,2024-12-04 18:42:32,1760.26,15.24,3.68
4916,2024-12-04 18:42:32,1760.62,15.24,3.68
4917,2024-12-04 18:42:33,1760.96,15.24,3.68
4918,2024-12-04 18:42:33,1761.29,15.24,3.68
4919,2024-12-04 18:42:33,1761.64,15.24,3.68
4920,2024-12-04 18:42:34,1761.99,15.24,3.68
4921,2024-12-04 18:42:34,1762.34,15.24,3.68
4922,2024-12-04 18:42:34,1762.67,15.24,3.68
4923,2024-12-04 18:42:35,1763.02,15.24,3.68
4924,2024-12-04 18:42:35,1763.37,15.24,3.68
4925,2024-12-04 18:42:35,1763.70,15.24,3.68
4926,2024-12-04 18:42:36,1764.04,15.24,3.68
4927,2024-12-04 18:42:36,1764.37,15.24,3.68
4928,2024-12-04 18:42:36,1764.71,15.24,3.68
4929,2024-12-04 18:42:37,1765.06,15.24,3.68
4930,2024-12-04 18:42:37,1765.40,15.24,3.68
4931,2024-12-04 18:42:38,1765.76,15.24,3.68
4932,2024-12-04 18:42:38,1766.10,15.24,3.68
4933,2024-12-04 18:42:38,1766.47,15.24,3.68
4934,2024-12-04 18:42:39,1766.82,15.24,3.68
4935,2024-12-04 18:42:39,1767.16,15.24,3.68
4936,2024-12-04 18:42:39,1767.49,15.24,3.68
4937,2024-12-04 18:42:40,1767.85,15.24,3.68
4938,2024-12-04 18:42:40,1768.21,15.24,3.68
4939,2024-12-04 18:42:40,1768.57,15.24,3.68
4940,2024-12-04 18:42:41,1768.91,15.24,3.68
4941,2024-12-04 18:42:41,1769.27,15.24,3.68
4942,2024-12-04 18:42:41,1769.61,15.24,3.68
4943,2024-12-04 18:42:42,1769.97,15.24,3.68
4944,2024-12-04 18:42:42,1770.31,15.24,3.68
4945,2024-12-04 18:42:42,1770.65,15.24,3.68
4946,2024-12-04 18:42:43,1771.02,15.24,3.68
4947,2024-12-04 18:42:43,1771.36,15.24,3.68
4948,2024-12-04 18:42:43,1771.72,15.24,3.68
4949,2024-12-04 18:42:44,1772.09,15.24,3.68
4950,2024-12-04 18:42:44,1772.45,15.24,3.68
4951,2024-12-04 18:42:45,1772.82,15.24,3.68
4952,2024-12-04 18:42:45,1773.18,15.24,3.68
4953,2024-12-04 18:42:45,1773.54,15.24,3.68
4954,2024-12-04 18:42:46,1773.89,15.24,3.68
4955,2024-12-04 18:42:46,1774.25,15.24,3.68
4956,2024-12-04 18:42:46,1774.60,15.24,3.68
4957,2024-12-04 18:42:47,1774.96,15.24,3.68
4958,2024-12-04 18:42:47,1775.31,15.24,3.68
4959,2024-12-04 18:42:47,1775.68,15.24,3.68
4960,2024-12-04 18:42:48,1776.04,15.24,3.68
4961,2024-12-04 18:42:48,1776.36,15.24,3.68
4962,2024-12-04 18:42:48,1776.71,15.24,3.68
4963,2024-12-04 18:42:49,1777.07,15.24,3.68
4964,2024-12-04 18:42:49,1777.43,15.24,3.68
4965,2024-12-04 18:42:50,1777.79,15.24,3.68
4966,2024-12-04 18:42:50,1778.15,15.24,3.68
4967,2024-12-04 18:42:50,1778.49,15.24,3.68
4968,2024-12-04 18:42:51,1778.82,15.24,3.68
4969,2024-12-04 18:42:51,1779.14,15.24,3.68
4970,2024-12-04 18:42:51,1779.49,15.24,3.68
4971,2024-12-04 18:42:52,1779.84,15.24,3.68
4972,2024-12-04 18:42:52,1780.20,15.24,3.68
4973,2024-12-04 18:42:52,1780.54,15.24,3.68
4974,2024-12-04 18:42:53,1780.89,15.24,3.68
4975,2024-12-04 18:42:53,1781.24,15.24,3.68
4976,2024-12-04 18:42:53,1781.59,15.24,3.68
4977,2024-12-04 18:42:54,1781.95,15.24,3.68
4978,2024-12-04 18:42:54,1782.32,15.24,3.68
4979,2024-12-04 18:42:54,1782.68,15.24,3.68
4980,2024-12-04 18:42:55,1783.02,15.24,3.68
4981,2024-12-04 18:42:55,1783.37,15.24,3.68
4982,2024-12-04 18:42:56,1783.74,15.24,3.68
4983,2024-12-04 18:42:56,1784.08,15.24,3.68
4984,2024-12-04 18:42:56,1784.44,15.24,3.68
4985,2024-12-04 18:42:57,1784.79,15.24,3.68
4986,2024-12-04 18:42:57,1785.14,15.24,3.68
4987,2024-12-04 18:42:57,1785.50,15.24,3.68
4988,2024-12-04 18:42:58,1785.83,15.24,3.68
4989,2024-12-04 18:42:58,1786.16,15.24,3.68
4990,2024-12-04 18:42:58,1786.50,15.24,3.68
4991,2024-12-04 18:42:59,1786.86,15.24,3.68
4992,2024-12-04 18:42:59,1787.22,15.24,3.68
4993,2024-12-04 18:42:59,1787.57,15.24,3.68
4994,2024-12-04 18:43:00,1787.92,15.24,3.68
4995,2024-12-04 18:43:00,1788.26,15.24,3.68
4996,2024-12-04 18:43:00,1788.62,15.24,3.68
4997,2024-12-04 18:43:01,1788.97,15.24,3.68
4998,2024-12-04 18:43:01,1789.33,15.24,3.68
4999,2024-12-04 18:43:01,1789.67,15.24,3.68
5000,2024-12-04 18:43:02,1790.03,15.24,3.68
5001,2024-12-04 18:43:35,1822.85,15.24,3.68
5002,2024-12-04 18:43:35,1823.19,15.24,3.68
5003,2024-12-04 18:43:35,1823.51,15.24,3.68
5004,2024-12-04 18:43:36,1823.88,15.24,3.68
5005,2024-12-04 18:43:36,1824.24,15.24,3.68
5006,2024-12-04 18:43:36,1824.58,15.24,3.68
5007,2024-12-04 18:43:37,1824.90,15.24,3.68
5008,2024-12-04 18:43:37,1825.24,15.24,3.68
5009,2024-12-04 18:43:37,1825.59,15.24,3.68
5010,2024-12-04 18:43:38,1825.95,15.24,3.68
5011,2024-12-04 18:43:38,1826.31,15.24,3.68
5012,2024-12-04 18:43:38,1826.67,15.24,3.68
5013,2024-12-04 18:43:39,1827.03,15.24,3.68
5014,2024-12-04 18:43:39,1827.38,15.24,3.68
5015,2024-12-04 18:43:40,1827.73,15.24,3.68
5016,2024-12-04 18:43:40,1828.08,15.24,3.68
5017,2024-12-04 18:43:40,1828.43,15.24,3.68
5018,2024-12-04 18:43:41,1828.76,15.24,3.68
5019,2024-12-04 18:43:41,1829.10,15.24,3.68
5020,2024-12-04 18:43:41,1829.45,15.24,3.68
5021,2024-12-04 18:43:42,1829.80,15.24,3.68
5022,2024-12-04 18:43:42,1830.15,15.24,3.68
5023,2024-12-04 18:43:42,1830.50,15.24,3.68
5024,2024-12-04 18:43:43,1830.85,15.24,3.68
5025,2024-12-04 18:43:43,1831.20,15.24,3.68
5026,2024-12-04 18:43:43,1831.56,15.24,3.68
5027,2024-12-04 18:43:44,1831.91,15.24,3.68
5028,2024-12-04 18:43:44,1832.27,15.24,3.68
5029,2024-12-04 18:43:44,1832.62,15.24,3.68
5030,2024-12-04 18:43:45,1832.98,15.24,3.68
5031,2024-12-04 18:43:45,1833.33,15.24,3.68
5032,2024-12-04 18:43:45,1833.69,15.24,3.68
5033,2024-12-04 18:43:46,1834.03,15.24,3.68
5034,2024-12-04 18:43:46,1834.39,15.24,3.68
5035,2024-12-04 18:43:47,1834.75,15.24,3.68
5036,2024-12-04 18:43:47,1835.09,15.24,3.68
5037,2024-12-04 18:43:47,1835.44,15.24,3.68
5038,2024-12-04 18:43:48,1835.79,15.24,3.68
5039,2024-12-04 18:43:48,1836.14,15.24,3.68
5040,2024-12-04 18:43:48,1836.50,15.24,3.68
5041,2024-12-04 18:43:49,1836.85,15.24,3.68
5042,2024-12-04 18:43:49,1837.19,15.24,3.68
5043,2024-12-04 18:43:49,1837.55,15.24,3.68
5044,2024-12-04 18:43:50,1837.90,15.24,3.68
5045,2024-12-04 18:43:50,1838.25,15.24,3.68
5046,2024-12-04 18:43:50,1838.58,15.24,3.68
5047,2024-12-04 18:43:51,1838.91,15.24,3.68
5048,2024-12-04 18:43:51,1839.26,15.24,3.68
5049,2024-12-04 18:43:51,1839.62,15.24,3.68
5050,2024-12-04 18:43:52,1839.98,15.24,3.68
5051,2024-12-04 18:43:52,1840.34,15.24,3.68
5052,2024-12-04 18:43:52,1840.69,15.24,3.68
5053,2024-12-04 18:43:53,1841.05,15.24,3.68
5054,2024-12-04 18:43:53,1841.41,15.24,3.68
5055,2024-12-04 18:43:54,1841.75,15.24,3.68
5056,2024-12-04 18:43:54,1842.10,15.24,3.68
5057,2024-12-04 18:43:54,1842.44,15.24,3.68
5058,2024-12-04 18:43:55,1842.79,15.24,3.68
5059,2024-12-04 18:43:55,1843.14,15.24,3.68
5060,2024-12-04 18:43:55,1843.50,15.24,3.68
5061,2024-12-04 18:43:56,1843.84,15.24,3.68
5062,2024-12-04 18:43:56,1844.18,15.24,3.68
5063,2024-12-04 18:43:56,1844.48,15.24,3.68
5064,2024-12-04 18:43:57,1844.79,15.24,3.68
5065,2024-12-04 18:43:57,1845.15,15.24,3.68
5066,2024-12-04 18:43:57,1845.51,15.24,3.68
5067,2024-12-04 18:43:58,1845.87,15.24,3.68
5068,2024-12-04 18:43:58,1846.23,15.24,3.68
5069,2024-12-04 18:43:58,1846.60,15.24,3.68
5070,2024-12-04 18:43:59,1846.96,15.24,3.68
5071,2024-12-04 18:43:59,1847.31,15.24,3.68
5072,2024-12-04 18:43:59,1847.66,15.24,3.68
5073,2024-12-04 18:44:00,1848.02,15.24,3.68
5074,2024-12-04 18:44:00,1848.36,15.24,3.68
5075,2024-12-04 18:44:00,1848.71,15.24,3.68
5076,2024-12-04 18:44:01,1849.06,15.24,3.68
5077,2024-12-04 18:44:01,1849.41,15.24,3.68
5078,2024-12-04 18:44:02,1849.76,15.24,3.68
5079,2024-12-04 18:44:02,1850.11,15.24,3.68
5080,2024-12-04 18:44:02,1850.45,15.24,3.68
5081,2024-12-04 18:44:03,1850.79,15.24,3.68
5082,2024-12-04 18:44:03,1851.14,15.24,3.68
5083,2024-12-04 18:44:03,1851.50,15.24,3.68
5084,2024-12-04 18:44:04,1851.86,15.24,3.68
5085,2024-12-04 18:44:04,1852.20,15.24,3.68
5086,2024-12-04 18:44:04,1852.55,15.24,3.68
5087,2024-12-04 18:44:05,1852.90,15.24,3.68
5088,2024-12-04 18:44:05,1853.26,15.24,3.68
5089,2024-12-04 18:44:05,1853.60,15.24,3.68
5090,2024-12-04 18:44:06,1853.96,15.24,3.68
5091,2024-12-04 18:44:06,1854.29,15.24,3.68
5092,2024-12-04 18:44:06,1854.65,15.24,3.68
5093,2024-12-04 18:44:07,1855.00,15.24,3.68
5094,2024-12-04 18:44:07,1855.36,15.24,3.68
5095,2024-12-04 18:44:07,1855.71,15.24,3.68
5096,2024-12-04 18:44:08,1856.06,15.24,3.68
5097,2024-12-04 18:44:08,1856.42,15.24,3.68
5098,2024-12-04 18:44:09,1856.78,15.24,3.68
5099,2024-12-04 18:44:09,1857.12,15.24,3.68
5100,2024-12-04 18:44:09,1857.48,15.24,3.68
5101,2024-12-04 18:44:10,1857.85,15.24,3.68
5102,2024-12-04 18:44:10,1858.21,15.24,3.68
5103,2024-12-04 18:44:10,1858.57,15.24,3.68
5104,2024-12-04 18:44:11,1858.94,15.24,3.68
5105,2024-12-04 18:44:11,1859.29,15.24,3.68
5106,2024-12-04 18:44:11,1859.63,15.24,3.68
5107,2024-12-04 18:44:12,1859.98,15.24,3.68
5108,2024-12-04 18:44:12,1860.33,15.24,3.68
5109,2024-12-04 18:44:12,1860.68,15.24,3.68
5110,2024-12-04 18:44:13,1861.04,15.24,3.68
5111,2024-12-04 18:44:13,1861.40,15.24,3.68
5112,2024-12-04 18:44:14,1861.74,15.24,3.68
5113,2024-12-04 18:44:14,1862.09,15.24,3.68
5114,2024-12-04 18:44:14,1862.44,15.24,3.68
5115,2024-12-04 18:44:15,1862.79,15.24,3.68
5116,2024-12-04 18:44:15,1863.15,15.24,3.68
5117,2024-12-04 18:44:15,1863.49,15.24,3.68
5118,2024-12-04 18:44:16,1863.84,15.24,3.68
5119,2024-12-04 18:44:16,1864.19,15.24,3.68
5120,2024-12-04 18:44:16,1864.54,15.24,3.68
5121,2024-12-04 18:44:17,1864.89,15.24,3.68
5122,2024-12-04 18:44:17,1865.25,15.24,3.68
5123,2024-12-04 18:44:17,1865.61,15.24,3.68
5124,2024-12-04 18:44:18,1865.98,15.24,3.68
5125,2024-12-04 18:44:18,1866.32,15.24,3.68
5126,2024-12-04 18:44:18,1866.66,15.24,3.68
5127,2024-12-04 18:44:19,1867.02,15.24,3.68
5128,2024-12-04 18:44:19,1867.38,15.24,3.68
5129,2024-12-04 18:44:20,1867.74,15.24,3.68
5130,2024-12-04 18:44:20,1868.09,15.24,3.68
5131,2024-12-04 18:44:20,1868.43,15.24,3.68
5132,2024-12-04 18:44:21,1868.76,15.24,3.68
5133,2024-12-04 18:44:21,1869.09,15.24,3.68
5134,2024-12-04 18:44:21,1869.44,15.24,3.68
5135,2024-12-04 18:44:22,1869.78,15.24,3.68
5136,2024-12-04 18:44:22,1870.13,15.24,3.68
5137,2024-12-04 18:44:22,1870.48,15.24,3.68
5138,2024-12-04 18:44:23,1870.83,15.24,3.68
5139,2024-12-04 18:44:23,1871.18,15.24,3.68
5140,2024-12-04 18:44:23,1871.53,15.24,3.68
5141,2024-12-04 18:44:24,1871.90,15.24,3.68
5142,2024-12-04 18:44:24,1872.26,15.24,3.68
5143,2024-12-04 18:44:24,1872.60,15.24,3.68
5144,2024-12-04 18:44:25,1872.95,15.24,3.68
5145,2024-12-04 18:44:25,1873.31,15.24,3.68
5146,2024-12-04 18:44:25,1873.66,15.24,3.68
5147,2024-12-04 18:44:26,1874.01,15.24,3.68
5148,2024-12-04 18:44:26,1874.36,15.24,3.68
5149,2024-12-04 18:44:26,1874.71,15.24,3.68
5150,2024-12-04 18:44:27,1875.08,15.24,3.68
5151,2024-12-04 18:44:27,1875.43,15.24,3.68
5152,2024-12-04 18:44:28,1875.78,15.24,3.68
5153,2024-12-04 18:44:28,1876.12,15.24,3.68
5154,2024-12-04 18:44:28,1876.46,15.24,3.68
5155,2024-12-04 18:44:29,1876.81,15.24,3.68
5156,2024-12-04 18:44:29,1877.17,15.24,3.68
5157,2024-12-04 18:44:29,1877.54,15.24,3.68
5158,2024-12-04 18:44:30,1877.90,15.24,3.68
5159,2024-12-04 18:44:30,1878.22,15.24,3.68
5160,2024-12-04 18:44:30,1878.56,15.24,3.68
5161,2024-12-04 18:44:31,1878.92,15.24,3.68
5162,2024-12-04 18:44:31,1879.27,15.24,3.68
5163,2024-12-04 18:44:31,1879.63,15.24,3.68
5164,2024-12-04 18:44:32,1879.98,15.24,3.68
5165,2024-12-04 18:44:32,1880.31,15.24,3.68
5166,2024-12-04 18:44:32,1880.65,15.24,3.68
5167,2024-12-04 18:44:33,1881.01,15.24,3.68
5168,2024-12-04 18:44:33,1881.37,15.24,3.68
5169,2024-12-04 18:44:34,1881.73,15.24,3.68
5170,2024-12-04 18:44:34,1882.10,15.24,3.68
5171,2024-12-04 18:44:34,1882.45,15.24,3.68
5172,2024-12-04 18:44:35,1882.80,15.24,3.68
5173,2024-12-04 18:44:35,1883.13,15.24,3.68
5174,2024-12-04 18:44:35,1883.49,15.24,3.68
5175,2024-12-04 18:44:36,1883.83,15.24,3.68
5176,2024-12-04 18:44:36,1884.19,15.24,3.68
5177,2024-12-04 18:44:36,1884.54,15.24,3.68
5178,2024-12-04 18:44:37,1884.88,15.24,3.68
5179,2024-12-04 18:44:37,1885.23,15.24,3.68
5180,2024-12-04 18:44:37,1885.59,15.24,3.68
5181,2024-12-04 18:44:38,1885.94,15.24,3.68
5182,2024-12-04 18:44:38,1886.27,15.24,3.68
5183,2024-12-04 18:44:38,1886.62,15.24,3.68
5184,2024-12-04 18:44:39,1886.98,15.24,3.68
5185,2024-12-04 18:44:39,1887.34,15.24,3.68
5186,2024-12-04 18:44:39,1887.71,15.24,3.68
5187,2024-12-04 18:44:40,1888.07,15.24,3.68
5188,2024-12-04 18:44:40,1888.43,15.24,3.68
5189,2024-12-04 18:44:41,1888.79,15.24,3.68
5190,2024-12-04 18:44:41,1889.14,15.24,3.68
5191,2024-12-04 18:44:41,1889.50,15.24,3.68
5192,2024-12-04 18:44:42,1889.86,15.24,3.68
5193,2024-12-04 18:44:42,1890.22,15.24,3.68
5194,2024-12-04 18:44:42,1890.58,15.24,3.68
5195,2024-12-04 18:44:43,1890.94,15.24,3.68
5196,2024-12-04 18:44:43,1891.27,15.24,3.68
5197,2024-12-04 18:44:43,1891.62,15.24,3.68
5198,2024-12-04 18:44:44,1891.98,15.24,3.68
5199,2024-12-04 18:44:44,1892.34,15.24,3.68
5200,2024-12-04 18:44:44,1892.68,15.24,3.68
5201,2024-12-04 18:44:45,1893.02,15.24,3.68
5202,2024-12-04 18:44:45,1893.35,15.24,3.68
5203,2024-12-04 18:44:45,1893.70,15.24,3.68
5204,2024-12-04 18:44:46,1894.05,15.24,3.68
5205,2024-12-04 18:44:46,1894.40,15.24,3.68
5206,2024-12-04 18:44:47,1894.76,15.24,3.68
5207,2024-12-04 18:44:47,1895.13,15.24,3.68
5208,2024-12-04 18:44:47,1895.49,15.24,3.68
5209,2024-12-04 18:44:48,1895.85,15.24,3.68
5210,2024-12-04 18:44:48,1896.20,15.24,3.68
5211,2024-12-04 18:44:48,1896.55,15.24,3.68
5212,2024-12-04 18:44:49,1896.91,15.24,3.68
5213,2024-12-04 18:44:49,1897.26,15.24,3.68
5214,2024-12-04 18:44:49,1897.61,15.24,3.68
5215,2024-12-04 18:44:50,1897.98,15.24,3.68
5216,2024-12-04 18:44:50,1898.32,15.24,3.68
5217,2024-12-04 18:44:50,1898.67,15.24,3.68
5218,2024-12-04 18:44:51,1899.02,15.24,3.68
5219,2024-12-04 18:44:51,1899.37,15.24,3.68
5220,2024-12-04 18:44:51,1899.72,15.24,3.68
5221,2024-12-04 18:44:52,1900.08,15.24,3.68
5222,2024-12-04 18:44:52,1900.45,15.24,3.68
5223,2024-12-04 18:44:53,1900.81,15.24,3.68
5224,2024-12-04 18:44:53,1901.15,15.24,3.68
5225,2024-12-04 18:44:53,1901.51,15.24,3.68
5226,2024-12-04 18:44:54,1901.88,15.24,3.68
5227,2024-12-04 18:44:54,1902.24,15.24,3.68
5228,2024-12-04 18:44:54,1902.59,15.24,3.68
5229,2024-12-04 18:44:55,1902.94,15.24,3.68
5230,2024-12-04 18:44:55,1903.30,15.24,3.68
5231,2024-12-04 18:44:55,1903.66,15.24,3.68
5232,2024-12-04 18:44:56,1904.01,15.24,3.68
5233,2024-12-04 18:44:56,1904.34,15.24,3.68
5234,2024-12-04 18:44:56,1904.70,15.24,3.68
5235,2024-12-04 18:44:57,1905.06,15.24,3.68
5236,2024-12-04 18:44:57,1905.42,15.24,3.68
5237,2024-12-04 18:44:58,1905.77,15.24,3.68
5238,2024-12-04 18:44:58,1906.12,15.24,3.68
5239,2024-12-04 18:44:58,1906.48,15.24,3.68
5240,2024-12-04 18:44:59,1906.82,15.24,3.68
5241,2024-12-04 18:44:59,1907.17,15.24,3.68
5242,2024-12-04 18:44:59,1907.51,15.24,3.68
5243,2024-12-04 18:45:00,1907.88,15.24,3.68
5244,2024-12-04 18:45:00,1908.24,15.24,3.68
5245,2024-12-04 18:45:00,1908.60,15.24,3.68
5246,2024-12-04 18:45:01,1908.95,15.24,3.68
5247,2024-12-04 18:45:01,1909.31,15.24,3.68
5248,2024-12-04 18:45:01,1909.66,15.24,3.68
5249,2024-12-04 18:45:02,1910.01,15.24,3.68
5250,2024-12-04 18:45:02,1910.37,15.24,3.68
5251,2024-12-04 18:45:03,1910.73,15.24,3.68
5252,2024-12-04 18:45:03,1911.08,15.24,3.68
5253,2024-12-04 18:45:03,1911.42,15.24,3.68
5254,2024-12-04 18:45:04,1911.77,15.24,3.68
5255,2024-12-04 18:45:04,1912.10,15.24,3.68
5256,2024-12-04 18:45:04,1912.44,15.24,3.68
5257,2024-12-04 18:45:05,1912.80,15.24,3.68
5258,2024-12-04 18:45:05,1913.14,15.24,3.68
5259,2024-12-04 18:45:05,1913.48,15.24,3.68
5260,2024-12-04 18:45:06,1913.82,15.24,3.68
5261,2024-12-04 18:45:06,1914.17,15.24,3.68
5262,2024-12-04 18:45:06,1914.53,15.24,3.68
5263,2024-12-04 18:45:07,1914.89,15.24,3.68
5264,2024-12-04 18:45:07,1915.23,15.24,3.68
5265,2024-12-04 18:45:07,1915.56,15.24,3.68
5266,2024-12-04 18:45:08,1915.89,15.24,3.68
5267,2024-12-04 18:45:08,1916.25,15.24,3.68
5268,2024-12-04 18:45:08,1916.59,15.24,3.68
5269,2024-12-04 18:45:09,1916.95,15.24,3.68
5270,2024-12-04 18:45:09,1917.29,15.24,3.68
5271,2024-12-04 18:45:09,1917.64,15.24,3.68
5272,2024-12-04 18:45:10,1918.00,15.24,3.68
5273,2024-12-04 18:45:10,1918.35,15.24,3.68
5274,2024-12-04 18:45:10,1918.70,15.24,3.68
5275,2024-12-04 18:45:11,1919.06,15.24,3.68
5276,2024-12-04 18:45:11,1919.41,15.24,3.68
5277,2024-12-04 18:45:12,1919.77,15.24,3.68
5278,2024-12-04 18:45:12,1920.12,15.24,3.68
5279,2024-12-04 18:45:12,1920.46,15.24,3.68
5280,2024-12-04 18:45:13,1920.81,15.24,3.68
5281,2024-12-04 18:45:13,1921.16,15.24,3.68
5282,2024-12-04 18:45:13,1921.53,15.24,3.68
5283,2024-12-04 18:45:14,1921.88,15.24,3.68
5284,2024-12-04 18:45:14,1922.24,15.24,3.68
5285,2024-12-04 18:45:14,1922.60,15.24,3.68
5286,2024-12-04 18:45:15,1922.95,15.24,3.68
5287,2024-12-04 18:45:15,1923.31,15.24,3.68
5288,2024-12-04 18:45:15,1923.65,15.24,3.68
5289,2024-12-04 18:45:16,1924.00,15.24,3.68
5290,2024-12-04 18:45:16,1924.36,15.24,3.68
5291,2024-12-04 18:45:16,1924.72,15.24,3.68
5292,2024-12-04 18:45:17,1925.07,15.24,3.68
5293,2024-12-04 18:45:17,1925.41,15.24,3.68
5294,2024-12-04 18:45:18,1925.75,15.24,3.68
5295,2024-12-04 18:45:18,1926.10,15.24,3.68
5296,2024-12-04 18:45:18,1926.47,15.24,3.68
5297,2024-12-04 18:45:19,1926.80,15.24,3.68
5298,2024-12-04 18:45:19,1927.14,15.24,3.68
5299,2024-12-04 18:45:19,1927.50,15.24,3.68
5300,2024-12-04 18:45:20,1927.86,15.24,3.68
5301,2024-12-04 18:45:20,1928.22,15.24,3.68
5302,2024-12-04 18:45:20,1928.57,15.24,3.68
5303,2024-12-04 18:45:21,1928.92,15.24,3.68
5304,2024-12-04 18:45:21,1929.28,15.24,3.68
5305,2024-12-04 18:45:21,1929.64,15.24,3.68
5306,2024-12-04 18:45:22,1929.99,15.24,3.68
5307,2024-12-04 18:45:22,1930.33,15.24,3.68
5308,2024-12-04 18:45:22,1930.69,15.24,3.68
5309,2024-12-04 18:45:23,1931.03,15.24,3.68
5310,2024-12-04 18:45:23,1931.39,15.24,3.68
5311,2024-12-04 18:45:24,1931.74,15.24,3.68
5312,2024-12-04 18:45:24,1932.09,15.24,3.68
5313,2024-12-04 18:45:24,1932.44,15.24,3.68
5314,2024-12-04 18:45:25,1932.80,15.24,3.68
5315,2024-12-04 18:45:25,1933.15,15.24,3.68
5316,2024-12-04 18:45:25,1933.51,15.24,3.68
5317,2024-12-04 18:45:26,1933.87,15.24,3.68
5318,2024-12-04 18:45:26,1934.21,15.24,3.68
5319,2024-12-04 18:45:26,1934.56,15.24,3.68
5320,2024-12-04 18:45:27,1934.91,15.24,3.68
5321,2024-12-04 18:45:27,1935.27,15.24,3.68
5322,2024-12-04 18:45:27,1935.62,15.24,3.68
5323,2024-12-04 18:45:28,1935.97,15.24,3.68
5324,2024-12-04 18:45:28,1936.33,15.24,3.68
5325,2024-12-04 18:45:28,1936.68,15.24,3.68
5326,2024-12-04 18:45:29,1937.04,15.24,3.68
5327,2024-12-04 18:45:29,1937.40,15.24,3.68
5328,2024-12-04 18:45:30,1937.76,15.24,3.68
5329,2024-12-04 18:45:30,1938.11,15.24,3.68
5330,2024-12-04 18:45:30,1938.47,15.24,3.68
5331,2024-12-04 18:45:31,1938.80,15.24,3.68
5332,2024-12-04 18:45:31,1939.15,15.24,3.68
5333,2024-12-04 18:45:31,1939.49,15.24,3.68
5334,2024-12-04 18:45:32,1939.85,15.24,3.68
5335,2024-12-04 18:45:32,1940.21,15.24,3.68
5336,2024-12-04 18:45:32,1940.56,15.24,3.68
5337,2024-12-04 18:45:33,1940.92,15.24,3.68
5338,2024-12-04 18:45:33,1941.28,15.24,3.68
5339,2024-12-04 18:45:33,1941.64,15.24,3.68
5340,2024-12-04 18:45:34,1942.00,15.24,3.68
5341,2024-12-04 18:45:34,1942.32,15.24,3.68
5342,2024-12-04 18:45:34,1942.66,15.24,3.68
5343,2024-12-04 18:45:35,1943.00,15.24,3.68
5344,2024-12-04 18:45:35,1943.33,15.24,3.68
5345,2024-12-04 18:45:35,1943.67,15.24,3.68
5346,2024-12-04 18:45:36,1944.02,15.24,3.68
5347,2024-12-04 18:45:36,1944.37,15.24,3.68
5348,2024-12-04 18:45:36,1944.73,15.24,3.68
5349,2024-12-04 18:45:37,1945.06,15.24,3.68
5350,2024-12-04 18:45:37,1945.42,15.24,3.68
5351,2024-12-04 18:45:38,1945.77,15.24,3.68
5352,2024-12-04 18:45:38,1946.11,15.24,3.68
5353,2024-12-04 18:45:38,1946.46,15.24,3.68
5354,2024-12-04 18:45:39,1946.78,15.24,3.68
5355,2024-12-04 18:45:39,1947.12,15.24,3.68
5356,2024-12-04 18:45:39,1947.48,15.24,3.68
5357,2024-12-04 18:45:40,1947.85,15.24,3.68
5358,2024-12-04 18:45:40,1948.21,15.24,3.68
5359,2024-12-04 18:45:40,1948.55,15.24,3.68
5360,2024-12-04 18:45:41,1948.91,15.24,3.68
5361,2024-12-04 18:45:41,1949.27,15.24,3.68
5362,2024-12-04 18:45:41,1949.63,15.24,3.68
5363,2024-12-04 18:45:42,1950.00,15.24,3.68
5364,2024-12-04 18:45:42,1950.35,15.24,3.68
5365,2024-12-04 18:45:42,1950.71,15.24,3.68
5366,2024-12-04 18:45:43,1951.07,15.24,3.68
5367,2024-12-04 18:45:43,1951.41,15.24,3.68
5368,2024-12-04 18:45:44,1951.75,15.24,3.68
5369,2024-12-04 18:45:44,1952.11,15.24,3.68
5370,2024-12-04 18:45:44,1952.46,15.24,3.68
5371,2024-12-04 18:45:45,1952.81,15.24,3.68
5372,2024-12-04 18:45:45,1953.17,15.24,3.68
5373,2024-12-04 18:45:45,1953.52,15.24,3.68
5374,2024-12-04 18:45:46,1953.88,15.24,3.68
5375,2024-12-04 18:45:46,1954.23,15.24,3.68
5376,2024-12-04 18:45:46,1954.57,15.24,3.68
5377,2024-12-04 18:45:47,1954.92,15.24,3.68
5378,2024-12-04 18:45:47,1955.27,15.24,3.68
5379,2024-12-04 18:45:47,1955.62,15.24,3.68
5380,2024-12-04 18:45:48,1955.97,15.24,3.68
5381,2024-12-04 18:45:48,1956.32,15.24,3.68
5382,2024-12-04 18:45:48,1956.67,15.24,3.68
5383,2024-12-04 18:45:49,1957.02,15.24,3.68
5384,2024-12-04 18:45:49,1957.37,15.24,3.68
5385,2024-12-04 18:45:49,1957.70,15.24,3.68
5386,2024-12-04 18:45:50,1958.02,15.24,3.68
5387,2024-12-04 18:45:50,1958.38,15.24,3.68
5388,2024-12-04 18:45:51,1958.74,15.24,3.68
5389,2024-12-04 18:45:51,1959.08,15.24,3.68
5390,2024-12-04 18:45:51,1959.44,15.24,3.68
5391,2024-12-04 18:45:52,1959.80,15.24,3.68
5392,2024-12-04 18:45:52,1960.16,15.24,3.68
5393,2024-12-04 18:45:52,1960.52,15.24,3.68
5394,2024-12-04 18:45:53,1960.88,15.24,3.68
5395,2024-12-04 18:45:53,1961.22,15.24,3.68
5396,2024-12-04 18:45:53,1961.57,15.24,3.68
5397,2024-12-04 18:45:54,1961.93,15.24,3.68
5398,2024-12-04 18:45:54,1962.27,15.24,3.68
5399,2024-12-04 18:45:54,1962.61,15.24,3.68
5400,2024-12-04 18:45:55,1962.96,15.24,3.68
5401,2024-12-04 18:45:55,1963.30,15.24,3.68
5402,2024-12-04 18:45:55,1963.65,15.24,3.68
5403,2024-12-04 18:45:56,1964.02,15.24,3.68
5404,2024-12-04 18:45:56,1964.37,15.24,3.68
5405,2024-12-04 18:45:56,1964.71,15.24,3.68
5406,2024-12-04 18:45:57,1965.05,15.24,3.68
5407,2024-12-04 18:45:57,1965.41,15.24,3.68
5408,2024-12-04 18:45:58,1965.77,15.24,3.68
5409,2024-12-04 18:45:58,1966.13,15.24,3.68
5410,2024-12-04 18:45:58,1966.47,15.24,3.68
5411,2024-12-04 18:45:59,1966.83,15.24,3.68
5412,2024-12-04 18:45:59,1967.17,15.24,3.68
5413,2024-12-04 18:45:59,1967.52,15.24,3.68
5414,2024-12-04 18:46:00,1967.88,15.24,3.68
5415,2024-12-04 18:46:00,1968.22,15.24,3.68
5416,2024-12-04 18:46:00,1968.58,15.24,3.68
5417,2024-12-04 18:46:01,1968.93,15.24,3.68
5418,2024-12-04 18:46:01,1969.26,15.24,3.68
5419,2024-12-04 18:46:01,1969.61,15.24,3.68
5420,2024-12-04 18:46:02,1969.96,15.24,3.68
5421,2024-12-04 18:46:02,1970.31,15.24,3.68
5422,2024-12-04 18:46:02,1970.65,15.24,3.68
5423,2024-12-04 18:46:03,1971.00,15.24,3.68
5424,2024-12-04 18:46:03,1971.36,15.24,3.68
5425,2024-12-04 18:46:03,1971.70,15.24,3.68
5426,2024-12-04 18:46:04,1972.05,15.24,3.68
5427,2024-12-04 18:46:04,1972.39,15.24,3.68
5428,2024-12-04 18:46:05,1972.74,15.24,3.68
5429,2024-12-04 18:46:05,1973.09,15.24,3.68
5430,2024-12-04 18:46:05,1973.45,15.24,3.68
5431,2024-12-04 18:46:06,1973.80,15.24,3.68
5432,2024-12-04 18:46:06,1974.15,15.24,3.68
5433,2024-12-04 18:46:06,1974.51,15.24,3.68
5434,2024-12-04 18:46:07,1974.87,15.24,3.68
5435,2024-12-04 18:46:07,1975.21,15.24,3.68
5436,2024-12-04 18:46:07,1975.55,15.24,3.68
5437,2024-12-04 18:46:08,1975.92,15.24,3.68
5438,2024-12-04 18:46:08,1976.28,15.24,3.68
5439,2024-12-04 18:46:08,1976.64,15.24,3.68
5440,2024-12-04 18:46:09,1977.00,15.24,3.68
5441,2024-12-04 18:46:09,1977.35,15.24,3.68
5442,2024-12-04 18:46:09,1977.70,15.24,3.68
5443,2024-12-04 18:46:10,1978.04,15.24,3.68
5444,2024-12-04 18:46:10,1978.39,15.24,3.68
5445,2024-12-04 18:46:10,1978.70,15.24,3.68
5446,2024-12-04 18:46:11,1979.04,15.24,3.68
5447,2024-12-04 18:46:11,1979.38,15.24,3.68
5448,2024-12-04 18:46:12,1979.74,15.24,3.68
5449,2024-12-04 18:46:12,1980.09,15.24,3.68
5450,2024-12-04 18:46:12,1980.45,15.24,3.68
5451,2024-12-04 18:46:13,1980.81,15.24,3.68
5452,2024-12-04 18:46:13,1981.17,15.24,3.68
5453,2024-12-04 18:46:13,1981.54,15.24,3.68
5454,2024-12-04 18:46:14,1981.90,15.24,3.68
5455,2024-12-04 18:46:14,1982.25,15.24,3.68
5456,2024-12-04 18:46:14,1982.61,15.24,3.68
5457,2024-12-04 18:46:15,1982.95,15.24,3.68
5458,2024-12-04 18:46:15,1983.31,15.24,3.68
5459,2024-12-04 18:46:15,1983.66,15.24,3.68
5460,2024-12-04 18:46:16,1984.02,15.24,3.68
5461,2024-12-04 18:46:16,1984.38,15.24,3.68
5462,2024-12-04 18:46:17,1984.74,15.24,3.68
5463,2024-12-04 18:46:17,1985.08,15.24,3.68
5464,2024-12-04 18:46:17,1985.42,15.24,3.68
5465,2024-12-04 18:46:18,1985.78,15.24,3.68
5466,2024-12-04 18:46:18,1986.13,15.24,3.68
5467,2024-12-04 18:46:18,1986.48,15.24,3.68
5468,2024-12-04 18:46:19,1986.84,15.24,3.68
5469,2024-12-04 18:46:19,1987.20,15.24,3.68
5470,2024-12-04 18:46:19,1987.56,15.24,3.68
5471,2024-12-04 18:46:20,1987.91,15.24,3.68
5472,2024-12-04 18:46:20,1988.26,15.24,3.68
5473,2024-12-04 18:46:20,1988.61,15.24,3.68
5474,2024-12-04 18:46:21,1988.97,15.24,3.68
5475,2024-12-04 18:46:21,1989.34,15.24,3.68
5476,2024-12-04 18:46:21,1989.69,15.24,3.68
5477,2024-12-04 18:46:22,1990.05,15.24,3.68
5478,2024-12-04 18:46:22,1990.39,15.24,3.68
5479,2024-12-04 18:46:23,1990.75,15.24,3.68
5480,2024-12-04 18:46:23,1991.09,15.24,3.68
5481,2024-12-04 18:46:23,1991.43,15.24,3.68
5482,2024-12-04 18:46:24,1991.78,15.24,3.68
5483,2024-12-04 18:46:24,1992.12,15.24,3.68
5484,2024-12-04 18:46:24,1992.47,15.24,3.68
5485,2024-12-04 18:46:25,1992.80,15.24,3.68
5486,2024-12-04 18:46:25,1993.14,15.24,3.68
5487,2024-12-04 18:46:25,1993.50,15.24,3.68
5488,2024-12-04 18:46:26,1993.86,15.24,3.68
5489,2024-12-04 18:46:26,1994.22,15.24,3.68
5490,2024-12-04 18:46:26,1994.57,15.24,3.68
5491,2024-12-04 18:46:27,1994.92,15.24,3.68
5492,2024-12-04 18:46:27,1995.27,15.24,3.68
5493,2024-12-04 18:46:27,1995.62,15.24,3.68
5494,2024-12-04 18:46:28,1995.97,15.24,3.68
5495,2024-12-04 18:46:28,1996.32,15.24,3.68
5496,2024-12-04 18:46:28,1996.68,15.24,3.68
5497,2024-12-04 18:46:29,1997.03,15.24,3.68
5498,2024-12-04 18:46:29,1997.38,15.24,3.68
5499,2024-12-04 18:46:30,1997.75,15.24,3.68
5500,2024-12-04 18:46:30,1998.11,15.24,3.68
5501,2024-12-04 18:46:30,1998.46,15.24,3.68
5502,2024-12-04 18:46:31,1998.82,15.24,3.68
5503,2024-12-04 18:46:31,1999.17,15.24,3.68
5504,2024-12-04 18:46:31,1999.54,15.24,3.68
5505,2024-12-04 18:46:32,1999.89,15.24,3.68
5506,2024-12-04 18:46:32,2000.25,15.24,3.68
5507,2024-12-04 18:46:32,2000.59,15.24,3.68
5508,2024-12-04 18:46:33,2000.94,15.24,3.68
5509,2024-12-04 18:46:33,2001.29,15.24,3.68
5510,2024-12-04 18:46:33,2001.63,15.24,3.68
5511,2024-12-04 18:46:34,2001.97,15.24,3.68
5512,2024-12-04 18:46:34,2002.32,15.24,3.68
5513,2024-12-04 18:46:34,2002.67,15.24,3.68
5514,2024-12-04 18:46:35,2003.02,15.24,3.68
5515,2024-12-04 18:46:35,2003.37,15.24,3.68
5516,2024-12-04 18:46:36,2003.73,15.24,3.68
5517,2024-12-04 18:46:36,2004.08,15.24,3.68
5518,2024-12-04 18:46:36,2004.41,15.24,3.68
5519,2024-12-04 18:46:37,2004.77,15.24,3.68
5520,2024-12-04 18:46:37,2005.12,15.24,3.68
5521,2024-12-04 18:46:37,2005.48,15.24,3.68
5522,2024-12-04 18:46:38,2005.83,15.24,3.68
5523,2024-12-04 18:46:38,2006.18,15.24,3.68
5524,2024-12-04 18:46:38,2006.53,15.24,3.68
5525,2024-12-04 18:46:39,2006.86,15.24,3.68
5526,2024-12-04 18:46:39,2007.21,15.24,3.68
5527,2024-12-04 18:46:39,2007.56,15.24,3.68
5528,2024-12-04 18:46:40,2007.91,15.24,3.68
5529,2024-12-04 18:46:40,2008.28,15.24,3.68
5530,2024-12-04 18:46:40,2008.63,15.24,3.68
5531,2024-12-04 18:46:41,2008.98,15.24,3.68
5532,2024-12-04 18:46:41,2009.32,15.24,3.68
5533,2024-12-04 18:46:41,2009.67,15.24,3.68
5534,2024-12-04 18:46:42,2010.01,15.24,3.68
5535,2024-12-04 18:46:42,2010.33,15.24,3.68
5536,2024-12-04 18:46:42,2010.68,15.24,3.68
5537,2024-12-04 18:46:43,2011.04,15.24,3.68
5538,2024-12-04 18:46:43,2011.40,15.24,3.68
5539,2024-12-04 18:46:44,2011.75,15.24,3.68
5540,2024-12-04 18:46:44,2012.10,15.24,3.68
5541,2024-12-04 18:46:44,2012.45,15.24,3.68
5542,2024-12-04 18:46:45,2012.80,15.24,3.68
5543,2024-12-04 18:46:45,2013.16,15.24,3.68
5544,2024-12-04 18:46:45,2013.52,15.24,3.68
5545,2024-12-04 18:46:46,2013.87,15.24,3.68
5546,2024-12-04 18:46:46,2014.21,15.24,3.68
5547,2024-12-04 18:46:46,2014.56,15.24,3.68
5548,2024-12-04 18:46:47,2014.92,15.24,3.68
5549,2024-12-04 18:46:47,2015.27,15.24,3.68
5550,2024-12-04 18:46:47,2015.61,15.24,3.68
5551,2024-12-04 18:46:48,2015.97,15.24,3.68
5552,2024-12-04 18:46:48,2016.32,15.24,3.68
5553,2024-12-04 18:46:48,2016.67,15.24,3.68
5554,2024-12-04 18:46:49,2017.03,15.24,3.68
5555,2024-12-04 18:46:49,2017.38,15.24,3.68
5556,2024-12-04 18:46:50,2017.74,15.24,3.68
5557,2024-12-04 18:46:50,2018.09,15.24,3.68
5558,2024-12-04 18:46:50,2018.43,15.24,3.68
5559,2024-12-04 18:46:51,2018.80,15.24,3.68
5560,2024-12-04 18:46:51,2019.15,15.24,3.68
5561,2024-12-04 18:46:51,2019.51,15.24,3.68
5562,2024-12-04 18:46:52,2019.87,15.24,3.68
5563,2024-12-04 18:46:52,2020.22,15.24,3.68
5564,2024-12-04 18:46:52,2020.57,15.24,3.68
5565,2024-12-04 18:46:53,2020.93,15.24,3.68
5566,2024-12-04 18:46:53,2021.29,15.24,3.68
5567,2024-12-04 18:46:53,2021.62,15.24,3.68
5568,2024-12-04 18:46:54,2021.98,15.24,3.68
5569,2024-12-04 18:46:54,2022.33,15.24,3.68
5570,2024-12-04 18:46:54,2022.70,15.24,3.68
5571,2024-12-04 18:46:55,2023.05,15.24,3.68
5572,2024-12-04 18:46:55,2023.40,15.24,3.68
5573,2024-12-04 18:46:56,2023.75,15.24,3.68
5574,2024-12-04 18:46:56,2024.08,15.24,3.68
5575,2024-12-04 18:46:56,2024.42,15.24,3.68
5576,2024-12-04 18:46:57,2024.77,15.24,3.68
5577,2024-12-04 18:46:57,2025.12,15.24,3.68
5578,2024-12-04 18:46:57,2025.47,15.24,3.68
5579,2024-12-04 18:46:58,2025.82,15.24,3.68
5580,2024-12-04 18:46:58,2026.17,15.24,3.68
5581,2024-12-04 18:46:58,2026.51,15.24,3.68
5582,2024-12-04 18:46:59,2026.85,15.24,3.68
5583,2024-12-04 18:46:59,2027.19,15.24,3.68
5584,2024-12-04 18:46:59,2027.54,15.24,3.68
5585,2024-12-04 18:47:00,2027.90,15.24,3.68
5586,2024-12-04 18:47:00,2028.26,15.24,3.68
5587,2024-12-04 18:47:00,2028.61,15.24,3.68
5588,2024-12-04 18:47:01,2028.97,15.24,3.68
5589,2024-12-04 18:47:01,2029.33,15.24,3.68
5590,2024-12-04 18:47:01,2029.69,15.24,3.68
5591,2024-12-04 18:47:02,2030.05,15.24,3.68
5592,2024-12-04 18:47:02,2030.41,15.24,3.68
5593,2024-12-04 18:47:03,2030.76,15.24,3.68
5594,2024-12-04 18:47:03,2031.11,15.24,3.68
5595,2024-12-04 18:47:03,2031.48,15.24,3.68
5596,2024-12-04 18:47:04,2031.84,15.24,3.68
5597,2024-12-04 18:47:04,2032.18,15.24,3.68
5598,2024-12-04 18:47:04,2032.52,15.24,3.68
5599,2024-12-04 18:47:05,2032.85,15.24,3.68
5600,2024-12-04 18:47:05,2033.19,15.24,3.68
5601,2024-12-04 18:47:05,2033.53,15.24,3.68
5602,2024-12-04 18:47:06,2033.88,15.24,3.68
5603,2024-12-04 18:47:06,2034.24,15.24,3.68
5604,2024-12-04 18:47:06,2034.60,15.24,3.68
5605,2024-12-04 18:47:07,2034.96,15.24,3.68
5606,2024-12-04 18:47:07,2035.30,15.24,3.68
5607,2024-12-04 18:47:07,2035.65,15.24,3.68
5608,2024-12-04 18:47:08,2035.99,15.24,3.68
5609,2024-12-04 18:47:08,2036.35,15.24,3.68
5610,2024-12-04 18:47:08,2036.70,15.24,3.68
5611,2024-12-04 18:47:09,2037.04,15.24,3.68
5612,2024-12-04 18:47:09,2037.39,15.24,3.68
5613,2024-12-04 18:47:10,2037.74,15.24,3.68
5614,2024-12-04 18:47:10,2038.11,15.24,3.68
5615,2024-12-04 18:47:10,2038.47,15.24,3.68
5616,2024-12-04 18:47:11,2038.80,15.24,3.68
5617,2024-12-04 18:47:11,2039.16,15.24,3.68
5618,2024-12-04 18:47:11,2039.52,15.24,3.68
5619,2024-12-04 18:47:12,2039.87,15.24,3.68
5620,2024-12-04 18:47:12,2040.21,15.24,3.68
5621,2024-12-04 18:47:12,2040.53,15.24,3.68
5622,2024-12-04 18:47:13,2040.87,15.24,3.68
5623,2024-12-04 18:47:13,2041.24,15.24,3.68
5624,2024-12-04 18:47:13,2041.59,15.24,3.68
5625,2024-12-04 18:47:14,2041.92,15.24,3.68
5626,2024-12-04 18:47:14,2042.28,15.24,3.68
5627,2024-12-04 18:47:14,2042.64,15.24,3.68
5628,2024-12-04 18:47:15,2043.01,15.24,3.68
5629,2024-12-04 18:47:15,2043.36,15.24,3.68
5630,2024-12-04 18:47:15,2043.69,15.24,3.68
5631,2024-12-04 18:47:16,2044.04,15.24,3.68
5632,2024-12-04 18:47:16,2044.38,15.24,3.68
5633,2024-12-04 18:47:17,2044.73,15.24,3.68
5634,2024-12-04 18:47:17,2045.09,15.24,3.68
5635,2024-12-04 18:47:17,2045.44,15.24,3.68
5636,2024-12-04 18:47:18,2045.78,15.24,3.68
5637,2024-12-04 18:47:18,2046.12,15.24,3.68
5638,2024-12-04 18:47:18,2046.48,15.24,3.68
5639,2024-12-04 18:47:19,2046.84,15.24,3.68
5640,2024-12-04 18:47:19,2047.20,15.24,3.68
5641,2024-12-04 18:47:19,2047.53,15.24,3.68
5642,2024-12-04 18:47:20,2047.87,15.24,3.68
5643,2024-12-04 18:47:20,2048.23,15.24,3.68
5644,2024-12-04 18:47:20,2048.58,15.24,3.68
5645,2024-12-04 18:47:21,2048.92,15.24,3.68
5646,2024-12-04 18:47:21,2049.27,15.24,3.68
5647,2024-12-04 18:47:21,2049.62,15.24,3.68
5648,2024-12-04 18:47:22,2049.98,15.24,3.68
5649,2024-12-04 18:47:22,2050.34,15.24,3.68
5650,2024-12-04 18:47:22,2050.69,15.24,3.68
5651,2024-12-04 18:47:23,2051.05,15.24,3.68
5652,2024-12-04 18:47:23,2051.41,15.24,3.68
5653,2024-12-04 18:47:24,2051.75,15.24,3.68
5654,2024-12-04 18:47:24,2052.09,15.24,3.68
5655,2024-12-04 18:47:24,2052.44,15.24,3.68
5656,2024-12-04 18:47:25,2052.79,15.24,3.68
5657,2024-12-04 18:47:25,2053.14,15.24,3.68
5658,2024-12-04 18:47:25,2053.48,15.24,3.68
5659,2024-12-04 18:47:26,2053.81,15.24,3.68
5660,2024-12-04 18:47:26,2054.16,15.24,3.68
5661,2024-12-04 18:47:26,2054.51,15.24,3.68
5662,2024-12-04 18:47:27,2054.87,15.24,3.68
5663,2024-12-04 18:47:27,2055.22,15.24,3.68
5664,2024-12-04 18:47:27,2055.58,15.24,3.68
5665,2024-12-04 18:47:28,2055.94,15.24,3.68
5666,2024-12-04 18:47:28,2056.30,15.24,3.68
5667,2024-12-04 18:47:28,2056.66,15.24,3.68
5668,2024-12-04 18:47:29,2057.02,15.24,3.68
5669,2024-12-04 18:47:29,2057.36,15.24,3.68
5670,2024-12-04 18:47:29,2057.70,15.24,3.68
5671,2024-12-04 18:47:30,2058.05,15.24,3.68
5672,2024-12-04 18:47:30,2058.42,15.24,3.68
5673,2024-12-04 18:47:31,2058.78,15.24,3.68
5674,2024-12-04 18:47:31,2059.14,15.24,3.68
5675,2024-12-04 18:47:31,2059.51,15.24,3.68
5676,2024-12-04 18:47:32,2059.87,15.24,3.68
5677,2024-12-04 18:47:32,2060.22,15.24,3.68
5678,2024-12-04 18:47:32,2060.58,15.24,3.68
5679,2024-12-04 18:47:33,2060.94,15.24,3.68
5680,2024-12-04 18:47:33,2061.30,15.24,3.68
5681,2024-12-04 18:47:33,2061.66,15.24,3.68
5682,2024-12-04 18:47:34,2062.02,15.24,3.68
5683,2024-12-04 18:47:34,2062.37,15.24,3.68
5684,2024-12-04 18:47:34,2062.72,15.24,3.68
5685,2024-12-04 18:47:35,2063.07,15.24,3.68
5686,2024-12-04 18:47:35,2063.42,15.24,3.68
5687,2024-12-04 18:47:36,2063.76,15.24,3.68
5688,2024-12-04 18:47:36,2064.11,15.24,3.68
5689,2024-12-04 18:47:36,2064.44,15.24,3.68
5690,2024-12-04 18:47:37,2064.78,15.24,3.68
5691,2024-12-04 18:47:37,2065.09,15.24,3.68
5692,2024-12-04 18:47:37,2065.41,15.24,3.68
5693,2024-12-04 18:47:38,2065.78,15.24,3.68
5694,2024-12-04 18:47:38,2066.11,15.24,3.68
5695,2024-12-04 18:47:38,2066.44,15.24,3.68
5696,2024-12-04 18:47:39,2066.78,15.24,3.68
5697,2024-12-04 18:47:39,2067.14,15.24,3.68
5698,2024-12-04 18:47:39,2067.51,15.24,3.68
5699,2024-12-04 18:47:40,2067.86,15.24,3.68
5700,2024-12-04 18:47:40,2068.21,15.24,3.68
5701,2024-12-04 18:47:40,2068.55,15.24,3.68
5702,2024-12-04 18:47:41,2068.90,15.24,3.68
5703,2024-12-04 18:47:41,2069.24,15.24,3.68
5704,2024-12-04 18:47:41,2069.59,15.24,3.68
5705,2024-12-04 18:47:42,2069.95,15.24,3.68
5706,2024-12-04 18:47:42,2070.30,15.24,3.68
5707,2024-12-04 18:47:42,2070.65,15.24,3.68
5708,2024-12-04 18:47:43,2071.00,15.24,3.68
5709,2024-12-04 18:47:43,2071.36,15.24,3.68
5710,2024-12-04 18:47:43,2071.73,15.24,3.68
5711,2024-12-04 18:47:44,2072.09,15.24,3.68
5712,2024-12-04 18:47:44,2072.45,15.24,3.68
5713,2024-12-04 18:47:45,2072.80,15.24,3.68
5714,2024-12-04 18:47:45,2073.11,15.24,3.68
5715,2024-12-04 18:47:45,2073.46,15.24,3.68
5716,2024-12-04 18:47:46,2073.81,15.24,3.68
5717,2024-12-04 18:47:46,2074.18,15.24,3.68
5718,2024-12-04 18:47:46,2074.54,15.24,3.68
5719,2024-12-04 18:47:47,2074.89,15.24,3.68
5720,2024-12-04 18:47:47,2075.26,15.24,3.68
5721,2024-12-04 18:47:47,2075.61,15.24,3.68
5722,2024-12-04 18:47:48,2075.96,15.24,3.68
5723,2024-12-04 18:47:48,2076.31,15.24,3.68
5724,2024-12-04 18:47:48,2076.67,15.24,3.68
5725,2024-12-04 18:47:49,2077.01,15.24,3.68
5726,2024-12-04 18:47:49,2077.36,15.24,3.68
5727,2024-12-04 18:47:49,2077.70,15.24,3.68
5728,2024-12-04 18:47:50,2078.06,15.24,3.68
5729,2024-12-04 18:47:50,2078.42,15.24,3.68
5730,2024-12-04 18:47:51,2078.77,15.24,3.68
5731,2024-12-04 18:47:51,2079.13,15.24,3.68
5732,2024-12-04 18:47:51,2079.50,15.24,3.68
5733,2024-12-04 18:47:52,2079.85,15.24,3.68
5734,2024-12-04 18:47:52,2080.21,15.24,3.68
5735,2024-12-04 18:47:52,2080.54,15.24,3.68
5736,2024-12-04 18:47:53,2080.88,15.24,3.68
5737,2024-12-04 18:47:53,2081.23,15.24,3.68
5738,2024-12-04 18:47:53,2081.59,15.24,3.68
5739,2024-12-04 18:47:54,2081.95,15.24,3.68
5740,2024-12-04 18:47:54,2082.30,15.24,3.68
5741,2024-12-04 18:47:54,2082.66,15.24,3.68
5742,2024-12-04 18:47:55,2083.01,15.24,3.68
5743,2024-12-04 18:47:55,2083.35,15.24,3.68
5744,2024-12-04 18:47:55,2083.70,15.24,3.68
5745,2024-12-04 18:47:56,2084.04,15.24,3.68
5746,2024-12-04 18:47:56,2084.38,15.24,3.68
5747,2024-12-04 18:47:56,2084.72,15.24,3.68
5748,2024-12-04 18:47:57,2085.06,15.24,3.68
5749,2024-12-04 18:47:57,2085.42,15.24,3.68
5750,2024-12-04 18:47:58,2085.77,15.24,3.68
5751,2024-12-04 18:47:58,2086.13,15.24,3.68
5752,2024-12-04 18:47:58,2086.49,15.24,3.68
5753,2024-12-04 18:47:59,2086.83,15.24,3.68
5754,2024-12-04 18:47:59,2087.19,15.24,3.68
5755,2024-12-04 18:47:59,2087.54,15.24,3.68
5756,2024-12-04 18:48:00,2087.89,15.24,3.68
5757,2024-12-04 18:48:00,2088.22,15.24,3.68
5758,2024-12-04 18:48:00,2088.57,15.24,3.68
5759,2024-12-04 18:48:01,2088.93,15.24,3.68
5760,2024-12-04 18:48:01,2089.28,15.24,3.68
5761,2024-12-04 18:48:01,2089.64,15.24,3.68
5762,2024-12-04 18:48:02,2090.00,15.24,3.68
5763,2024-12-04 18:48:02,2090.36,15.24,3.68
5764,2024-12-04 18:48:02,2090.69,15.24,3.68
5765,2024-12-04 18:48:03,2091.03,15.24,3.68
5766,2024-12-04 18:48:03,2091.38,15.24,3.68
5767,2024-12-04 18:48:04,2091.73,15.24,3.68
5768,2024-12-04 18:48:04,2092.08,15.24,3.68
5769,2024-12-04 18:48:04,2092.42,15.24,3.68
5770,2024-12-04 18:48:05,2092.77,15.24,3.68
5771,2024-12-04 18:48:05,2093.12,15.24,3.68
5772,2024-12-04 18:48:05,2093.47,15.24,3.68
5773,2024-12-04 18:48:06,2093.83,15.24,3.68
5774,2024-12-04 18:48:06,2094.19,15.24,3.68
5775,2024-12-04 18:48:06,2094.55,15.24,3.68
5776,2024-12-04 18:48:07,2094.91,15.24,3.68
5777,2024-12-04 18:48:07,2095.26,15.24,3.68
5778,2024-12-04 18:48:07,2095.62,15.24,3.68
5779,2024-12-04 18:48:08,2095.98,15.24,3.68
5780,2024-12-04 18:48:08,2096.33,15.24,3.68
5781,2024-12-04 18:48:08,2096.69,15.24,3.68
5782,2024-12-04 18:48:09,2097.06,15.24,3.68
5783,2024-12-04 18:48:09,2097.41,15.24,3.68
5784,2024-12-04 18:48:10,2097.77,15.24,3.68
5785,2024-12-04 18:48:10,2098.13,15.24,3.68
5786,2024-12-04 18:48:10,2098.47,15.24,3.68
5787,2024-12-04 18:48:11,2098.82,15.24,3.68
5788,2024-12-04 18:48:11,2099.17,15.24,3.68
5789,2024-12-04 18:48:11,2099.53,15.24,3.68
5790,2024-12-04 18:48:12,2099.86,15.24,3.68
5791,2024-12-04 18:48:12,2100.19,15.24,3.68
5792,2024-12-04 18:48:12,2100.53,15.24,3.68
5793,2024-12-04 18:48:13,2100.88,15.24,3.68
5794,2024-12-04 18:48:13,2101.24,15.24,3.68
5795,2024-12-04 18:48:13,2101.59,15.24,3.68
5796,2024-12-04 18:48:14,2101.93,15.24,3.68
5797,2024-12-04 18:48:14,2102.28,15.24,3.68
5798,2024-12-04 18:48:14,2102.63,15.24,3.68
5799,2024-12-04 18:48:15,2102.99,15.24,3.68
5800,2024-12-04 18:48:15,2103.34,15.24,3.68
5801,2024-12-04 18:48:15,2103.69,15.24,3.68
5802,2024-12-04 18:48:16,2104.03,15.24,3.68
5803,2024-12-04 18:48:16,2104.37,15.24,3.68
5804,2024-12-04 18:48:16,2104.72,15.24,3.68
5805,2024-12-04 18:48:17,2105.07,15.24,3.68
5806,2024-12-04 18:48:17,2105.42,15.24,3.68
5807,2024-12-04 18:48:18,2105.74,15.24,3.68
5808,2024-12-04 18:48:18,2106.07,15.24,3.68
5809,2024-12-04 18:48:18,2106.41,15.24,3.68
5810,2024-12-04 18:48:19,2106.76,15.24,3.68
5811,2024-12-04 18:48:19,2107.10,15.24,3.68
5812,2024-12-04 18:48:19,2107.45,15.24,3.68
5813,2024-12-04 18:48:20,2107.80,15.24,3.68
5814,2024-12-04 18:48:20,2108.13,15.24,3.68
5815,2024-12-04 18:48:20,2108.48,15.24,3.68
5816,2024-12-04 18:48:21,2108.84,15.24,3.68
5817,2024-12-04 18:48:21,2109.18,15.24,3.68
5818,2024-12-04 18:48:21,2109.54,15.24,3.68
5819,2024-12-04 18:48:22,2109.90,15.24,3.68
5820,2024-12-04 18:48:22,2110.24,15.24,3.68
5821,2024-12-04 18:48:22,2110.60,15.24,3.68
5822,2024-12-04 18:48:23,2110.96,15.24,3.68
5823,2024-12-04 18:48:23,2111.31,15.24,3.68
5824,2024-12-04 18:48:23,2111.67,15.24,3.68
5825,2024-12-04 18:48:24,2112.03,15.24,3.68
5826,2024-12-04 18:48:24,2112.39,15.24,3.68
5827,2024-12-04 18:48:25,2112.74,15.24,3.68
5828,2024-12-04 18:48:25,2113.10,15.24,3.68
5829,2024-12-04 18:48:25,2113.44,15.24,3.68
5830,2024-12-04 18:48:26,2113.78,15.24,3.68
5831,2024-12-04 18:48:26,2114.12,15.24,3.68
5832,2024-12-04 18:48:26,2114.47,15.24,3.68
5833,2024-12-04 18:48:27,2114.82,15.24,3.68
5834,2024-12-04 18:48:27,2115.16,15.24,3.68
5835,2024-12-04 18:48:27,2115.51,15.24,3.68
5836,2024-12-04 18:48:28,2115.88,15.24,3.68
5837,2024-12-04 18:48:28,2116.24,15.24,3.68
5838,2024-12-04 18:48:28,2116.59,15.24,3.68
5839,2024-12-04 18:48:29,2116.93,15.24,3.68
5840,2024-12-04 18:48:29,2117.28,15.24,3.68
5841,2024-12-04 18:48:29,2117.63,15.24,3.68
5842,2024-12-04 18:48:30,2117.99,15.24,3.68
5843,2024-12-04 18:48:30,2118.34,15.24,3.68
5844,2024-12-04 18:48:30,2118.70,15.24,3.68
5845,2024-12-04 18:48:31,2119.06,15.24,3.68
5846,2024-12-04 18:48:31,2119.42,15.24,3.68
5847,2024-12-04 18:48:32,2119.77,15.24,3.68
5848,2024-12-04 18:48:32,2120.13,15.24,3.68
5849,2024-12-04 18:48:32,2120.48,15.24,3.68
5850,2024-12-04 18:48:33,2120.84,15.24,3.68
5851,2024-12-04 18:48:33,2121.17,15.24,3.68
5852,2024-12-04 18:48:33,2121.51,15.24,3.68
5853,2024-12-04 18:48:34,2121.87,15.24,3.68
5854,2024-12-04 18:48:34,2122.23,15.24,3.68
5855,2024-12-04 18:48:34,2122.58,15.24,3.68
5856,2024-12-04 18:48:35,2122.93,15.24,3.68
5857,2024-12-04 18:48:35,2123.29,15.24,3.68
5858,2024-12-04 18:48:35,2123.64,15.24,3.68
5859,2024-12-04 18:48:36,2124.01,15.24,3.68
5860,2024-12-04 18:48:36,2124.36,15.24,3.68
5861,2024-12-04 18:48:36,2124.71,15.24,3.68
5862,2024-12-04 18:48:37,2125.06,15.24,3.68
5863,2024-12-04 18:48:37,2125.41,15.24,3.68
5864,2024-12-04 18:48:38,2125.77,15.24,3.68
5865,2024-12-04 18:48:38,2126.13,15.24,3.68
5866,2024-12-04 18:48:38,2126.50,15.24,3.68
5867,2024-12-04 18:48:39,2126.84,15.24,3.68
5868,2024-12-04 18:48:39,2127.20,15.24,3.68
5869,2024-12-04 18:48:39,2127.56,15.24,3.68
5870,2024-12-04 18:48:40,2127.91,15.24,3.68
5871,2024-12-04 18:48:40,2128.26,15.24,3.68
5872,2024-12-04 18:48:40,2128.63,15.24,3.68
5873,2024-12-04 18:48:41,2128.99,15.24,3.68
5874,2024-12-04 18:48:41,2129.35,15.24,3.68
5875,2024-12-04 18:48:41,2129.72,15.24,3.68
5876,2024-12-04 18:48:42,2130.08,15.24,3.68
5877,2024-12-04 18:48:42,2130.43,15.24,3.68
5878,2024-12-04 18:48:43,2130.79,15.24,3.68
5879,2024-12-04 18:48:43,2131.13,15.24,3.68
5880,2024-12-04 18:48:43,2131.48,15.24,3.68
5881,2024-12-04 18:48:44,2131.83,15.24,3.68
5882,2024-12-04 18:48:44,2132.18,15.24,3.68
5883,2024-12-04 18:48:44,2132.53,15.24,3.68
5884,2024-12-04 18:48:45,2132.88,15.24,3.68
5885,2024-12-04 18:48:45,2133.22,15.24,3.68
5886,2024-12-04 18:48:45,2133.57,15.24,3.68
5887,2024-12-04 18:48:46,2133.92,15.24,3.68
5888,2024-12-04 18:48:46,2134.28,15.24,3.68
5889,2024-12-04 18:48:46,2134.64,15.24,3.68
5890,2024-12-04 18:48:47,2134.99,15.24,3.68
5891,2024-12-04 18:48:47,2135.34,15.24,3.68
5892,2024-12-04 18:48:47,2135.68,15.24,3.68
5893,2024-12-04 18:48:48,2136.05,15.24,3.68
5894,2024-12-04 18:48:48,2136.39,15.24,3.68
5895,2024-12-04 18:48:49,2136.75,15.24,3.68
5896,2024-12-04 18:48:49,2137.11,15.24,3.68
5897,2024-12-04 18:48:49,2137.46,15.24,3.68
5898,2024-12-04 18:48:50,2137.82,15.24,3.68
5899,2024-12-04 18:48:50,2138.18,15.24,3.68
5900,2024-12-04 18:48:50,2138.54,15.24,3.68
5901,2024-12-04 18:48:51,2138.90,15.24,3.68
5902,2024-12-04 18:48:51,2139.27,15.24,3.68
5903,2024-12-04 18:48:51,2139.63,15.24,3.68
5904,2024-12-04 18:48:52,2139.99,15.24,3.68
5905,2024-12-04 18:48:52,2140.34,15.24,3.68
5906,2024-12-04 18:48:52,2140.71,15.24,3.68
5907,2024-12-04 18:48:53,2141.06,15.24,3.68
5908,2024-12-04 18:48:53,2141.42,15.24,3.68
5909,2024-12-04 18:48:54,2141.79,15.24,3.68
5910,2024-12-04 18:48:54,2142.14,15.24,3.68
5911,2024-12-04 18:48:54,2142.50,15.24,3.68
5912,2024-12-04 18:48:55,2142.86,15.24,3.68
5913,2024-12-04 18:48:55,2143.21,15.24,3.68
5914,2024-12-04 18:48:55,2143.53,15.24,3.68
5915,2024-12-04 18:48:56,2143.85,15.24,3.68
5916,2024-12-04 18:48:56,2144.19,15.24,3.68
5917,2024-12-04 18:48:56,2144.53,15.24,3.68
5918,2024-12-04 18:48:57,2144.89,15.24,3.68
5919,2024-12-04 18:48:57,2145.24,15.24,3.68
5920,2024-12-04 18:48:57,2145.59,15.24,3.68
5921,2024-12-04 18:48:58,2145.95,15.24,3.68
5922,2024-12-04 18:48:58,2146.28,15.24,3.68
5923,2024-12-04 18:48:58,2146.62,15.24,3.68
5924,2024-12-04 18:48:59,2146.98,15.24,3.68
5925,2024-12-04 18:48:59,2147.34,15.24,3.68
5926,2024-12-04 18:48:59,2147.70,15.24,3.68
5927,2024-12-04 18:49:00,2148.07,15.24,3.68
5928,2024-12-04 18:49:00,2148.43,15.24,3.68
5929,2024-12-04 18:49:01,2148.79,15.24,3.68
5930,2024-12-04 18:49:01,2149.14,15.24,3.68
5931,2024-12-04 18:49:01,2149.48,15.24,3.68
5932,2024-12-04 18:49:02,2149.82,15.24,3.68
5933,2024-12-04 18:49:02,2150.17,15.24,3.68
5934,2024-12-04 18:49:02,2150.51,15.24,3.68
5935,2024-12-04 18:49:03,2150.85,15.24,3.68
5936,2024-12-04 18:49:03,2151.19,15.24,3.68
5937,2024-12-04 18:49:03,2151.56,15.24,3.68
5938,2024-12-04 18:49:04,2151.92,15.24,3.68
5939,2024-12-04 18:49:04,2152.27,15.24,3.68
5940,2024-12-04 18:49:04,2152.62,15.24,3.68
5941,2024-12-04 18:49:05,2152.97,15.24,3.68
5942,2024-12-04 18:49:05,2153.32,15.24,3.68
5943,2024-12-04 18:49:05,2153.66,15.24,3.68
5944,2024-12-04 18:49:06,2154.00,15.24,3.68
5945,2024-12-04 18:49:06,2154.36,15.24,3.68
5946,2024-12-04 18:49:06,2154.71,15.24,3.68
5947,2024-12-04 18:49:07,2155.07,15.24,3.68
5948,2024-12-04 18:49:07,2155.43,15.24,3.68
5949,2024-12-04 18:49:08,2155.77,15.24,3.68
5950,2024-12-04 18:49:08,2156.10,15.24,3.68
5951,2024-12-04 18:49:08,2156.44,15.24,3.68
5952,2024-12-04 18:49:09,2156.81,15.24,3.68
5953,2024-12-04 18:49:09,2157.15,15.24,3.68
5954,2024-12-04 18:49:09,2157.51,15.24,3.68
5955,2024-12-04 18:49:10,2157.86,15.24,3.68
5956,2024-12-04 18:49:10,2158.21,15.24,3.68
5957,2024-12-04 18:49:10,2158.54,15.24,3.68
5958,2024-12-04 18:49:11,2158.88,15.24,3.68
5959,2024-12-04 18:49:11,2159.21,15.24,3.68
5960,2024-12-04 18:49:11,2159.55,15.24,3.68
5961,2024-12-04 18:49:12,2159.90,15.24,3.68
5962,2024-12-04 18:49:12,2160.26,15.24,3.68
5963,2024-12-04 18:49:12,2160.61,15.24,3.68
5964,2024-12-04 18:49:13,2160.95,15.24,3.68
5965,2024-12-04 18:49:13,2161.30,15.24,3.68
5966,2024-12-04 18:49:13,2161.64,15.24,3.68
5967,2024-12-04 18:49:14,2161.98,15.24,3.68
5968,2024-12-04 18:49:14,2162.33,15.24,3.68
5969,2024-12-04 18:49:14,2162.69,15.24,3.68
5970,2024-12-04 18:49:15,2163.05,15.24,3.68
5971,2024-12-04 18:49:15,2163.40,15.24,3.68
5972,2024-12-04 18:49:16,2163.75,15.24,3.68
5973,2024-12-04 18:49:16,2164.10,15.24,3.68
5974,2024-12-04 18:49:16,2164.44,15.24,3.68
5975,2024-12-04 18:49:17,2164.78,15.24,3.68
5976,2024-12-04 18:49:17,2165.12,15.24,3.68
5977,2024-12-04 18:49:17,2165.47,15.24,3.68
5978,2024-12-04 18:49:18,2165.84,15.24,3.68
5979,2024-12-04 18:49:18,2166.18,15.24,3.68
5980,2024-12-04 18:49:18,2166.52,15.24,3.68
5981,2024-12-04 18:49:19,2166.87,15.24,3.68
5982,2024-12-04 18:49:19,2167.23,15.24,3.68
5983,2024-12-04 18:49:19,2167.59,15.24,3.68
5984,2024-12-04 18:49:20,2167.95,15.24,3.68
5985,2024-12-04 18:49:20,2168.30,15.24,3.68
5986,2024-12-04 18:49:20,2168.64,15.24,3.68
5987,2024-12-04 18:49:21,2169.00,15.24,3.68
5988,2024-12-04 18:49:21,2169.35,15.24,3.68
5989,2024-12-04 18:49:21,2169.71,15.24,3.68
5990,2024-12-04 18:49:22,2170.07,15.24,3.68
5991,2024-12-04 18:49:22,2170.43,15.24,3.68
5992,2024-12-04 18:49:23,2170.78,15.24,3.68
5993,2024-12-04 18:49:23,2171.13,15.24,3.68
5994,2024-12-04 18:49:23,2171.47,15.24,3.68
5995,2024-12-04 18:49:24,2171.82,15.24,3.68
5996,2024-12-04 18:49:24,2172.18,15.24,3.68
5997,2024-12-04 18:49:24,2172.53,15.24,3.68
5998,2024-12-04 18:49:25,2172.89,15.24,3.68
5999,2024-12-04 18:49:25,2173.24,15.24,3.68
6000,2024-12-04 18:49:25,2173.59,15.24,3.68
6001,2024-12-04 18:49:26,2173.94,15.24,3.68
6002,2024-12-04 18:49:26,2174.30,15.24,3.68
6003,2024-12-04 18:49:26,2174.66,15.24,3.68
6004,2024-12-04 18:49:27,2175.02,15.24,3.68
6005,2024-12-04 18:49:27,2175.37,15.24,3.68
6006,2024-12-04 18:49:27,2175.71,15.24,3.68
6007,2024-12-04 18:49:28,2176.07,15.24,3.68
6008,2024-12-04 18:49:28,2176.42,15.24,3.68
6009,2024-12-04 18:49:29,2176.77,15.24,3.68
6010,2024-12-04 18:49:29,2177.12,15.24,3.68
6011,2024-12-04 18:49:29,2177.48,15.24,3.68
6012,2024-12-04 18:49:30,2177.84,15.24,3.68
6013,2024-12-04 18:49:30,2178.20,15.24,3.68
6014,2024-12-04 18:49:30,2178.56,15.24,3.68
6015,2024-12-04 18:49:31,2178.93,15.24,3.68
6016,2024-12-04 18:49:31,2179.28,15.24,3.68
6017,2024-12-04 18:49:31,2179.64,15.24,3.68
6018,2024-12-04 18:49:32,2179.99,15.24,3.68
6019,2024-12-04 18:49:32,2180.34,15.24,3.68
6020,2024-12-04 18:49:32,2180.69,15.24,3.68
6021,2024-12-04 18:49:33,2181.05,15.24,3.68
6022,2024-12-04 18:49:33,2181.41,15.24,3.68
6023,2024-12-04 18:49:34,2181.75,15.24,3.68
6024,2024-12-04 18:49:34,2182.10,15.24,3.68
6025,2024-12-04 18:49:34,2182.44,15.24,3.68
6026,2024-12-04 18:49:35,2182.77,15.24,3.68
6027,2024-12-04 18:49:35,2183.12,15.24,3.68
6028,2024-12-04 18:49:35,2183.47,15.24,3.68
6029,2024-12-04 18:49:36,2183.82,15.24,3.68
6030,2024-12-04 18:49:36,2184.18,15.24,3.68
6031,2024-12-04 18:49:36,2184.54,15.24,3.68
6032,2024-12-04 18:49:37,2184.89,15.24,3.68
6033,2024-12-04 18:49:37,2185.24,15.24,3.68
6034,2024-12-04 18:49:37,2185.59,15.24,3.68
6035,2024-12-04 18:49:38,2185.95,15.24,3.68
6036,2024-12-04 18:49:38,2186.32,15.24,3.68
6037,2024-12-04 18:49:38,2186.68,15.24,3.68
6038,2024-12-04 18:49:39,2187.04,15.24,3.68
6039,2024-12-04 18:49:39,2187.39,15.24,3.68
6040,2024-12-04 18:49:40,2187.75,15.24,3.68
6041,2024-12-04 18:49:40,2188.11,15.24,3.68
6042,2024-12-04 18:49:40,2188.47,15.24,3.68
6043,2024-12-04 18:49:41,2188.82,15.24,3.68
6044,2024-12-04 18:49:41,2189.17,15.24,3.68
6045,2024-12-04 18:49:41,2189.53,15.24,3.68
6046,2024-12-04 18:49:42,2189.85,15.24,3.68
6047,2024-12-04 18:49:42,2190.18,15.24,3.68
6048,2024-12-04 18:49:42,2190.54,15.24,3.68
6049,2024-12-04 18:49:43,2190.89,15.24,3.68
6050,2024-12-04 18:49:43,2191.25,15.24,3.68
6051,2024-12-04 18:49:43,2191.61,15.24,3.68
6052,2024-12-04 18:49:44,2191.96,15.24,3.68
6053,2024-12-04 18:49:44,2192.33,15.24,3.68
6054,2024-12-04 18:49:44,2192.68,15.24,3.68
6055,2024-12-04 18:49:45,2193.02,15.24,3.68
6056,2024-12-04 18:49:45,2193.37,15.24,3.68
6057,2024-12-04 18:49:45,2193.72,15.24,3.68
6058,2024-12-04 18:49:46,2194.08,15.24,3.68
6059,2024-12-04 18:49:46,2194.44,15.24,3.68
6060,2024-12-04 18:49:47,2194.79,15.24,3.68
6061,2024-12-04 18:49:47,2195.15,15.24,3.68
6062,2024-12-04 18:49:47,2195.50,15.24,3.68
6063,2024-12-04 18:49:48,2195.84,15.24,3.68
6064,2024-12-04 18:49:48,2196.18,15.24,3.68
6065,2024-12-04 18:49:48,2196.54,15.24,3.68
6066,2024-12-04 18:49:49,2196.90,15.24,3.68
6067,2024-12-04 18:49:49,2197.25,15.24,3.68
6068,2024-12-04 18:49:49,2197.61,15.24,3.68
6069,2024-12-04 18:49:50,2197.96,15.24,3.68
6070,2024-12-04 18:49:50,2198.30,15.24,3.68
6071,2024-12-04 18:49:50,2198.63,15.24,3.68
6072,2024-12-04 18:49:51,2198.98,15.24,3.68
6073,2024-12-04 18:49:51,2199.33,15.24,3.68
6074,2024-12-04 18:49:51,2199.68,15.24,3.68
6075,2024-12-04 18:49:52,2200.03,15.24,3.68
6076,2024-12-04 18:49:52,2200.39,15.24,3.68
6077,2024-12-04 18:49:53,2200.74,15.24,3.68
6078,2024-12-04 18:49:53,2201.08,15.24,3.68
6079,2024-12-04 18:49:53,2201.44,15.24,3.68
6080,2024-12-04 18:49:54,2201.79,15.24,3.68
6081,2024-12-04 18:49:54,2202.12,15.24,3.68
6082,2024-12-04 18:49:54,2202.48,15.24,3.68
6083,2024-12-04 18:49:55,2202.84,15.24,3.68
6084,2024-12-04 18:49:55,2203.18,15.24,3.68
6085,2024-12-04 18:49:55,2203.52,15.24,3.68
6086,2024-12-04 18:49:56,2203.88,15.24,3.68
6087,2024-12-04 18:49:56,2204.23,15.24,3.68
6088,2024-12-04 18:49:56,2204.59,15.24,3.68
6089,2024-12-04 18:49:57,2204.95,15.24,3.68
6090,2024-12-04 18:49:57,2205.31,15.24,3.68
6091,2024-12-04 18:49:57,2205.67,15.24,3.68
6092,2024-12-04 18:49:58,2206.03,15.24,3.68
6093,2024-12-04 18:49:58,2206.38,15.24,3.68
6094,2024-12-04 18:49:59,2206.73,15.24,3.68
6095,2024-12-04 18:49:59,2207.09,15.24,3.68
6096,2024-12-04 18:49:59,2207.45,15.24,3.68
6097,2024-12-04 18:50:00,2207.81,15.24,3.68
6098,2024-12-04 18:50:00,2208.17,15.24,3.68
6099,2024-12-04 18:50:00,2208.53,15.24,3.68
6100,2024-12-04 18:50:01,2208.88,15.24,3.68
6101,2024-12-04 18:50:01,2209.25,15.24,3.68
6102,2024-12-04 18:50:01,2209.59,15.24,3.68
6103,2024-12-04 18:50:02,2209.92,15.24,3.68
6104,2024-12-04 18:50:02,2210.27,15.24,3.68
6105,2024-12-04 18:50:02,2210.62,15.24,3.68
6106,2024-12-04 18:50:03,2210.99,15.24,3.68
6107,2024-12-04 18:50:03,2211.33,15.24,3.68
6108,2024-12-04 18:50:03,2211.69,15.24,3.68
6109,2024-12-04 18:50:04,2212.03,15.24,3.68
6110,2024-12-04 18:50:04,2212.38,15.24,3.68
6111,2024-12-04 18:50:05,2212.73,15.24,3.68
6112,2024-12-04 18:50:05,2213.08,15.24,3.68
6113,2024-12-04 18:50:05,2213.40,15.24,3.68
6114,2024-12-04 18:50:06,2213.74,15.24,3.68
6115,2024-12-04 18:50:06,2214.09,15.24,3.68
6116,2024-12-04 18:50:06,2214.45,15.24,3.68
6117,2024-12-04 18:50:07,2214.79,15.24,3.68
6118,2024-12-04 18:50:07,2215.14,15.24,3.68
6119,2024-12-04 18:50:07,2215.50,15.24,3.68
6120,2024-12-04 18:50:08,2215.86,15.24,3.68
6121,2024-12-04 18:50:08,2216.23,15.24,3.68
6122,2024-12-04 18:50:08,2216.58,15.24,3.68
6123,2024-12-04 18:50:09,2216.94,15.24,3.68
6124,2024-12-04 18:50:09,2217.30,15.24,3.68
6125,2024-12-04 18:50:09,2217.65,15.24,3.68
6126,2024-12-04 18:50:10,2218.01,15.24,3.68
6127,2024-12-04 18:50:10,2218.37,15.24,3.68
6128,2024-12-04 18:50:11,2218.73,15.24,3.68
6129,2024-12-04 18:50:11,2219.08,15.24,3.68
6130,2024-12-04 18:50:11,2219.44,15.24,3.68
6131,2024-12-04 18:50:12,2219.80,15.24,3.68
6132,2024-12-04 18:50:12,2220.15,15.24,3.68
6133,2024-12-04 18:50:12,2220.50,15.24,3.68
6134,2024-12-04 18:50:13,2220.85,15.24,3.68
6135,2024-12-04 18:50:13,2221.20,15.24,3.68
6136,2024-12-04 18:50:13,2221.56,15.24,3.68
6137,2024-12-04 18:50:14,2221.92,15.24,3.68
6138,2024-12-04 18:50:14,2222.27,15.24,3.68
6139,2024-12-04 18:50:14,2222.62,15.24,3.68
6140,2024-12-04 18:50:15,2222.96,15.24,3.68
6141,2024-12-04 18:50:15,2223.30,15.24,3.68
6142,2024-12-04 18:50:15,2223.66,15.24,3.68
6143,2024-12-04 18:50:16,2224.02,15.24,3.68
6144,2024-12-04 18:50:16,2224.36,15.24,3.68
6145,2024-12-04 18:50:16,2224.71,15.24,3.68
6146,2024-12-04 18:50:17,2225.08,15.24,3.68
6147,2024-12-04 18:50:17,2225.43,15.24,3.68
6148,2024-12-04 18:50:18,2225.79,15.24,3.68
6149,2024-12-04 18:50:18,2226.14,15.24,3.68
6150,2024-12-04 18:50:18,2226.50,15.24,3.68
6151,2024-12-04 18:50:19,2226.86,15.24,3.68
6152,2024-12-04 18:50:19,2227.23,15.24,3.68
6153,2024-12-04 18:50:19,2227.59,15.24,3.68
6154,2024-12-04 18:50:20,2227.95,15.24,3.68
6155,2024-12-04 18:50:20,2228.31,15.24,3.68
6156,2024-12-04 18:50:20,2228.67,15.24,3.68
6157,2024-12-04 18:50:21,2229.02,15.24,3.68
6158,2024-12-04 18:50:21,2229.38,15.24,3.68
6159,2024-12-04 18:50:22,2229.74,15.24,3.68
6160,2024-12-04 18:50:22,2230.09,15.24,3.68
6161,2024-12-04 18:50:22,2230.42,15.24,3.68
6162,2024-12-04 18:50:23,2230.77,15.24,3.68
6163,2024-12-04 18:50:23,2231.10,15.24,3.68
6164,2024-12-04 18:50:23,2231.46,15.24,3.68
6165,2024-12-04 18:50:24,2231.83,15.24,3.68
6166,2024-12-04 18:50:24,2232.19,15.24,3.68
6167,2024-12-04 18:50:24,2232.54,15.24,3.68
6168,2024-12-04 18:50:25,2232.88,15.24,3.68
6169,2024-12-04 18:50:25,2233.24,15.24,3.68
6170,2024-12-04 18:50:25,2233.59,15.24,3.68
6171,2024-12-04 18:50:26,2233.95,15.24,3.68
6172,2024-12-04 18:50:26,2234.31,15.24,3.68
6173,2024-12-04 18:50:26,2234.66,15.24,3.68
6174,2024-12-04 18:50:27,2235.03,15.24,3.68
6175,2024-12-04 18:50:27,2235.37,15.24,3.68
6176,2024-12-04 18:50:27,2235.72,15.24,3.68
6177,2024-12-04 18:50:28,2236.06,15.24,3.68
6178,2024-12-04 18:50:28,2236.42,15.24,3.68
6179,2024-12-04 18:50:29,2236.77,15.24,3.68
6180,2024-12-04 18:50:29,2237.11,15.24,3.68
6181,2024-12-04 18:50:29,2237.45,15.24,3.68
6182,2024-12-04 18:50:30,2237.82,15.24,3.68
6183,2024-12-04 18:50:30,2238.18,15.24,3.68
6184,2024-12-04 18:50:30,2238.54,15.24,3.68
6185,2024-12-04 18:50:31,2238.89,15.24,3.68
6186,2024-12-04 18:50:31,2239.24,15.24,3.68
6187,2024-12-04 18:50:31,2239.59,15.24,3.68
6188,2024-12-04 18:50:32,2239.93,15.24,3.68
6189,2024-12-04 18:50:32,2240.28,15.24,3.68
6190,2024-12-04 18:50:32,2240.63,15.24,3.68
6191,2024-12-04 18:50:33,2240.97,15.24,3.68
6192,2024-12-04 18:50:33,2241.32,15.24,3.68
6193,2024-12-04 18:50:33,2241.67,15.24,3.68
6194,2024-12-04 18:50:34,2242.02,15.24,3.68
6195,2024-12-04 18:50:34,2242.37,15.24,3.68
6196,2024-12-04 18:50:35,2242.73,15.24,3.68
6197,2024-12-04 18:50:35,2243.07,15.24,3.68
6198,2024-12-04 18:50:35,2243.42,15.24,3.68
6199,2024-12-04 18:50:36,2243.76,15.24,3.68
6200,2024-12-04 18:50:36,2244.11,15.24,3.68
6201,2024-12-04 18:50:36,2244.45,15.24,3.68
6202,2024-12-04 18:50:37,2244.77,15.24,3.68
6203,2024-12-04 18:50:37,2245.13,15.24,3.68
6204,2024-12-04 18:50:37,2245.48,15.24,3.68
6205,2024-12-04 18:50:38,2245.84,15.24,3.68
6206,2024-12-04 18:50:38,2246.20,15.24,3.68
6207,2024-12-04 18:50:38,2246.56,15.24,3.68
6208,2024-12-04 18:50:39,2246.90,15.24,3.68
6209,2024-12-04 18:50:39,2247.25,15.24,3.68
6210,2024-12-04 18:50:39,2247.60,15.24,3.68
6211,2024-12-04 18:50:40,2247.96,15.24,3.68
6212,2024-12-04 18:50:40,2248.32,15.24,3.68
6213,2024-12-04 18:50:40,2248.67,15.24,3.68
6214,2024-12-04 18:50:41,2249.01,15.24,3.68
6215,2024-12-04 18:50:41,2249.34,15.24,3.68
6216,2024-12-04 18:50:41,2249.69,15.24,3.68
6217,2024-12-04 18:50:42,2250.05,15.24,3.68
6218,2024-12-04 18:50:42,2250.40,15.24,3.68
6219,2024-12-04 18:50:43,2250.75,15.24,3.68
6220,2024-12-04 18:50:43,2251.11,15.24,3.68
6221,2024-12-04 18:50:43,2251.47,15.24,3.68
6222,2024-12-04 18:50:44,2251.82,15.24,3.68
6223,2024-12-04 18:50:44,2252.17,15.24,3.68
6224,2024-12-04 18:50:44,2252.52,15.24,3.68
6225,2024-12-04 18:50:45,2252.84,15.24,3.68
6226,2024-12-04 18:50:45,2253.16,15.24,3.68
6227,2024-12-04 18:50:45,2253.50,15.24,3.68
6228,2024-12-04 18:50:46,2253.86,15.24,3.68
6229,2024-12-04 18:50:46,2254.22,15.24,3.68
6230,2024-12-04 18:50:46,2254.58,15.24,3.68
6231,2024-12-04 18:50:47,2254.94,15.24,3.68
6232,2024-12-04 18:50:47,2255.30,15.24,3.68
6233,2024-12-04 18:50:47,2255.65,15.24,3.68
6234,2024-12-04 18:50:48,2255.99,15.24,3.68
6235,2024-12-04 18:50:48,2256.35,15.24,3.68
6236,2024-12-04 18:50:48,2256.71,15.24,3.68
6237,2024-12-04 18:50:49,2257.07,15.24,3.68
6238,2024-12-04 18:50:49,2257.43,15.24,3.68
6239,2024-12-04 18:50:50,2257.79,15.24,3.68
6240,2024-12-04 18:50:50,2258.13,15.24,3.68
6241,2024-12-04 18:50:50,2258.48,15.24,3.68
6242,2024-12-04 18:50:51,2258.81,15.24,3.68
6243,2024-12-04 18:50:51,2259.15,15.24,3.68
6244,2024-12-04 18:50:51,2259.50,15.24,3.68
6245,2024-12-04 18:50:52,2259.86,15.24,3.68
6246,2024-12-04 18:50:52,2260.23,15.24,3.68
6247,2024-12-04 18:50:52,2260.57,15.24,3.68
6248,2024-12-04 18:50:53,2260.93,15.24,3.68
6249,2024-12-04 18:50:53,2261.27,15.24,3.68
6250,2024-12-04 18:50:53,2261.63,15.24,3.68
6251,2024-12-04 18:50:54,2261.99,15.24,3.68
6252,2024-12-04 18:50:54,2262.34,15.24,3.68
6253,2024-12-04 18:50:54,2262.69,15.24,3.68
6254,2024-12-04 18:50:55,2263.03,15.24,3.68
6255,2024-12-04 18:50:55,2263.38,15.24,3.68
6256,2024-12-04 18:50:55,2263.72,15.24,3.68
6257,2024-12-04 18:50:56,2264.06,15.24,3.68
6258,2024-12-04 18:50:56,2264.38,15.24,3.68
6259,2024-12-04 18:50:56,2264.72,15.24,3.68
6260,2024-12-04 18:50:57,2265.06,15.24,3.68
6261,2024-12-04 18:50:57,2265.42,15.24,3.68
6262,2024-12-04 18:50:58,2265.77,15.24,3.68
6263,2024-12-04 18:50:58,2266.12,15.24,3.68
6264,2024-12-04 18:50:58,2266.46,15.24,3.68
6265,2024-12-04 18:50:59,2266.82,15.24,3.68
6266,2024-12-04 18:50:59,2267.18,15.24,3.68
6267,2024-12-04 18:50:59,2267.53,15.24,3.68
6268,2024-12-04 18:51:00,2267.89,15.24,3.68
6269,2024-12-04 18:51:00,2268.25,15.24,3.68
6270,2024-12-04 18:51:00,2268.61,15.24,3.68
6271,2024-12-04 18:51:01,2268.95,15.24,3.68
6272,2024-12-04 18:51:01,2269.30,15.24,3.68
6273,2024-12-04 18:51:01,2269.65,15.24,3.68
6274,2024-12-04 18:51:02,2270.02,15.24,3.68
6275,2024-12-04 18:51:02,2270.36,15.24,3.68
6276,2024-12-04 18:51:02,2270.71,15.24,3.68
6277,2024-12-04 18:51:03,2271.06,15.24,3.68
6278,2024-12-04 18:51:03,2271.42,15.24,3.68
6279,2024-12-04 18:51:04,2271.76,15.24,3.68
6280,2024-12-04 18:51:04,2272.10,15.24,3.68
6281,2024-12-04 18:51:04,2272.45,15.24,3.68
6282,2024-12-04 18:51:05,2272.81,15.24,3.68
6283,2024-12-04 18:51:05,2273.16,15.24,3.68
6284,2024-12-04 18:51:05,2273.51,15.24,3.68
6285,2024-12-04 18:51:06,2273.87,15.24,3.68
6286,2024-12-04 18:51:06,2274.24,15.24,3.68
6287,2024-12-04 18:51:06,2274.60,15.24,3.68
6288,2024-12-04 18:51:07,2274.95,15.24,3.68
6289,2024-12-04 18:51:07,2275.31,15.24,3.68
6290,2024-12-04 18:51:07,2275.63,15.24,3.68
6291,2024-12-04 18:51:08,2275.98,15.24,3.68
6292,2024-12-04 18:51:08,2276.32,15.24,3.68
6293,2024-12-04 18:51:08,2276.67,15.24,3.68
6294,2024-12-04 18:51:09,2277.03,15.24,3.68
6295,2024-12-04 18:51:09,2277.36,15.24,3.68
6296,2024-12-04 18:51:09,2277.70,15.24,3.68
6297,2024-12-04 18:51:10,2278.04,15.24,3.68
6298,2024-12-04 18:51:10,2278.38,15.24,3.68
6299,2024-12-04 18:51:11,2278.74,15.24,3.68
6300,2024-12-04 18:51:11,2279.08,15.24,3.68
6301,2024-12-04 18:51:11,2279.44,15.24,3.68
6302,2024-12-04 18:51:12,2279.79,15.24,3.68
6303,2024-12-04 18:51:12,2280.12,15.24,3.68
6304,2024-12-04 18:51:12,2280.48,15.24,3.68
6305,2024-12-04 18:51:13,2280.82,15.24,3.68
6306,2024-12-04 18:51:13,2281.18,15.24,3.68
6307,2024-12-04 18:51:13,2281.52,15.24,3.68
6308,2024-12-04 18:51:14,2281.88,15.24,3.68
6309,2024-12-04 18:51:14,2282.22,15.24,3.68
6310,2024-12-04 18:51:14,2282.57,15.24,3.68
6311,2024-12-04 18:51:15,2282.91,15.24,3.68
6312,2024-12-04 18:51:15,2283.26,15.24,3.68
6313,2024-12-04 18:51:15,2283.62,15.24,3.68
6314,2024-12-04 18:51:16,2283.98,15.24,3.68
6315,2024-12-04 18:51:16,2284.32,15.24,3.68
6316,2024-12-04 18:51:16,2284.68,15.24,3.68
6317,2024-12-04 18:51:17,2285.03,15.24,3.68
6318,2024-12-04 18:51:17,2285.39,15.24,3.68
6319,2024-12-04 18:51:18,2285.75,15.24,3.68
6320,2024-12-04 18:51:18,2286.11,15.24,3.68
6321,2024-12-04 18:51:18,2286.45,15.24,3.68
6322,2024-12-04 18:51:19,2286.80,15.24,3.68
6323,2024-12-04 18:51:19,2287.17,15.24,3.68
6324,2024-12-04 18:51:19,2287.51,15.24,3.68
6325,2024-12-04 18:51:20,2287.85,15.24,3.68
6326,2024-12-04 18:51:20,2288.21,15.24,3.68
6327,2024-12-04 18:51:20,2288.56,15.24,3.68
6328,2024-12-04 18:51:21,2288.90,15.24,3.68
6329,2024-12-04 18:51:21,2289.24,15.24,3.68
6330,2024-12-04 18:51:21,2289.58,15.24,3.68
6331,2024-12-04 18:51:22,2289.94,15.24,3.68
6332,2024-12-04 18:51:22,2290.29,15.24,3.68
6333,2024-12-04 18:51:22,2290.64,15.24,3.68
6334,2024-12-04 18:51:23,2290.98,15.24,3.68
6335,2024-12-04 18:51:23,2291.34,15.24,3.68
6336,2024-12-04 18:51:23,2291.70,15.24,3.68
6337,2024-12-04 18:51:24,2292.04,15.24,3.68
6338,2024-12-04 18:51:24,2292.37,15.24,3.68
6339,2024-12-04 18:51:24,2292.72,15.24,3.68
6340,2024-12-04 18:51:25,2293.09,15.24,3.68
6341,2024-12-04 18:51:25,2293.44,15.24,3.68
6342,2024-12-04 18:51:26,2293.79,15.24,3.68
6343,2024-12-04 18:51:26,2294.13,15.24,3.68
6344,2024-12-04 18:51:26,2294.48,15.24,3.68
6345,2024-12-04 18:51:27,2294.81,15.24,3.68
6346,2024-12-04 18:51:27,2295.16,15.24,3.68
6347,2024-12-04 18:51:27,2295.48,15.24,3.68
6348,2024-12-04 18:51:28,2295.83,15.24,3.68
6349,2024-12-04 18:51:28,2296.18,15.24,3.68
6350,2024-12-04 18:51:28,2296.53,15.24,3.68
6351,2024-12-04 18:51:29,2296.86,15.24,3.68
6352,2024-12-04 18:51:29,2297.20,15.24,3.68
6353,2024-12-04 18:51:29,2297.54,15.24,3.68
6354,2024-12-04 18:51:30,2297.90,15.24,3.68
6355,2024-12-04 18:51:30,2298.24,15.24,3.68
6356,2024-12-04 18:51:30,2298.60,15.24,3.68
6357,2024-12-04 18:51:31,2298.95,15.24,3.68
6358,2024-12-04 18:51:31,2299.29,15.24,3.68
6359,2024-12-04 18:51:31,2299.63,15.24,3.68
6360,2024-12-04 18:51:32,2299.98,15.24,3.68
6361,2024-12-04 18:51:32,2300.34,15.24,3.68
6362,2024-12-04 18:51:32,2300.70,15.24,3.68
6363,2024-12-04 18:51:33,2301.06,15.24,3.68
6364,2024-12-04 18:51:33,2301.40,15.24,3.68
6365,2024-12-04 18:51:34,2301.76,15.24,3.68
6366,2024-12-04 18:51:34,2302.11,15.24,3.68
6367,2024-12-04 18:51:34,2302.48,15.24,3.68
6368,2024-12-04 18:51:35,2302.84,15.24,3.68
6369,2024-12-04 18:51:35,2303.19,15.24,3.68
6370,2024-12-04 18:51:35,2303.53,15.24,3.68
6371,2024-12-04 18:51:36,2303.88,15.24,3.68
6372,2024-12-04 18:51:36,2304.23,15.24,3.68
6373,2024-12-04 18:51:36,2304.58,15.24,3.68
6374,2024-12-04 18:51:37,2304.92,15.24,3.68
6375,2024-12-04 18:51:37,2305.26,15.24,3.68
6376,2024-12-04 18:51:37,2305.61,15.24,3.68
6377,2024-12-04 18:51:38,2305.97,15.24,3.68
6378,2024-12-04 18:51:38,2306.33,15.24,3.68
6379,2024-12-04 18:51:38,2306.69,15.24,3.68
6380,2024-12-04 18:51:39,2307.05,15.24,3.68
6381,2024-12-04 18:51:39,2307.41,15.24,3.68
6382,2024-12-04 18:51:40,2307.76,15.24,3.68
6383,2024-12-04 18:51:40,2308.11,15.24,3.68
6384,2024-12-04 18:51:40,2308.47,15.24,3.68
6385,2024-12-04 18:51:41,2308.83,15.24,3.68
6386,2024-12-04 18:51:41,2309.19,15.24,3.68
6387,2024-12-04 18:51:41,2309.55,15.24,3.68
6388,2024-12-04 18:51:42,2309.91,15.24,3.68
6389,2024-12-04 18:51:42,2310.27,15.24,3.68
6390,2024-12-04 18:51:42,2310.62,15.24,3.68
6391,2024-12-04 18:51:43,2310.97,15.24,3.68
6392,2024-12-04 18:51:43,2311.33,15.24,3.68
6393,2024-12-04 18:51:43,2311.69,15.24,3.68
6394,2024-12-04 18:51:44,2312.04,15.24,3.68
6395,2024-12-04 18:51:44,2312.39,15.24,3.68
6396,2024-12-04 18:51:45,2312.74,15.24,3.68
6397,2024-12-04 18:51:45,2313.07,15.24,3.68
6398,2024-12-04 18:51:45,2313.40,15.24,3.68
6399,2024-12-04 18:51:46,2313.75,15.24,3.68
6400,2024-12-04 18:51:46,2314.10,15.24,3.68
6401,2024-12-04 18:51:46,2314.44,15.24,3.68
6402,2024-12-04 18:51:47,2314.80,15.24,3.68
6403,2024-12-04 18:51:47,2315.16,15.24,3.68
6404,2024-12-04 18:51:47,2315.53,15.24,3.68
6405,2024-12-04 18:51:48,2315.88,15.24,3.68
6406,2024-12-04 18:51:48,2316.24,15.24,3.68
6407,2024-12-04 18:51:48,2316.58,15.24,3.68
6408,2024-12-04 18:51:49,2316.93,15.24,3.68
6409,2024-12-04 18:51:49,2317.28,15.24,3.68
6410,2024-12-04 18:51:49,2317.64,15.24,3.68
6411,2024-12-04 18:51:50,2317.99,15.24,3.68
6412,2024-12-04 18:51:50,2318.32,15.24,3.68
6413,2024-12-04 18:51:50,2318.69,15.24,3.68
6414,2024-12-04 18:51:51,2319.03,15.24,3.68
6415,2024-12-04 18:51:51,2319.39,15.24,3.68
6416,2024-12-04 18:51:52,2319.75,15.24,3.68
6417,2024-12-04 18:51:52,2320.12,15.24,3.68
6418,2024-12-04 18:51:52,2320.47,15.24,3.68
6419,2024-12-04 18:51:53,2320.83,15.24,3.68
6420,2024-12-04 18:51:53,2321.19,15.24,3.68
6421,2024-12-04 18:51:53,2321.55,15.24,3.68
6422,2024-12-04 18:51:54,2321.91,15.24,3.68
6423,2024-12-04 18:51:54,2322.26,15.24,3.68
6424,2024-12-04 18:51:54,2322.61,15.24,3.68
6425,2024-12-04 18:51:55,2322.97,15.24,3.68
6426,2024-12-04 18:51:55,2323.32,15.24,3.68
6427,2024-12-04 18:51:55,2323.67,15.24,3.68
6428,2024-12-04 18:51:56,2323.99,15.24,3.68
6429,2024-12-04 18:51:56,2324.33,15.24,3.68
6430,2024-12-04 18:51:56,2324.68,15.24,3.68
6431,2024-12-04 18:51:57,2325.04,15.24,3.68
6432,2024-12-04 18:51:57,2325.39,15.24,3.68
6433,2024-12-04 18:51:58,2325.73,15.24,3.68
6434,2024-12-04 18:51:58,2326.07,15.24,3.68
6435,2024-12-04 18:51:58,2326.43,15.24,3.68
6436,2024-12-04 18:51:59,2326.79,15.24,3.68
6437,2024-12-04 18:51:59,2327.16,15.24,3.68
6438,2024-12-04 18:51:59,2327.51,15.24,3.68
6439,2024-12-04 18:52:00,2327.86,15.24,3.68
6440,2024-12-04 18:52:00,2328.21,15.24,3.68
6441,2024-12-04 18:52:00,2328.55,15.24,3.68
6442,2024-12-04 18:52:01,2328.90,15.24,3.68
6443,2024-12-04 18:52:01,2329.26,15.24,3.68
6444,2024-12-04 18:52:01,2329.60,15.24,3.68
6445,2024-12-04 18:52:02,2329.96,15.24,3.68
6446,2024-12-04 18:52:02,2330.31,15.24,3.68
6447,2024-12-04 18:52:02,2330.64,15.24,3.68
6448,2024-12-04 18:52:03,2330.98,15.24,3.68
6449,2024-12-04 18:52:03,2331.33,15.24,3.68
6450,2024-12-04 18:52:03,2331.66,15.24,3.68
6451,2024-12-04 18:52:04,2332.02,15.24,3.68
6452,2024-12-04 18:52:04,2332.37,15.24,3.68
6453,2024-12-04 18:52:04,2332.72,15.24,3.68
6454,2024-12-04 18:52:05,2333.08,15.24,3.68
6455,2024-12-04 18:52:05,2333.44,15.24,3.68
6456,2024-12-04 18:52:06,2333.79,15.24,3.68
6457,2024-12-04 18:52:06,2334.15,15.24,3.68
6458,2024-12-04 18:52:06,2334.49,15.24,3.68
6459,2024-12-04 18:52:07,2334.84,15.24,3.68
6460,2024-12-04 18:52:07,2335.20,15.24,3.68
6461,2024-12-04 18:52:07,2335.55,15.24,3.68
6462,2024-12-04 18:52:08,2335.91,15.24,3.68
6463,2024-12-04 18:52:08,2336.26,15.24,3.68
6464,2024-12-04 18:52:08,2336.61,15.24,3.68
6465,2024-12-04 18:52:09,2336.96,15.24,3.68
6466,2024-12-04 18:52:09,2337.31,15.24,3.68
6467,2024-12-04 18:52:09,2337.65,15.24,3.68
6468,2024-12-04 18:52:10,2337.98,15.24,3.68
6469,2024-12-04 18:52:10,2338.32,15.24,3.68
6470,2024-12-04 18:52:10,2338.67,15.24,3.68
6471,2024-12-04 18:52:11,2339.02,15.24,3.68
6472,2024-12-04 18:52:11,2339.39,15.24,3.68
6473,2024-12-04 18:52:12,2339.74,15.24,3.68
6474,2024-12-04 18:52:12,2340.09,15.24,3.68
6475,2024-12-04 18:52:12,2340.44,15.24,3.68
6476,2024-12-04 18:52:13,2340.79,15.24,3.68
6477,2024-12-04 18:52:13,2341.15,15.24,3.68
6478,2024-12-04 18:52:13,2341.52,15.24,3.68
6479,2024-12-04 18:52:14,2341.87,15.24,3.68
6480,2024-12-04 18:52:14,2342.21,15.24,3.68
6481,2024-12-04 18:52:14,2342.56,15.24,3.68
6482,2024-12-04 18:52:15,2342.90,15.24,3.68
6483,2024-12-04 18:52:15,2343.24,15.24,3.68
6484,2024-12-04 18:52:15,2343.60,15.24,3.68
6485,2024-12-04 18:52:16,2343.94,15.24,3.68
6486,2024-12-04 18:52:16,2344.28,15.24,3.68
6487,2024-12-04 18:52:16,2344.63,15.24,3.68
6488,2024-12-04 18:52:17,2345.00,15.24,3.68
6489,2024-12-04 18:52:17,2345.36,15.24,3.68
6490,2024-12-04 18:52:17,2345.71,15.24,3.68
6491,2024-12-04 18:52:18,2346.06,15.24,3.68
6492,2024-12-04 18:52:18,2346.40,15.24,3.68
6493,2024-12-04 18:52:19,2346.73,15.24,3.68
6494,2024-12-04 18:52:19,2347.08,15.24,3.68
6495,2024-12-04 18:52:19,2347.44,15.24,3.68
6496,2024-12-04 18:52:20,2347.79,15.24,3.68
6497,2024-12-04 18:52:20,2348.14,15.24,3.68
6498,2024-12-04 18:52:20,2348.49,15.24,3.68
6499,2024-12-04 18:52:21,2348.84,15.24,3.68
6500,2024-12-04 18:52:21,2349.19,15.24,3.68
6501,2024-12-04 18:52:21,2349.55,15.24,3.68
6502,2024-12-04 18:52:22,2349.90,15.24,3.68
6503,2024-12-04 18:52:22,2350.25,15.24,3.68
6504,2024-12-04 18:52:22,2350.60,15.24,3.68
6505,2024-12-04 18:52:23,2350.95,15.24,3.68
6506,2024-12-04 18:52:23,2351.28,15.24,3.68
6507,2024-12-04 18:52:23,2351.57,15.24,3.68
6508,2024-12-04 18:52:24,2351.91,15.24,3.68
6509,2024-12-04 18:52:24,2352.26,15.24,3.68
6510,2024-12-04 18:52:24,2352.63,15.24,3.68
6511,2024-12-04 18:52:25,2352.97,15.24,3.68
6512,2024-12-04 18:52:25,2353.32,15.24,3.68
6513,2024-12-04 18:52:25,2353.67,15.24,3.68
6514,2024-12-04 18:52:26,2354.02,15.24,3.68
6515,2024-12-04 18:52:26,2354.37,15.24,3.68
6516,2024-12-04 18:52:26,2354.71,15.24,3.68
6517,2024-12-04 18:52:27,2355.07,15.24,3.68
6518,2024-12-04 18:52:27,2355.42,15.24,3.68
6519,2024-12-04 18:52:28,2355.77,15.24,3.68
6520,2024-12-04 18:52:28,2356.11,15.24,3.68
6521,2024-12-04 18:52:28,2356.46,15.24,3.68
6522,2024-12-04 18:52:29,2356.82,15.24,3.68
6523,2024-12-04 18:52:29,2357.18,15.24,3.68
6524,2024-12-04 18:52:29,2357.54,15.24,3.68
6525,2024-12-04 18:52:30,2357.89,15.24,3.68
6526,2024-12-04 18:52:30,2358.23,15.24,3.68
6527,2024-12-04 18:52:30,2358.57,15.24,3.68
6528,2024-12-04 18:52:31,2358.89,15.24,3.68
6529,2024-12-04 18:52:31,2359.24,15.24,3.68
6530,2024-12-04 18:52:31,2359.60,15.24,3.68
6531,2024-12-04 18:52:32,2359.94,15.24,3.68
6532,2024-12-04 18:52:32,2360.29,15.24,3.68
6533,2024-12-04 18:52:32,2360.63,15.24,3.68
6534,2024-12-04 18:52:33,2360.99,15.24,3.68
6535,2024-12-04 18:52:33,2361.34,15.24,3.68
6536,2024-12-04 18:52:33,2361.70,15.24,3.68
6537,2024-12-04 18:52:34,2362.04,15.24,3.68
6538,2024-12-04 18:52:34,2362.40,15.24,3.68
6539,2024-12-04 18:52:35,2362.77,15.24,3.68
6540,2024-12-04 18:52:35,2363.13,15.24,3.68
6541,2024-12-04 18:52:35,2363.48,15.24,3.68
6542,2024-12-04 18:52:36,2363.83,15.24,3.68
6543,2024-12-04 18:52:36,2364.16,15.24,3.68
6544,2024-12-04 18:52:36,2364.51,15.24,3.68
6545,2024-12-04 18:52:37,2364.85,15.24,3.68
6546,2024-12-04 18:52:37,2365.20,15.24,3.68
6547,2024-12-04 18:52:37,2365.56,15.24,3.68
6548,2024-12-04 18:52:38,2365.92,15.24,3.68
6549,2024-12-04 18:52:38,2366.27,15.24,3.68
6550,2024-12-04 18:52:38,2366.63,15.24,3.68
6551,2024-12-04 18:52:39,2366.98,15.24,3.68
6552,2024-12-04 18:52:39,2367.31,15.24,3.68
6553,2024-12-04 18:52:39,2367.64,15.24,3.68
6554,2024-12-04 18:52:40,2367.99,15.24,3.68
6555,2024-12-04 18:52:40,2368.34,15.24,3.68
6556,2024-12-04 18:52:40,2368.70,15.24,3.68
6557,2024-12-04 18:52:41,2369.04,15.24,3.68
6558,2024-12-04 18:52:41,2369.40,15.24,3.68
6559,2024-12-04 18:52:42,2369.75,15.24,3.68
6560,2024-12-04 18:52:42,2370.10,15.24,3.68
6561,2024-12-04 18:52:42,2370.46,15.24,3.68
6562,2024-12-04 18:52:43,2370.80,15.24,3.68
6563,2024-12-04 18:52:43,2371.16,15.24,3.68
6564,2024-12-04 18:52:43,2371.52,15.24,3.68
6565,2024-12-04 18:52:44,2371.87,15.24,3.68
6566,2024-12-04 18:52:44,2372.21,15.24,3.68
6567,2024-12-04 18:52:44,2372.57,15.24,3.68
6568,2024-12-04 18:52:45,2372.92,15.24,3.68
6569,2024-12-04 18:52:45,2373.27,15.24,3.68
6570,2024-12-04 18:52:45,2373.63,15.24,3.68
6571,2024-12-04 18:52:46,2373.98,15.24,3.68
6572,2024-12-04 18:52:46,2374.34,15.24,3.68
6573,2024-12-04 18:52:46,2374.68,15.24,3.68
6574,2024-12-04 18:52:47,2375.05,15.24,3.68
6575,2024-12-04 18:52:47,2375.41,15.24,3.68
6576,2024-12-04 18:52:48,2375.74,15.24,3.68
6577,2024-12-04 18:52:48,2376.09,15.24,3.68
6578,2024-12-04 18:52:48,2376.45,15.24,3.68
6579,2024-12-04 18:52:49,2376.80,15.24,3.68
6580,2024-12-04 18:52:49,2377.16,15.24,3.68
6581,2024-12-04 18:52:49,2377.52,15.24,3.68
6582,2024-12-04 18:52:50,2377.89,15.24,3.68
6583,2024-12-04 18:52:50,2378.25,15.24,3.68
6584,2024-12-04 18:52:50,2378.62,15.24,3.68
6585,2024-12-04 18:52:51,2378.97,15.24,3.68
6586,2024-12-04 18:52:51,2379.31,15.24,3.68
6587,2024-12-04 18:52:51,2379.67,15.24,3.68
6588,2024-12-04 18:52:52,2380.01,15.24,3.68
6589,2024-12-04 18:52:52,2380.36,15.24,3.68
6590,2024-12-04 18:52:52,2380.71,15.24,3.68
6591,2024-12-04 18:52:53,2381.07,15.24,3.68
6592,2024-12-04 18:52:53,2381.41,15.24,3.68
6593,2024-12-04 18:52:54,2381.74,15.24,3.68
6594,2024-12-04 18:52:54,2382.08,15.24,3.68
6595,2024-12-04 18:52:54,2382.43,15.24,3.68
6596,2024-12-04 18:52:55,2382.77,15.24,3.68
6597,2024-12-04 18:52:55,2383.12,15.24,3.68
6598,2024-12-04 18:52:55,2383.48,15.24,3.68
6599,2024-12-04 18:52:56,2383.84,15.24,3.68
6600,2024-12-04 18:52:56,2384.20,15.24,3.68
6601,2024-12-04 18:52:56,2384.54,15.24,3.68
6602,2024-12-04 18:52:57,2384.90,15.24,3.68
6603,2024-12-04 18:52:57,2385.24,15.24,3.68
6604,2024-12-04 18:52:57,2385.59,15.24,3.68
6605,2024-12-04 18:52:58,2385.95,15.24,3.68
6606,2024-12-04 18:52:58,2386.32,15.24,3.68
6607,2024-12-04 18:52:58,2386.67,15.24,3.68
6608,2024-12-04 18:52:59,2387.02,15.24,3.68
6609,2024-12-04 18:52:59,2387.37,15.24,3.68
6610,2024-12-04 18:52:59,2387.72,15.24,3.68
6611,2024-12-04 18:53:00,2388.08,15.24,3.68
6612,2024-12-04 18:53:00,2388.43,15.24,3.68
6613,2024-12-04 18:53:01,2388.79,15.24,3.68
6614,2024-12-04 18:53:01,2389.14,15.24,3.68
6615,2024-12-04 18:53:01,2389.49,15.24,3.68
6616,2024-12-04 18:53:02,2389.85,15.24,3.68
6617,2024-12-04 18:53:02,2390.21,15.24,3.68
6618,2024-12-04 18:53:02,2390.56,15.24,3.68
6619,2024-12-04 18:53:03,2390.90,15.24,3.68
6620,2024-12-04 18:53:03,2391.22,15.24,3.68
6621,2024-12-04 18:53:03,2391.57,15.24,3.68
6622,2024-12-04 18:53:04,2391.93,15.24,3.68
6623,2024-12-04 18:53:04,2392.27,15.24,3.68
6624,2024-12-04 18:53:04,2392.62,15.24,3.68
6625,2024-12-04 18:53:05,2392.98,15.24,3.68
6626,2024-12-04 18:53:05,2393.33,15.24,3.68
6627,2024-12-04 18:53:05,2393.69,15.24,3.68
6628,2024-12-04 18:53:06,2394.04,15.24,3.68
6629,2024-12-04 18:53:06,2394.40,15.24,3.68
6630,2024-12-04 18:53:07,2394.76,15.24,3.68
6631,2024-12-04 18:53:07,2395.11,15.24,3.68
6632,2024-12-04 18:53:07,2395.47,15.24,3.68
6633,2024-12-04 18:53:08,2395.81,15.24,3.68
6634,2024-12-04 18:53:08,2396.15,15.24,3.68
6635,2024-12-04 18:53:08,2396.49,15.24,3.68
6636,2024-12-04 18:53:09,2396.85,15.24,3.68
6637,2024-12-04 18:53:09,2397.22,15.24,3.68
6638,2024-12-04 18:53:09,2397.56,15.24,3.68
6639,2024-12-04 18:53:10,2397.91,15.24,3.68
6640,2024-12-04 18:53:10,2398.26,15.24,3.68
6641,2024-12-04 18:53:10,2398.59,15.24,3.68
6642,2024-12-04 18:53:11,2398.94,15.24,3.68
6643,2024-12-04 18:53:11,2399.29,15.24,3.68
6644,2024-12-04 18:53:11,2399.63,15.24,3.68
6645,2024-12-04 18:53:12,2399.98,15.24,3.68
6646,2024-12-04 18:53:12,2400.34,15.24,3.68
6647,2024-12-04 18:53:12,2400.69,15.24,3.68
6648,2024-12-04 18:53:13,2401.02,15.24,3.68
6649,2024-12-04 18:53:13,2401.36,15.24,3.68
6650,2024-12-04 18:53:13,2401.72,15.24,3.68
6651,2024-12-04 18:53:14,2402.07,15.24,3.68
6652,2024-12-04 18:53:14,2402.42,15.24,3.68
6653,2024-12-04 18:53:15,2402.77,15.24,3.68
6654,2024-12-04 18:53:15,2403.13,15.24,3.68
6655,2024-12-04 18:53:15,2403.48,15.24,3.68
6656,2024-12-04 18:53:16,2403.82,15.24,3.68
6657,2024-12-04 18:53:16,2404.18,15.24,3.68
6658,2024-12-04 18:53:16,2404.54,15.24,3.68
6659,2024-12-04 18:53:17,2404.90,15.24,3.68
6660,2024-12-04 18:53:17,2405.26,15.24,3.68
6661,2024-12-04 18:53:17,2405.61,15.24,3.68
6662,2024-12-04 18:53:18,2405.98,15.24,3.68
6663,2024-12-04 18:53:18,2406.33,15.24,3.68
6664,2024-12-04 18:53:18,2406.66,15.24,3.68
6665,2024-12-04 18:53:19,2407.02,15.24,3.68
6666,2024-12-04 18:53:19,2407.37,15.24,3.68
6667,2024-12-04 18:53:19,2407.71,15.24,3.68
6668,2024-12-04 18:53:20,2408.07,15.24,3.68
6669,2024-12-04 18:53:20,2408.41,15.24,3.68
6670,2024-12-04 18:53:21,2408.76,15.24,3.68
6671,2024-12-04 18:53:21,2409.12,15.24,3.68
6672,2024-12-04 18:53:21,2409.47,15.24,3.68
6673,2024-12-04 18:53:22,2409.82,15.24,3.68
6674,2024-12-04 18:53:22,2410.18,15.24,3.68
6675,2024-12-04 18:53:22,2410.53,15.24,3.68
6676,2024-12-04 18:53:23,2410.88,15.24,3.68
6677,2024-12-04 18:53:23,2411.22,15.24,3.68
6678,2024-12-04 18:53:23,2411.57,15.24,3.68
6679,2024-12-04 18:53:24,2411.92,15.24,3.68
6680,2024-12-04 18:53:24,2412.27,15.24,3.68
6681,2024-12-04 18:53:24,2412.63,15.24,3.68
6682,2024-12-04 18:53:25,2412.96,15.24,3.68
6683,2024-12-04 18:53:25,2413.32,15.24,3.68
6684,2024-12-04 18:53:25,2413.68,15.24,3.68
6685,2024-12-04 18:53:26,2414.04,15.24,3.68
6686,2024-12-04 18:53:26,2414.40,15.24,3.68
6687,2024-12-04 18:53:27,2414.76,15.24,3.68
6688,2024-12-04 18:53:27,2415.13,15.24,3.68
6689,2024-12-04 18:53:27,2415.49,15.24,3.68
6690,2024-12-04 18:53:28,2415.85,15.24,3.68
6691,2024-12-04 18:53:28,2416.21,15.24,3.68
6692,2024-12-04 18:53:28,2416.57,15.24,3.68
6693,2024-12-04 18:53:29,2416.93,15.24,3.68
6694,2024-12-04 18:53:29,2417.28,15.24,3.68
6695,2024-12-04 18:53:29,2417.62,15.24,3.68
6696,2024-12-04 18:53:30,2417.96,15.24,3.68
6697,2024-12-04 18:53:30,2418.32,15.24,3.68
6698,2024-12-04 18:53:30,2418.65,15.24,3.68
6699,2024-12-04 18:53:31,2418.99,15.24,3.68
6700,2024-12-04 18:53:31,2419.34,15.24,3.68
6701,2024-12-04 18:53:31,2419.70,15.24,3.68
6702,2024-12-04 18:53:32,2420.05,15.24,3.68
6703,2024-12-04 18:53:32,2420.41,15.24,3.68
6704,2024-12-04 18:53:33,2420.77,15.24,3.68
6705,2024-12-04 18:53:33,2421.13,15.24,3.68
6706,2024-12-04 18:53:33,2421.49,15.24,3.68
6707,2024-12-04 18:53:34,2421.84,15.24,3.68
6708,2024-12-04 18:53:34,2422.18,15.24,3.68
6709,2024-12-04 18:53:34,2422.51,15.24,3.68
6710,2024-12-04 18:53:35,2422.87,15.24,3.68
6711,2024-12-04 18:53:35,2423.22,15.24,3.68
6712,2024-12-04 18:53:35,2423.57,15.24,3.68
6713,2024-12-04 18:53:36,2423.93,15.24,3.68
6714,2024-12-04 18:53:36,2424.27,15.24,3.68
6715,2024-12-04 18:53:36,2424.63,15.24,3.68
6716,2024-12-04 18:53:37,2424.99,15.24,3.68
6717,2024-12-04 18:53:37,2425.35,15.24,3.68
6718,2024-12-04 18:53:37,2425.71,15.24,3.68
6719,2024-12-04 18:53:38,2426.07,15.24,3.68
6720,2024-12-04 18:53:38,2426.43,15.24,3.68
6721,2024-12-04 18:53:39,2426.78,15.24,3.68
6722,2024-12-04 18:53:39,2427.12,15.24,3.68
6723,2024-12-04 18:53:39,2427.47,15.24,3.68
6724,2024-12-04 18:53:40,2427.83,15.24,3.68
6725,2024-12-04 18:53:40,2428.18,15.24,3.68
6726,2024-12-04 18:53:40,2428.53,15.24,3.68
6727,2024-12-04 18:53:41,2428.86,15.24,3.68
6728,2024-12-04 18:53:41,2429.22,15.24,3.68
6729,2024-12-04 18:53:41,2429.58,15.24,3.68
6730,2024-12-04 18:53:42,2429.94,15.24,3.68
6731,2024-12-04 18:53:42,2430.29,15.24,3.68
6732,2024-12-04 18:53:42,2430.65,15.24,3.68
6733,2024-12-04 18:53:43,2430.99,15.24,3.68
6734,2024-12-04 18:53:43,2431.35,15.24,3.68
6735,2024-12-04 18:53:43,2431.71,15.24,3.68
6736,2024-12-04 18:53:44,2432.06,15.24,3.68
6737,2024-12-04 18:53:44,2432.42,15.24,3.68
6738,2024-12-04 18:53:45,2432.77,15.24,3.68
6739,2024-12-04 18:53:45,2433.13,15.24,3.68
6740,2024-12-04 18:53:45,2433.48,15.24,3.68
6741,2024-12-04 18:53:46,2433.83,15.24,3.68
6742,2024-12-04 18:53:46,2434.19,15.24,3.68
6743,2024-12-04 18:53:46,2434.54,15.24,3.68
6744,2024-12-04 18:53:47,2434.90,15.24,3.68
6745,2024-12-04 18:53:47,2435.25,15.24,3.68
6746,2024-12-04 18:53:47,2435.62,15.24,3.68
6747,2024-12-04 18:53:48,2435.96,15.24,3.68
6748,2024-12-04 18:53:48,2436.29,15.24,3.68
6749,2024-12-04 18:53:48,2436.63,15.24,3.68
6750,2024-12-04 18:53:49,2436.97,15.24,3.68
6751,2024-12-04 18:53:49,2437.32,15.24,3.68
6752,2024-12-04 18:53:49,2437.67,15.24,3.68
6753,2024-12-04 18:53:50,2438.02,15.24,3.68
6754,2024-12-04 18:53:50,2438.36,15.24,3.68
6755,2024-12-04 18:53:50,2438.70,15.24,3.68
6756,2024-12-04 18:53:51,2439.06,15.24,3.68
6757,2024-12-04 18:53:51,2439.40,15.24,3.68
6758,2024-12-04 18:53:52,2439.74,15.24,3.68
6759,2024-12-04 18:53:52,2440.10,15.24,3.68
6760,2024-12-04 18:53:52,2440.46,15.24,3.68
6761,2024-12-04 18:53:53,2440.82,15.24,3.68
6762,2024-12-04 18:53:53,2441.16,15.24,3.68
6763,2024-12-04 18:53:53,2441.51,15.24,3.68
6764,2024-12-04 18:53:54,2441.85,15.24,3.68
6765,2024-12-04 18:53:54,2442.19,15.24,3.68
6766,2024-12-04 18:53:54,2442.52,15.24,3.68
6767,2024-12-04 18:53:55,2442.88,15.24,3.68
6768,2024-12-04 18:53:55,2443.23,15.24,3.68
6769,2024-12-04 18:53:55,2443.56,15.24,3.68
6770,2024-12-04 18:53:56,2443.89,15.24,3.68
6771,2024-12-04 18:53:56,2444.25,15.24,3.68
6772,2024-12-04 18:53:56,2444.61,15.24,3.68
6773,2024-12-04 18:53:57,2444.95,15.24,3.68
6774,2024-12-04 18:53:57,2445.31,15.24,3.68
6775,2024-12-04 18:53:57,2445.66,15.24,3.68
6776,2024-12-04 18:53:58,2446.00,15.24,3.68
6777,2024-12-04 18:53:58,2446.35,15.24,3.68
6778,2024-12-04 18:53:58,2446.72,15.24,3.68
6779,2024-12-04 18:53:59,2447.07,15.24,3.68
6780,2024-12-04 18:53:59,2447.42,15.24,3.68
6781,2024-12-04 18:54:00,2447.77,15.24,3.68
6782,2024-12-04 18:54:00,2448.12,15.24,3.68
6783,2024-12-04 18:54:00,2448.45,15.24,3.68
6784,2024-12-04 18:54:01,2448.80,15.24,3.68
6785,2024-12-04 18:54:01,2449.15,15.24,3.68
6786,2024-12-04 18:54:01,2449.51,15.24,3.68
6787,2024-12-04 18:54:02,2449.85,15.24,3.68
6788,2024-12-04 18:54:02,2450.21,15.24,3.68
6789,2024-12-04 18:54:02,2450.54,15.24,3.68
6790,2024-12-04 18:54:03,2450.88,15.24,3.68
6791,2024-12-04 18:54:03,2451.23,15.24,3.68
6792,2024-12-04 18:54:03,2451.56,15.24,3.68
6793,2024-12-04 18:54:04,2451.89,15.24,3.68
6794,2024-12-04 18:54:04,2452.24,15.24,3.68
6795,2024-12-04 18:54:04,2452.59,15.24,3.68
6796,2024-12-04 18:54:05,2452.95,15.24,3.68
6797,2024-12-04 18:54:05,2453.30,15.24,3.68
6798,2024-12-04 18:54:05,2453.65,15.24,3.68
6799,2024-12-04 18:54:06,2453.99,15.24,3.68
6800,2024-12-04 18:54:06,2454.33,15.24,3.68
6801,2024-12-04 18:54:06,2454.69,15.24,3.68
6802,2024-12-04 18:54:07,2455.05,15.24,3.68
6803,2024-12-04 18:54:07,2455.39,15.24,3.68
6804,2024-12-04 18:54:07,2455.73,15.24,3.68
6805,2024-12-04 18:54:08,2456.07,15.24,3.68
6806,2024-12-04 18:54:08,2456.42,15.24,3.68
6807,2024-12-04 18:54:09,2456.76,15.24,3.68
6808,2024-12-04 18:54:09,2457.11,15.24,3.68
6809,2024-12-04 18:54:09,2457.47,15.24,3.68
6810,2024-12-04 18:54:10,2457.82,15.24,3.68
6811,2024-12-04 18:54:10,2458.17,15.24,3.68
6812,2024-12-04 18:54:10,2458.52,15.24,3.68
6813,2024-12-04 18:54:11,2458.87,15.24,3.68
6814,2024-12-04 18:54:11,2459.23,15.24,3.68
6815,2024-12-04 18:54:11,2459.58,15.24,3.68
6816,2024-12-04 18:54:12,2459.94,15.24,3.68
6817,2024-12-04 18:54:12,2460.29,15.24,3.68
6818,2024-12-04 18:54:12,2460.63,15.24,3.68
6819,2024-12-04 18:54:13,2460.95,15.24,3.68
6820,2024-12-04 18:54:13,2461.29,15.24,3.68
6821,2024-12-04 18:54:13,2461.65,15.24,3.68
6822,2024-12-04 18:54:14,2462.01,15.24,3.68
6823,2024-12-04 18:54:14,2462.37,15.24,3.68
6824,2024-12-04 18:54:14,2462.73,15.24,3.68
6825,2024-12-04 18:54:15,2463.06,15.24,3.68
6826,2024-12-04 18:54:15,2463.42,15.24,3.68
6827,2024-12-04 18:54:16,2463.76,15.24,3.68
6828,2024-12-04 18:54:16,2464.09,15.24,3.68
6829,2024-12-04 18:54:16,2464.43,15.24,3.68
6830,2024-12-04 18:54:17,2464.77,15.24,3.68
6831,2024-12-04 18:54:17,2465.12,15.24,3.68
6832,2024-12-04 18:54:17,2465.48,15.24,3.68
6833,2024-12-04 18:54:18,2465.84,15.24,3.68
6834,2024-12-04 18:54:18,2466.20,15.24,3.68
6835,2024-12-04 18:54:18,2466.54,15.24,3.68
6836,2024-12-04 18:54:19,2466.88,15.24,3.68
6837,2024-12-04 18:54:19,2467.23,15.24,3.68
6838,2024-12-04 18:54:19,2467.58,15.24,3.68
6839,2024-12-04 18:54:20,2467.94,15.24,3.68
6840,2024-12-04 18:54:20,2468.27,15.24,3.68
6841,2024-12-04 18:54:20,2468.62,15.24,3.68
6842,2024-12-04 18:54:21,2468.98,15.24,3.68
6843,2024-12-04 18:54:21,2469.33,15.24,3.68
6844,2024-12-04 18:54:21,2469.69,15.24,3.68
6845,2024-12-04 18:54:22,2470.05,15.24,3.68
6846,2024-12-04 18:54:22,2470.41,15.24,3.68
6847,2024-12-04 18:54:23,2470.76,15.24,3.68
6848,2024-12-04 18:54:23,2471.12,15.24,3.68
6849,2024-12-04 18:54:23,2471.48,15.24,3.68
6850,2024-12-04 18:54:24,2471.83,15.24,3.68
6851,2024-12-04 18:54:24,2472.18,15.24,3.68
6852,2024-12-04 18:54:24,2472.51,15.24,3.68
6853,2024-12-04 18:54:25,2472.85,15.24,3.68
6854,2024-12-04 18:54:25,2473.21,15.24,3.68
6855,2024-12-04 18:54:25,2473.56,15.24,3.68
6856,2024-12-04 18:54:26,2473.93,15.24,3.68
6857,2024-12-04 18:54:26,2474.30,15.24,3.68
6858,2024-12-04 18:54:26,2474.66,15.24,3.68
6859,2024-12-04 18:54:27,2475.01,15.24,3.68
6860,2024-12-04 18:54:27,2475.37,15.24,3.68
6861,2024-12-04 18:54:28,2475.74,15.24,3.68
6862,2024-12-04 18:54:28,2476.08,15.24,3.68
6863,2024-12-04 18:54:28,2476.44,15.24,3.68
6864,2024-12-04 18:54:29,2476.78,15.24,3.68
6865,2024-12-04 18:54:29,2477.14,15.24,3.68
6866,2024-12-04 18:54:29,2477.49,15.24,3.68
6867,2024-12-04 18:54:30,2477.84,15.24,3.68
6868,2024-12-04 18:54:30,2478.18,15.24,3.68
6869,2024-12-04 18:54:30,2478.52,15.24,3.68
6870,2024-12-04 18:54:31,2478.88,15.24,3.68
6871,2024-12-04 18:54:31,2479.24,15.24,3.68
6872,2024-12-04 18:54:31,2479.60,15.24,3.68
6873,2024-12-04 18:54:32,2479.95,15.24,3.68
6874,2024-12-04 18:54:32,2480.30,15.24,3.68
6875,2024-12-04 18:54:32,2480.66,15.24,3.68
6876,2024-12-04 18:54:33,2481.00,15.24,3.68
6877,2024-12-04 18:54:33,2481.34,15.24,3.68
6878,2024-12-04 18:54:33,2481.70,15.24,3.68
6879,2024-12-04 18:54:34,2482.05,15.24,3.68
6880,2024-12-04 18:54:34,2482.41,15.24,3.68
6881,2024-12-04 18:54:35,2482.77,15.24,3.68
6882,2024-12-04 18:54:35,2483.12,15.24,3.68
6883,2024-12-04 18:54:35,2483.46,15.24,3.68
6884,2024-12-04 18:54:36,2483.80,15.24,3.68
6885,2024-12-04 18:54:36,2484.15,15.24,3.68
6886,2024-12-04 18:54:36,2484.49,15.24,3.68
6887,2024-12-04 18:54:37,2484.84,15.24,3.68
6888,2024-12-04 18:54:37,2485.19,15.24,3.68
6889,2024-12-04 18:54:37,2485.55,15.24,3.68
6890,2024-12-04 18:54:38,2485.91,15.24,3.68
6891,2024-12-04 18:54:38,2486.26,15.24,3.68
6892,2024-12-04 18:54:38,2486.61,15.24,3.68
6893,2024-12-04 18:54:39,2486.95,15.24,3.68
6894,2024-12-04 18:54:39,2487.30,15.24,3.68
6895,2024-12-04 18:54:39,2487.65,15.24,3.68
6896,2024-12-04 18:54:40,2487.98,15.24,3.68
6897,2024-12-04 18:54:40,2488.33,15.24,3.68
6898,2024-12-04 18:54:40,2488.68,15.24,3.68
6899,2024-12-04 18:54:41,2489.05,15.24,3.68
6900,2024-12-04 18:54:41,2489.39,15.24,3.68
6901,2024-12-04 18:54:42,2489.75,15.24,3.68
6902,2024-12-04 18:54:42,2490.11,15.24,3.68
6903,2024-12-04 18:54:42,2490.47,15.24,3.68
6904,2024-12-04 18:54:43,2490.84,15.24,3.68
6905,2024-12-04 18:54:43,2491.20,15.24,3.68
6906,2024-12-04 18:54:43,2491.57,15.24,3.68
6907,2024-12-04 18:54:44,2491.93,15.24,3.68
6908,2024-12-04 18:54:44,2492.27,15.24,3.68
6909,2024-12-04 18:54:44,2492.62,15.24,3.68
6910,2024-12-04 18:54:45,2492.96,15.24,3.68
6911,2024-12-04 18:54:45,2493.30,15.24,3.68
6912,2024-12-04 18:54:45,2493.65,15.24,3.68
6913,2024-12-04 18:54:46,2493.98,15.24,3.68
6914,2024-12-04 18:54:46,2494.33,15.24,3.68
6915,2024-12-04 18:54:46,2494.66,15.24,3.68
6916,2024-12-04 18:54:47,2495.01,15.24,3.68
6917,2024-12-04 18:54:47,2495.35,15.24,3.68
6918,2024-12-04 18:54:47,2495.70,15.24,3.68
6919,2024-12-04 18:54:48,2496.06,15.24,3.68
6920,2024-12-04 18:54:48,2496.41,15.24,3.68
6921,2024-12-04 18:54:49,2496.76,15.24,3.68
6922,2024-12-04 18:54:49,2497.10,15.24,3.68
6923,2024-12-04 18:54:49,2497.42,15.24,3.68
6924,2024-12-04 18:54:50,2497.74,15.24,3.68
6925,2024-12-04 18:54:50,2498.09,15.24,3.68
6926,2024-12-04 18:54:50,2498.46,15.24,3.68
6927,2024-12-04 18:54:51,2498.81,15.24,3.68
6928,2024-12-04 18:54:51,2499.17,15.24,3.68
6929,2024-12-04 18:54:51,2499.53,15.24,3.68
6930,2024-12-04 18:54:52,2499.88,15.24,3.68
6931,2024-12-04 18:54:52,2500.24,15.24,3.68
6932,2024-12-04 18:54:52,2500.58,15.24,3.68
6933,2024-12-04 18:54:53,2500.92,15.24,3.68
6934,2024-12-04 18:54:53,2501.27,15.24,3.68
6935,2024-12-04 18:54:53,2501.62,15.24,3.68
6936,2024-12-04 18:54:54,2501.95,15.24,3.68
6937,2024-12-04 18:54:54,2502.30,15.24,3.68
6938,2024-12-04 18:54:54,2502.65,15.24,3.68
6939,2024-12-04 18:54:55,2503.01,15.24,3.68
6940,2024-12-04 18:54:55,2503.36,15.24,3.68
6941,2024-12-04 18:54:55,2503.72,15.24,3.68
6942,2024-12-04 18:54:56,2504.08,15.24,3.68
6943,2024-12-04 18:54:56,2504.43,15.24,3.68
6944,2024-12-04 18:54:57,2504.78,15.24,3.68
6945,2024-12-04 18:54:57,2505.14,15.24,3.68
6946,2024-12-04 18:54:57,2505.49,15.24,3.68
6947,2024-12-04 18:54:58,2505.86,15.24,3.68
6948,2024-12-04 18:54:58,2506.22,15.24,3.68
6949,2024-12-04 18:54:58,2506.57,15.24,3.68
6950,2024-12-04 18:54:59,2506.91,15.24,3.68
6951,2024-12-04 18:54:59,2507.27,15.24,3.68
6952,2024-12-04 18:54:59,2507.62,15.24,3.68
6953,2024-12-04 18:55:00,2507.97,15.24,3.68
6954,2024-12-04 18:55:00,2508.31,15.24,3.68
6955,2024-12-04 18:55:00,2508.66,15.24,3.68
6956,2024-12-04 18:55:01,2509.02,15.24,3.68
6957,2024-12-04 18:55:01,2509.36,15.24,3.68
6958,2024-12-04 18:55:01,2509.70,15.24,3.68
6959,2024-12-04 18:55:02,2510.05,15.24,3.68
6960,2024-12-04 18:55:02,2510.40,15.24,3.68
6961,2024-12-04 18:55:03,2510.75,15.24,3.68
6962,2024-12-04 18:55:03,2511.10,15.24,3.68
6963,2024-12-04 18:55:03,2511.45,15.24,3.68
6964,2024-12-04 18:55:04,2511.80,15.24,3.68
6965,2024-12-04 18:55:04,2512.17,15.24,3.68
6966,2024-12-04 18:55:04,2512.53,15.24,3.68
6967,2024-12-04 18:55:05,2512.87,15.24,3.68
6968,2024-12-04 18:55:05,2513.24,15.24,3.68
6969,2024-12-04 18:55:05,2513.59,15.24,3.68
6970,2024-12-04 18:55:06,2513.93,15.24,3.68
6971,2024-12-04 18:55:06,2514.28,15.24,3.68
6972,2024-12-04 18:55:06,2514.64,15.24,3.68
6973,2024-12-04 18:55:07,2515.00,15.24,3.68
6974,2024-12-04 18:55:07,2515.37,15.24,3.68
6975,2024-12-04 18:55:08,2515.73,15.24,3.68
6976,2024-12-04 18:55:08,2516.09,15.24,3.68
6977,2024-12-04 18:55:08,2516.45,15.24,3.68
6978,2024-12-04 18:55:09,2516.79,15.24,3.68
6979,2024-12-04 18:55:09,2517.14,15.24,3.68
6980,2024-12-04 18:55:09,2517.49,15.24,3.68
6981,2024-12-04 18:55:10,2517.83,15.24,3.68
6982,2024-12-04 18:55:10,2518.18,15.24,3.68
6983,2024-12-04 18:55:10,2518.54,15.24,3.68
6984,2024-12-04 18:55:11,2518.88,15.24,3.68
6985,2024-12-04 18:55:11,2519.23,15.24,3.68
6986,2024-12-04 18:55:11,2519.58,15.24,3.68
6987,2024-12-04 18:55:12,2519.94,15.24,3.68
6988,2024-12-04 18:55:12,2520.29,15.24,3.68
6989,2024-12-04 18:55:12,2520.63,15.24,3.68
6990,2024-12-04 18:55:13,2520.98,15.24,3.68
6991,2024-12-04 18:55:13,2521.34,15.24,3.68
6992,2024-12-04 18:55:13,2521.69,15.24,3.68
6993,2024-12-04 18:55:14,2522.04,15.24,3.68
6994,2024-12-04 18:55:14,2522.38,15.24,3.68
6995,2024-12-04 18:55:15,2522.74,15.24,3.68
6996,2024-12-04 18:55:15,2523.09,15.24,3.68
6997,2024-12-04 18:55:15,2523.45,15.24,3.68
6998,2024-12-04 18:55:16,2523.80,15.24,3.68
6999,2024-12-04 18:55:16,2524.17,15.24,3.68
7000,2024-12-04 18:55:16,2524.53,15.24,3.68
7001,2024-12-04 18:55:17,2524.89,15.24,3.68
7002,2024-12-04 18:55:17,2525.26,15.24,3.68
7003,2024-12-04 18:55:17,2525.59,15.24,3.68
7004,2024-12-04 18:55:18,2525.93,15.24,3.68
7005,2024-12-04 18:55:18,2526.28,15.24,3.68
7006,2024-12-04 18:55:18,2526.63,15.24,3.68
7007,2024-12-04 18:55:19,2526.97,15.24,3.68
7008,2024-12-04 18:55:19,2527.33,15.24,3.68
7009,2024-12-04 18:55:19,2527.67,15.24,3.68
7010,2024-12-04 18:55:20,2528.03,15.24,3.68
7011,2024-12-04 18:55:20,2528.37,15.24,3.68
7012,2024-12-04 18:55:20,2528.72,15.24,3.68
7013,2024-12-04 18:55:21,2529.08,15.24,3.68
7014,2024-12-04 18:55:21,2529.43,15.24,3.68
7015,2024-12-04 18:55:22,2529.78,15.24,3.68
7016,2024-12-04 18:55:22,2530.12,15.24,3.68
7017,2024-12-04 18:55:22,2530.46,15.24,3.68
7018,2024-12-04 18:55:23,2530.82,15.24,3.68
7019,2024-12-04 18:55:23,2531.16,15.24,3.68
7020,2024-12-04 18:55:23,2531.51,15.24,3.68
7021,2024-12-04 18:55:24,2531.87,15.24,3.68
7022,2024-12-04 18:55:24,2532.21,15.24,3.68
7023,2024-12-04 18:55:24,2532.56,15.24,3.68
7024,2024-12-04 18:55:25,2532.92,15.24,3.68
7025,2024-12-04 18:55:25,2533.26,15.24,3.68
7026,2024-12-04 18:55:25,2533.59,15.24,3.68
7027,2024-12-04 18:55:26,2533.92,15.24,3.68
7028,2024-12-04 18:55:26,2534.26,15.24,3.68
7029,2024-12-04 18:55:26,2534.61,15.24,3.68
7030,2024-12-04 18:55:27,2534.96,15.24,3.68
7031,2024-12-04 18:55:27,2535.30,15.24,3.68
7032,2024-12-04 18:55:27,2535.65,15.24,3.68
7033,2024-12-04 18:55:28,2536.02,15.24,3.68
7034,2024-12-04 18:55:28,2536.38,15.24,3.68
7035,2024-12-04 18:55:29,2536.75,15.24,3.68
7036,2024-12-04 18:55:29,2537.10,15.24,3.68
7037,2024-12-04 18:55:29,2537.44,15.24,3.68
7038,2024-12-04 18:55:30,2537.77,15.24,3.68
7039,2024-12-04 18:55:30,2538.12,15.24,3.68
7040,2024-12-04 18:55:30,2538.46,15.24,3.68
7041,2024-12-04 18:55:31,2538.82,15.24,3.68
7042,2024-12-04 18:55:31,2539.18,15.24,3.68
7043,2024-12-04 18:55:31,2539.53,15.24,3.68
7044,2024-12-04 18:55:32,2539.88,15.24,3.68
7045,2024-12-04 18:55:32,2540.22,15.24,3.68
7046,2024-12-04 18:55:32,2540.58,15.24,3.68
7047,2024-12-04 18:55:33,2540.94,15.24,3.68
7048,2024-12-04 18:55:33,2541.29,15.24,3.68
7049,2024-12-04 18:55:33,2541.64,15.24,3.68
7050,2024-12-04 18:55:34,2542.00,15.24,3.68
7051,2024-12-04 18:55:34,2542.35,15.24,3.68
7052,2024-12-04 18:55:34,2542.71,15.24,3.68
7053,2024-12-04 18:55:35,2543.05,15.24,3.68
7054,2024-12-04 18:55:35,2543.41,15.24,3.68
7055,2024-12-04 18:55:36,2543.77,15.24,3.68
7056,2024-12-04 18:55:36,2544.09,15.24,3.68
7057,2024-12-04 18:55:36,2544.43,15.24,3.68
7058,2024-12-04 18:55:37,2544.78,15.24,3.68
7059,2024-12-04 18:55:37,2545.14,15.24,3.68
7060,2024-12-04 18:55:37,2545.50,15.24,3.68
7061,2024-12-04 18:55:38,2545.85,15.24,3.68
7062,2024-12-04 18:55:38,2546.22,15.24,3.68
7063,2024-12-04 18:55:38,2546.57,15.24,3.68
7064,2024-12-04 18:55:39,2546.93,15.24,3.68
7065,2024-12-04 18:55:39,2547.25,15.24,3.68
7066,2024-12-04 18:55:39,2547.60,15.24,3.68
7067,2024-12-04 18:55:40,2547.95,15.24,3.68
7068,2024-12-04 18:55:40,2548.31,15.24,3.68
7069,2024-12-04 18:55:40,2548.66,15.24,3.68
7070,2024-12-04 18:55:41,2549.01,15.24,3.68
7071,2024-12-04 18:55:41,2549.38,15.24,3.68
7072,2024-12-04 18:55:42,2549.73,15.24,3.68
7073,2024-12-04 18:55:42,2550.09,15.24,3.68
7074,2024-12-04 18:55:42,2550.43,15.24,3.68
7075,2024-12-04 18:55:43,2550.78,15.24,3.68
7076,2024-12-04 18:55:43,2551.14,15.24,3.68
7077,2024-12-04 18:55:43,2551.48,15.24,3.68
7078,2024-12-04 18:55:44,2551.84,15.24,3.68
7079,2024-12-04 18:55:44,2552.16,15.24,3.68
7080,2024-12-04 18:55:44,2552.51,15.24,3.68
7081,2024-12-04 18:55:45,2552.87,15.24,3.68
7082,2024-12-04 18:55:45,2553.20,15.24,3.68
7083,2024-12-04 18:55:45,2553.54,15.24,3.68
7084,2024-12-04 18:55:46,2553.88,15.24,3.68
7085,2024-12-04 18:55:46,2554.22,15.24,3.68
7086,2024-12-04 18:55:46,2554.58,15.24,3.68
7087,2024-12-04 18:55:47,2554.93,15.24,3.68
7088,2024-12-04 18:55:47,2555.28,15.24,3.68
7089,2024-12-04 18:55:47,2555.64,15.24,3.68
7090,2024-12-04 18:55:48,2555.98,15.24,3.68
7091,2024-12-04 18:55:48,2556.33,15.24,3.68
7092,2024-12-04 18:55:48,2556.70,15.24,3.68
7093,2024-12-04 18:55:49,2557.04,15.24,3.68
7094,2024-12-04 18:55:49,2557.39,15.24,3.68
7095,2024-12-04 18:55:50,2557.75,15.24,3.68
7096,2024-12-04 18:55:50,2558.09,15.24,3.68
7097,2024-12-04 18:55:50,2558.42,15.24,3.68
7098,2024-12-04 18:55:51,2558.76,15.24,3.68
7099,2024-12-04 18:55:51,2559.11,15.24,3.68
7100,2024-12-04 18:55:51,2559.45,15.24,3.68
7101,2024-12-04 18:55:52,2559.81,15.24,3.68
7102,2024-12-04 18:55:52,2560.17,15.24,3.68
7103,2024-12-04 18:55:52,2560.53,15.24,3.68
7104,2024-12-04 18:55:53,2560.86,15.24,3.68
7105,2024-12-04 18:55:53,2561.21,15.24,3.68
7106,2024-12-04 18:55:53,2561.57,15.24,3.68
7107,2024-12-04 18:55:54,2561.93,15.24,3.68
7108,2024-12-04 18:55:54,2562.29,15.24,3.68
7109,2024-12-04 18:55:54,2562.64,15.24,3.68
7110,2024-12-04 18:55:55,2563.00,15.24,3.68
7111,2024-12-04 18:55:55,2563.37,15.24,3.68
7112,2024-12-04 18:55:56,2563.73,15.24,3.68
7113,2024-12-04 18:55:56,2564.09,15.24,3.68
7114,2024-12-04 18:55:56,2564.44,15.24,3.68
7115,2024-12-04 18:55:57,2564.79,15.24,3.68
7116,2024-12-04 18:55:57,2565.15,15.24,3.68
7117,2024-12-04 18:55:57,2565.50,15.24,3.68
7118,2024-12-04 18:55:58,2565.87,15.24,3.68
7119,2024-12-04 18:55:58,2566.21,15.24,3.68
7120,2024-12-04 18:55:58,2566.56,15.24,3.68
7121,2024-12-04 18:55:59,2566.90,15.24,3.68
7122,2024-12-04 18:55:59,2567.25,15.24,3.68
7123,2024-12-04 18:55:59,2567.60,15.24,3.68
7124,2024-12-04 18:56:00,2567.94,15.24,3.68
7125,2024-12-04 18:56:00,2568.29,15.24,3.68
7126,2024-12-04 18:56:00,2568.64,15.24,3.68
7127,2024-12-04 18:56:01,2569.00,15.24,3.68
7128,2024-12-04 18:56:01,2569.35,15.24,3.68
7129,2024-12-04 18:56:01,2569.70,15.24,3.68
7130,2024-12-04 18:56:02,2570.06,15.24,3.68
7131,2024-12-04 18:56:02,2570.41,15.24,3.68
7132,2024-12-04 18:56:03,2570.76,15.24,3.68
7133,2024-12-04 18:56:03,2571.10,15.24,3.68
7134,2024-12-04 18:56:03,2571.45,15.24,3.68
7135,2024-12-04 18:56:04,2571.80,15.24,3.68
7136,2024-12-04 18:56:04,2572.16,15.24,3.68
7137,2024-12-04 18:56:04,2572.53,15.24,3.68
7138,2024-12-04 18:56:05,2572.89,15.24,3.68
7139,2024-12-04 18:56:05,2573.25,15.24,3.68
7140,2024-12-04 18:56:05,2573.59,15.24,3.68
7141,2024-12-04 18:56:06,2573.94,15.24,3.68
7142,2024-12-04 18:56:06,2574.30,15.24,3.68
7143,2024-12-04 18:56:06,2574.65,15.24,3.68
7144,2024-12-04 18:56:07,2575.01,15.24,3.68
7145,2024-12-04 18:56:07,2575.36,15.24,3.68
7146,2024-12-04 18:56:07,2575.71,15.24,3.68
7147,2024-12-04 18:56:08,2576.07,15.24,3.68
7148,2024-12-04 18:56:08,2576.42,15.24,3.68
7149,2024-12-04 18:56:09,2576.76,15.24,3.68
7150,2024-12-04 18:56:09,2577.11,15.24,3.68
7151,2024-12-04 18:56:09,2577.46,15.24,3.68
7152,2024-12-04 18:56:10,2577.81,15.24,3.68
7153,2024-12-04 18:56:10,2578.16,15.24,3.68
7154,2024-12-04 18:56:10,2578.50,15.24,3.68
7155,2024-12-04 18:56:11,2578.84,15.24,3.68
7156,2024-12-04 18:56:11,2579.19,15.24,3.68
7157,2024-12-04 18:56:11,2579.52,15.24,3.68
7158,2024-12-04 18:56:12,2579.87,15.24,3.68
7159,2024-12-04 18:56:12,2580.24,15.24,3.68
7160,2024-12-04 18:56:12,2580.59,15.24,3.68
7161,2024-12-04 18:56:13,2580.94,15.24,3.68
7162,2024-12-04 18:56:13,2581.29,15.24,3.68
7163,2024-12-04 18:56:13,2581.63,15.24,3.68
7164,2024-12-04 18:56:14,2581.99,15.24,3.68
7165,2024-12-04 18:56:14,2582.34,15.24,3.68
7166,2024-12-04 18:56:14,2582.68,15.24,3.68
7167,2024-12-04 18:56:15,2583.03,15.24,3.68
7168,2024-12-04 18:56:15,2583.39,15.24,3.68
7169,2024-12-04 18:56:16,2583.73,15.24,3.68
7170,2024-12-04 18:56:16,2584.06,15.24,3.68
7171,2024-12-04 18:56:16,2584.39,15.24,3.68
7172,2024-12-04 18:56:17,2584.75,15.24,3.68
7173,2024-12-04 18:56:17,2585.11,15.24,3.68
7174,2024-12-04 18:56:17,2585.47,15.24,3.68
7175,2024-12-04 18:56:18,2585.81,15.24,3.68
7176,2024-12-04 18:56:18,2586.18,15.24,3.68
7177,2024-12-04 18:56:18,2586.53,15.24,3.68
7178,2024-12-04 18:56:19,2586.88,15.24,3.68
7179,2024-12-04 18:56:19,2587.24,15.24,3.68
7180,2024-12-04 18:56:19,2587.59,15.24,3.68
7181,2024-12-04 18:56:20,2587.93,15.24,3.68
7182,2024-12-04 18:56:20,2588.28,15.24,3.68
7183,2024-12-04 18:56:20,2588.63,15.24,3.68
7184,2024-12-04 18:56:21,2588.98,15.24,3.68
7185,2024-12-04 18:56:21,2589.35,15.24,3.68
7186,2024-12-04 18:56:21,2589.71,15.24,3.68
7187,2024-12-04 18:56:22,2590.07,15.24,3.68
7188,2024-12-04 18:56:22,2590.43,15.24,3.68
7189,2024-12-04 18:56:23,2590.79,15.24,3.68
7190,2024-12-04 18:56:23,2591.15,15.24,3.68
7191,2024-12-04 18:56:23,2591.51,15.24,3.68
7192,2024-12-04 18:56:24,2591.85,15.24,3.68
7193,2024-12-04 18:56:24,2592.22,15.24,3.68
7194,2024-12-04 18:56:24,2592.57,15.24,3.68
7195,2024-12-04 18:56:25,2592.91,15.24,3.68
7196,2024-12-04 18:56:25,2593.24,15.24,3.68
7197,2024-12-04 18:56:25,2593.59,15.24,3.68
7198,2024-12-04 18:56:26,2593.94,15.24,3.68
7199,2024-12-04 18:56:26,2594.30,15.24,3.68
7200,2024-12-04 18:56:26,2594.65,15.24,3.68
7201,2024-12-04 18:56:27,2594.99,15.24,3.68
7202,2024-12-04 18:56:27,2595.34,15.24,3.68
7203,2024-12-04 18:56:27,2595.69,15.24,3.68
7204,2024-12-04 18:56:28,2596.04,15.24,3.68
7205,2024-12-04 18:56:28,2596.40,15.24,3.68
7206,2024-12-04 18:56:29,2596.75,15.24,3.68
7207,2024-12-04 18:56:29,2597.10,15.24,3.68
7208,2024-12-04 18:56:29,2597.46,15.24,3.68
7209,2024-12-04 18:56:30,2597.82,15.24,3.68
7210,2024-12-04 18:56:30,2598.19,15.24,3.68
7211,2024-12-04 18:56:30,2598.54,15.24,3.68
7212,2024-12-04 18:56:31,2598.89,15.24,3.68
7213,2024-12-04 18:56:31,2599.24,15.24,3.68
7214,2024-12-04 18:56:31,2599.59,15.24,3.68
7215,2024-12-04 18:56:32,2599.94,15.24,3.68
7216,2024-12-04 18:56:32,2600.30,15.24,3.68
7217,2024-12-04 18:56:32,2600.65,15.24,3.68
7218,2024-12-04 18:56:33,2600.99,15.24,3.68
7219,2024-12-04 18:56:33,2601.31,15.24,3.68
7220,2024-12-04 18:56:33,2601.65,15.24,3.68
7221,2024-12-04 18:56:34,2602.00,15.24,3.68
7222,2024-12-04 18:56:34,2602.36,15.24,3.68
7223,2024-12-04 18:56:34,2602.70,15.24,3.68
7224,2024-12-04 18:56:35,2603.06,15.24,3.68
7225,2024-12-04 18:56:35,2603.40,15.24,3.68
7226,2024-12-04 18:56:36,2603.75,15.24,3.68
7227,2024-12-04 18:56:36,2604.09,15.24,3.68
7228,2024-12-04 18:56:36,2604.45,15.24,3.68
7229,2024-12-04 18:56:37,2604.80,15.24,3.68
7230,2024-12-04 18:56:37,2605.14,15.24,3.68
7231,2024-12-04 18:56:37,2605.49,15.24,3.68
7232,2024-12-04 18:56:38,2605.83,15.24,3.68
7233,2024-12-04 18:56:38,2606.18,15.24,3.68
7234,2024-12-04 18:56:38,2606.54,15.24,3.68
7235,2024-12-04 18:56:39,2606.88,15.24,3.68
7236,2024-12-04 18:56:39,2607.23,15.24,3.68
7237,2024-12-04 18:56:39,2607.58,15.24,3.68
7238,2024-12-04 18:56:40,2607.93,15.24,3.68
7239,2024-12-04 18:56:40,2608.27,15.24,3.68
7240,2024-12-04 18:56:40,2608.63,15.24,3.68
7241,2024-12-04 18:56:41,2608.97,15.24,3.68
7242,2024-12-04 18:56:41,2609.29,15.24,3.68
7243,2024-12-04 18:56:41,2609.63,15.24,3.68
7244,2024-12-04 18:56:42,2609.99,15.24,3.68
7245,2024-12-04 18:56:42,2610.34,15.24,3.68
7246,2024-12-04 18:56:42,2610.68,15.24,3.68
7247,2024-12-04 18:56:43,2611.03,15.24,3.68
7248,2024-12-04 18:56:43,2611.37,15.24,3.68
7249,2024-12-04 18:56:43,2611.72,15.24,3.68
7250,2024-12-04 18:56:44,2612.06,15.24,3.68
7251,2024-12-04 18:56:44,2612.42,15.24,3.68
7252,2024-12-04 18:56:45,2612.79,15.24,3.68
7253,2024-12-04 18:56:45,2613.15,15.24,3.68
7254,2024-12-04 18:56:45,2613.49,15.24,3.68
7255,2024-12-04 18:56:46,2613.85,15.24,3.68
7256,2024-12-04 18:56:46,2614.21,15.24,3.68
7257,2024-12-04 18:56:46,2614.56,15.24,3.68
7258,2024-12-04 18:56:47,2614.91,15.24,3.68
7259,2024-12-04 18:56:47,2615.26,15.24,3.68
7260,2024-12-04 18:56:47,2615.61,15.24,3.68
7261,2024-12-04 18:56:48,2615.98,15.24,3.68
7262,2024-12-04 18:56:48,2616.32,15.24,3.68
7263,2024-12-04 18:56:48,2616.68,15.24,3.68
7264,2024-12-04 18:56:49,2617.03,15.24,3.68
7265,2024-12-04 18:56:49,2617.39,15.24,3.68
7266,2024-12-04 18:56:50,2617.75,15.24,3.68
7267,2024-12-04 18:56:50,2618.10,15.24,3.68
7268,2024-12-04 18:56:50,2618.44,15.24,3.68
7269,2024-12-04 18:56:51,2618.79,15.24,3.68
7270,2024-12-04 18:56:51,2619.14,15.24,3.68
7271,2024-12-04 18:56:51,2619.51,15.24,3.68
7272,2024-12-04 18:56:52,2619.85,15.24,3.68
7273,2024-12-04 18:56:52,2620.19,15.24,3.68
7274,2024-12-04 18:56:52,2620.55,15.24,3.68
7275,2024-12-04 18:56:53,2620.91,15.24,3.68
7276,2024-12-04 18:56:53,2621.27,15.24,3.68
7277,2024-12-04 18:56:53,2621.62,15.24,3.68
7278,2024-12-04 18:56:54,2621.98,15.24,3.68
7279,2024-12-04 18:56:54,2622.32,15.24,3.68
7280,2024-12-04 18:56:54,2622.67,15.24,3.68
7281,2024-12-04 18:56:55,2623.02,15.24,3.68
7282,2024-12-04 18:56:55,2623.37,15.24,3.68
7283,2024-12-04 18:56:55,2623.71,15.24,3.68
7284,2024-12-04 18:56:56,2624.07,15.24,3.68
7285,2024-12-04 18:56:56,2624.43,15.24,3.68
7286,2024-12-04 18:56:57,2624.80,15.24,3.68
7287,2024-12-04 18:56:57,2625.13,15.24,3.68
7288,2024-12-04 18:56:57,2625.49,15.24,3.68
7289,2024-12-04 18:56:58,2625.85,15.24,3.68
7290,2024-12-04 18:56:58,2626.21,15.24,3.68
7291,2024-12-04 18:56:58,2626.57,15.24,3.68
7292,2024-12-04 18:56:59,2626.92,15.24,3.68
7293,2024-12-04 18:56:59,2627.27,15.24,3.68
7294,2024-12-04 18:56:59,2627.63,15.24,3.68
7295,2024-12-04 18:57:00,2627.98,15.24,3.68
7296,2024-12-04 18:57:00,2628.34,15.24,3.68
7297,2024-12-04 18:57:00,2628.70,15.24,3.68
7298,2024-12-04 18:57:01,2629.05,15.24,3.68
7299,2024-12-04 18:57:01,2629.39,15.24,3.68
7300,2024-12-04 18:57:02,2629.75,15.24,3.68
7301,2024-12-04 18:57:02,2630.10,15.24,3.68
7302,2024-12-04 18:57:02,2630.44,15.24,3.68
7303,2024-12-04 18:57:03,2630.79,15.24,3.68
7304,2024-12-04 18:57:03,2631.14,15.24,3.68
7305,2024-12-04 18:57:03,2631.51,15.24,3.68
7306,2024-12-04 18:57:04,2631.87,15.24,3.68
7307,2024-12-04 18:57:04,2632.21,15.24,3.68
7308,2024-12-04 18:57:04,2632.56,15.24,3.68
7309,2024-12-04 18:57:05,2632.91,15.24,3.68
7310,2024-12-04 18:57:05,2633.25,15.24,3.68
7311,2024-12-04 18:57:05,2633.60,15.24,3.68
7312,2024-12-04 18:57:06,2633.95,15.24,3.68
7313,2024-12-04 18:57:06,2634.30,15.24,3.68
7314,2024-12-04 18:57:06,2634.66,15.24,3.68
7315,2024-12-04 18:57:07,2635.01,15.24,3.68
7316,2024-12-04 18:57:07,2635.37,15.24,3.68
7317,2024-12-04 18:57:08,2635.73,15.24,3.68
7318,2024-12-04 18:57:08,2636.10,15.24,3.68
7319,2024-12-04 18:57:08,2636.43,15.24,3.68
7320,2024-12-04 18:57:09,2636.79,15.24,3.68
7321,2024-12-04 18:57:09,2637.13,15.24,3.68
7322,2024-12-04 18:57:09,2637.48,15.24,3.68
7323,2024-12-04 18:57:10,2637.85,15.24,3.68
7324,2024-12-04 18:57:10,2638.20,15.24,3.68
7325,2024-12-04 18:57:10,2638.56,15.24,3.68
7326,2024-12-04 18:57:11,2638.89,15.24,3.68
7327,2024-12-04 18:57:11,2639.23,15.24,3.68
7328,2024-12-04 18:57:11,2639.57,15.24,3.68
7329,2024-12-04 18:57:12,2639.92,15.24,3.68
7330,2024-12-04 18:57:12,2640.27,15.24,3.68
7331,2024-12-04 18:57:12,2640.61,15.24,3.68
7332,2024-12-04 18:57:13,2640.95,15.24,3.68
7333,2024-12-04 18:57:13,2641.32,15.24,3.68
7334,2024-12-04 18:57:13,2641.67,15.24,3.68
7335,2024-12-04 18:57:14,2642.02,15.24,3.68
7336,2024-12-04 18:57:14,2642.38,15.24,3.68
7337,2024-12-04 18:57:14,2642.72,15.24,3.68
7338,2024-12-04 18:57:15,2643.07,15.24,3.68
7339,2024-12-04 18:57:15,2643.42,15.24,3.68
7340,2024-12-04 18:57:16,2643.76,15.24,3.68
7341,2024-12-04 18:57:16,2644.10,15.24,3.68
7342,2024-12-04 18:57:16,2644.45,15.24,3.68
7343,2024-12-04 18:57:17,2644.80,15.24,3.68
7344,2024-12-04 18:57:17,2645.14,15.24,3.68
7345,2024-12-04 18:57:17,2645.50,15.24,3.68
7346,2024-12-04 18:57:18,2645.85,15.24,3.68
7347,2024-12-04 18:57:18,2646.21,15.24,3.68
7348,2024-12-04 18:57:18,2646.58,15.24,3.68
7349,2024-12-04 18:57:19,2646.93,15.24,3.68
7350,2024-12-04 18:57:19,2647.27,15.24,3.68
7351,2024-12-04 18:57:19,2647.62,15.24,3.68
7352,2024-12-04 18:57:20,2647.98,15.24,3.68
7353,2024-12-04 18:57:20,2648.33,15.24,3.68
7354,2024-12-04 18:57:20,2648.69,15.24,3.68
7355,2024-12-04 18:57:21,2649.05,15.24,3.68
7356,2024-12-04 18:57:21,2649.41,15.24,3.68
7357,2024-12-04 18:57:22,2649.75,15.24,3.68
7358,2024-12-04 18:57:22,2650.11,15.24,3.68
7359,2024-12-04 18:57:22,2650.45,15.24,3.68
7360,2024-12-04 18:57:23,2650.80,15.24,3.68
7361,2024-12-04 18:57:23,2651.16,15.24,3.68
7362,2024-12-04 18:57:23,2651.51,15.24,3.68
7363,2024-12-04 18:57:24,2651.86,15.24,3.68
7364,2024-12-04 18:57:24,2652.23,15.24,3.68
7365,2024-12-04 18:57:24,2652.57,15.24,3.68
7366,2024-12-04 18:57:25,2652.91,15.24,3.68
7367,2024-12-04 18:57:25,2653.27,15.24,3.68
7368,2024-12-04 18:57:25,2653.63,15.24,3.68
7369,2024-12-04 18:57:26,2653.98,15.24,3.68
7370,2024-12-04 18:57:26,2654.32,15.24,3.68
7371,2024-12-04 18:57:26,2654.68,15.24,3.68
7372,2024-12-04 18:57:27,2655.04,15.24,3.68
7373,2024-12-04 18:57:27,2655.40,15.24,3.68
7374,2024-12-04 18:57:28,2655.75,15.24,3.68
7375,2024-12-04 18:57:28,2656.10,15.24,3.68
7376,2024-12-04 18:57:28,2656.46,15.24,3.68
7377,2024-12-04 18:57:29,2656.80,15.24,3.68
7378,2024-12-04 18:57:29,2657.16,15.24,3.68
7379,2024-12-04 18:57:29,2657.51,15.24,3.68
7380,2024-12-04 18:57:30,2657.84,15.24,3.68
7381,2024-12-04 18:57:30,2658.20,15.24,3.68
7382,2024-12-04 18:57:30,2658.55,15.24,3.68
7383,2024-12-04 18:57:31,2658.90,15.24,3.68
7384,2024-12-04 18:57:31,2659.25,15.24,3.68
7385,2024-12-04 18:57:31,2659.60,15.24,3.68
7386,2024-12-04 18:57:32,2659.95,15.24,3.68
7387,2024-12-04 18:57:32,2660.30,15.24,3.68
7388,2024-12-04 18:57:32,2660.67,15.24,3.68
7389,2024-12-04 18:57:33,2661.03,15.24,3.68
7390,2024-12-04 18:57:33,2661.38,15.24,3.68
7391,2024-12-04 18:57:34,2661.73,15.24,3.68
7392,2024-12-04 18:57:34,2662.08,15.24,3.68
7393,2024-12-04 18:57:34,2662.45,15.24,3.68
7394,2024-12-04 18:57:35,2662.80,15.24,3.68
7395,2024-12-04 18:57:35,2663.17,15.24,3.68
7396,2024-12-04 18:57:35,2663.52,15.24,3.68
7397,2024-12-04 18:57:36,2663.87,15.24,3.68
7398,2024-12-04 18:57:36,2664.23,15.24,3.68
7399,2024-12-04 18:57:36,2664.58,15.24,3.68
7400,2024-12-04 18:57:37,2664.94,15.24,3.68
7401,2024-12-04 18:57:37,2665.29,15.24,3.68
7402,2024-12-04 18:57:37,2665.64,15.24,3.68
7403,2024-12-04 18:57:38,2666.00,15.24,3.68
7404,2024-12-04 18:57:38,2666.36,15.24,3.68
7405,2024-12-04 18:57:38,2666.72,15.24,3.68
7406,2024-12-04 18:57:39,2667.08,15.24,3.68
7407,2024-12-04 18:57:39,2667.43,15.24,3.68
7408,2024-12-04 18:57:40,2667.80,15.24,3.68
7409,2024-12-04 18:57:40,2668.14,15.24,3.68
7410,2024-12-04 18:57:40,2668.48,15.24,3.68
7411,2024-12-04 18:57:41,2668.84,15.24,3.68
7412,2024-12-04 18:57:41,2669.20,15.24,3.68
7413,2024-12-04 18:57:41,2669.56,15.24,3.68
7414,2024-12-04 18:57:42,2669.91,15.24,3.68
7415,2024-12-04 18:57:42,2670.26,15.24,3.68
7416,2024-12-04 18:57:42,2670.61,15.24,3.68
7417,2024-12-04 18:57:43,2670.97,15.24,3.68
7418,2024-12-04 18:57:43,2671.33,15.24,3.68
7419,2024-12-04 18:57:43,2671.68,15.24,3.68
7420,2024-12-04 18:57:44,2672.04,15.24,3.68
7421,2024-12-04 18:57:44,2672.39,15.24,3.68
7422,2024-12-04 18:57:45,2672.74,15.24,3.68
7423,2024-12-04 18:57:45,2673.09,15.24,3.68
7424,2024-12-04 18:57:45,2673.45,15.24,3.68
7425,2024-12-04 18:57:46,2673.81,15.24,3.68
7426,2024-12-04 18:57:46,2674.17,15.24,3.68
7427,2024-12-04 18:57:46,2674.51,15.24,3.68
7428,2024-12-04 18:57:47,2674.86,15.24,3.68
7429,2024-12-04 18:57:47,2675.19,15.24,3.68
7430,2024-12-04 18:57:47,2675.52,15.24,3.68
7431,2024-12-04 18:57:48,2675.86,15.24,3.68
7432,2024-12-04 18:57:48,2676.22,15.24,3.68
7433,2024-12-04 18:57:48,2676.57,15.24,3.68
7434,2024-12-04 18:57:49,2676.91,15.24,3.68
7435,2024-12-04 18:57:49,2677.25,15.24,3.68
7436,2024-12-04 18:57:49,2677.60,15.24,3.68
7437,2024-12-04 18:57:50,2677.95,15.24,3.68
7438,2024-12-04 18:57:50,2678.31,15.24,3.68
7439,2024-12-04 18:57:50,2678.67,15.24,3.68
7440,2024-12-04 18:57:51,2679.00,15.24,3.68
7441,2024-12-04 18:57:51,2679.33,15.24,3.68
7442,2024-12-04 18:57:51,2679.67,15.24,3.68
7443,2024-12-04 18:57:52,2680.03,15.24,3.68
7444,2024-12-04 18:57:52,2680.39,15.24,3.68
7445,2024-12-04 18:57:53,2680.75,15.24,3.68
7446,2024-12-04 18:57:53,2681.11,15.24,3.68
7447,2024-12-04 18:57:53,2681.46,15.24,3.68
7448,2024-12-04 18:57:54,2681.81,15.24,3.68
7449,2024-12-04 18:57:54,2682.16,15.24,3.68
7450,2024-12-04 18:57:54,2682.50,15.24,3.68
7451,2024-12-04 18:57:55,2682.85,15.24,3.68
7452,2024-12-04 18:57:55,2683.21,15.24,3.68
7453,2024-12-04 18:57:55,2683.56,15.24,3.68
7454,2024-12-04 18:57:56,2683.92,15.24,3.68
7455,2024-12-04 18:57:56,2684.26,15.24,3.68
7456,2024-12-04 18:57:56,2684.62,15.24,3.68
7457,2024-12-04 18:57:57,2684.98,15.24,3.68
7458,2024-12-04 18:57:57,2685.33,15.24,3.68
7459,2024-12-04 18:57:57,2685.66,15.24,3.68
7460,2024-12-04 18:57:58,2686.00,15.24,3.68
7461,2024-12-04 18:57:58,2686.36,15.24,3.68
7462,2024-12-04 18:57:58,2686.72,15.24,3.68
7463,2024-12-04 18:57:59,2687.06,15.24,3.68
7464,2024-12-04 18:57:59,2687.42,15.24,3.68
7465,2024-12-04 18:58:00,2687.78,15.24,3.68
7466,2024-12-04 18:58:00,2688.13,15.24,3.68
7467,2024-12-04 18:58:00,2688.48,15.24,3.68
7468,2024-12-04 18:58:01,2688.83,15.24,3.68
7469,2024-12-04 18:58:01,2689.20,15.24,3.68
7470,2024-12-04 18:58:01,2689.56,15.24,3.68
7471,2024-12-04 18:58:02,2689.92,15.24,3.68
7472,2024-12-04 18:58:02,2690.28,15.24,3.68
7473,2024-12-04 18:58:02,2690.64,15.24,3.68
7474,2024-12-04 18:58:03,2691.00,15.24,3.68
7475,2024-12-04 18:58:03,2691.36,15.24,3.68
7476,2024-12-04 18:58:04,2691.73,15.24,3.68
7477,2024-12-04 18:58:04,2692.08,15.24,3.68
7478,2024-12-04 18:58:04,2692.43,15.24,3.68
7479,2024-12-04 18:58:05,2692.78,15.24,3.68
7480,2024-12-04 18:58:05,2693.13,15.24,3.68
7481,2024-12-04 18:58:05,2693.46,15.24,3.68
7482,2024-12-04 18:58:06,2693.81,15.24,3.68
7483,2024-12-04 18:58:06,2694.16,15.24,3.68
7484,2024-12-04 18:58:06,2694.53,15.24,3.68
7485,2024-12-04 18:58:07,2694.88,15.24,3.68
7486,2024-12-04 18:58:07,2695.22,15.24,3.68
7487,2024-12-04 18:58:07,2695.58,15.24,3.68
7488,2024-12-04 18:58:08,2695.94,15.24,3.68
7489,2024-12-04 18:58:08,2696.30,15.24,3.68
7490,2024-12-04 18:58:08,2696.66,15.24,3.68
7491,2024-12-04 18:58:09,2697.02,15.24,3.68
7492,2024-12-04 18:58:09,2697.38,15.24,3.68
7493,2024-12-04 18:58:09,2697.72,15.24,3.68
7494,2024-12-04 18:58:10,2698.08,15.24,3.68
7495,2024-12-04 18:58:10,2698.43,15.24,3.68
7496,2024-12-04 18:58:11,2698.77,15.24,3.68
7497,2024-12-04 18:58:11,2699.12,15.24,3.68
7498,2024-12-04 18:58:11,2699.47,15.24,3.68
7499,2024-12-04 18:58:12,2699.81,15.24,3.68
7500,2024-12-04 18:58:12,2700.17,15.24,3.68
