Step,Timestamp,Time (s),RAM Usage (GB),GPU Memory Usage (GB)
1,2024-12-04 02:33:13,1.65,17.49,2.31
2,2024-12-04 02:33:14,2.33,17.49,2.31
3,2024-12-04 02:33:14,2.98,17.49,2.31
4,2024-12-04 02:33:15,3.65,17.49,2.31
5,2024-12-04 02:33:16,4.31,17.49,2.31
6,2024-12-04 02:33:16,4.97,17.49,2.31
7,2024-12-04 02:33:17,5.63,17.49,2.31
8,2024-12-04 02:33:18,6.30,17.49,2.31
9,2024-12-04 02:33:18,6.97,17.49,2.31
10,2024-12-04 02:33:19,7.64,17.49,2.31
11,2024-12-04 02:33:20,8.30,17.49,2.31
12,2024-12-04 02:33:20,8.96,17.49,2.31
13,2024-12-04 02:33:21,9.63,17.49,2.31
14,2024-12-04 02:33:22,10.28,17.49,2.31
15,2024-12-04 02:33:22,10.95,17.49,2.31
16,2024-12-04 02:33:23,11.60,17.49,2.31
17,2024-12-04 02:33:24,12.26,17.49,2.31
18,2024-12-04 02:33:24,12.92,17.49,2.31
19,2024-12-04 02:33:25,13.60,17.49,2.31
20,2024-12-04 02:33:26,14.26,17.49,2.31
21,2024-12-04 02:33:26,14.92,17.49,2.31
22,2024-12-04 02:33:27,15.59,17.49,2.31
23,2024-12-04 02:33:28,16.27,17.49,2.31
24,2024-12-04 02:33:28,16.93,17.49,2.31
25,2024-12-04 02:33:29,17.60,17.49,2.31
26,2024-12-04 02:33:30,18.27,17.49,2.31
27,2024-12-04 02:33:30,18.94,17.49,2.31
28,2024-12-04 02:33:31,19.60,17.49,2.31
29,2024-12-04 02:33:32,20.27,17.49,2.31
30,2024-12-04 02:33:32,20.94,17.49,2.31
31,2024-12-04 02:33:33,21.61,17.49,2.31
32,2024-12-04 02:33:34,22.26,17.49,2.31
33,2024-12-04 02:33:34,22.93,17.49,2.31
34,2024-12-04 02:33:35,23.59,17.49,2.31
35,2024-12-04 02:33:36,24.27,17.49,2.31
36,2024-12-04 02:33:36,24.93,17.49,2.31
37,2024-12-04 02:33:37,25.60,17.49,2.31
38,2024-12-04 02:33:38,26.26,17.49,2.31
39,2024-12-04 02:33:38,26.93,17.49,2.31
40,2024-12-04 02:33:39,27.61,17.49,2.31
41,2024-12-04 02:33:40,28.28,17.49,2.31
42,2024-12-04 02:33:40,28.94,17.49,2.31
43,2024-12-04 02:33:41,29.60,17.49,2.31
44,2024-12-04 02:33:42,30.27,17.49,2.31
45,2024-12-04 02:33:42,30.92,17.49,2.31
46,2024-12-04 02:33:43,31.59,17.49,2.31
47,2024-12-04 02:33:44,32.26,17.49,2.31
48,2024-12-04 02:33:44,32.93,17.49,2.31
49,2024-12-04 02:33:45,33.60,17.49,2.31
50,2024-12-04 02:33:46,34.26,17.49,2.31
51,2024-12-04 02:33:46,34.92,17.49,2.31
52,2024-12-04 02:33:47,35.58,17.49,2.31
53,2024-12-04 02:33:48,36.25,17.49,2.31
54,2024-12-04 02:33:48,36.90,17.49,2.31
55,2024-12-04 02:33:49,37.57,17.49,2.31
56,2024-12-04 02:33:50,38.23,17.49,2.31
57,2024-12-04 02:33:50,38.90,17.49,2.31
58,2024-12-04 02:33:51,39.56,17.49,2.31
59,2024-12-04 02:33:52,40.23,17.49,2.31
60,2024-12-04 02:33:52,40.88,17.49,2.31
61,2024-12-04 02:33:53,41.56,17.49,2.31
62,2024-12-04 02:33:54,42.22,17.49,2.31
63,2024-12-04 02:33:54,42.89,17.49,2.31
64,2024-12-04 02:33:55,43.56,17.49,2.31
65,2024-12-04 02:33:56,44.22,17.49,2.31
66,2024-12-04 02:33:56,44.89,17.49,2.31
67,2024-12-04 02:33:57,45.55,17.49,2.31
68,2024-12-04 02:33:58,46.20,17.49,2.31
69,2024-12-04 02:33:58,46.87,17.49,2.31
70,2024-12-04 02:33:59,47.53,17.49,2.31
71,2024-12-04 02:34:00,48.18,17.49,2.31
72,2024-12-04 02:34:00,48.84,17.49,2.31
73,2024-12-04 02:34:01,49.50,17.49,2.31
74,2024-12-04 02:34:01,50.17,17.49,2.31
75,2024-12-04 02:34:02,50.83,17.49,2.31
76,2024-12-04 02:34:03,51.50,17.49,2.31
77,2024-12-04 02:34:03,52.15,17.49,2.31
78,2024-12-04 02:34:04,52.83,17.49,2.31
79,2024-12-04 02:34:05,53.49,17.49,2.31
80,2024-12-04 02:34:05,54.14,17.49,2.31
81,2024-12-04 02:34:06,54.81,17.49,2.31
82,2024-12-04 02:34:07,55.46,17.49,2.31
83,2024-12-04 02:34:07,56.13,17.49,2.31
84,2024-12-04 02:34:08,56.79,17.49,2.31
85,2024-12-04 02:34:09,57.45,17.49,2.31
86,2024-12-04 02:34:09,58.11,17.49,2.31
87,2024-12-04 02:34:10,58.78,17.49,2.31
88,2024-12-04 02:34:11,59.45,17.49,2.31
89,2024-12-04 02:34:11,60.10,17.49,2.31
90,2024-12-04 02:34:12,60.77,17.49,2.31
91,2024-12-04 02:34:13,61.42,17.49,2.31
92,2024-12-04 02:34:13,62.09,17.49,2.31
93,2024-12-04 02:34:14,62.74,17.49,2.31
94,2024-12-04 02:34:15,63.40,17.49,2.31
95,2024-12-04 02:34:15,64.06,17.49,2.31
96,2024-12-04 02:34:16,64.73,17.49,2.31
97,2024-12-04 02:34:17,65.40,17.49,2.31
98,2024-12-04 02:34:17,66.06,17.49,2.31
99,2024-12-04 02:34:18,66.71,17.49,2.31
100,2024-12-04 02:34:19,67.39,17.49,2.31
101,2024-12-04 02:34:19,68.05,17.49,2.31
102,2024-12-04 02:34:20,68.71,17.49,2.31
103,2024-12-04 02:34:21,69.37,17.49,2.31
104,2024-12-04 02:34:21,70.04,17.49,2.31
105,2024-12-04 02:34:22,70.70,17.49,2.31
106,2024-12-04 02:34:23,71.36,17.49,2.31
107,2024-12-04 02:34:23,72.02,17.49,2.31
108,2024-12-04 02:34:24,72.68,17.49,2.31
109,2024-12-04 02:34:25,73.34,17.49,2.31
110,2024-12-04 02:34:25,74.01,17.49,2.31
111,2024-12-04 02:34:26,74.67,17.49,2.31
112,2024-12-04 02:34:27,75.35,17.49,2.31
113,2024-12-04 02:34:27,76.01,17.49,2.31
114,2024-12-04 02:34:28,76.68,17.49,2.31
115,2024-12-04 02:34:29,77.34,17.49,2.31
116,2024-12-04 02:34:29,78.00,17.49,2.31
117,2024-12-04 02:34:30,78.66,17.49,2.31
118,2024-12-04 02:34:31,79.33,17.49,2.31
119,2024-12-04 02:34:31,79.99,17.49,2.31
120,2024-12-04 02:34:32,80.65,17.49,2.31
121,2024-12-04 02:34:33,81.31,17.49,2.31
122,2024-12-04 02:34:33,81.97,17.49,2.31
123,2024-12-04 02:34:34,82.63,17.49,2.31
124,2024-12-04 02:34:35,83.29,17.49,2.31
125,2024-12-04 02:34:35,83.94,17.49,2.31
126,2024-12-04 02:34:36,84.63,17.49,2.31
127,2024-12-04 02:34:37,85.29,17.49,2.31
128,2024-12-04 02:34:37,85.95,17.49,2.31
129,2024-12-04 02:34:38,86.60,17.49,2.31
130,2024-12-04 02:34:39,87.27,17.49,2.31
131,2024-12-04 02:34:39,87.93,17.49,2.31
132,2024-12-04 02:34:40,88.60,17.49,2.31
133,2024-12-04 02:34:41,89.25,17.49,2.31
134,2024-12-04 02:34:41,89.91,17.49,2.31
135,2024-12-04 02:34:42,90.56,17.49,2.31
136,2024-12-04 02:34:43,91.23,17.49,2.31
137,2024-12-04 02:34:43,91.89,17.49,2.31
138,2024-12-04 02:34:44,92.55,17.49,2.31
139,2024-12-04 02:34:45,93.22,17.49,2.31
140,2024-12-04 02:34:45,93.88,17.49,2.31
141,2024-12-04 02:34:46,94.54,17.49,2.31
142,2024-12-04 02:34:47,95.20,17.49,2.31
143,2024-12-04 02:34:47,95.85,17.49,2.31
144,2024-12-04 02:34:48,96.51,17.49,2.31
145,2024-12-04 02:34:48,97.17,17.49,2.31
146,2024-12-04 02:34:49,97.83,17.49,2.31
147,2024-12-04 02:34:50,98.49,17.49,2.31
148,2024-12-04 02:34:50,99.15,17.49,2.31
149,2024-12-04 02:34:51,99.80,17.49,2.31
150,2024-12-04 02:34:52,100.46,17.49,2.31
151,2024-12-04 02:34:52,101.12,17.49,2.31
152,2024-12-04 02:34:53,101.78,17.49,2.31
153,2024-12-04 02:34:54,102.44,17.49,2.31
154,2024-12-04 02:34:54,103.09,17.49,2.31
155,2024-12-04 02:34:55,103.76,17.49,2.31
156,2024-12-04 02:34:56,104.41,17.49,2.31
157,2024-12-04 02:34:56,105.08,17.49,2.31
158,2024-12-04 02:34:57,105.74,17.49,2.31
159,2024-12-04 02:34:58,106.40,17.49,2.31
160,2024-12-04 02:34:58,107.06,17.49,2.31
161,2024-12-04 02:34:59,107.72,17.49,2.31
162,2024-12-04 02:35:00,108.38,17.49,2.31
163,2024-12-04 02:35:00,109.04,17.49,2.31
164,2024-12-04 02:35:01,109.69,17.49,2.31
165,2024-12-04 02:35:02,110.37,17.49,2.31
166,2024-12-04 02:35:02,111.04,17.49,2.31
167,2024-12-04 02:35:03,111.69,17.49,2.31
168,2024-12-04 02:35:04,112.35,17.49,2.31
169,2024-12-04 02:35:04,113.01,17.49,2.31
170,2024-12-04 02:35:05,113.67,17.49,2.31
171,2024-12-04 02:35:06,114.33,17.49,2.31
172,2024-12-04 02:35:06,114.98,17.49,2.31
173,2024-12-04 02:35:07,115.64,17.49,2.31
174,2024-12-04 02:35:08,116.29,17.49,2.31
175,2024-12-04 02:35:08,116.95,17.49,2.31
176,2024-12-04 02:35:09,117.61,17.49,2.31
177,2024-12-04 02:35:10,118.27,17.49,2.31
178,2024-12-04 02:35:10,118.93,17.49,2.31
179,2024-12-04 02:35:11,119.60,17.49,2.31
180,2024-12-04 02:35:12,120.25,17.49,2.31
181,2024-12-04 02:35:12,120.92,17.49,2.31
182,2024-12-04 02:35:13,121.58,17.49,2.31
183,2024-12-04 02:35:14,122.24,17.49,2.31
184,2024-12-04 02:35:14,122.90,17.49,2.31
185,2024-12-04 02:35:15,123.57,17.49,2.31
186,2024-12-04 02:35:16,124.23,17.49,2.31
187,2024-12-04 02:35:16,124.89,17.49,2.31
188,2024-12-04 02:35:17,125.55,17.49,2.31
189,2024-12-04 02:35:18,126.21,17.49,2.31
190,2024-12-04 02:35:18,126.87,17.49,2.31
191,2024-12-04 02:35:19,127.54,17.49,2.31
192,2024-12-04 02:35:20,128.20,17.49,2.31
193,2024-12-04 02:35:20,128.86,17.49,2.31
194,2024-12-04 02:35:21,129.52,17.49,2.31
195,2024-12-04 02:35:22,130.18,17.49,2.31
196,2024-12-04 02:35:22,130.84,17.49,2.31
197,2024-12-04 02:35:23,131.50,17.49,2.31
198,2024-12-04 02:35:23,132.17,17.49,2.31
199,2024-12-04 02:35:24,132.82,17.49,2.31
200,2024-12-04 02:35:25,133.48,17.49,2.31
201,2024-12-04 02:35:25,134.13,17.49,2.31
202,2024-12-04 02:35:26,134.80,17.49,2.31
203,2024-12-04 02:35:27,135.46,17.49,2.31
204,2024-12-04 02:35:27,136.14,17.49,2.31
205,2024-12-04 02:35:28,136.80,17.49,2.31
206,2024-12-04 02:35:29,137.46,17.49,2.31
207,2024-12-04 02:35:29,138.13,17.49,2.31
208,2024-12-04 02:35:30,138.79,17.49,2.31
209,2024-12-04 02:35:31,139.45,17.49,2.31
210,2024-12-04 02:35:31,140.11,17.49,2.31
211,2024-12-04 02:35:32,140.77,17.49,2.31
212,2024-12-04 02:35:33,141.42,17.49,2.31
213,2024-12-04 02:35:33,142.08,17.49,2.31
214,2024-12-04 02:35:34,142.73,17.49,2.31
215,2024-12-04 02:35:35,143.39,17.49,2.31
216,2024-12-04 02:35:35,144.05,17.49,2.31
217,2024-12-04 02:35:36,144.73,17.49,2.31
218,2024-12-04 02:35:37,145.39,17.49,2.31
219,2024-12-04 02:35:37,146.05,17.49,2.31
220,2024-12-04 02:35:38,146.71,17.49,2.31
221,2024-12-04 02:35:39,147.38,17.49,2.31
222,2024-12-04 02:35:39,148.04,17.49,2.31
223,2024-12-04 02:35:40,148.70,17.49,2.31
224,2024-12-04 02:35:41,149.36,17.49,2.31
225,2024-12-04 02:35:41,150.02,17.49,2.31
226,2024-12-04 02:35:42,150.69,17.49,2.31
227,2024-12-04 02:35:43,151.34,17.49,2.31
228,2024-12-04 02:35:43,152.01,17.49,2.31
229,2024-12-04 02:35:44,152.68,17.49,2.31
230,2024-12-04 02:35:45,153.34,17.49,2.31
231,2024-12-04 02:35:45,154.01,17.49,2.31
232,2024-12-04 02:35:46,154.67,17.49,2.31
233,2024-12-04 02:35:47,155.33,17.49,2.31
234,2024-12-04 02:35:47,155.99,17.49,2.31
235,2024-12-04 02:35:48,156.65,17.49,2.31
236,2024-12-04 02:35:49,157.30,17.49,2.31
237,2024-12-04 02:35:49,157.96,17.49,2.31
238,2024-12-04 02:35:50,158.63,17.49,2.31
239,2024-12-04 02:35:51,159.30,17.49,2.31
240,2024-12-04 02:35:51,159.97,17.49,2.31
241,2024-12-04 02:35:52,160.63,17.49,2.31
242,2024-12-04 02:35:53,161.29,17.49,2.31
243,2024-12-04 02:35:53,161.97,17.49,2.31
244,2024-12-04 02:35:54,162.63,17.49,2.31
245,2024-12-04 02:35:55,163.29,17.49,2.31
246,2024-12-04 02:35:55,163.95,17.49,2.31
247,2024-12-04 02:35:56,164.61,17.49,2.31
248,2024-12-04 02:35:57,165.27,17.49,2.31
249,2024-12-04 02:35:57,165.92,17.49,2.31
250,2024-12-04 02:35:58,166.59,17.49,2.31
251,2024-12-04 02:35:59,167.25,17.49,2.31
252,2024-12-04 02:35:59,167.91,17.49,2.31
253,2024-12-04 02:36:00,168.57,17.49,2.31
254,2024-12-04 02:36:01,169.23,17.49,2.31
255,2024-12-04 02:36:01,169.89,17.49,2.31
256,2024-12-04 02:36:02,170.56,17.49,2.31
257,2024-12-04 02:36:03,171.23,17.49,2.31
258,2024-12-04 02:36:03,171.89,17.49,2.31
259,2024-12-04 02:36:04,172.56,17.49,2.31
260,2024-12-04 02:36:05,173.23,17.49,2.31
261,2024-12-04 02:36:05,173.88,17.49,2.31
262,2024-12-04 02:36:06,174.54,17.49,2.31
263,2024-12-04 02:36:07,175.21,17.49,2.31
264,2024-12-04 02:36:07,175.87,17.49,2.31
265,2024-12-04 02:36:08,176.53,17.49,2.31
266,2024-12-04 02:36:09,177.18,17.49,2.31
267,2024-12-04 02:36:09,177.85,17.49,2.31
268,2024-12-04 02:36:10,178.51,17.49,2.31
269,2024-12-04 02:36:11,179.17,17.49,2.31
270,2024-12-04 02:36:11,179.85,17.49,2.31
271,2024-12-04 02:36:12,180.51,17.49,2.31
272,2024-12-04 02:36:12,181.17,17.49,2.31
273,2024-12-04 02:36:13,181.84,17.49,2.31
274,2024-12-04 02:36:14,182.49,17.49,2.31
275,2024-12-04 02:36:14,183.15,17.49,2.31
276,2024-12-04 02:36:15,183.82,17.49,2.31
277,2024-12-04 02:36:16,184.47,17.49,2.31
278,2024-12-04 02:36:16,185.13,17.49,2.31
279,2024-12-04 02:36:17,185.80,17.49,2.31
280,2024-12-04 02:36:18,186.46,17.49,2.31
281,2024-12-04 02:36:18,187.12,17.49,2.31
282,2024-12-04 02:36:19,187.79,17.49,2.31
283,2024-12-04 02:36:20,188.45,17.49,2.31
284,2024-12-04 02:36:20,189.12,17.49,2.31
285,2024-12-04 02:36:21,189.77,17.49,2.31
286,2024-12-04 02:36:22,190.44,17.49,2.31
287,2024-12-04 02:36:22,191.10,17.49,2.31
288,2024-12-04 02:36:23,191.76,17.49,2.31
289,2024-12-04 02:36:24,192.42,17.49,2.31
290,2024-12-04 02:36:24,193.08,17.49,2.31
291,2024-12-04 02:36:25,193.75,17.49,2.31
292,2024-12-04 02:36:26,194.41,17.49,2.31
293,2024-12-04 02:36:26,195.07,17.49,2.31
294,2024-12-04 02:36:27,195.73,17.49,2.31
295,2024-12-04 02:36:28,196.40,17.49,2.31
296,2024-12-04 02:36:28,197.07,17.49,2.31
297,2024-12-04 02:36:29,197.72,17.49,2.31
298,2024-12-04 02:36:30,198.39,17.49,2.31
299,2024-12-04 02:36:30,199.04,17.49,2.31
300,2024-12-04 02:36:31,199.71,17.49,2.31
301,2024-12-04 02:36:32,200.37,17.49,2.31
302,2024-12-04 02:36:32,201.04,17.49,2.31
303,2024-12-04 02:36:33,201.70,17.49,2.31
304,2024-12-04 02:36:34,202.36,17.49,2.31
305,2024-12-04 02:36:34,203.01,17.49,2.31
306,2024-12-04 02:36:35,203.68,17.49,2.31
307,2024-12-04 02:36:36,204.34,17.49,2.31
308,2024-12-04 02:36:36,205.01,17.49,2.31
309,2024-12-04 02:36:37,205.67,17.49,2.31
310,2024-12-04 02:36:38,206.33,17.49,2.31
311,2024-12-04 02:36:38,207.00,17.49,2.31
312,2024-12-04 02:36:39,207.66,17.49,2.31
313,2024-12-04 02:36:40,208.32,17.49,2.31
314,2024-12-04 02:36:40,209.00,17.49,2.31
315,2024-12-04 02:36:41,209.65,17.49,2.31
316,2024-12-04 02:36:42,210.32,17.49,2.31
317,2024-12-04 02:36:42,210.97,17.49,2.31
318,2024-12-04 02:36:43,211.64,17.49,2.31
319,2024-12-04 02:36:44,212.30,17.49,2.31
320,2024-12-04 02:36:44,212.96,17.49,2.31
321,2024-12-04 02:36:45,213.63,17.49,2.31
322,2024-12-04 02:36:46,214.30,17.49,2.31
323,2024-12-04 02:36:46,214.96,17.49,2.31
324,2024-12-04 02:36:47,215.62,17.49,2.31
325,2024-12-04 02:36:48,216.29,17.49,2.31
326,2024-12-04 02:36:48,216.94,17.49,2.31
327,2024-12-04 02:36:49,217.60,17.49,2.31
328,2024-12-04 02:36:50,218.26,17.49,2.31
329,2024-12-04 02:36:50,218.93,17.49,2.31
330,2024-12-04 02:36:51,219.59,17.49,2.31
331,2024-12-04 02:36:52,220.25,17.49,2.31
332,2024-12-04 02:36:52,220.91,17.49,2.31
333,2024-12-04 02:36:53,221.57,17.49,2.31
334,2024-12-04 02:36:54,222.25,17.49,2.31
335,2024-12-04 02:36:54,222.91,17.49,2.31
336,2024-12-04 02:36:55,223.57,17.49,2.31
337,2024-12-04 02:36:56,224.23,17.49,2.31
338,2024-12-04 02:36:56,224.89,17.49,2.31
339,2024-12-04 02:36:57,225.55,17.49,2.31
340,2024-12-04 02:36:58,226.20,17.49,2.31
341,2024-12-04 02:36:58,226.87,17.49,2.31
342,2024-12-04 02:36:59,227.53,17.49,2.31
343,2024-12-04 02:37:00,228.20,17.49,2.31
344,2024-12-04 02:37:00,228.86,17.49,2.31
345,2024-12-04 02:37:01,229.52,17.49,2.31
346,2024-12-04 02:37:02,230.18,17.49,2.31
347,2024-12-04 02:37:02,230.85,17.49,2.31
348,2024-12-04 02:37:03,231.53,17.49,2.31
349,2024-12-04 02:37:04,232.18,17.49,2.31
350,2024-12-04 02:37:04,232.84,17.49,2.31
351,2024-12-04 02:37:05,233.50,17.49,2.31
352,2024-12-04 02:37:05,234.17,17.49,2.31
353,2024-12-04 02:37:06,234.82,17.49,2.31
354,2024-12-04 02:37:07,235.48,17.49,2.31
355,2024-12-04 02:37:07,236.15,17.49,2.31
356,2024-12-04 02:37:08,236.81,17.49,2.31
357,2024-12-04 02:37:09,237.48,17.49,2.31
358,2024-12-04 02:37:09,238.14,17.49,2.31
359,2024-12-04 02:37:10,238.81,17.49,2.31
360,2024-12-04 02:37:11,239.48,17.49,2.31
361,2024-12-04 02:37:11,240.14,17.49,2.31
362,2024-12-04 02:37:12,240.80,17.49,2.31
363,2024-12-04 02:37:13,241.46,17.49,2.31
364,2024-12-04 02:37:13,242.12,17.49,2.31
365,2024-12-04 02:37:14,242.78,17.49,2.31
366,2024-12-04 02:37:15,243.43,17.49,2.31
367,2024-12-04 02:37:15,244.09,17.49,2.31
368,2024-12-04 02:37:16,244.75,17.49,2.31
369,2024-12-04 02:37:17,245.41,17.49,2.31
370,2024-12-04 02:37:17,246.06,17.49,2.31
371,2024-12-04 02:37:18,246.72,17.49,2.31
372,2024-12-04 02:37:19,247.38,17.49,2.31
373,2024-12-04 02:37:19,248.04,17.49,2.31
374,2024-12-04 02:37:20,248.70,17.49,2.31
375,2024-12-04 02:37:21,249.36,17.49,2.31
376,2024-12-04 02:37:21,250.02,17.49,2.31
377,2024-12-04 02:37:22,250.68,17.49,2.31
378,2024-12-04 02:37:23,251.33,17.49,2.31
379,2024-12-04 02:37:23,251.99,17.49,2.31
380,2024-12-04 02:37:24,252.66,17.49,2.31
381,2024-12-04 02:37:25,253.31,17.49,2.31
382,2024-12-04 02:37:25,253.98,17.49,2.31
383,2024-12-04 02:37:26,254.63,17.49,2.31
384,2024-12-04 02:37:27,255.29,17.49,2.31
385,2024-12-04 02:37:27,255.96,17.49,2.31
386,2024-12-04 02:37:28,256.61,17.49,2.31
387,2024-12-04 02:37:29,257.28,17.49,2.31
388,2024-12-04 02:37:29,257.94,17.49,2.31
389,2024-12-04 02:37:30,258.59,17.49,2.31
390,2024-12-04 02:37:31,259.25,17.49,2.31
391,2024-12-04 02:37:31,259.90,17.49,2.31
392,2024-12-04 02:37:32,260.56,17.49,2.31
393,2024-12-04 02:37:33,261.22,17.49,2.31
394,2024-12-04 02:37:33,261.87,17.49,2.31
395,2024-12-04 02:37:34,262.52,17.49,2.31
396,2024-12-04 02:37:35,263.18,17.49,2.31
397,2024-12-04 02:37:35,263.85,17.49,2.31
398,2024-12-04 02:37:36,264.50,17.49,2.31
399,2024-12-04 02:37:37,265.17,17.49,2.31
400,2024-12-04 02:37:37,265.84,17.49,2.31
401,2024-12-04 02:37:38,266.51,17.49,2.31
402,2024-12-04 02:37:38,267.17,17.49,2.31
403,2024-12-04 02:37:39,267.83,17.49,2.31
404,2024-12-04 02:37:40,268.49,17.49,2.31
405,2024-12-04 02:37:40,269.15,17.49,2.31
406,2024-12-04 02:37:41,269.81,17.49,2.31
407,2024-12-04 02:37:42,270.47,17.49,2.31
408,2024-12-04 02:37:42,271.13,17.49,2.31
409,2024-12-04 02:37:43,271.79,17.49,2.31
410,2024-12-04 02:37:44,272.45,17.49,2.31
411,2024-12-04 02:37:44,273.11,17.49,2.31
412,2024-12-04 02:37:45,273.78,17.49,2.31
413,2024-12-04 02:37:46,274.45,17.49,2.31
414,2024-12-04 02:37:46,275.10,17.49,2.31
415,2024-12-04 02:37:47,275.76,17.49,2.31
416,2024-12-04 02:37:48,276.42,17.49,2.31
417,2024-12-04 02:37:48,277.08,17.49,2.31
418,2024-12-04 02:37:49,277.74,17.49,2.31
419,2024-12-04 02:37:50,278.40,17.49,2.31
420,2024-12-04 02:37:50,279.05,17.49,2.31
421,2024-12-04 02:37:51,279.72,17.49,2.31
422,2024-12-04 02:37:52,280.37,17.49,2.31
423,2024-12-04 02:37:52,281.03,17.49,2.31
424,2024-12-04 02:37:53,281.68,17.49,2.31
425,2024-12-04 02:37:54,282.36,17.49,2.31
426,2024-12-04 02:37:54,283.02,17.49,2.31
427,2024-12-04 02:37:55,283.69,17.49,2.31
428,2024-12-04 02:37:56,284.35,17.49,2.31
429,2024-12-04 02:37:56,285.00,17.49,2.31
430,2024-12-04 02:37:57,285.67,17.49,2.31
431,2024-12-04 02:37:58,286.33,17.49,2.31
432,2024-12-04 02:37:58,286.99,17.49,2.31
433,2024-12-04 02:37:59,287.65,17.49,2.31
434,2024-12-04 02:38:00,288.31,17.49,2.31
435,2024-12-04 02:38:00,288.98,17.49,2.31
436,2024-12-04 02:38:01,289.62,17.49,2.31
437,2024-12-04 02:38:02,290.29,17.49,2.31
438,2024-12-04 02:38:02,290.95,17.49,2.31
439,2024-12-04 02:38:03,291.62,17.49,2.31
440,2024-12-04 02:38:04,292.28,17.49,2.31
441,2024-12-04 02:38:04,292.94,17.49,2.31
442,2024-12-04 02:38:05,293.60,17.49,2.31
443,2024-12-04 02:38:06,294.27,17.49,2.31
444,2024-12-04 02:38:06,294.93,17.49,2.31
445,2024-12-04 02:38:07,295.58,17.49,2.31
446,2024-12-04 02:38:08,296.24,17.49,2.31
447,2024-12-04 02:38:08,296.91,17.49,2.31
448,2024-12-04 02:38:09,297.57,17.49,2.31
449,2024-12-04 02:38:10,298.23,17.49,2.31
450,2024-12-04 02:38:10,298.89,17.49,2.31
451,2024-12-04 02:38:11,299.57,17.49,2.31
452,2024-12-04 02:38:12,300.23,17.49,2.31
453,2024-12-04 02:38:12,300.90,17.49,2.31
454,2024-12-04 02:38:13,301.56,17.49,2.31
455,2024-12-04 02:38:14,302.23,17.49,2.31
456,2024-12-04 02:38:14,302.89,17.49,2.31
457,2024-12-04 02:38:15,303.55,17.49,2.31
458,2024-12-04 02:38:16,304.21,17.49,2.31
459,2024-12-04 02:38:16,304.87,17.49,2.31
460,2024-12-04 02:38:17,305.53,17.49,2.31
461,2024-12-04 02:38:18,306.20,17.49,2.31
462,2024-12-04 02:38:18,306.86,17.49,2.31
463,2024-12-04 02:38:19,307.52,17.49,2.31
464,2024-12-04 02:38:20,308.19,17.49,2.31
465,2024-12-04 02:38:20,308.85,17.49,2.31
466,2024-12-04 02:38:21,309.51,17.49,2.31
467,2024-12-04 02:38:22,310.17,17.49,2.31
468,2024-12-04 02:38:22,310.84,17.49,2.31
469,2024-12-04 02:38:23,311.50,17.49,2.31
470,2024-12-04 02:38:23,312.16,17.49,2.31
471,2024-12-04 02:38:24,312.83,17.49,2.31
472,2024-12-04 02:38:25,313.48,17.49,2.31
473,2024-12-04 02:38:25,314.16,17.49,2.31
474,2024-12-04 02:38:26,314.81,17.49,2.31
475,2024-12-04 02:38:27,315.47,17.49,2.31
476,2024-12-04 02:38:27,316.13,17.49,2.31
477,2024-12-04 02:38:28,316.80,17.49,2.31
478,2024-12-04 02:38:29,317.46,17.49,2.31
479,2024-12-04 02:38:29,318.13,17.49,2.31
480,2024-12-04 02:38:30,318.80,17.49,2.31
481,2024-12-04 02:38:31,319.46,17.49,2.31
482,2024-12-04 02:38:31,320.12,17.49,2.31
483,2024-12-04 02:38:32,320.78,17.49,2.31
484,2024-12-04 02:38:33,321.45,17.49,2.31
485,2024-12-04 02:38:33,322.11,17.49,2.31
486,2024-12-04 02:38:34,322.76,17.49,2.31
487,2024-12-04 02:38:35,323.42,17.49,2.31
488,2024-12-04 02:38:35,324.08,17.49,2.31
489,2024-12-04 02:38:36,324.75,17.49,2.31
490,2024-12-04 02:38:37,325.42,17.49,2.31
491,2024-12-04 02:38:37,326.08,17.49,2.31
492,2024-12-04 02:38:38,326.75,17.49,2.31
493,2024-12-04 02:38:39,327.40,17.49,2.31
494,2024-12-04 02:38:39,328.07,17.49,2.31
495,2024-12-04 02:38:40,328.72,17.49,2.31
496,2024-12-04 02:38:41,329.39,17.49,2.31
497,2024-12-04 02:38:41,330.05,17.49,2.31
498,2024-12-04 02:38:42,330.71,17.49,2.31
499,2024-12-04 02:38:43,331.37,17.49,2.31
500,2024-12-04 02:38:43,332.04,17.49,2.31
501,2024-12-04 02:38:44,332.70,17.49,2.31
502,2024-12-04 02:38:45,333.36,17.49,2.31
503,2024-12-04 02:38:45,334.03,17.49,2.31
504,2024-12-04 02:38:46,334.70,17.49,2.31
505,2024-12-04 02:38:47,335.35,17.49,2.31
506,2024-12-04 02:38:47,336.01,17.49,2.31
507,2024-12-04 02:38:48,336.67,17.49,2.31
508,2024-12-04 02:38:49,337.33,17.49,2.31
509,2024-12-04 02:38:49,337.99,17.49,2.31
510,2024-12-04 02:38:50,338.65,17.49,2.31
511,2024-12-04 02:38:51,339.30,17.49,2.31
512,2024-12-04 02:38:51,339.97,17.49,2.31
513,2024-12-04 02:38:52,340.63,17.49,2.31
514,2024-12-04 02:38:53,341.30,17.49,2.31
515,2024-12-04 02:38:53,341.95,17.49,2.31
516,2024-12-04 02:38:54,342.63,17.49,2.31
517,2024-12-04 02:38:55,343.29,17.49,2.31
518,2024-12-04 02:38:55,343.95,17.49,2.31
519,2024-12-04 02:38:56,344.60,17.49,2.31
520,2024-12-04 02:38:57,345.27,17.49,2.31
521,2024-12-04 02:38:57,345.93,17.49,2.31
522,2024-12-04 02:38:58,346.59,17.49,2.31
523,2024-12-04 02:38:59,347.25,17.49,2.31
524,2024-12-04 02:38:59,347.91,17.49,2.31
525,2024-12-04 02:39:00,348.57,17.49,2.31
526,2024-12-04 02:39:01,349.24,17.49,2.31
527,2024-12-04 02:39:01,349.90,17.49,2.31
528,2024-12-04 02:39:02,350.57,17.49,2.31
529,2024-12-04 02:39:03,351.24,17.49,2.31
530,2024-12-04 02:39:03,351.91,17.49,2.31
531,2024-12-04 02:39:04,352.58,17.49,2.31
532,2024-12-04 02:39:05,353.24,17.49,2.31
533,2024-12-04 02:39:05,353.91,17.49,2.31
534,2024-12-04 02:39:06,354.58,17.49,2.31
535,2024-12-04 02:39:07,355.25,17.49,2.31
536,2024-12-04 02:39:07,355.91,17.49,2.31
537,2024-12-04 02:39:08,356.58,17.49,2.31
538,2024-12-04 02:39:09,357.24,17.49,2.31
539,2024-12-04 02:39:09,357.91,17.49,2.31
540,2024-12-04 02:39:10,358.57,17.49,2.31
541,2024-12-04 02:39:11,359.23,17.49,2.31
542,2024-12-04 02:39:11,359.91,17.49,2.31
543,2024-12-04 02:39:12,360.57,17.49,2.31
544,2024-12-04 02:39:13,361.23,17.49,2.31
545,2024-12-04 02:39:13,361.90,17.49,2.31
546,2024-12-04 02:39:14,362.57,17.49,2.31
547,2024-12-04 02:39:15,363.24,17.49,2.31
548,2024-12-04 02:39:15,363.90,17.49,2.31
549,2024-12-04 02:39:16,364.58,17.49,2.31
550,2024-12-04 02:39:17,365.24,17.49,2.31
551,2024-12-04 02:39:17,365.91,17.49,2.31
552,2024-12-04 02:39:18,366.57,17.49,2.31
553,2024-12-04 02:39:19,367.24,17.49,2.31
554,2024-12-04 02:39:19,367.90,17.49,2.31
555,2024-12-04 02:39:20,368.58,17.49,2.31
556,2024-12-04 02:39:21,369.25,17.49,2.31
557,2024-12-04 02:39:21,369.91,17.49,2.31
558,2024-12-04 02:39:22,370.57,17.49,2.31
559,2024-12-04 02:39:23,371.23,17.49,2.31
560,2024-12-04 02:39:23,371.90,17.49,2.31
561,2024-12-04 02:39:24,372.56,17.49,2.31
562,2024-12-04 02:39:25,373.22,17.49,2.31
563,2024-12-04 02:39:25,373.88,17.49,2.31
564,2024-12-04 02:39:26,374.55,17.49,2.31
565,2024-12-04 02:39:27,375.22,17.49,2.31
566,2024-12-04 02:39:27,375.88,17.49,2.31
567,2024-12-04 02:39:28,376.55,17.49,2.31
568,2024-12-04 02:39:29,377.22,17.49,2.31
569,2024-12-04 02:39:29,377.89,17.49,2.31
570,2024-12-04 02:39:30,378.55,17.49,2.31
571,2024-12-04 02:39:31,379.21,17.49,2.31
572,2024-12-04 02:39:31,379.87,17.49,2.31
573,2024-12-04 02:39:32,380.53,17.49,2.31
574,2024-12-04 02:39:33,381.19,17.49,2.31
575,2024-12-04 02:39:33,381.86,17.49,2.31
576,2024-12-04 02:39:34,382.52,17.49,2.31
577,2024-12-04 02:39:35,383.19,17.49,2.31
578,2024-12-04 02:39:35,383.86,17.49,2.31
579,2024-12-04 02:39:36,384.51,17.49,2.31
580,2024-12-04 02:39:37,385.18,17.49,2.31
581,2024-12-04 02:39:37,385.85,17.49,2.31
582,2024-12-04 02:39:38,386.52,17.49,2.31
583,2024-12-04 02:39:39,387.17,17.49,2.31
584,2024-12-04 02:39:39,387.83,17.49,2.31
585,2024-12-04 02:39:40,388.50,17.49,2.31
586,2024-12-04 02:39:40,389.16,17.49,2.31
587,2024-12-04 02:39:41,389.82,17.49,2.31
588,2024-12-04 02:39:42,390.48,17.49,2.31
589,2024-12-04 02:39:42,391.14,17.49,2.31
590,2024-12-04 02:39:43,391.80,17.49,2.31
591,2024-12-04 02:39:44,392.47,17.49,2.31
592,2024-12-04 02:39:44,393.13,17.49,2.31
593,2024-12-04 02:39:45,393.80,17.49,2.31
594,2024-12-04 02:39:46,394.47,17.49,2.31
595,2024-12-04 02:39:46,395.14,17.49,2.31
596,2024-12-04 02:39:47,395.81,17.49,2.31
597,2024-12-04 02:39:48,396.47,17.49,2.31
598,2024-12-04 02:39:48,397.14,17.49,2.31
599,2024-12-04 02:39:49,397.81,17.49,2.31
600,2024-12-04 02:39:50,398.47,17.49,2.31
601,2024-12-04 02:39:50,399.14,17.49,2.31
602,2024-12-04 02:39:51,399.81,17.49,2.31
603,2024-12-04 02:39:52,400.47,17.49,2.31
604,2024-12-04 02:39:52,401.12,17.49,2.31
605,2024-12-04 02:39:53,401.79,17.49,2.31
606,2024-12-04 02:39:54,402.44,17.49,2.31
607,2024-12-04 02:39:54,403.11,17.49,2.31
608,2024-12-04 02:39:55,403.77,17.49,2.31
609,2024-12-04 02:39:56,404.43,17.49,2.31
610,2024-12-04 02:39:56,405.09,17.49,2.31
611,2024-12-04 02:39:57,405.75,17.49,2.31
612,2024-12-04 02:39:58,406.40,17.49,2.31
613,2024-12-04 02:39:58,407.06,17.49,2.31
614,2024-12-04 02:39:59,407.71,17.49,2.31
615,2024-12-04 02:40:00,408.37,17.49,2.31
616,2024-12-04 02:40:00,409.03,17.49,2.31
617,2024-12-04 02:40:01,409.68,17.49,2.31
618,2024-12-04 02:40:02,410.35,17.49,2.31
619,2024-12-04 02:40:02,411.01,17.49,2.31
620,2024-12-04 02:40:03,411.68,17.49,2.31
621,2024-12-04 02:40:04,412.35,17.49,2.31
622,2024-12-04 02:40:04,413.01,17.49,2.31
623,2024-12-04 02:40:05,413.68,17.49,2.31
624,2024-12-04 02:40:06,414.34,17.49,2.31
625,2024-12-04 02:40:06,415.00,17.49,2.31
626,2024-12-04 02:40:07,415.66,17.49,2.31
627,2024-12-04 02:40:08,416.33,17.49,2.31
628,2024-12-04 02:40:08,416.99,17.49,2.31
629,2024-12-04 02:40:09,417.66,17.49,2.31
630,2024-12-04 02:40:10,418.32,17.49,2.31
631,2024-12-04 02:40:10,418.98,17.49,2.31
632,2024-12-04 02:40:11,419.64,17.49,2.31
633,2024-12-04 02:40:12,420.31,17.49,2.31
634,2024-12-04 02:40:12,420.97,17.49,2.31
635,2024-12-04 02:40:13,421.63,17.49,2.31
636,2024-12-04 02:40:14,422.29,17.49,2.31
637,2024-12-04 02:40:14,422.95,17.49,2.31
638,2024-12-04 02:40:15,423.61,17.49,2.31
639,2024-12-04 02:40:16,424.28,17.49,2.31
640,2024-12-04 02:40:16,424.93,17.49,2.31
641,2024-12-04 02:40:17,425.60,17.49,2.31
642,2024-12-04 02:40:18,426.26,17.49,2.31
643,2024-12-04 02:40:18,426.91,17.49,2.31
644,2024-12-04 02:40:19,427.57,17.49,2.31
645,2024-12-04 02:40:20,428.23,17.49,2.31
646,2024-12-04 02:40:20,428.90,17.49,2.31
647,2024-12-04 02:40:21,429.57,17.49,2.31
648,2024-12-04 02:40:22,430.22,17.49,2.31
649,2024-12-04 02:40:22,430.88,17.49,2.31
650,2024-12-04 02:40:23,431.53,17.49,2.31
651,2024-12-04 02:40:24,432.18,17.49,2.31
652,2024-12-04 02:40:24,432.84,17.49,2.31
653,2024-12-04 02:40:25,433.50,17.49,2.31
654,2024-12-04 02:40:25,434.16,17.49,2.31
655,2024-12-04 02:40:26,434.81,17.49,2.31
656,2024-12-04 02:40:27,435.48,17.49,2.31
657,2024-12-04 02:40:27,436.14,17.49,2.31
658,2024-12-04 02:40:28,436.80,17.49,2.31
659,2024-12-04 02:40:29,437.47,17.49,2.31
660,2024-12-04 02:40:29,438.13,17.49,2.31
661,2024-12-04 02:40:30,438.79,17.49,2.31
662,2024-12-04 02:40:31,439.45,17.49,2.31
663,2024-12-04 02:40:31,440.11,17.49,2.31
664,2024-12-04 02:40:32,440.78,17.49,2.31
665,2024-12-04 02:40:33,441.43,17.49,2.31
666,2024-12-04 02:40:33,442.10,17.49,2.31
667,2024-12-04 02:40:34,442.76,17.49,2.31
668,2024-12-04 02:40:35,443.41,17.49,2.31
669,2024-12-04 02:40:35,444.07,17.49,2.31
670,2024-12-04 02:40:36,444.73,17.49,2.31
671,2024-12-04 02:40:37,445.38,17.49,2.31
672,2024-12-04 02:40:37,446.06,17.49,2.31
673,2024-12-04 02:40:38,446.73,17.49,2.31
674,2024-12-04 02:40:39,447.39,17.49,2.31
675,2024-12-04 02:40:39,448.04,17.49,2.31
676,2024-12-04 02:40:40,448.70,17.49,2.31
677,2024-12-04 02:40:41,449.36,17.49,2.31
678,2024-12-04 02:40:41,450.02,17.49,2.31
679,2024-12-04 02:40:42,450.68,17.49,2.31
680,2024-12-04 02:40:43,451.34,17.49,2.31
681,2024-12-04 02:40:43,452.00,17.49,2.31
682,2024-12-04 02:40:44,452.67,17.49,2.31
683,2024-12-04 02:40:45,453.33,17.49,2.31
684,2024-12-04 02:40:45,453.99,17.49,2.31
685,2024-12-04 02:40:46,454.65,17.49,2.31
686,2024-12-04 02:40:47,455.32,17.49,2.31
687,2024-12-04 02:40:47,455.98,17.49,2.31
688,2024-12-04 02:40:48,456.64,17.49,2.31
689,2024-12-04 02:40:49,457.31,17.49,2.31
690,2024-12-04 02:40:49,457.97,17.49,2.31
691,2024-12-04 02:40:50,458.63,17.49,2.31
692,2024-12-04 02:40:51,459.29,17.49,2.31
693,2024-12-04 02:40:51,459.96,17.49,2.31
694,2024-12-04 02:40:52,460.62,17.49,2.31
695,2024-12-04 02:40:53,461.28,17.49,2.31
696,2024-12-04 02:40:53,461.94,17.49,2.31
697,2024-12-04 02:40:54,462.60,17.49,2.31
698,2024-12-04 02:40:55,463.27,17.49,2.31
699,2024-12-04 02:40:55,463.94,17.49,2.31
700,2024-12-04 02:40:56,464.60,17.49,2.31
701,2024-12-04 02:40:57,465.27,17.49,2.31
702,2024-12-04 02:40:57,465.94,17.49,2.31
703,2024-12-04 02:40:58,466.60,17.49,2.31
704,2024-12-04 02:40:59,467.26,17.49,2.31
705,2024-12-04 02:40:59,467.93,17.49,2.31
706,2024-12-04 02:41:00,468.59,17.49,2.31
707,2024-12-04 02:41:01,469.26,17.49,2.31
708,2024-12-04 02:41:01,469.93,17.49,2.31
709,2024-12-04 02:41:02,470.59,17.49,2.31
710,2024-12-04 02:41:03,471.25,17.49,2.31
711,2024-12-04 02:41:03,471.92,17.49,2.31
712,2024-12-04 02:41:04,472.59,17.49,2.31
713,2024-12-04 02:41:05,473.23,17.49,2.31
714,2024-12-04 02:41:05,473.90,17.49,2.31
715,2024-12-04 02:41:06,474.56,17.49,2.31
716,2024-12-04 02:41:07,475.23,17.49,2.31
717,2024-12-04 02:41:07,475.88,17.49,2.31
718,2024-12-04 02:41:08,476.54,17.49,2.31
719,2024-12-04 02:41:09,477.21,17.49,2.31
720,2024-12-04 02:41:09,477.87,17.49,2.31
721,2024-12-04 02:41:10,478.54,17.49,2.31
722,2024-12-04 02:41:11,479.19,17.49,2.31
723,2024-12-04 02:41:11,479.86,17.49,2.31
724,2024-12-04 02:41:12,480.54,17.49,2.31
725,2024-12-04 02:41:13,481.19,17.49,2.31
726,2024-12-04 02:41:13,481.85,17.49,2.31
727,2024-12-04 02:41:14,482.51,17.49,2.31
728,2024-12-04 02:41:14,483.17,17.49,2.31
729,2024-12-04 02:41:15,483.82,17.49,2.31
730,2024-12-04 02:41:16,484.49,17.49,2.31
731,2024-12-04 02:41:16,485.16,17.49,2.31
732,2024-12-04 02:41:17,485.83,17.49,2.31
733,2024-12-04 02:41:18,486.49,17.49,2.31
734,2024-12-04 02:41:18,487.15,17.49,2.31
735,2024-12-04 02:41:19,487.80,17.49,2.31
736,2024-12-04 02:41:20,488.47,17.49,2.31
737,2024-12-04 02:41:20,489.13,17.49,2.31
738,2024-12-04 02:41:21,489.81,17.49,2.31
739,2024-12-04 02:41:22,490.46,17.49,2.31
740,2024-12-04 02:41:22,491.14,17.49,2.31
741,2024-12-04 02:41:23,491.80,17.49,2.31
742,2024-12-04 02:41:24,492.47,17.49,2.31
743,2024-12-04 02:41:24,493.13,17.49,2.31
744,2024-12-04 02:41:25,493.79,17.49,2.31
745,2024-12-04 02:41:26,494.45,17.49,2.31
746,2024-12-04 02:41:26,495.11,17.49,2.31
747,2024-12-04 02:41:27,495.77,17.49,2.31
748,2024-12-04 02:41:28,496.43,17.49,2.31
749,2024-12-04 02:41:28,497.10,17.49,2.31
750,2024-12-04 02:41:29,497.76,17.49,2.31
751,2024-12-04 02:41:30,498.43,17.49,2.31
752,2024-12-04 02:41:30,499.08,17.49,2.31
753,2024-12-04 02:41:31,499.74,17.49,2.31
754,2024-12-04 02:41:32,500.39,17.49,2.31
755,2024-12-04 02:41:32,501.06,17.49,2.31
756,2024-12-04 02:41:33,501.72,17.49,2.31
757,2024-12-04 02:41:34,502.39,17.49,2.31
758,2024-12-04 02:41:34,503.04,17.49,2.31
759,2024-12-04 02:41:35,503.70,17.49,2.31
760,2024-12-04 02:41:36,504.36,17.49,2.31
761,2024-12-04 02:41:36,505.02,17.49,2.31
762,2024-12-04 02:41:37,505.68,17.49,2.31
763,2024-12-04 02:41:38,506.34,17.49,2.31
764,2024-12-04 02:41:38,507.01,17.49,2.31
765,2024-12-04 02:41:39,507.67,17.49,2.31
766,2024-12-04 02:41:40,508.33,17.49,2.31
767,2024-12-04 02:41:40,508.99,17.49,2.31
768,2024-12-04 02:41:41,509.66,17.49,2.31
769,2024-12-04 02:41:42,510.32,17.49,2.31
770,2024-12-04 02:41:42,510.99,17.49,2.31
771,2024-12-04 02:41:43,511.65,17.49,2.31
772,2024-12-04 02:41:44,512.31,17.49,2.31
773,2024-12-04 02:41:44,512.97,17.49,2.31
774,2024-12-04 02:41:45,513.64,17.49,2.31
775,2024-12-04 02:41:46,514.30,17.49,2.31
776,2024-12-04 02:41:46,514.97,17.49,2.31
777,2024-12-04 02:41:47,515.64,17.49,2.31
778,2024-12-04 02:41:48,516.29,17.49,2.31
779,2024-12-04 02:41:48,516.96,17.49,2.31
780,2024-12-04 02:41:49,517.62,17.49,2.31
781,2024-12-04 02:41:50,518.27,17.49,2.31
782,2024-12-04 02:41:50,518.95,17.49,2.31
783,2024-12-04 02:41:51,519.61,17.49,2.31
784,2024-12-04 02:41:52,520.26,17.49,2.31
785,2024-12-04 02:41:52,520.92,17.49,2.31
786,2024-12-04 02:41:53,521.57,17.49,2.31
787,2024-12-04 02:41:54,522.24,17.49,2.31
788,2024-12-04 02:41:54,522.90,17.49,2.31
789,2024-12-04 02:41:55,523.56,17.49,2.31
790,2024-12-04 02:41:56,524.23,17.49,2.31
791,2024-12-04 02:41:56,524.89,17.49,2.31
792,2024-12-04 02:41:57,525.55,17.49,2.31
793,2024-12-04 02:41:58,526.20,17.49,2.31
794,2024-12-04 02:41:58,526.87,17.49,2.31
795,2024-12-04 02:41:59,527.52,17.49,2.31
796,2024-12-04 02:42:00,528.18,17.49,2.31
797,2024-12-04 02:42:00,528.84,17.49,2.31
798,2024-12-04 02:42:01,529.50,17.49,2.31
799,2024-12-04 02:42:01,530.16,17.49,2.31
800,2024-12-04 02:42:02,530.82,17.49,2.31
801,2024-12-04 02:42:03,531.49,17.49,2.31
802,2024-12-04 02:42:03,532.15,17.49,2.31
803,2024-12-04 02:42:04,532.83,17.49,2.31
804,2024-12-04 02:42:05,533.47,17.49,2.31
805,2024-12-04 02:42:05,534.14,17.49,2.31
806,2024-12-04 02:42:06,534.80,17.49,2.31
807,2024-12-04 02:42:07,535.46,17.49,2.31
808,2024-12-04 02:42:07,536.11,17.49,2.31
809,2024-12-04 02:42:08,536.78,17.49,2.31
810,2024-12-04 02:42:09,537.45,17.49,2.31
811,2024-12-04 02:42:09,538.11,17.49,2.31
812,2024-12-04 02:42:10,538.77,17.49,2.31
813,2024-12-04 02:42:11,539.43,17.49,2.31
814,2024-12-04 02:42:11,540.09,17.49,2.31
815,2024-12-04 02:42:12,540.75,17.49,2.31
816,2024-12-04 02:42:13,541.42,17.49,2.31
817,2024-12-04 02:42:13,542.08,17.49,2.31
818,2024-12-04 02:42:14,542.74,17.49,2.31
819,2024-12-04 02:42:15,543.39,17.49,2.31
820,2024-12-04 02:42:15,544.04,17.49,2.31
821,2024-12-04 02:42:16,544.71,17.49,2.31
822,2024-12-04 02:42:17,545.37,17.49,2.31
823,2024-12-04 02:42:17,546.02,17.49,2.31
824,2024-12-04 02:42:18,546.69,17.49,2.31
825,2024-12-04 02:42:19,547.34,17.49,2.31
826,2024-12-04 02:42:19,548.01,17.49,2.31
827,2024-12-04 02:42:20,548.66,17.49,2.31
828,2024-12-04 02:42:21,549.33,17.49,2.31
829,2024-12-04 02:42:21,550.00,17.49,2.31
830,2024-12-04 02:42:22,550.65,17.49,2.31
831,2024-12-04 02:42:23,551.32,17.49,2.31
832,2024-12-04 02:42:23,551.97,17.49,2.31
833,2024-12-04 02:42:24,552.64,17.49,2.31
834,2024-12-04 02:42:25,553.29,17.49,2.31
835,2024-12-04 02:42:25,553.94,17.49,2.31
836,2024-12-04 02:42:26,554.59,17.49,2.31
837,2024-12-04 02:42:27,555.25,17.49,2.31
838,2024-12-04 02:42:27,555.91,17.49,2.31
839,2024-12-04 02:42:28,556.57,17.49,2.31
840,2024-12-04 02:42:29,557.22,17.49,2.31
841,2024-12-04 02:42:29,557.89,17.49,2.31
842,2024-12-04 02:42:30,558.56,17.49,2.31
843,2024-12-04 02:42:31,559.22,17.49,2.31
844,2024-12-04 02:42:31,559.87,17.49,2.31
845,2024-12-04 02:42:32,560.54,17.49,2.31
846,2024-12-04 02:42:33,561.20,17.49,2.31
847,2024-12-04 02:42:33,561.87,17.49,2.31
848,2024-12-04 02:42:34,562.53,17.49,2.31
849,2024-12-04 02:42:35,563.19,17.49,2.31
850,2024-12-04 02:42:35,563.85,17.49,2.31
851,2024-12-04 02:42:36,564.52,17.49,2.31
852,2024-12-04 02:42:37,565.17,17.49,2.31
853,2024-12-04 02:42:37,565.83,17.49,2.31
854,2024-12-04 02:42:38,566.50,17.49,2.31
855,2024-12-04 02:42:38,567.17,17.49,2.31
856,2024-12-04 02:42:39,567.82,17.49,2.31
857,2024-12-04 02:42:40,568.48,17.49,2.31
858,2024-12-04 02:42:40,569.14,17.49,2.31
859,2024-12-04 02:42:41,569.80,17.49,2.31
860,2024-12-04 02:42:42,570.46,17.49,2.31
861,2024-12-04 02:42:42,571.12,17.49,2.31
862,2024-12-04 02:42:43,571.79,17.49,2.31
863,2024-12-04 02:42:44,572.45,17.49,2.31
864,2024-12-04 02:42:44,573.12,17.49,2.31
865,2024-12-04 02:42:45,573.78,17.49,2.31
866,2024-12-04 02:42:46,574.44,17.49,2.31
867,2024-12-04 02:42:46,575.11,17.49,2.31
868,2024-12-04 02:42:47,575.78,17.49,2.31
869,2024-12-04 02:42:48,576.43,17.49,2.31
870,2024-12-04 02:42:48,577.09,17.49,2.31
871,2024-12-04 02:42:49,577.76,17.49,2.31
872,2024-12-04 02:42:50,578.42,17.49,2.31
873,2024-12-04 02:42:50,579.07,17.49,2.31
874,2024-12-04 02:42:51,579.74,17.49,2.31
875,2024-12-04 02:42:52,580.39,17.49,2.31
876,2024-12-04 02:42:52,581.05,17.49,2.31
877,2024-12-04 02:42:53,581.71,17.49,2.31
878,2024-12-04 02:42:54,582.37,17.49,2.31
879,2024-12-04 02:42:54,583.03,17.49,2.31
880,2024-12-04 02:42:55,583.70,17.49,2.31
881,2024-12-04 02:42:56,584.37,17.49,2.31
882,2024-12-04 02:42:56,585.04,17.49,2.31
883,2024-12-04 02:42:57,585.70,17.49,2.31
884,2024-12-04 02:42:58,586.37,17.49,2.31
885,2024-12-04 02:42:58,587.03,17.49,2.31
886,2024-12-04 02:42:59,587.68,17.49,2.31
887,2024-12-04 02:43:00,588.35,17.49,2.31
888,2024-12-04 02:43:00,589.00,17.49,2.31
889,2024-12-04 02:43:01,589.67,17.49,2.31
890,2024-12-04 02:43:02,590.33,17.49,2.31
891,2024-12-04 02:43:02,591.00,17.49,2.31
892,2024-12-04 02:43:03,591.66,17.49,2.31
893,2024-12-04 02:43:04,592.33,17.49,2.31
894,2024-12-04 02:43:04,593.01,17.49,2.31
895,2024-12-04 02:43:05,593.67,17.49,2.31
896,2024-12-04 02:43:06,594.35,17.49,2.31
897,2024-12-04 02:43:06,595.00,17.49,2.31
898,2024-12-04 02:43:07,595.67,17.49,2.31
899,2024-12-04 02:43:08,596.33,17.49,2.31
900,2024-12-04 02:43:08,596.99,17.49,2.31
901,2024-12-04 02:43:09,597.65,17.49,2.31
902,2024-12-04 02:43:10,598.31,17.49,2.31
903,2024-12-04 02:43:10,598.97,17.49,2.31
904,2024-12-04 02:43:11,599.63,17.49,2.31
905,2024-12-04 02:43:12,600.29,17.49,2.31
906,2024-12-04 02:43:12,600.95,17.49,2.31
907,2024-12-04 02:43:13,601.62,17.49,2.31
908,2024-12-04 02:43:14,602.27,17.49,2.31
909,2024-12-04 02:43:14,602.93,17.49,2.31
910,2024-12-04 02:43:15,603.59,17.49,2.31
911,2024-12-04 02:43:16,604.25,17.49,2.31
912,2024-12-04 02:43:16,604.91,17.49,2.31
913,2024-12-04 02:43:17,605.58,17.49,2.31
914,2024-12-04 02:43:18,606.24,17.49,2.31
915,2024-12-04 02:43:18,606.90,17.49,2.31
916,2024-12-04 02:43:19,607.56,17.49,2.31
917,2024-12-04 02:43:20,608.23,17.49,2.31
918,2024-12-04 02:43:20,608.89,17.49,2.31
919,2024-12-04 02:43:21,609.55,17.49,2.31
920,2024-12-04 02:43:22,610.23,17.49,2.31
921,2024-12-04 02:43:22,610.89,17.49,2.31
922,2024-12-04 02:43:23,611.56,17.49,2.31
923,2024-12-04 02:43:24,612.22,17.49,2.31
924,2024-12-04 02:43:24,612.88,17.49,2.31
925,2024-12-04 02:43:25,613.53,17.49,2.31
926,2024-12-04 02:43:26,614.19,17.49,2.31
927,2024-12-04 02:43:26,614.85,17.49,2.31
928,2024-12-04 02:43:27,615.51,17.49,2.31
929,2024-12-04 02:43:28,616.18,17.49,2.31
930,2024-12-04 02:43:28,616.84,17.49,2.31
931,2024-12-04 02:43:29,617.50,17.49,2.31
932,2024-12-04 02:43:30,618.18,17.49,2.31
933,2024-12-04 02:43:30,618.85,17.49,2.31
934,2024-12-04 02:43:31,619.50,17.49,2.31
935,2024-12-04 02:43:31,620.16,17.49,2.31
936,2024-12-04 02:43:32,620.82,17.49,2.31
937,2024-12-04 02:43:33,621.47,17.49,2.31
938,2024-12-04 02:43:33,622.14,17.49,2.31
939,2024-12-04 02:43:34,622.81,17.49,2.31
940,2024-12-04 02:43:35,623.46,17.49,2.31
941,2024-12-04 02:43:35,624.12,17.49,2.31
942,2024-12-04 02:43:36,624.78,17.49,2.31
943,2024-12-04 02:43:37,625.44,17.49,2.31
944,2024-12-04 02:43:37,626.11,17.49,2.31
945,2024-12-04 02:43:38,626.78,17.49,2.31
946,2024-12-04 02:43:39,627.44,17.49,2.31
947,2024-12-04 02:43:39,628.10,17.49,2.31
948,2024-12-04 02:43:40,628.76,17.49,2.31
949,2024-12-04 02:43:41,629.41,17.49,2.31
950,2024-12-04 02:43:41,630.08,17.49,2.31
951,2024-12-04 02:43:42,630.75,17.49,2.31
952,2024-12-04 02:43:43,631.40,17.49,2.31
953,2024-12-04 02:43:43,632.06,17.49,2.31
954,2024-12-04 02:43:44,632.72,17.49,2.31
955,2024-12-04 02:43:45,633.38,17.49,2.31
956,2024-12-04 02:43:45,634.04,17.49,2.31
957,2024-12-04 02:43:46,634.69,17.49,2.31
958,2024-12-04 02:43:47,635.37,17.49,2.31
959,2024-12-04 02:43:47,636.03,17.49,2.31
960,2024-12-04 02:43:48,636.69,17.49,2.31
961,2024-12-04 02:43:49,637.35,17.49,2.31
962,2024-12-04 02:43:49,638.01,17.49,2.31
963,2024-12-04 02:43:50,638.69,17.49,2.31
964,2024-12-04 02:43:51,639.34,17.49,2.31
965,2024-12-04 02:43:51,640.00,17.49,2.31
966,2024-12-04 02:43:52,640.66,17.49,2.31
967,2024-12-04 02:43:53,641.32,17.49,2.31
968,2024-12-04 02:43:53,641.97,17.49,2.31
969,2024-12-04 02:43:54,642.64,17.49,2.31
970,2024-12-04 02:43:55,643.29,17.49,2.31
971,2024-12-04 02:43:55,643.97,17.49,2.31
972,2024-12-04 02:43:56,644.63,17.49,2.31
973,2024-12-04 02:43:57,645.30,17.49,2.31
974,2024-12-04 02:43:57,645.96,17.49,2.31
975,2024-12-04 02:43:58,646.62,17.49,2.31
976,2024-12-04 02:43:59,647.28,17.49,2.31
977,2024-12-04 02:43:59,647.94,17.49,2.31
978,2024-12-04 02:44:00,648.61,17.49,2.31
979,2024-12-04 02:44:01,649.26,17.49,2.31
980,2024-12-04 02:44:01,649.93,17.49,2.31
981,2024-12-04 02:44:02,650.58,17.49,2.31
982,2024-12-04 02:44:03,651.25,17.49,2.31
983,2024-12-04 02:44:03,651.91,17.49,2.31
984,2024-12-04 02:44:04,652.58,17.49,2.31
985,2024-12-04 02:44:05,653.25,17.49,2.31
986,2024-12-04 02:44:05,653.91,17.49,2.31
987,2024-12-04 02:44:06,654.57,17.49,2.31
988,2024-12-04 02:44:07,655.23,17.49,2.31
989,2024-12-04 02:44:07,655.89,17.49,2.31
990,2024-12-04 02:44:08,656.54,17.49,2.31
991,2024-12-04 02:44:09,657.20,17.49,2.31
992,2024-12-04 02:44:09,657.86,17.49,2.31
993,2024-12-04 02:44:10,658.52,17.49,2.31
994,2024-12-04 02:44:11,659.18,17.49,2.31
995,2024-12-04 02:44:11,659.84,17.49,2.31
996,2024-12-04 02:44:12,660.50,17.49,2.31
997,2024-12-04 02:44:13,661.17,17.49,2.31
998,2024-12-04 02:44:13,661.84,17.49,2.31
999,2024-12-04 02:44:14,662.49,17.49,2.31
1000,2024-12-04 02:44:14,663.15,17.49,2.31
1001,2024-12-04 02:44:15,663.80,17.49,2.31
1002,2024-12-04 02:44:16,664.46,17.49,2.31
1003,2024-12-04 02:44:16,665.12,17.49,2.31
1004,2024-12-04 02:44:17,665.78,17.49,2.31
1005,2024-12-04 02:44:18,666.44,17.49,2.31
1006,2024-12-04 02:44:18,667.10,17.49,2.31
1007,2024-12-04 02:44:19,667.75,17.49,2.31
1008,2024-12-04 02:44:20,668.40,17.49,2.31
1009,2024-12-04 02:44:20,669.06,17.49,2.31
1010,2024-12-04 02:44:21,669.73,17.49,2.31
1011,2024-12-04 02:44:22,670.39,17.49,2.31
1012,2024-12-04 02:44:22,671.05,17.49,2.31
1013,2024-12-04 02:44:23,671.72,17.49,2.31
1014,2024-12-04 02:44:24,672.37,17.49,2.31
1015,2024-12-04 02:44:24,673.02,17.49,2.31
1016,2024-12-04 02:44:25,673.69,17.49,2.31
1017,2024-12-04 02:44:26,674.34,17.49,2.31
1018,2024-12-04 02:44:26,675.00,17.49,2.31
1019,2024-12-04 02:44:27,675.65,17.49,2.31
1020,2024-12-04 02:44:28,676.33,17.49,2.31
1021,2024-12-04 02:44:28,676.99,17.49,2.31
1022,2024-12-04 02:44:29,677.66,17.49,2.31
1023,2024-12-04 02:44:30,678.33,17.49,2.31
1024,2024-12-04 02:44:30,678.99,17.49,2.31
1025,2024-12-04 02:44:31,679.66,17.49,2.31
1026,2024-12-04 02:44:32,680.31,17.49,2.31
1027,2024-12-04 02:44:32,680.98,17.49,2.31
1028,2024-12-04 02:44:33,681.63,17.49,2.31
1029,2024-12-04 02:44:34,682.29,17.49,2.31
1030,2024-12-04 02:44:34,682.95,17.49,2.31
1031,2024-12-04 02:44:35,683.61,17.49,2.31
1032,2024-12-04 02:44:36,684.28,17.49,2.31
1033,2024-12-04 02:44:36,684.94,17.49,2.31
1034,2024-12-04 02:44:37,685.60,17.49,2.31
1035,2024-12-04 02:44:38,686.25,17.49,2.31
1036,2024-12-04 02:44:38,686.92,17.49,2.31
1037,2024-12-04 02:44:39,687.58,17.49,2.31
1038,2024-12-04 02:44:40,688.23,17.49,2.31
1039,2024-12-04 02:44:40,688.90,17.49,2.31
1040,2024-12-04 02:44:41,689.55,17.49,2.31
1041,2024-12-04 02:44:42,690.22,17.49,2.31
1042,2024-12-04 02:44:42,690.88,17.49,2.31
1043,2024-12-04 02:44:43,691.53,17.49,2.31
1044,2024-12-04 02:44:44,692.19,17.49,2.31
1045,2024-12-04 02:44:44,692.85,17.49,2.31
1046,2024-12-04 02:44:45,693.52,17.49,2.31
1047,2024-12-04 02:44:46,694.18,17.49,2.31
1048,2024-12-04 02:44:46,694.84,17.49,2.31
1049,2024-12-04 02:44:47,695.51,17.49,2.31
1050,2024-12-04 02:44:48,696.17,17.49,2.31
1051,2024-12-04 02:44:48,696.83,17.49,2.31
1052,2024-12-04 02:44:49,697.49,17.49,2.31
1053,2024-12-04 02:44:49,698.15,17.49,2.31
1054,2024-12-04 02:44:50,698.81,17.49,2.31
1055,2024-12-04 02:44:51,699.47,17.49,2.31
1056,2024-12-04 02:44:51,700.13,17.49,2.31
1057,2024-12-04 02:44:52,700.79,17.49,2.31
1058,2024-12-04 02:44:53,701.45,17.49,2.31
1059,2024-12-04 02:44:53,702.10,17.49,2.31
1060,2024-12-04 02:44:54,702.76,17.49,2.31
1061,2024-12-04 02:44:55,703.42,17.49,2.31
1062,2024-12-04 02:44:55,704.08,17.49,2.31
1063,2024-12-04 02:44:56,704.74,17.49,2.31
1064,2024-12-04 02:44:57,705.40,17.49,2.31
1065,2024-12-04 02:44:57,706.06,17.49,2.31
1066,2024-12-04 02:44:58,706.72,17.49,2.31
1067,2024-12-04 02:44:59,707.38,17.49,2.31
1068,2024-12-04 02:44:59,708.04,17.49,2.31
1069,2024-12-04 02:45:00,708.70,17.49,2.31
1070,2024-12-04 02:45:01,709.35,17.49,2.31
1071,2024-12-04 02:45:01,710.01,17.49,2.31
1072,2024-12-04 02:45:02,710.67,17.49,2.31
1073,2024-12-04 02:45:03,711.33,17.49,2.31
1074,2024-12-04 02:45:03,712.00,17.49,2.31
1075,2024-12-04 02:45:04,712.67,17.49,2.31
1076,2024-12-04 02:45:05,713.34,17.49,2.31
1077,2024-12-04 02:45:05,713.99,17.49,2.31
1078,2024-12-04 02:45:06,714.66,17.49,2.31
1079,2024-12-04 02:45:07,715.31,17.49,2.31
1080,2024-12-04 02:45:07,715.98,17.49,2.31
1081,2024-12-04 02:45:08,716.63,17.49,2.31
1082,2024-12-04 02:45:09,717.30,17.49,2.31
1083,2024-12-04 02:45:09,717.96,17.49,2.31
1084,2024-12-04 02:45:10,718.62,17.49,2.31
1085,2024-12-04 02:45:11,719.28,17.49,2.31
1086,2024-12-04 02:45:11,719.94,17.49,2.31
1087,2024-12-04 02:45:12,720.59,17.49,2.31
1088,2024-12-04 02:45:13,721.26,17.49,2.31
1089,2024-12-04 02:45:13,721.93,17.49,2.31
1090,2024-12-04 02:45:14,722.59,17.49,2.31
1091,2024-12-04 02:45:15,723.25,17.49,2.31
1092,2024-12-04 02:45:15,723.90,17.49,2.31
1093,2024-12-04 02:45:16,724.56,17.49,2.31
1094,2024-12-04 02:45:17,725.23,17.49,2.31
1095,2024-12-04 02:45:17,725.89,17.49,2.31
1096,2024-12-04 02:45:18,726.55,17.49,2.31
1097,2024-12-04 02:45:19,727.22,17.49,2.31
1098,2024-12-04 02:45:19,727.87,17.49,2.31
1099,2024-12-04 02:45:20,728.53,17.49,2.31
1100,2024-12-04 02:45:21,729.19,17.49,2.31
1101,2024-12-04 02:45:21,729.86,17.49,2.31
1102,2024-12-04 02:45:22,730.52,17.49,2.31
1103,2024-12-04 02:45:23,731.19,17.49,2.31
1104,2024-12-04 02:45:23,731.86,17.49,2.31
1105,2024-12-04 02:45:24,732.52,17.49,2.31
1106,2024-12-04 02:45:25,733.19,17.49,2.31
1107,2024-12-04 02:45:25,733.85,17.49,2.31
1108,2024-12-04 02:45:26,734.51,17.49,2.31
1109,2024-12-04 02:45:26,735.17,17.49,2.31
1110,2024-12-04 02:45:27,735.84,17.49,2.31
1111,2024-12-04 02:45:28,736.49,17.49,2.31
1112,2024-12-04 02:45:28,737.15,17.49,2.31
1113,2024-12-04 02:45:29,737.82,17.49,2.31
1114,2024-12-04 02:45:30,738.48,17.49,2.31
1115,2024-12-04 02:45:30,739.15,17.49,2.31
1116,2024-12-04 02:45:31,739.81,17.49,2.31
1117,2024-12-04 02:45:32,740.47,17.49,2.31
1118,2024-12-04 02:45:32,741.13,17.49,2.31
1119,2024-12-04 02:45:33,741.79,17.49,2.31
1120,2024-12-04 02:45:34,742.45,17.49,2.31
1121,2024-12-04 02:45:34,743.11,17.49,2.31
1122,2024-12-04 02:45:35,743.77,17.49,2.31
1123,2024-12-04 02:45:36,744.44,17.49,2.31
1124,2024-12-04 02:45:36,745.11,17.49,2.31
1125,2024-12-04 02:45:37,745.77,17.49,2.31
1126,2024-12-04 02:45:38,746.44,17.49,2.31
1127,2024-12-04 02:45:38,747.11,17.49,2.31
1128,2024-12-04 02:45:39,747.78,17.49,2.31
1129,2024-12-04 02:45:40,748.44,17.49,2.31
1130,2024-12-04 02:45:40,749.11,17.49,2.31
1131,2024-12-04 02:45:41,749.77,17.49,2.31
1132,2024-12-04 02:45:42,750.43,17.49,2.31
1133,2024-12-04 02:45:42,751.09,17.49,2.31
1134,2024-12-04 02:45:43,751.75,17.49,2.31
1135,2024-12-04 02:45:44,752.40,17.49,2.31
1136,2024-12-04 02:45:44,753.06,17.49,2.31
1137,2024-12-04 02:45:45,753.72,17.49,2.31
1138,2024-12-04 02:45:46,754.39,17.49,2.31
1139,2024-12-04 02:45:46,755.06,17.49,2.31
1140,2024-12-04 02:45:47,755.73,17.49,2.31
1141,2024-12-04 02:45:48,756.40,17.49,2.31
1142,2024-12-04 02:45:48,757.06,17.49,2.31
1143,2024-12-04 02:45:49,757.72,17.49,2.31
1144,2024-12-04 02:45:50,758.38,17.49,2.31
1145,2024-12-04 02:45:50,759.04,17.49,2.31
1146,2024-12-04 02:45:51,759.71,17.49,2.31
1147,2024-12-04 02:45:52,760.38,17.49,2.31
1148,2024-12-04 02:45:52,761.04,17.49,2.31
1149,2024-12-04 02:45:53,761.70,17.49,2.31
1150,2024-12-04 02:45:54,762.36,17.49,2.31
1151,2024-12-04 02:45:54,763.01,17.49,2.31
1152,2024-12-04 02:45:55,763.67,17.49,2.31
1153,2024-12-04 02:45:56,764.35,17.49,2.31
1154,2024-12-04 02:45:56,765.01,17.49,2.31
1155,2024-12-04 02:45:57,765.68,17.49,2.31
1156,2024-12-04 02:45:58,766.35,17.49,2.31
1157,2024-12-04 02:45:58,767.01,17.49,2.31
1158,2024-12-04 02:45:59,767.68,17.49,2.31
1159,2024-12-04 02:46:00,768.34,17.49,2.31
1160,2024-12-04 02:46:00,769.00,17.49,2.31
1161,2024-12-04 02:46:01,769.67,17.49,2.31
1162,2024-12-04 02:46:02,770.33,17.49,2.31
1163,2024-12-04 02:46:02,771.00,17.49,2.31
1164,2024-12-04 02:46:03,771.66,17.49,2.31
1165,2024-12-04 02:46:04,772.32,17.49,2.31
1166,2024-12-04 02:46:04,772.99,17.49,2.31
1167,2024-12-04 02:46:05,773.66,17.49,2.31
1168,2024-12-04 02:46:06,774.32,17.49,2.31
1169,2024-12-04 02:46:06,774.98,17.49,2.31
1170,2024-12-04 02:46:07,775.64,17.49,2.31
1171,2024-12-04 02:46:08,776.31,17.49,2.31
1172,2024-12-04 02:46:08,776.99,17.49,2.31
1173,2024-12-04 02:46:09,777.65,17.49,2.31
1174,2024-12-04 02:46:10,778.31,17.49,2.31
1175,2024-12-04 02:46:10,778.97,17.49,2.31
1176,2024-12-04 02:46:11,779.63,17.49,2.31
1177,2024-12-04 02:46:12,780.29,17.49,2.31
1178,2024-12-04 02:46:12,780.94,17.49,2.31
1179,2024-12-04 02:46:13,781.61,17.49,2.31
1180,2024-12-04 02:46:14,782.28,17.49,2.31
1181,2024-12-04 02:46:14,782.94,17.49,2.31
1182,2024-12-04 02:46:15,783.60,17.49,2.31
1183,2024-12-04 02:46:16,784.26,17.49,2.31
1184,2024-12-04 02:46:16,784.93,17.49,2.31
1185,2024-12-04 02:46:17,785.60,17.49,2.31
1186,2024-12-04 02:46:18,786.26,17.49,2.31
1187,2024-12-04 02:46:18,786.94,17.49,2.31
1188,2024-12-04 02:46:19,787.60,17.49,2.31
1189,2024-12-04 02:46:20,788.27,17.49,2.31
1190,2024-12-04 02:46:20,788.93,17.49,2.31
1191,2024-12-04 02:46:21,789.60,17.49,2.31
1192,2024-12-04 02:46:22,790.27,17.49,2.31
1193,2024-12-04 02:46:22,790.94,17.49,2.31
1194,2024-12-04 02:46:23,791.60,17.49,2.31
1195,2024-12-04 02:46:24,792.27,17.49,2.31
1196,2024-12-04 02:46:24,792.93,17.49,2.31
1197,2024-12-04 02:46:25,793.60,17.49,2.31
1198,2024-12-04 02:46:26,794.27,17.49,2.31
1199,2024-12-04 02:46:26,794.93,17.49,2.31
1200,2024-12-04 02:46:27,795.60,17.49,2.31
1201,2024-12-04 02:46:28,796.27,17.49,2.31
1202,2024-12-04 02:46:28,796.93,17.49,2.31
1203,2024-12-04 02:46:29,797.59,17.49,2.31
1204,2024-12-04 02:46:30,798.26,17.49,2.31
1205,2024-12-04 02:46:30,798.92,17.49,2.31
1206,2024-12-04 02:46:31,799.59,17.49,2.31
1207,2024-12-04 02:46:32,800.26,17.49,2.31
1208,2024-12-04 02:46:32,800.93,17.49,2.31
1209,2024-12-04 02:46:33,801.59,17.49,2.31
1210,2024-12-04 02:46:34,802.25,17.49,2.31
1211,2024-12-04 02:46:34,802.91,17.49,2.31
1212,2024-12-04 02:46:35,803.58,17.49,2.31
1213,2024-12-04 02:46:36,804.24,17.49,2.31
1214,2024-12-04 02:46:36,804.91,17.49,2.31
1215,2024-12-04 02:46:37,805.58,17.49,2.31
1216,2024-12-04 02:46:38,806.24,17.49,2.31
1217,2024-12-04 02:46:38,806.91,17.49,2.31
1218,2024-12-04 02:46:39,807.58,17.49,2.31
1219,2024-12-04 02:46:40,808.25,17.49,2.31
1220,2024-12-04 02:46:40,808.91,17.49,2.31
1221,2024-12-04 02:46:41,809.58,17.49,2.31
1222,2024-12-04 02:46:42,810.25,17.49,2.31
1223,2024-12-04 02:46:42,810.91,17.49,2.31
1224,2024-12-04 02:46:43,811.58,17.49,2.31
1225,2024-12-04 02:46:44,812.24,17.49,2.31
1226,2024-12-04 02:46:44,812.90,17.49,2.31
1227,2024-12-04 02:46:45,813.56,17.49,2.31
1228,2024-12-04 02:46:46,814.23,17.49,2.31
1229,2024-12-04 02:46:46,814.89,17.49,2.31
1230,2024-12-04 02:46:47,815.55,17.49,2.31
1231,2024-12-04 02:46:48,816.22,17.49,2.31
1232,2024-12-04 02:46:48,816.89,17.49,2.31
1233,2024-12-04 02:46:49,817.56,17.49,2.31
1234,2024-12-04 02:46:50,818.22,17.49,2.31
1235,2024-12-04 02:46:50,818.88,17.49,2.31
1236,2024-12-04 02:46:51,819.54,17.49,2.31
1237,2024-12-04 02:46:52,820.19,17.49,2.31
1238,2024-12-04 02:46:52,820.86,17.49,2.31
1239,2024-12-04 02:46:53,821.51,17.49,2.31
1240,2024-12-04 02:46:54,822.18,17.49,2.31
1241,2024-12-04 02:46:54,822.84,17.49,2.31
1242,2024-12-04 02:46:55,823.50,17.49,2.31
1243,2024-12-04 02:46:55,824.16,17.49,2.31
1244,2024-12-04 02:46:56,824.83,17.49,2.31
1245,2024-12-04 02:46:57,825.50,17.49,2.31
1246,2024-12-04 02:46:57,826.15,17.49,2.31
1247,2024-12-04 02:46:58,826.81,17.49,2.31
1248,2024-12-04 02:46:59,827.48,17.49,2.31
1249,2024-12-04 02:46:59,828.15,17.49,2.31
1250,2024-12-04 02:47:00,828.82,17.49,2.31
1251,2024-12-04 02:47:01,829.48,17.49,2.31
1252,2024-12-04 02:47:01,830.14,17.49,2.31
1253,2024-12-04 02:47:02,830.80,17.49,2.31
1254,2024-12-04 02:47:03,831.46,17.49,2.31
1255,2024-12-04 02:47:03,832.12,17.49,2.31
1256,2024-12-04 02:47:04,832.78,17.49,2.31
1257,2024-12-04 02:47:05,833.44,17.49,2.31
1258,2024-12-04 02:47:05,834.12,17.49,2.31
1259,2024-12-04 02:47:06,834.77,17.49,2.31
1260,2024-12-04 02:47:07,835.43,17.49,2.31
1261,2024-12-04 02:47:07,836.07,17.49,2.31
1262,2024-12-04 02:47:08,836.75,17.49,2.31
1263,2024-12-04 02:47:09,837.41,17.49,2.31
1264,2024-12-04 02:47:09,838.08,17.49,2.31
1265,2024-12-04 02:47:10,838.74,17.49,2.31
1266,2024-12-04 02:47:11,839.41,17.49,2.31
1267,2024-12-04 02:47:11,840.07,17.49,2.31
1268,2024-12-04 02:47:12,840.73,17.49,2.31
1269,2024-12-04 02:47:13,841.39,17.49,2.31
1270,2024-12-04 02:47:13,842.05,17.49,2.31
1271,2024-12-04 02:47:14,842.72,17.49,2.31
1272,2024-12-04 02:47:15,843.38,17.49,2.31
1273,2024-12-04 02:47:15,844.05,17.49,2.31
1274,2024-12-04 02:47:16,844.70,17.49,2.31
1275,2024-12-04 02:47:17,845.37,17.49,2.31
1276,2024-12-04 02:47:17,846.04,17.49,2.31
1277,2024-12-04 02:47:18,846.69,17.49,2.31
1278,2024-12-04 02:47:19,847.36,17.49,2.31
1279,2024-12-04 02:47:19,848.01,17.49,2.31
1280,2024-12-04 02:47:20,848.67,17.49,2.31
1281,2024-12-04 02:47:21,849.33,17.49,2.31
1282,2024-12-04 02:47:21,849.99,17.49,2.31
1283,2024-12-04 02:47:22,850.66,17.49,2.31
1284,2024-12-04 02:47:23,851.33,17.49,2.31
1285,2024-12-04 02:47:23,851.99,17.49,2.31
1286,2024-12-04 02:47:24,852.65,17.49,2.31
1287,2024-12-04 02:47:25,853.31,17.49,2.31
1288,2024-12-04 02:47:25,853.97,17.49,2.31
1289,2024-12-04 02:47:26,854.62,17.49,2.31
1290,2024-12-04 02:47:27,855.28,17.49,2.31
1291,2024-12-04 02:47:27,855.94,17.49,2.31
1292,2024-12-04 02:47:28,856.60,17.49,2.31
1293,2024-12-04 02:47:29,857.26,17.49,2.31
1294,2024-12-04 02:47:29,857.92,17.49,2.31
1295,2024-12-04 02:47:30,858.59,17.49,2.31
1296,2024-12-04 02:47:31,859.24,17.49,2.31
1297,2024-12-04 02:47:31,859.91,17.49,2.31
1298,2024-12-04 02:47:32,860.56,17.49,2.31
1299,2024-12-04 02:47:33,861.23,17.49,2.31
1300,2024-12-04 02:47:33,861.89,17.49,2.31
1301,2024-12-04 02:47:34,862.56,17.49,2.31
1302,2024-12-04 02:47:35,863.21,17.49,2.31
1303,2024-12-04 02:47:35,863.88,17.49,2.31
1304,2024-12-04 02:47:36,864.53,17.49,2.31
1305,2024-12-04 02:47:37,865.19,17.49,2.31
1306,2024-12-04 02:47:37,865.84,17.49,2.31
1307,2024-12-04 02:47:38,866.51,17.49,2.31
1308,2024-12-04 02:47:39,867.18,17.49,2.31
1309,2024-12-04 02:47:39,867.85,17.49,2.31
1310,2024-12-04 02:47:40,868.52,17.49,2.31
1311,2024-12-04 02:47:41,869.17,17.49,2.31
1312,2024-12-04 02:47:41,869.84,17.49,2.31
1313,2024-12-04 02:47:42,870.50,17.49,2.31
1314,2024-12-04 02:47:42,871.16,17.49,2.31
1315,2024-12-04 02:47:43,871.82,17.49,2.31
1316,2024-12-04 02:47:44,872.49,17.49,2.31
1317,2024-12-04 02:47:44,873.14,17.49,2.31
1318,2024-12-04 02:47:45,873.80,17.49,2.31
1319,2024-12-04 02:47:46,874.46,17.49,2.31
1320,2024-12-04 02:47:46,875.13,17.49,2.31
1321,2024-12-04 02:47:47,875.79,17.49,2.31
1322,2024-12-04 02:47:48,876.46,17.49,2.31
1323,2024-12-04 02:47:48,877.13,17.49,2.31
1324,2024-12-04 02:47:49,877.78,17.49,2.31
1325,2024-12-04 02:47:50,878.44,17.49,2.31
1326,2024-12-04 02:47:50,879.12,17.49,2.31
1327,2024-12-04 02:47:51,879.78,17.49,2.31
1328,2024-12-04 02:47:52,880.44,17.49,2.31
1329,2024-12-04 02:47:52,881.11,17.49,2.31
1330,2024-12-04 02:47:53,881.77,17.49,2.31
1331,2024-12-04 02:47:54,882.43,17.49,2.31
1332,2024-12-04 02:47:54,883.09,17.49,2.31
1333,2024-12-04 02:47:55,883.75,17.49,2.31
1334,2024-12-04 02:47:56,884.42,17.49,2.31
1335,2024-12-04 02:47:56,885.08,17.49,2.31
1336,2024-12-04 02:47:57,885.75,17.49,2.31
1337,2024-12-04 02:47:58,886.41,17.49,2.31
1338,2024-12-04 02:47:58,887.07,17.49,2.31
1339,2024-12-04 02:47:59,887.72,17.49,2.31
1340,2024-12-04 02:48:00,888.39,17.49,2.31
1341,2024-12-04 02:48:00,889.05,17.49,2.31
1342,2024-12-04 02:48:01,889.72,17.49,2.31
1343,2024-12-04 02:48:02,890.38,17.49,2.31
1344,2024-12-04 02:48:02,891.05,17.49,2.31
1345,2024-12-04 02:48:03,891.71,17.49,2.31
1346,2024-12-04 02:48:04,892.38,17.49,2.31
1347,2024-12-04 02:48:04,893.04,17.49,2.31
1348,2024-12-04 02:48:05,893.71,17.49,2.31
1349,2024-12-04 02:48:06,894.38,17.49,2.31
1350,2024-12-04 02:48:06,895.04,17.49,2.31
1351,2024-12-04 02:48:07,895.70,17.49,2.31
1352,2024-12-04 02:48:08,896.37,17.49,2.31
1353,2024-12-04 02:48:08,897.04,17.49,2.31
1354,2024-12-04 02:48:09,897.70,17.49,2.31
1355,2024-12-04 02:48:10,898.37,17.49,2.31
1356,2024-12-04 02:48:10,899.02,17.49,2.31
1357,2024-12-04 02:48:11,899.69,17.49,2.31
1358,2024-12-04 02:48:12,900.35,17.49,2.31
1359,2024-12-04 02:48:12,901.01,17.49,2.31
1360,2024-12-04 02:48:13,901.67,17.49,2.31
1361,2024-12-04 02:48:14,902.34,17.49,2.31
1362,2024-12-04 02:48:14,903.01,17.49,2.31
1363,2024-12-04 02:48:15,903.67,17.49,2.31
1364,2024-12-04 02:48:16,904.33,17.49,2.31
1365,2024-12-04 02:48:16,904.99,17.49,2.31
1366,2024-12-04 02:48:17,905.65,17.49,2.31
1367,2024-12-04 02:48:18,906.32,17.49,2.31
1368,2024-12-04 02:48:18,906.98,17.49,2.31
1369,2024-12-04 02:48:19,907.64,17.49,2.31
1370,2024-12-04 02:48:20,908.31,17.49,2.31
1371,2024-12-04 02:48:20,908.98,17.49,2.31
1372,2024-12-04 02:48:21,909.65,17.49,2.31
1373,2024-12-04 02:48:22,910.31,17.49,2.31
1374,2024-12-04 02:48:22,910.99,17.49,2.31
1375,2024-12-04 02:48:23,911.65,17.49,2.31
1376,2024-12-04 02:48:24,912.32,17.49,2.31
1377,2024-12-04 02:48:24,912.99,17.49,2.31
1378,2024-12-04 02:48:25,913.66,17.49,2.31
1379,2024-12-04 02:48:26,914.32,17.49,2.31
1380,2024-12-04 02:48:26,914.98,17.49,2.31
1381,2024-12-04 02:48:27,915.65,17.49,2.31
1382,2024-12-04 02:48:28,916.32,17.49,2.31
1383,2024-12-04 02:48:28,916.98,17.49,2.31
1384,2024-12-04 02:48:29,917.65,17.49,2.31
1385,2024-12-04 02:48:30,918.31,17.49,2.31
1386,2024-12-04 02:48:30,918.99,17.49,2.31
1387,2024-12-04 02:48:31,919.65,17.49,2.31
1388,2024-12-04 02:48:32,920.32,17.49,2.31
1389,2024-12-04 02:48:32,920.98,17.49,2.31
1390,2024-12-04 02:48:33,921.65,17.49,2.31
1391,2024-12-04 02:48:34,922.32,17.49,2.31
1392,2024-12-04 02:48:34,922.98,17.49,2.31
1393,2024-12-04 02:48:35,923.64,17.49,2.31
1394,2024-12-04 02:48:36,924.30,17.49,2.31
1395,2024-12-04 02:48:36,924.95,17.49,2.31
1396,2024-12-04 02:48:37,925.63,17.49,2.31
1397,2024-12-04 02:48:38,926.29,17.49,2.31
1398,2024-12-04 02:48:38,926.95,17.49,2.31
1399,2024-12-04 02:48:39,927.63,17.49,2.31
1400,2024-12-04 02:48:40,928.30,17.49,2.31
1401,2024-12-04 02:48:40,928.96,17.49,2.31
1402,2024-12-04 02:48:41,929.62,17.49,2.31
1403,2024-12-04 02:48:42,930.29,17.49,2.31
1404,2024-12-04 02:48:42,930.95,17.49,2.31
1405,2024-12-04 02:48:43,931.61,17.49,2.31
1406,2024-12-04 02:48:44,932.28,17.49,2.31
1407,2024-12-04 02:48:44,932.95,17.49,2.31
1408,2024-12-04 02:48:45,933.62,17.49,2.31
1409,2024-12-04 02:48:46,934.28,17.49,2.31
1410,2024-12-04 02:48:46,934.95,17.49,2.31
1411,2024-12-04 02:48:47,935.62,17.49,2.31
1412,2024-12-04 02:48:48,936.28,17.49,2.31
1413,2024-12-04 02:48:48,936.95,17.49,2.31
1414,2024-12-04 02:48:49,937.62,17.49,2.31
1415,2024-12-04 02:48:50,938.28,17.49,2.31
1416,2024-12-04 02:48:50,938.95,17.49,2.31
1417,2024-12-04 02:48:51,939.62,17.49,2.31
1418,2024-12-04 02:48:52,940.28,17.49,2.31
1419,2024-12-04 02:48:52,940.94,17.49,2.31
1420,2024-12-04 02:48:53,941.61,17.49,2.31
1421,2024-12-04 02:48:54,942.27,17.49,2.31
1422,2024-12-04 02:48:54,942.94,17.49,2.31
1423,2024-12-04 02:48:55,943.60,17.49,2.31
1424,2024-12-04 02:48:56,944.27,17.49,2.31
1425,2024-12-04 02:48:56,944.95,17.49,2.31
1426,2024-12-04 02:48:57,945.62,17.49,2.31
1427,2024-12-04 02:48:58,946.29,17.49,2.31
1428,2024-12-04 02:48:58,946.96,17.49,2.31
1429,2024-12-04 02:48:59,947.62,17.49,2.31
1430,2024-12-04 02:49:00,948.29,17.49,2.31
1431,2024-12-04 02:49:00,948.95,17.49,2.31
1432,2024-12-04 02:49:01,949.62,17.49,2.31
1433,2024-12-04 02:49:02,950.29,17.49,2.31
1434,2024-12-04 02:49:02,950.96,17.49,2.31
1435,2024-12-04 02:49:03,951.62,17.49,2.31
1436,2024-12-04 02:49:04,952.28,17.49,2.31
1437,2024-12-04 02:49:04,952.95,17.49,2.31
1438,2024-12-04 02:49:05,953.61,17.49,2.31
1439,2024-12-04 02:49:06,954.28,17.49,2.31
1440,2024-12-04 02:49:06,954.95,17.49,2.31
1441,2024-12-04 02:49:07,955.62,17.49,2.31
1442,2024-12-04 02:49:08,956.29,17.49,2.31
1443,2024-12-04 02:49:08,956.95,17.49,2.31
1444,2024-12-04 02:49:09,957.62,17.49,2.31
1445,2024-12-04 02:49:10,958.28,17.49,2.31
1446,2024-12-04 02:49:10,958.94,17.49,2.31
1447,2024-12-04 02:49:11,959.60,17.49,2.31
1448,2024-12-04 02:49:12,960.27,17.49,2.31
1449,2024-12-04 02:49:12,960.94,17.49,2.31
1450,2024-12-04 02:49:13,961.60,17.49,2.31
1451,2024-12-04 02:49:14,962.27,17.49,2.31
1452,2024-12-04 02:49:14,962.94,17.49,2.31
1453,2024-12-04 02:49:15,963.61,17.49,2.31
1454,2024-12-04 02:49:16,964.28,17.49,2.31
1455,2024-12-04 02:49:16,964.94,17.49,2.31
1456,2024-12-04 02:49:17,965.61,17.49,2.31
1457,2024-12-04 02:49:18,966.28,17.49,2.31
1458,2024-12-04 02:49:18,966.94,17.49,2.31
1459,2024-12-04 02:49:19,967.62,17.49,2.31
1460,2024-12-04 02:49:20,968.28,17.49,2.31
1461,2024-12-04 02:49:20,968.95,17.49,2.31
1462,2024-12-04 02:49:21,969.61,17.49,2.31
1463,2024-12-04 02:49:22,970.27,17.49,2.31
1464,2024-12-04 02:49:22,970.94,17.49,2.31
1465,2024-12-04 02:49:23,971.60,17.49,2.31
1466,2024-12-04 02:49:24,972.27,17.49,2.31
1467,2024-12-04 02:49:24,972.94,17.49,2.31
1468,2024-12-04 02:49:25,973.61,17.49,2.31
1469,2024-12-04 02:49:26,974.27,17.49,2.31
1470,2024-12-04 02:49:26,974.93,17.49,2.31
1471,2024-12-04 02:49:27,975.59,17.49,2.31
1472,2024-12-04 02:49:28,976.26,17.49,2.31
1473,2024-12-04 02:49:28,976.93,17.49,2.31
1474,2024-12-04 02:49:29,977.59,17.49,2.31
1475,2024-12-04 02:49:30,978.27,17.49,2.31
1476,2024-12-04 02:49:30,978.93,17.49,2.31
1477,2024-12-04 02:49:31,979.60,17.49,2.31
1478,2024-12-04 02:49:32,980.27,17.49,2.31
1479,2024-12-04 02:49:32,980.94,17.49,2.31
1480,2024-12-04 02:49:33,981.61,17.49,2.31
1481,2024-12-04 02:49:34,982.28,17.49,2.31
1482,2024-12-04 02:49:34,982.94,17.49,2.31
1483,2024-12-04 02:49:35,983.60,17.49,2.31
1484,2024-12-04 02:49:36,984.26,17.49,2.31
1485,2024-12-04 02:49:36,984.93,17.49,2.31
1486,2024-12-04 02:49:37,985.59,17.49,2.31
1487,2024-12-04 02:49:38,986.27,17.49,2.31
1488,2024-12-04 02:49:38,986.92,17.49,2.31
1489,2024-12-04 02:49:39,987.59,17.49,2.31
1490,2024-12-04 02:49:40,988.26,17.49,2.31
1491,2024-12-04 02:49:40,988.93,17.49,2.31
1492,2024-12-04 02:49:41,989.60,17.49,2.31
1493,2024-12-04 02:49:42,990.26,17.49,2.31
1494,2024-12-04 02:49:42,990.93,17.49,2.31
1495,2024-12-04 02:49:43,991.59,17.49,2.31
1496,2024-12-04 02:49:44,992.26,17.49,2.31
1497,2024-12-04 02:49:44,992.91,17.49,2.31
1498,2024-12-04 02:49:45,993.58,17.49,2.31
1499,2024-12-04 02:49:46,994.25,17.49,2.31
1500,2024-12-04 02:49:46,994.91,17.49,2.31
1501,2024-12-04 02:49:47,995.59,17.49,2.31
1502,2024-12-04 02:49:48,996.26,17.49,2.31
1503,2024-12-04 02:49:48,996.92,17.49,2.31
1504,2024-12-04 02:49:49,997.60,17.49,2.31
1505,2024-12-04 02:49:50,998.28,17.49,2.31
1506,2024-12-04 02:49:50,998.94,17.49,2.31
1507,2024-12-04 02:49:51,999.61,17.49,2.31
1508,2024-12-04 02:49:52,1000.28,17.49,2.31
1509,2024-12-04 02:49:52,1000.95,17.49,2.31
1510,2024-12-04 02:49:53,1001.62,17.49,2.31
1511,2024-12-04 02:49:54,1002.28,17.49,2.31
1512,2024-12-04 02:49:54,1002.94,17.49,2.31
1513,2024-12-04 02:49:55,1003.60,17.49,2.31
1514,2024-12-04 02:49:56,1004.26,17.49,2.31
1515,2024-12-04 02:49:56,1004.92,17.49,2.31
1516,2024-12-04 02:49:57,1005.59,17.49,2.31
1517,2024-12-04 02:49:58,1006.26,17.49,2.31
1518,2024-12-04 02:49:58,1006.92,17.49,2.31
1519,2024-12-04 02:49:59,1007.59,17.49,2.31
1520,2024-12-04 02:50:00,1008.25,17.49,2.31
1521,2024-12-04 02:50:00,1008.91,17.49,2.31
1522,2024-12-04 02:50:01,1009.57,17.49,2.31
1523,2024-12-04 02:50:02,1010.23,17.49,2.31
1524,2024-12-04 02:50:02,1010.89,17.49,2.31
1525,2024-12-04 02:50:03,1011.56,17.49,2.31
1526,2024-12-04 02:50:04,1012.22,17.49,2.31
1527,2024-12-04 02:50:04,1012.90,17.49,2.31
1528,2024-12-04 02:50:05,1013.55,17.49,2.31
1529,2024-12-04 02:50:06,1014.22,17.49,2.31
1530,2024-12-04 02:50:06,1014.89,17.49,2.31
1531,2024-12-04 02:50:07,1015.55,17.49,2.31
1532,2024-12-04 02:50:08,1016.21,17.49,2.31
1533,2024-12-04 02:50:08,1016.88,17.49,2.31
1534,2024-12-04 02:50:09,1017.55,17.49,2.31
1535,2024-12-04 02:50:10,1018.22,17.49,2.31
1536,2024-12-04 02:50:10,1018.88,17.49,2.31
1537,2024-12-04 02:50:11,1019.55,17.49,2.31
1538,2024-12-04 02:50:12,1020.22,17.49,2.31
1539,2024-12-04 02:50:12,1020.88,17.49,2.31
1540,2024-12-04 02:50:13,1021.53,17.49,2.31
1541,2024-12-04 02:50:14,1022.20,17.49,2.31
1542,2024-12-04 02:50:14,1022.86,17.49,2.31
1543,2024-12-04 02:50:15,1023.53,17.49,2.31
1544,2024-12-04 02:50:16,1024.19,17.49,2.31
1545,2024-12-04 02:50:16,1024.85,17.49,2.31
1546,2024-12-04 02:50:17,1025.52,17.49,2.31
1547,2024-12-04 02:50:18,1026.18,17.49,2.31
1548,2024-12-04 02:50:18,1026.84,17.49,2.31
1549,2024-12-04 02:50:19,1027.51,17.49,2.31
1550,2024-12-04 02:50:20,1028.17,17.49,2.31
1551,2024-12-04 02:50:20,1028.83,17.49,2.31
1552,2024-12-04 02:50:21,1029.49,17.49,2.31
1553,2024-12-04 02:50:21,1030.14,17.49,2.31
1554,2024-12-04 02:50:22,1030.80,17.49,2.31
1555,2024-12-04 02:50:23,1031.46,17.49,2.31
1556,2024-12-04 02:50:23,1032.14,17.49,2.31
1557,2024-12-04 02:50:24,1032.81,17.49,2.31
1558,2024-12-04 02:50:25,1033.47,17.49,2.31
1559,2024-12-04 02:50:25,1034.14,17.49,2.31
1560,2024-12-04 02:50:26,1034.80,17.49,2.31
1561,2024-12-04 02:50:27,1035.47,17.49,2.31
1562,2024-12-04 02:50:27,1036.13,17.49,2.31
1563,2024-12-04 02:50:28,1036.80,17.49,2.31
1564,2024-12-04 02:50:29,1037.46,17.49,2.31
1565,2024-12-04 02:50:29,1038.12,17.49,2.31
1566,2024-12-04 02:50:30,1038.78,17.49,2.31
1567,2024-12-04 02:50:31,1039.44,17.49,2.31
1568,2024-12-04 02:50:31,1040.10,17.49,2.31
1569,2024-12-04 02:50:32,1040.77,17.49,2.31
1570,2024-12-04 02:50:33,1041.44,17.49,2.31
1571,2024-12-04 02:50:33,1042.10,17.49,2.31
1572,2024-12-04 02:50:34,1042.77,17.49,2.31
1573,2024-12-04 02:50:35,1043.43,17.49,2.31
1574,2024-12-04 02:50:35,1044.09,17.49,2.31
1575,2024-12-04 02:50:36,1044.75,17.49,2.31
1576,2024-12-04 02:50:37,1045.40,17.49,2.31
1577,2024-12-04 02:50:37,1046.07,17.49,2.31
1578,2024-12-04 02:50:38,1046.72,17.49,2.31
1579,2024-12-04 02:50:39,1047.40,17.49,2.31
1580,2024-12-04 02:50:39,1048.06,17.49,2.31
1581,2024-12-04 02:50:40,1048.73,17.49,2.31
1582,2024-12-04 02:50:41,1049.40,17.49,2.31
1583,2024-12-04 02:50:41,1050.07,17.49,2.31
1584,2024-12-04 02:50:42,1050.73,17.49,2.31
1585,2024-12-04 02:50:43,1051.39,17.49,2.31
1586,2024-12-04 02:50:43,1052.06,17.49,2.31
1587,2024-12-04 02:50:44,1052.71,17.49,2.31
1588,2024-12-04 02:50:45,1053.38,17.49,2.31
1589,2024-12-04 02:50:45,1054.04,17.49,2.31
1590,2024-12-04 02:50:46,1054.70,17.49,2.31
1591,2024-12-04 02:50:47,1055.37,17.49,2.31
1592,2024-12-04 02:50:47,1056.03,17.49,2.31
1593,2024-12-04 02:50:48,1056.70,17.49,2.31
1594,2024-12-04 02:50:49,1057.36,17.49,2.31
1595,2024-12-04 02:50:49,1058.03,17.49,2.31
1596,2024-12-04 02:50:50,1058.70,17.49,2.31
1597,2024-12-04 02:50:51,1059.36,17.49,2.31
1598,2024-12-04 02:50:51,1060.03,17.49,2.31
1599,2024-12-04 02:50:52,1060.69,17.49,2.31
1600,2024-12-04 02:50:53,1061.35,17.49,2.31
1601,2024-12-04 02:50:53,1062.02,17.49,2.31
1602,2024-12-04 02:50:54,1062.68,17.49,2.31
1603,2024-12-04 02:50:55,1063.33,17.49,2.31
1604,2024-12-04 02:50:55,1064.00,17.49,2.31
1605,2024-12-04 02:50:56,1064.66,17.49,2.31
1606,2024-12-04 02:50:57,1065.32,17.49,2.31
1607,2024-12-04 02:50:57,1065.98,17.49,2.31
1608,2024-12-04 02:50:58,1066.65,17.49,2.31
1609,2024-12-04 02:50:59,1067.32,17.49,2.31
1610,2024-12-04 02:50:59,1067.98,17.49,2.31
1611,2024-12-04 02:51:00,1068.64,17.49,2.31
1612,2024-12-04 02:51:01,1069.30,17.49,2.31
1613,2024-12-04 02:51:01,1069.97,17.49,2.31
1614,2024-12-04 02:51:02,1070.63,17.49,2.31
1615,2024-12-04 02:51:03,1071.30,17.49,2.31
1616,2024-12-04 02:51:03,1071.95,17.49,2.31
1617,2024-12-04 02:51:04,1072.61,17.49,2.31
1618,2024-12-04 02:51:05,1073.28,17.49,2.31
1619,2024-12-04 02:51:05,1073.95,17.49,2.31
1620,2024-12-04 02:51:06,1074.61,17.49,2.31
1621,2024-12-04 02:51:07,1075.29,17.49,2.31
1622,2024-12-04 02:51:07,1075.96,17.49,2.31
1623,2024-12-04 02:51:08,1076.63,17.49,2.31
1624,2024-12-04 02:51:09,1077.29,17.49,2.31
1625,2024-12-04 02:51:09,1077.95,17.49,2.31
1626,2024-12-04 02:51:10,1078.62,17.49,2.31
1627,2024-12-04 02:51:11,1079.28,17.49,2.31
1628,2024-12-04 02:51:11,1079.94,17.49,2.31
1629,2024-12-04 02:51:12,1080.60,17.49,2.31
1630,2024-12-04 02:51:13,1081.27,17.49,2.31
1631,2024-12-04 02:51:13,1081.92,17.49,2.31
1632,2024-12-04 02:51:14,1082.59,17.49,2.31
1633,2024-12-04 02:51:15,1083.25,17.49,2.31
1634,2024-12-04 02:51:15,1083.93,17.49,2.31
1635,2024-12-04 02:51:16,1084.59,17.49,2.31
1636,2024-12-04 02:51:17,1085.25,17.49,2.31
1637,2024-12-04 02:51:17,1085.92,17.49,2.31
1638,2024-12-04 02:51:18,1086.58,17.49,2.31
1639,2024-12-04 02:51:19,1087.24,17.49,2.31
1640,2024-12-04 02:51:19,1087.90,17.49,2.31
1641,2024-12-04 02:51:20,1088.57,17.49,2.31
1642,2024-12-04 02:51:21,1089.23,17.49,2.31
1643,2024-12-04 02:51:21,1089.89,17.49,2.31
1644,2024-12-04 02:51:22,1090.55,17.49,2.31
1645,2024-12-04 02:51:23,1091.22,17.49,2.31
1646,2024-12-04 02:51:23,1091.88,17.49,2.31
1647,2024-12-04 02:51:24,1092.56,17.49,2.31
1648,2024-12-04 02:51:25,1093.22,17.49,2.31
1649,2024-12-04 02:51:25,1093.88,17.49,2.31
1650,2024-12-04 02:51:26,1094.54,17.49,2.31
1651,2024-12-04 02:51:27,1095.20,17.49,2.31
1652,2024-12-04 02:51:27,1095.85,17.49,2.31
1653,2024-12-04 02:51:28,1096.52,17.49,2.31
1654,2024-12-04 02:51:29,1097.18,17.49,2.31
1655,2024-12-04 02:51:29,1097.85,17.49,2.31
1656,2024-12-04 02:51:30,1098.50,17.49,2.31
1657,2024-12-04 02:51:30,1099.17,17.49,2.31
1658,2024-12-04 02:51:31,1099.84,17.49,2.31
1659,2024-12-04 02:51:32,1100.50,17.49,2.31
1660,2024-12-04 02:51:33,1101.18,17.49,2.31
1661,2024-12-04 02:51:33,1101.84,17.49,2.31
1662,2024-12-04 02:51:34,1102.50,17.49,2.31
1663,2024-12-04 02:51:35,1103.17,17.49,2.31
1664,2024-12-04 02:51:35,1103.84,17.49,2.31
1665,2024-12-04 02:51:36,1104.50,17.49,2.31
1666,2024-12-04 02:51:36,1105.16,17.49,2.31
1667,2024-12-04 02:51:37,1105.82,17.49,2.31
1668,2024-12-04 02:51:38,1106.48,17.49,2.31
1669,2024-12-04 02:51:38,1107.14,17.49,2.31
1670,2024-12-04 02:51:39,1107.82,17.49,2.31
1671,2024-12-04 02:51:40,1108.48,17.49,2.31
1672,2024-12-04 02:51:40,1109.15,17.49,2.31
1673,2024-12-04 02:51:41,1109.82,17.49,2.31
1674,2024-12-04 02:51:42,1110.49,17.49,2.31
1675,2024-12-04 02:51:42,1111.14,17.49,2.31
1676,2024-12-04 02:51:43,1111.81,17.49,2.31
1677,2024-12-04 02:51:44,1112.48,17.49,2.31
1678,2024-12-04 02:51:44,1113.14,17.49,2.31
1679,2024-12-04 02:51:45,1113.81,17.49,2.31
1680,2024-12-04 02:51:46,1114.47,17.49,2.31
1681,2024-12-04 02:51:46,1115.13,17.49,2.31
1682,2024-12-04 02:51:47,1115.79,17.49,2.31
1683,2024-12-04 02:51:48,1116.46,17.49,2.31
1684,2024-12-04 02:51:48,1117.13,17.49,2.31
1685,2024-12-04 02:51:49,1117.80,17.49,2.31
1686,2024-12-04 02:51:50,1118.46,17.49,2.31
1687,2024-12-04 02:51:50,1119.13,17.49,2.31
1688,2024-12-04 02:51:51,1119.78,17.49,2.31
1689,2024-12-04 02:51:52,1120.45,17.49,2.31
1690,2024-12-04 02:51:52,1121.11,17.49,2.31
1691,2024-12-04 02:51:53,1121.78,17.49,2.31
1692,2024-12-04 02:51:54,1122.45,17.49,2.31
1693,2024-12-04 02:51:54,1123.11,17.49,2.31
1694,2024-12-04 02:51:55,1123.78,17.49,2.31
1695,2024-12-04 02:51:56,1124.45,17.49,2.31
1696,2024-12-04 02:51:56,1125.11,17.49,2.31
1697,2024-12-04 02:51:57,1125.77,17.49,2.31
1698,2024-12-04 02:51:58,1126.43,17.49,2.31
1699,2024-12-04 02:51:58,1127.11,17.49,2.31
1700,2024-12-04 02:51:59,1127.76,17.49,2.31
1701,2024-12-04 02:52:00,1128.44,17.49,2.31
1702,2024-12-04 02:52:00,1129.10,17.49,2.31
1703,2024-12-04 02:52:01,1129.76,17.49,2.31
1704,2024-12-04 02:52:02,1130.43,17.49,2.31
1705,2024-12-04 02:52:02,1131.09,17.49,2.31
1706,2024-12-04 02:52:03,1131.75,17.49,2.31
1707,2024-12-04 02:52:04,1132.42,17.49,2.31
1708,2024-12-04 02:52:04,1133.08,17.49,2.31
1709,2024-12-04 02:52:05,1133.75,17.49,2.31
1710,2024-12-04 02:52:06,1134.42,17.49,2.31
1711,2024-12-04 02:52:06,1135.08,17.49,2.31
1712,2024-12-04 02:52:07,1135.75,17.49,2.31
1713,2024-12-04 02:52:08,1136.42,17.49,2.31
1714,2024-12-04 02:52:08,1137.09,17.49,2.31
1715,2024-12-04 02:52:09,1137.76,17.49,2.31
1716,2024-12-04 02:52:10,1138.42,17.49,2.31
1717,2024-12-04 02:52:10,1139.08,17.49,2.31
1718,2024-12-04 02:52:11,1139.75,17.49,2.31
1719,2024-12-04 02:52:12,1140.41,17.49,2.31
1720,2024-12-04 02:52:12,1141.07,17.49,2.31
1721,2024-12-04 02:52:13,1141.74,17.49,2.31
1722,2024-12-04 02:52:14,1142.40,17.49,2.31
1723,2024-12-04 02:52:14,1143.05,17.49,2.31
1724,2024-12-04 02:52:15,1143.72,17.49,2.31
1725,2024-12-04 02:52:16,1144.40,17.49,2.31
1726,2024-12-04 02:52:16,1145.06,17.49,2.31
1727,2024-12-04 02:52:17,1145.72,17.49,2.31
1728,2024-12-04 02:52:18,1146.39,17.49,2.31
1729,2024-12-04 02:52:18,1147.05,17.49,2.31
1730,2024-12-04 02:52:19,1147.71,17.49,2.31
1731,2024-12-04 02:52:20,1148.37,17.49,2.31
1732,2024-12-04 02:52:20,1149.04,17.49,2.31
1733,2024-12-04 02:52:21,1149.70,17.49,2.31
1734,2024-12-04 02:52:22,1150.37,17.49,2.31
1735,2024-12-04 02:52:22,1151.02,17.49,2.31
1736,2024-12-04 02:52:23,1151.68,17.49,2.31
1737,2024-12-04 02:52:24,1152.35,17.49,2.31
1738,2024-12-04 02:52:24,1153.02,17.49,2.31
1739,2024-12-04 02:52:25,1153.70,17.49,2.31
1740,2024-12-04 02:52:26,1154.35,17.49,2.31
1741,2024-12-04 02:52:26,1155.02,17.49,2.31
1742,2024-12-04 02:52:27,1155.68,17.49,2.31
1743,2024-12-04 02:52:28,1156.34,17.49,2.31
1744,2024-12-04 02:52:28,1157.01,17.49,2.31
1745,2024-12-04 02:52:29,1157.67,17.49,2.31
1746,2024-12-04 02:52:30,1158.33,17.49,2.31
1747,2024-12-04 02:52:30,1159.00,17.49,2.31
1748,2024-12-04 02:52:31,1159.66,17.49,2.31
1749,2024-12-04 02:52:32,1160.33,17.49,2.31
1750,2024-12-04 02:52:32,1160.98,17.49,2.31
1751,2024-12-04 02:52:33,1161.66,17.49,2.31
1752,2024-12-04 02:52:34,1162.34,17.49,2.31
1753,2024-12-04 02:52:34,1163.00,17.49,2.31
1754,2024-12-04 02:52:35,1163.66,17.49,2.31
1755,2024-12-04 02:52:36,1164.33,17.49,2.31
1756,2024-12-04 02:52:36,1164.99,17.49,2.31
1757,2024-12-04 02:52:37,1165.66,17.49,2.31
1758,2024-12-04 02:52:38,1166.32,17.49,2.31
1759,2024-12-04 02:52:38,1166.98,17.49,2.31
1760,2024-12-04 02:52:39,1167.64,17.49,2.31
1761,2024-12-04 02:52:40,1168.30,17.49,2.31
1762,2024-12-04 02:52:40,1168.96,17.49,2.31
1763,2024-12-04 02:52:41,1169.62,17.49,2.31
1764,2024-12-04 02:52:42,1170.29,17.49,2.31
1765,2024-12-04 02:52:42,1170.96,17.49,2.31
1766,2024-12-04 02:52:43,1171.62,17.49,2.31
1767,2024-12-04 02:52:44,1172.29,17.49,2.31
1768,2024-12-04 02:52:44,1172.95,17.49,2.31
1769,2024-12-04 02:52:45,1173.61,17.49,2.31
1770,2024-12-04 02:52:46,1174.27,17.49,2.31
1771,2024-12-04 02:52:46,1174.94,17.49,2.31
1772,2024-12-04 02:52:47,1175.60,17.49,2.31
1773,2024-12-04 02:52:48,1176.25,17.49,2.31
1774,2024-12-04 02:52:48,1176.91,17.49,2.31
1775,2024-12-04 02:52:49,1177.57,17.49,2.31
1776,2024-12-04 02:52:50,1178.23,17.49,2.31
1777,2024-12-04 02:52:50,1178.90,17.49,2.31
1778,2024-12-04 02:52:51,1179.56,17.49,2.31
1779,2024-12-04 02:52:52,1180.22,17.49,2.31
1780,2024-12-04 02:52:52,1180.89,17.49,2.31
1781,2024-12-04 02:52:53,1181.55,17.49,2.31
1782,2024-12-04 02:52:54,1182.21,17.49,2.31
1783,2024-12-04 02:52:54,1182.88,17.49,2.31
1784,2024-12-04 02:52:55,1183.54,17.49,2.31
1785,2024-12-04 02:52:56,1184.20,17.49,2.31
1786,2024-12-04 02:52:56,1184.86,17.49,2.31
1787,2024-12-04 02:52:57,1185.52,17.49,2.31
1788,2024-12-04 02:52:58,1186.19,17.49,2.31
1789,2024-12-04 02:52:58,1186.85,17.49,2.31
1790,2024-12-04 02:52:59,1187.52,17.49,2.31
1791,2024-12-04 02:53:00,1188.20,17.49,2.31
1792,2024-12-04 02:53:00,1188.86,17.49,2.31
1793,2024-12-04 02:53:01,1189.53,17.49,2.31
1794,2024-12-04 02:53:02,1190.20,17.49,2.31
1795,2024-12-04 02:53:02,1190.86,17.49,2.31
1796,2024-12-04 02:53:03,1191.52,17.49,2.31
1797,2024-12-04 02:53:04,1192.19,17.49,2.31
1798,2024-12-04 02:53:04,1192.84,17.49,2.31
1799,2024-12-04 02:53:05,1193.51,17.49,2.31
1800,2024-12-04 02:53:05,1194.17,17.49,2.31
1801,2024-12-04 02:53:06,1194.83,17.49,2.31
1802,2024-12-04 02:53:07,1195.49,17.49,2.31
1803,2024-12-04 02:53:07,1196.16,17.49,2.31
1804,2024-12-04 02:53:08,1196.83,17.49,2.31
1805,2024-12-04 02:53:09,1197.50,17.49,2.31
1806,2024-12-04 02:53:10,1198.17,17.49,2.31
1807,2024-12-04 02:53:10,1198.84,17.49,2.31
1808,2024-12-04 02:53:11,1199.50,17.49,2.31
1809,2024-12-04 02:53:11,1200.17,17.49,2.31
1810,2024-12-04 02:53:12,1200.84,17.49,2.31
1811,2024-12-04 02:53:13,1201.50,17.49,2.31
1812,2024-12-04 02:53:13,1202.17,17.49,2.31
1813,2024-12-04 02:53:14,1202.83,17.49,2.31
1814,2024-12-04 02:53:15,1203.49,17.49,2.31
1815,2024-12-04 02:53:15,1204.15,17.49,2.31
1816,2024-12-04 02:53:16,1204.82,17.49,2.31
1817,2024-12-04 02:53:17,1205.49,17.49,2.31
1818,2024-12-04 02:53:17,1206.15,17.49,2.31
1819,2024-12-04 02:53:18,1206.81,17.49,2.31
1820,2024-12-04 02:53:19,1207.47,17.49,2.31
1821,2024-12-04 02:53:19,1208.13,17.49,2.31
1822,2024-12-04 02:53:20,1208.79,17.49,2.31
1823,2024-12-04 02:53:21,1209.45,17.49,2.31
1824,2024-12-04 02:53:21,1210.12,17.49,2.31
1825,2024-12-04 02:53:22,1210.79,17.49,2.31
1826,2024-12-04 02:53:23,1211.44,17.49,2.31
1827,2024-12-04 02:53:23,1212.10,17.49,2.31
1828,2024-12-04 02:53:24,1212.77,17.49,2.31
1829,2024-12-04 02:53:25,1213.44,17.49,2.31
1830,2024-12-04 02:53:25,1214.11,17.49,2.31
1831,2024-12-04 02:53:26,1214.77,17.49,2.31
1832,2024-12-04 02:53:27,1215.44,17.49,2.31
1833,2024-12-04 02:53:27,1216.10,17.49,2.31
1834,2024-12-04 02:53:28,1216.76,17.49,2.31
1835,2024-12-04 02:53:29,1217.43,17.49,2.31
1836,2024-12-04 02:53:29,1218.10,17.49,2.31
1837,2024-12-04 02:53:30,1218.76,17.49,2.31
1838,2024-12-04 02:53:31,1219.42,17.49,2.31
1839,2024-12-04 02:53:31,1220.09,17.49,2.31
1840,2024-12-04 02:53:32,1220.75,17.49,2.31
1841,2024-12-04 02:53:33,1221.42,17.49,2.31
1842,2024-12-04 02:53:33,1222.09,17.49,2.31
1843,2024-12-04 02:53:34,1222.76,17.49,2.31
1844,2024-12-04 02:53:35,1223.43,17.49,2.31
1845,2024-12-04 02:53:35,1224.09,17.49,2.31
1846,2024-12-04 02:53:36,1224.75,17.49,2.31
1847,2024-12-04 02:53:37,1225.42,17.49,2.31
1848,2024-12-04 02:53:37,1226.08,17.49,2.31
1849,2024-12-04 02:53:38,1226.73,17.49,2.31
1850,2024-12-04 02:53:39,1227.39,17.49,2.31
1851,2024-12-04 02:53:39,1228.05,17.49,2.31
1852,2024-12-04 02:53:40,1228.71,17.49,2.31
1853,2024-12-04 02:53:41,1229.37,17.49,2.31
1854,2024-12-04 02:53:41,1230.04,17.49,2.31
1855,2024-12-04 02:53:42,1230.72,17.49,2.31
1856,2024-12-04 02:53:43,1231.38,17.49,2.31
1857,2024-12-04 02:53:43,1232.05,17.49,2.31
1858,2024-12-04 02:53:44,1232.71,17.49,2.31
1859,2024-12-04 02:53:45,1233.38,17.49,2.31
1860,2024-12-04 02:53:45,1234.04,17.49,2.31
1861,2024-12-04 02:53:46,1234.71,17.49,2.31
1862,2024-12-04 02:53:47,1235.37,17.49,2.31
1863,2024-12-04 02:53:47,1236.03,17.49,2.31
1864,2024-12-04 02:53:48,1236.70,17.49,2.31
1865,2024-12-04 02:53:49,1237.37,17.49,2.31
1866,2024-12-04 02:53:49,1238.03,17.49,2.31
1867,2024-12-04 02:53:50,1238.70,17.49,2.31
1868,2024-12-04 02:53:51,1239.37,17.49,2.31
1869,2024-12-04 02:53:51,1240.04,17.49,2.31
1870,2024-12-04 02:53:52,1240.70,17.49,2.31
1871,2024-12-04 02:53:53,1241.37,17.49,2.31
1872,2024-12-04 02:53:53,1242.03,17.49,2.31
1873,2024-12-04 02:53:54,1242.69,17.49,2.31
1874,2024-12-04 02:53:55,1243.36,17.49,2.31
1875,2024-12-04 02:53:55,1244.01,17.49,2.31
1876,2024-12-04 02:53:56,1244.68,17.49,2.31
1877,2024-12-04 02:53:57,1245.34,17.49,2.31
1878,2024-12-04 02:53:57,1246.01,17.49,2.31
1879,2024-12-04 02:53:58,1246.66,17.49,2.31
1880,2024-12-04 02:53:59,1247.32,17.49,2.31
1881,2024-12-04 02:53:59,1248.00,17.49,2.31
1882,2024-12-04 02:54:00,1248.66,17.49,2.31
1883,2024-12-04 02:54:01,1249.33,17.49,2.31
1884,2024-12-04 02:54:01,1249.99,17.49,2.31
1885,2024-12-04 02:54:02,1250.65,17.49,2.31
1886,2024-12-04 02:54:03,1251.31,17.49,2.31
1887,2024-12-04 02:54:03,1251.98,17.49,2.31
1888,2024-12-04 02:54:04,1252.64,17.49,2.31
1889,2024-12-04 02:54:05,1253.30,17.49,2.31
1890,2024-12-04 02:54:05,1253.96,17.49,2.31
1891,2024-12-04 02:54:06,1254.63,17.49,2.31
1892,2024-12-04 02:54:07,1255.29,17.49,2.31
1893,2024-12-04 02:54:07,1255.95,17.49,2.31
1894,2024-12-04 02:54:08,1256.62,17.49,2.31
1895,2024-12-04 02:54:09,1257.29,17.49,2.31
1896,2024-12-04 02:54:09,1257.94,17.49,2.31
1897,2024-12-04 02:54:10,1258.60,17.49,2.31
1898,2024-12-04 02:54:11,1259.26,17.49,2.31
1899,2024-12-04 02:54:11,1259.93,17.49,2.31
1900,2024-12-04 02:54:12,1260.58,17.49,2.31
1901,2024-12-04 02:54:13,1261.24,17.49,2.31
1902,2024-12-04 02:54:13,1261.90,17.49,2.31
1903,2024-12-04 02:54:14,1262.57,17.49,2.31
1904,2024-12-04 02:54:15,1263.22,17.49,2.31
1905,2024-12-04 02:54:15,1263.89,17.49,2.31
1906,2024-12-04 02:54:16,1264.55,17.49,2.31
1907,2024-12-04 02:54:17,1265.22,17.49,2.31
1908,2024-12-04 02:54:17,1265.88,17.49,2.31
1909,2024-12-04 02:54:18,1266.54,17.49,2.31
1910,2024-12-04 02:54:19,1267.21,17.49,2.31
1911,2024-12-04 02:54:19,1267.87,17.49,2.31
1912,2024-12-04 02:54:20,1268.53,17.49,2.31
1913,2024-12-04 02:54:21,1269.19,17.49,2.31
1914,2024-12-04 02:54:21,1269.85,17.49,2.31
1915,2024-12-04 02:54:22,1270.52,17.49,2.31
1916,2024-12-04 02:54:23,1271.19,17.49,2.31
1917,2024-12-04 02:54:23,1271.85,17.49,2.31
1918,2024-12-04 02:54:24,1272.51,17.49,2.31
1919,2024-12-04 02:54:24,1273.17,17.49,2.31
1920,2024-12-04 02:54:25,1273.85,17.49,2.31
1921,2024-12-04 02:54:26,1274.51,17.49,2.31
1922,2024-12-04 02:54:26,1275.17,17.49,2.31
1923,2024-12-04 02:54:27,1275.82,17.49,2.31
1924,2024-12-04 02:54:28,1276.50,17.49,2.31
1925,2024-12-04 02:54:28,1277.15,17.49,2.31
1926,2024-12-04 02:54:29,1277.82,17.49,2.31
1927,2024-12-04 02:54:30,1278.48,17.49,2.31
1928,2024-12-04 02:54:30,1279.14,17.49,2.31
1929,2024-12-04 02:54:31,1279.81,17.49,2.31
1930,2024-12-04 02:54:32,1280.48,17.49,2.31
1931,2024-12-04 02:54:32,1281.13,17.49,2.31
1932,2024-12-04 02:54:33,1281.79,17.49,2.31
1933,2024-12-04 02:54:34,1282.46,17.49,2.31
1934,2024-12-04 02:54:34,1283.13,17.49,2.31
1935,2024-12-04 02:54:35,1283.79,17.49,2.31
1936,2024-12-04 02:54:36,1284.45,17.49,2.31
1937,2024-12-04 02:54:36,1285.11,17.49,2.31
1938,2024-12-04 02:54:37,1285.77,17.49,2.31
1939,2024-12-04 02:54:38,1286.43,17.49,2.31
1940,2024-12-04 02:54:38,1287.09,17.49,2.31
1941,2024-12-04 02:54:39,1287.75,17.49,2.31
1942,2024-12-04 02:54:40,1288.41,17.49,2.31
1943,2024-12-04 02:54:40,1289.07,17.49,2.31
1944,2024-12-04 02:54:41,1289.73,17.49,2.31
1945,2024-12-04 02:54:42,1290.40,17.49,2.31
1946,2024-12-04 02:54:42,1291.07,17.49,2.31
1947,2024-12-04 02:54:43,1291.73,17.49,2.31
1948,2024-12-04 02:54:44,1292.39,17.49,2.31
1949,2024-12-04 02:54:44,1293.06,17.49,2.31
1950,2024-12-04 02:54:45,1293.72,17.49,2.31
1951,2024-12-04 02:54:46,1294.38,17.49,2.31
1952,2024-12-04 02:54:46,1295.04,17.49,2.31
1953,2024-12-04 02:54:47,1295.70,17.49,2.31
1954,2024-12-04 02:54:48,1296.36,17.49,2.31
1955,2024-12-04 02:54:48,1297.02,17.49,2.31
1956,2024-12-04 02:54:49,1297.68,17.49,2.31
1957,2024-12-04 02:54:50,1298.35,17.49,2.31
1958,2024-12-04 02:54:50,1299.01,17.49,2.31
1959,2024-12-04 02:54:51,1299.69,17.49,2.31
1960,2024-12-04 02:54:52,1300.35,17.49,2.31
1961,2024-12-04 02:54:52,1301.01,17.49,2.31
1962,2024-12-04 02:54:53,1301.67,17.49,2.31
1963,2024-12-04 02:54:54,1302.33,17.49,2.31
1964,2024-12-04 02:54:54,1302.99,17.49,2.31
1965,2024-12-04 02:54:55,1303.66,17.49,2.31
1966,2024-12-04 02:54:56,1304.32,17.49,2.31
1967,2024-12-04 02:54:56,1304.99,17.49,2.31
1968,2024-12-04 02:54:57,1305.66,17.49,2.31
1969,2024-12-04 02:54:58,1306.32,17.49,2.31
1970,2024-12-04 02:54:58,1306.98,17.49,2.31
1971,2024-12-04 02:54:59,1307.64,17.49,2.31
1972,2024-12-04 02:55:00,1308.31,17.49,2.31
1973,2024-12-04 02:55:00,1308.98,17.49,2.31
1974,2024-12-04 02:55:01,1309.64,17.49,2.31
1975,2024-12-04 02:55:02,1310.31,17.49,2.31
1976,2024-12-04 02:55:02,1310.97,17.49,2.31
1977,2024-12-04 02:55:03,1311.63,17.49,2.31
1978,2024-12-04 02:55:04,1312.31,17.49,2.31
1979,2024-12-04 02:55:04,1312.96,17.49,2.31
1980,2024-12-04 02:55:05,1313.63,17.49,2.31
1981,2024-12-04 02:55:06,1314.29,17.49,2.31
1982,2024-12-04 02:55:06,1314.96,17.49,2.31
1983,2024-12-04 02:55:07,1315.63,17.49,2.31
1984,2024-12-04 02:55:08,1316.29,17.49,2.31
1985,2024-12-04 02:55:08,1316.96,17.49,2.31
1986,2024-12-04 02:55:09,1317.62,17.49,2.31
1987,2024-12-04 02:55:10,1318.27,17.49,2.31
1988,2024-12-04 02:55:10,1318.93,17.49,2.31
1989,2024-12-04 02:55:11,1319.60,17.49,2.31
1990,2024-12-04 02:55:12,1320.26,17.49,2.31
1991,2024-12-04 02:55:12,1320.92,17.49,2.31
1992,2024-12-04 02:55:13,1321.58,17.49,2.31
1993,2024-12-04 02:55:14,1322.24,17.49,2.31
1994,2024-12-04 02:55:14,1322.91,17.49,2.31
1995,2024-12-04 02:55:15,1323.56,17.49,2.31
1996,2024-12-04 02:55:16,1324.23,17.49,2.31
1997,2024-12-04 02:55:16,1324.90,17.49,2.31
1998,2024-12-04 02:55:17,1325.57,17.49,2.31
1999,2024-12-04 02:55:18,1326.24,17.49,2.31
2000,2024-12-04 02:55:18,1326.90,17.49,2.31
2001,2024-12-04 02:55:19,1327.56,17.49,2.31
2002,2024-12-04 02:55:20,1328.22,17.49,2.31
2003,2024-12-04 02:55:20,1328.88,17.49,2.31
2004,2024-12-04 02:55:21,1329.55,17.49,2.31
2005,2024-12-04 02:55:22,1330.20,17.49,2.31
2006,2024-12-04 02:55:22,1330.86,17.49,2.31
2007,2024-12-04 02:55:23,1331.53,17.49,2.31
2008,2024-12-04 02:55:24,1332.18,17.49,2.31
2009,2024-12-04 02:55:24,1332.85,17.49,2.31
2010,2024-12-04 02:55:25,1333.51,17.49,2.31
2011,2024-12-04 02:55:26,1334.18,17.49,2.31
2012,2024-12-04 02:55:26,1334.86,17.49,2.31
2013,2024-12-04 02:55:27,1335.52,17.49,2.31
2014,2024-12-04 02:55:28,1336.19,17.49,2.31
2015,2024-12-04 02:55:28,1336.85,17.49,2.31
2016,2024-12-04 02:55:29,1337.50,17.49,2.31
2017,2024-12-04 02:55:29,1338.17,17.49,2.31
2018,2024-12-04 02:55:30,1338.83,17.49,2.31
2019,2024-12-04 02:55:31,1339.49,17.49,2.31
2020,2024-12-04 02:55:31,1340.16,17.49,2.31
2021,2024-12-04 02:55:32,1340.82,17.49,2.31
2022,2024-12-04 02:55:33,1341.48,17.49,2.31
2023,2024-12-04 02:55:33,1342.15,17.49,2.31
2024,2024-12-04 02:55:34,1342.83,17.49,2.31
2025,2024-12-04 02:55:35,1343.49,17.49,2.31
2026,2024-12-04 02:55:35,1344.16,17.49,2.31
2027,2024-12-04 02:55:36,1344.82,17.49,2.31
2028,2024-12-04 02:55:37,1345.47,17.49,2.31
2029,2024-12-04 02:55:37,1346.14,17.49,2.31
2030,2024-12-04 02:55:38,1346.81,17.49,2.31
2031,2024-12-04 02:55:39,1347.47,17.49,2.31
2032,2024-12-04 02:55:39,1348.14,17.49,2.31
2033,2024-12-04 02:55:40,1348.80,17.49,2.31
2034,2024-12-04 02:55:41,1349.47,17.49,2.31
2035,2024-12-04 02:55:41,1350.13,17.49,2.31
2036,2024-12-04 02:55:42,1350.79,17.49,2.31
2037,2024-12-04 02:55:43,1351.46,17.49,2.31
2038,2024-12-04 02:55:43,1352.12,17.49,2.31
2039,2024-12-04 02:55:44,1352.79,17.49,2.31
2040,2024-12-04 02:55:45,1353.46,17.49,2.31
2041,2024-12-04 02:55:45,1354.12,17.49,2.31
2042,2024-12-04 02:55:46,1354.79,17.49,2.31
2043,2024-12-04 02:55:47,1355.46,17.49,2.31
2044,2024-12-04 02:55:47,1356.13,17.49,2.31
2045,2024-12-04 02:55:48,1356.80,17.49,2.31
2046,2024-12-04 02:55:49,1357.46,17.49,2.31
2047,2024-12-04 02:55:49,1358.13,17.49,2.31
2048,2024-12-04 02:55:50,1358.78,17.49,2.31
2049,2024-12-04 02:55:51,1359.44,17.49,2.31
2050,2024-12-04 02:55:51,1360.12,17.49,2.31
2051,2024-12-04 02:55:52,1360.79,17.49,2.31
2052,2024-12-04 02:55:53,1361.45,17.49,2.31
2053,2024-12-04 02:55:53,1362.12,17.49,2.31
2054,2024-12-04 02:55:54,1362.78,17.49,2.31
2055,2024-12-04 02:55:55,1363.44,17.49,2.31
2056,2024-12-04 02:55:55,1364.10,17.49,2.31
2057,2024-12-04 02:55:56,1364.76,17.49,2.31
2058,2024-12-04 02:55:57,1365.42,17.49,2.31
2059,2024-12-04 02:55:57,1366.08,17.49,2.31
2060,2024-12-04 02:55:58,1366.75,17.49,2.31
2061,2024-12-04 02:55:59,1367.40,17.49,2.31
2062,2024-12-04 02:55:59,1368.06,17.49,2.31
2063,2024-12-04 02:56:00,1368.73,17.49,2.31
2064,2024-12-04 02:56:01,1369.40,17.49,2.31
2065,2024-12-04 02:56:01,1370.07,17.49,2.31
2066,2024-12-04 02:56:02,1370.73,17.49,2.31
2067,2024-12-04 02:56:03,1371.39,17.49,2.31
2068,2024-12-04 02:56:03,1372.04,17.49,2.31
2069,2024-12-04 02:56:04,1372.70,17.49,2.31
2070,2024-12-04 02:56:05,1373.36,17.49,2.31
2071,2024-12-04 02:56:05,1374.03,17.49,2.31
2072,2024-12-04 02:56:06,1374.68,17.49,2.31
2073,2024-12-04 02:56:07,1375.34,17.49,2.31
2074,2024-12-04 02:56:07,1376.00,17.49,2.31
2075,2024-12-04 02:56:08,1376.66,17.49,2.31
2076,2024-12-04 02:56:09,1377.33,17.49,2.31
2077,2024-12-04 02:56:09,1378.00,17.49,2.31
2078,2024-12-04 02:56:10,1378.66,17.49,2.31
2079,2024-12-04 02:56:11,1379.32,17.49,2.31
2080,2024-12-04 02:56:11,1379.98,17.49,2.31
2081,2024-12-04 02:56:12,1380.65,17.49,2.31
2082,2024-12-04 02:56:13,1381.31,17.49,2.31
2083,2024-12-04 02:56:13,1381.96,17.49,2.31
2084,2024-12-04 02:56:14,1382.62,17.49,2.31
2085,2024-12-04 02:56:15,1383.29,17.49,2.31
2086,2024-12-04 02:56:15,1383.95,17.49,2.31
2087,2024-12-04 02:56:16,1384.62,17.49,2.31
2088,2024-12-04 02:56:17,1385.29,17.49,2.31
2089,2024-12-04 02:56:17,1385.96,17.49,2.31
2090,2024-12-04 02:56:18,1386.62,17.49,2.31
2091,2024-12-04 02:56:19,1387.29,17.49,2.31
2092,2024-12-04 02:56:19,1387.95,17.49,2.31
2093,2024-12-04 02:56:20,1388.61,17.49,2.31
2094,2024-12-04 02:56:21,1389.27,17.49,2.31
2095,2024-12-04 02:56:21,1389.94,17.49,2.31
2096,2024-12-04 02:56:22,1390.61,17.49,2.31
2097,2024-12-04 02:56:23,1391.26,17.49,2.31
2098,2024-12-04 02:56:23,1391.93,17.49,2.31
2099,2024-12-04 02:56:24,1392.59,17.49,2.31
2100,2024-12-04 02:56:25,1393.26,17.49,2.31
2101,2024-12-04 02:56:25,1393.93,17.49,2.31
2102,2024-12-04 02:56:26,1394.60,17.49,2.31
2103,2024-12-04 02:56:27,1395.26,17.49,2.31
2104,2024-12-04 02:56:27,1395.93,17.49,2.31
2105,2024-12-04 02:56:28,1396.59,17.49,2.31
2106,2024-12-04 02:56:29,1397.25,17.49,2.31
2107,2024-12-04 02:56:29,1397.90,17.49,2.31
2108,2024-12-04 02:56:30,1398.56,17.49,2.31
2109,2024-12-04 02:56:31,1399.22,17.49,2.31
2110,2024-12-04 02:56:31,1399.88,17.49,2.31
2111,2024-12-04 02:56:32,1400.54,17.49,2.31
2112,2024-12-04 02:56:33,1401.19,17.49,2.31
2113,2024-12-04 02:56:33,1401.87,17.49,2.31
2114,2024-12-04 02:56:34,1402.53,17.49,2.31
2115,2024-12-04 02:56:35,1403.20,17.49,2.31
2116,2024-12-04 02:56:35,1403.87,17.49,2.31
2117,2024-12-04 02:56:36,1404.52,17.49,2.31
2118,2024-12-04 02:56:37,1405.18,17.49,2.31
2119,2024-12-04 02:56:37,1405.83,17.49,2.31
2120,2024-12-04 02:56:38,1406.49,17.49,2.31
2121,2024-12-04 02:56:38,1407.16,17.49,2.31
2122,2024-12-04 02:56:39,1407.81,17.49,2.31
2123,2024-12-04 02:56:40,1408.47,17.49,2.31
2124,2024-12-04 02:56:40,1409.14,17.49,2.31
2125,2024-12-04 02:56:41,1409.79,17.49,2.31
2126,2024-12-04 02:56:42,1410.45,17.49,2.31
2127,2024-12-04 02:56:42,1411.11,17.49,2.31
2128,2024-12-04 02:56:43,1411.78,17.49,2.31
2129,2024-12-04 02:56:44,1412.45,17.49,2.31
2130,2024-12-04 02:56:44,1413.11,17.49,2.31
2131,2024-12-04 02:56:45,1413.78,17.49,2.31
2132,2024-12-04 02:56:46,1414.45,17.49,2.31
2133,2024-12-04 02:56:46,1415.11,17.49,2.31
2134,2024-12-04 02:56:47,1415.77,17.49,2.31
2135,2024-12-04 02:56:48,1416.42,17.49,2.31
2136,2024-12-04 02:56:48,1417.08,17.49,2.31
2137,2024-12-04 02:56:49,1417.74,17.49,2.31
2138,2024-12-04 02:56:50,1418.41,17.49,2.31
2139,2024-12-04 02:56:50,1419.07,17.49,2.31
2140,2024-12-04 02:56:51,1419.72,17.49,2.31
2141,2024-12-04 02:56:52,1420.39,17.49,2.31
2142,2024-12-04 02:56:52,1421.07,17.49,2.31
2143,2024-12-04 02:56:53,1421.72,17.49,2.31
2144,2024-12-04 02:56:54,1422.38,17.49,2.31
2145,2024-12-04 02:56:54,1423.05,17.49,2.31
2146,2024-12-04 02:56:55,1423.71,17.49,2.31
2147,2024-12-04 02:56:56,1424.38,17.49,2.31
2148,2024-12-04 02:56:56,1425.04,17.49,2.31
2149,2024-12-04 02:56:57,1425.71,17.49,2.31
2150,2024-12-04 02:56:58,1426.38,17.49,2.31
2151,2024-12-04 02:56:58,1427.05,17.49,2.31
2152,2024-12-04 02:56:59,1427.72,17.49,2.31
2153,2024-12-04 02:57:00,1428.38,17.49,2.31
2154,2024-12-04 02:57:00,1429.05,17.49,2.31
2155,2024-12-04 02:57:01,1429.72,17.49,2.31
2156,2024-12-04 02:57:02,1430.38,17.49,2.31
2157,2024-12-04 02:57:02,1431.04,17.49,2.31
2158,2024-12-04 02:57:03,1431.70,17.49,2.31
2159,2024-12-04 02:57:04,1432.37,17.49,2.31
2160,2024-12-04 02:57:04,1433.04,17.49,2.31
2161,2024-12-04 02:57:05,1433.70,17.49,2.31
2162,2024-12-04 02:57:06,1434.37,17.49,2.31
2163,2024-12-04 02:57:06,1435.04,17.49,2.31
2164,2024-12-04 02:57:07,1435.70,17.49,2.31
2165,2024-12-04 02:57:08,1436.37,17.49,2.31
2166,2024-12-04 02:57:08,1437.03,17.49,2.31
2167,2024-12-04 02:57:09,1437.71,17.49,2.31
2168,2024-12-04 02:57:10,1438.37,17.49,2.31
2169,2024-12-04 02:57:10,1439.04,17.49,2.31
2170,2024-12-04 02:57:11,1439.69,17.49,2.31
2171,2024-12-04 02:57:12,1440.36,17.49,2.31
2172,2024-12-04 02:57:12,1441.02,17.49,2.31
2173,2024-12-04 02:57:13,1441.68,17.49,2.31
2174,2024-12-04 02:57:14,1442.34,17.49,2.31
2175,2024-12-04 02:57:14,1442.99,17.49,2.31
2176,2024-12-04 02:57:15,1443.65,17.49,2.31
2177,2024-12-04 02:57:16,1444.31,17.49,2.31
2178,2024-12-04 02:57:16,1444.98,17.49,2.31
2179,2024-12-04 02:57:17,1445.63,17.49,2.31
2180,2024-12-04 02:57:18,1446.31,17.49,2.31
2181,2024-12-04 02:57:18,1446.97,17.49,2.31
2182,2024-12-04 02:57:19,1447.62,17.49,2.31
2183,2024-12-04 02:57:20,1448.28,17.49,2.31
2184,2024-12-04 02:57:20,1448.93,17.49,2.31
2185,2024-12-04 02:57:21,1449.60,17.49,2.31
2186,2024-12-04 02:57:22,1450.26,17.49,2.31
2187,2024-12-04 02:57:22,1450.91,17.49,2.31
2188,2024-12-04 02:57:23,1451.58,17.49,2.31
2189,2024-12-04 02:57:24,1452.24,17.49,2.31
2190,2024-12-04 02:57:24,1452.90,17.49,2.31
2191,2024-12-04 02:57:25,1453.57,17.49,2.31
2192,2024-12-04 02:57:26,1454.22,17.49,2.31
2193,2024-12-04 02:57:26,1454.89,17.49,2.31
2194,2024-12-04 02:57:27,1455.55,17.49,2.31
2195,2024-12-04 02:57:28,1456.22,17.49,2.31
2196,2024-12-04 02:57:28,1456.88,17.49,2.31
2197,2024-12-04 02:57:29,1457.54,17.49,2.31
2198,2024-12-04 02:57:30,1458.21,17.49,2.31
2199,2024-12-04 02:57:30,1458.87,17.49,2.31
2200,2024-12-04 02:57:31,1459.53,17.49,2.31
2201,2024-12-04 02:57:32,1460.19,17.49,2.31
2202,2024-12-04 02:57:32,1460.85,17.49,2.31
2203,2024-12-04 02:57:33,1461.50,17.49,2.31
2204,2024-12-04 02:57:33,1462.17,17.49,2.31
2205,2024-12-04 02:57:34,1462.84,17.49,2.31
2206,2024-12-04 02:57:35,1463.51,17.49,2.31
2207,2024-12-04 02:57:36,1464.18,17.49,2.31
2208,2024-12-04 02:57:36,1464.84,17.49,2.31
2209,2024-12-04 02:57:37,1465.50,17.49,2.31
2210,2024-12-04 02:57:37,1466.17,17.49,2.31
2211,2024-12-04 02:57:38,1466.83,17.49,2.31
2212,2024-12-04 02:57:39,1467.49,17.49,2.31
2213,2024-12-04 02:57:39,1468.15,17.49,2.31
2214,2024-12-04 02:57:40,1468.81,17.49,2.31
2215,2024-12-04 02:57:41,1469.47,17.49,2.31
2216,2024-12-04 02:57:41,1470.14,17.49,2.31
2217,2024-12-04 02:57:42,1470.79,17.49,2.31
2218,2024-12-04 02:57:43,1471.45,17.49,2.31
2219,2024-12-04 02:57:43,1472.13,17.49,2.31
2220,2024-12-04 02:57:44,1472.79,17.49,2.31
2221,2024-12-04 02:57:45,1473.45,17.49,2.31
2222,2024-12-04 02:57:45,1474.10,17.49,2.31
2223,2024-12-04 02:57:46,1474.77,17.49,2.31
2224,2024-12-04 02:57:47,1475.44,17.49,2.31
2225,2024-12-04 02:57:47,1476.10,17.49,2.31
2226,2024-12-04 02:57:48,1476.76,17.49,2.31
2227,2024-12-04 02:57:49,1477.43,17.49,2.31
2228,2024-12-04 02:57:49,1478.10,17.49,2.31
2229,2024-12-04 02:57:50,1478.77,17.49,2.31
2230,2024-12-04 02:57:51,1479.42,17.49,2.31
2231,2024-12-04 02:57:51,1480.08,17.49,2.31
2232,2024-12-04 02:57:52,1480.75,17.49,2.31
2233,2024-12-04 02:57:53,1481.41,17.49,2.31
2234,2024-12-04 02:57:53,1482.06,17.49,2.31
2235,2024-12-04 02:57:54,1482.73,17.49,2.31
2236,2024-12-04 02:57:55,1483.38,17.49,2.31
2237,2024-12-04 02:57:55,1484.05,17.49,2.31
2238,2024-12-04 02:57:56,1484.70,17.49,2.31
2239,2024-12-04 02:57:57,1485.37,17.49,2.31
2240,2024-12-04 02:57:57,1486.02,17.49,2.31
2241,2024-12-04 02:57:58,1486.69,17.49,2.31
2242,2024-12-04 02:57:59,1487.34,17.49,2.31
2243,2024-12-04 02:57:59,1488.01,17.49,2.31
2244,2024-12-04 02:58:00,1488.67,17.49,2.31
2245,2024-12-04 02:58:01,1489.34,17.49,2.31
2246,2024-12-04 02:58:01,1490.00,17.49,2.31
2247,2024-12-04 02:58:02,1490.66,17.49,2.31
2248,2024-12-04 02:58:03,1491.32,17.49,2.31
2249,2024-12-04 02:58:03,1491.98,17.49,2.31
2250,2024-12-04 02:58:04,1492.64,17.49,2.31
2251,2024-12-04 02:58:05,1493.30,17.49,2.31
2252,2024-12-04 02:58:05,1493.95,17.49,2.31
2253,2024-12-04 02:58:06,1494.61,17.49,2.31
2254,2024-12-04 02:58:07,1495.27,17.49,2.31
2255,2024-12-04 02:58:07,1495.93,17.49,2.31
2256,2024-12-04 02:58:08,1496.60,17.49,2.31
2257,2024-12-04 02:58:09,1497.26,17.49,2.31
2258,2024-12-04 02:58:09,1497.94,17.49,2.31
2259,2024-12-04 02:58:10,1498.60,17.49,2.31
2260,2024-12-04 02:58:11,1499.25,17.49,2.31
2261,2024-12-04 02:58:11,1499.92,17.49,2.31
2262,2024-12-04 02:58:12,1500.57,17.49,2.31
2263,2024-12-04 02:58:13,1501.23,17.49,2.31
2264,2024-12-04 02:58:13,1501.88,17.49,2.31
2265,2024-12-04 02:58:14,1502.54,17.49,2.31
2266,2024-12-04 02:58:15,1503.20,17.49,2.31
2267,2024-12-04 02:58:15,1503.86,17.49,2.31
2268,2024-12-04 02:58:16,1504.52,17.49,2.31
2269,2024-12-04 02:58:17,1505.19,17.49,2.31
2270,2024-12-04 02:58:17,1505.86,17.49,2.31
2271,2024-12-04 02:58:18,1506.53,17.49,2.31
2272,2024-12-04 02:58:19,1507.20,17.49,2.31
2273,2024-12-04 02:58:19,1507.86,17.49,2.31
2274,2024-12-04 02:58:20,1508.52,17.49,2.31
2275,2024-12-04 02:58:21,1509.18,17.49,2.31
2276,2024-12-04 02:58:21,1509.84,17.49,2.31
2277,2024-12-04 02:58:22,1510.50,17.49,2.31
2278,2024-12-04 02:58:22,1511.17,17.49,2.31
2279,2024-12-04 02:58:23,1511.82,17.49,2.31
2280,2024-12-04 02:58:24,1512.49,17.49,2.31
2281,2024-12-04 02:58:24,1513.15,17.49,2.31
2282,2024-12-04 02:58:25,1513.82,17.49,2.31
2283,2024-12-04 02:58:26,1514.48,17.49,2.31
2284,2024-12-04 02:58:26,1515.15,17.49,2.31
2285,2024-12-04 02:58:27,1515.82,17.49,2.31
2286,2024-12-04 02:58:28,1516.49,17.49,2.31
2287,2024-12-04 02:58:28,1517.16,17.49,2.31
2288,2024-12-04 02:58:29,1517.82,17.49,2.31
2289,2024-12-04 02:58:30,1518.48,17.49,2.31
2290,2024-12-04 02:58:30,1519.14,17.49,2.31
2291,2024-12-04 02:58:31,1519.80,17.49,2.31
2292,2024-12-04 02:58:32,1520.47,17.49,2.31
2293,2024-12-04 02:58:32,1521.13,17.49,2.31
2294,2024-12-04 02:58:33,1521.79,17.49,2.31
2295,2024-12-04 02:58:34,1522.45,17.49,2.31
2296,2024-12-04 02:58:34,1523.12,17.49,2.31
2297,2024-12-04 02:58:35,1523.79,17.49,2.31
2298,2024-12-04 02:58:36,1524.46,17.49,2.31
2299,2024-12-04 02:58:36,1525.12,17.49,2.31
2300,2024-12-04 02:58:37,1525.79,17.49,2.31
2301,2024-12-04 02:58:38,1526.44,17.49,2.31
2302,2024-12-04 02:58:38,1527.10,17.49,2.31
2303,2024-12-04 02:58:39,1527.76,17.49,2.31
2304,2024-12-04 02:58:40,1528.42,17.49,2.31
2305,2024-12-04 02:58:40,1529.09,17.49,2.31
2306,2024-12-04 02:58:41,1529.76,17.49,2.31
2307,2024-12-04 02:58:42,1530.43,17.49,2.31
2308,2024-12-04 02:58:42,1531.09,17.49,2.31
2309,2024-12-04 02:58:43,1531.75,17.49,2.31
2310,2024-12-04 02:58:44,1532.41,17.49,2.31
2311,2024-12-04 02:58:44,1533.08,17.49,2.31
2312,2024-12-04 02:58:45,1533.73,17.49,2.31
2313,2024-12-04 02:58:46,1534.40,17.49,2.31
2314,2024-12-04 02:58:46,1535.06,17.49,2.31
2315,2024-12-04 02:58:47,1535.73,17.49,2.31
2316,2024-12-04 02:58:48,1536.38,17.49,2.31
2317,2024-12-04 02:58:48,1537.05,17.49,2.31
2318,2024-12-04 02:58:49,1537.71,17.49,2.31
2319,2024-12-04 02:58:50,1538.38,17.49,2.31
2320,2024-12-04 02:58:50,1539.03,17.49,2.31
2321,2024-12-04 02:58:51,1539.69,17.49,2.31
2322,2024-12-04 02:58:52,1540.35,17.49,2.31
2323,2024-12-04 02:58:52,1541.02,17.49,2.31
2324,2024-12-04 02:58:53,1541.69,17.49,2.31
2325,2024-12-04 02:58:54,1542.34,17.49,2.31
2326,2024-12-04 02:58:54,1543.00,17.49,2.31
2327,2024-12-04 02:58:55,1543.66,17.49,2.31
2328,2024-12-04 02:58:56,1544.33,17.49,2.31
2329,2024-12-04 02:58:56,1544.99,17.49,2.31
2330,2024-12-04 02:58:57,1545.65,17.49,2.31
2331,2024-12-04 02:58:58,1546.32,17.49,2.31
2332,2024-12-04 02:58:58,1546.97,17.49,2.31
2333,2024-12-04 02:58:59,1547.64,17.49,2.31
2334,2024-12-04 02:59:00,1548.29,17.49,2.31
2335,2024-12-04 02:59:00,1548.95,17.49,2.31
2336,2024-12-04 02:59:01,1549.62,17.49,2.31
2337,2024-12-04 02:59:02,1550.29,17.49,2.31
2338,2024-12-04 02:59:02,1550.96,17.49,2.31
2339,2024-12-04 02:59:03,1551.61,17.49,2.31
2340,2024-12-04 02:59:04,1552.28,17.49,2.31
2341,2024-12-04 02:59:04,1552.94,17.49,2.31
2342,2024-12-04 02:59:05,1553.59,17.49,2.31
2343,2024-12-04 02:59:06,1554.26,17.49,2.31
2344,2024-12-04 02:59:06,1554.92,17.49,2.31
2345,2024-12-04 02:59:07,1555.57,17.49,2.31
2346,2024-12-04 02:59:08,1556.24,17.49,2.31
2347,2024-12-04 02:59:08,1556.90,17.49,2.31
2348,2024-12-04 02:59:09,1557.56,17.49,2.31
2349,2024-12-04 02:59:10,1558.22,17.49,2.31
2350,2024-12-04 02:59:10,1558.90,17.49,2.31
2351,2024-12-04 02:59:11,1559.55,17.49,2.31
2352,2024-12-04 02:59:12,1560.21,17.49,2.31
2353,2024-12-04 02:59:12,1560.87,17.49,2.31
2354,2024-12-04 02:59:13,1561.54,17.49,2.31
2355,2024-12-04 02:59:14,1562.19,17.49,2.31
2356,2024-12-04 02:59:14,1562.86,17.49,2.31
2357,2024-12-04 02:59:15,1563.52,17.49,2.31
2358,2024-12-04 02:59:16,1564.18,17.49,2.31
2359,2024-12-04 02:59:16,1564.83,17.49,2.31
2360,2024-12-04 02:59:17,1565.49,17.49,2.31
2361,2024-12-04 02:59:17,1566.14,17.49,2.31
2362,2024-12-04 02:59:18,1566.82,17.49,2.31
2363,2024-12-04 02:59:19,1567.49,17.49,2.31
2364,2024-12-04 02:59:19,1568.15,17.49,2.31
2365,2024-12-04 02:59:20,1568.81,17.49,2.31
2366,2024-12-04 02:59:21,1569.47,17.49,2.31
2367,2024-12-04 02:59:21,1570.13,17.49,2.31
2368,2024-12-04 02:59:22,1570.78,17.49,2.31
2369,2024-12-04 02:59:23,1571.45,17.49,2.31
2370,2024-12-04 02:59:23,1572.10,17.49,2.31
2371,2024-12-04 02:59:24,1572.77,17.49,2.31
2372,2024-12-04 02:59:25,1573.43,17.49,2.31
2373,2024-12-04 02:59:25,1574.10,17.49,2.31
2374,2024-12-04 02:59:26,1574.76,17.49,2.31
2375,2024-12-04 02:59:27,1575.43,17.49,2.31
2376,2024-12-04 02:59:27,1576.09,17.49,2.31
2377,2024-12-04 02:59:28,1576.75,17.49,2.31
2378,2024-12-04 02:59:29,1577.40,17.49,2.31
2379,2024-12-04 02:59:29,1578.06,17.49,2.31
2380,2024-12-04 02:59:30,1578.72,17.49,2.31
2381,2024-12-04 02:59:31,1579.38,17.49,2.31
2382,2024-12-04 02:59:31,1580.04,17.49,2.31
2383,2024-12-04 02:59:32,1580.70,17.49,2.31
2384,2024-12-04 02:59:33,1581.36,17.49,2.31
2385,2024-12-04 02:59:33,1582.00,17.49,2.31
2386,2024-12-04 02:59:34,1582.68,17.49,2.31
2387,2024-12-04 02:59:35,1583.33,17.49,2.31
2388,2024-12-04 02:59:35,1584.01,17.49,2.31
2389,2024-12-04 02:59:36,1584.67,17.49,2.31
2390,2024-12-04 02:59:37,1585.34,17.49,2.31
2391,2024-12-04 02:59:37,1586.01,17.49,2.31
2392,2024-12-04 02:59:38,1586.67,17.49,2.31
2393,2024-12-04 02:59:39,1587.33,17.49,2.31
2394,2024-12-04 02:59:39,1587.99,17.49,2.31
2395,2024-12-04 02:59:40,1588.65,17.49,2.31
2396,2024-12-04 02:59:41,1589.31,17.49,2.31
2397,2024-12-04 02:59:41,1589.96,17.49,2.31
2398,2024-12-04 02:59:42,1590.63,17.49,2.31
2399,2024-12-04 02:59:43,1591.29,17.49,2.31
2400,2024-12-04 02:59:43,1591.95,17.49,2.31
2401,2024-12-04 02:59:44,1592.62,17.49,2.31
2402,2024-12-04 02:59:45,1593.30,17.49,2.31
2403,2024-12-04 02:59:45,1593.95,17.49,2.31
2404,2024-12-04 02:59:46,1594.62,17.49,2.31
2405,2024-12-04 02:59:47,1595.27,17.49,2.31
2406,2024-12-04 02:59:47,1595.93,17.49,2.31
2407,2024-12-04 02:59:48,1596.59,17.49,2.31
2408,2024-12-04 02:59:49,1597.26,17.49,2.31
2409,2024-12-04 02:59:49,1597.93,17.49,2.31
2410,2024-12-04 02:59:50,1598.59,17.49,2.31
2411,2024-12-04 02:59:51,1599.25,17.49,2.31
2412,2024-12-04 02:59:51,1599.92,17.49,2.31
2413,2024-12-04 02:59:52,1600.58,17.49,2.31
2414,2024-12-04 02:59:53,1601.26,17.49,2.31
2415,2024-12-04 02:59:53,1601.92,17.49,2.31
2416,2024-12-04 02:59:54,1602.57,17.49,2.31
2417,2024-12-04 02:59:55,1603.25,17.49,2.31
2418,2024-12-04 02:59:55,1603.91,17.49,2.31
2419,2024-12-04 02:59:56,1604.57,17.49,2.31
2420,2024-12-04 02:59:57,1605.23,17.49,2.31
2421,2024-12-04 02:59:57,1605.89,17.49,2.31
2422,2024-12-04 02:59:58,1606.54,17.49,2.31
2423,2024-12-04 02:59:59,1607.21,17.49,2.31
2424,2024-12-04 02:59:59,1607.88,17.49,2.31
2425,2024-12-04 03:00:00,1608.56,17.49,2.31
2426,2024-12-04 03:00:01,1609.22,17.49,2.31
2427,2024-12-04 03:00:01,1609.89,17.49,2.31
2428,2024-12-04 03:00:02,1610.56,17.49,2.31
2429,2024-12-04 03:00:03,1611.22,17.49,2.31
2430,2024-12-04 03:00:03,1611.88,17.49,2.31
2431,2024-12-04 03:00:04,1612.54,17.49,2.31
2432,2024-12-04 03:00:05,1613.20,17.49,2.31
2433,2024-12-04 03:00:05,1613.86,17.49,2.31
2434,2024-12-04 03:00:06,1614.52,17.49,2.31
2435,2024-12-04 03:00:07,1615.18,17.49,2.31
2436,2024-12-04 03:00:07,1615.84,17.49,2.31
2437,2024-12-04 03:00:08,1616.51,17.49,2.31
2438,2024-12-04 03:00:08,1617.17,17.49,2.31
2439,2024-12-04 03:00:09,1617.83,17.49,2.31
2440,2024-12-04 03:00:10,1618.50,17.49,2.31
2441,2024-12-04 03:00:10,1619.17,17.49,2.31
2442,2024-12-04 03:00:11,1619.83,17.49,2.31
2443,2024-12-04 03:00:12,1620.50,17.49,2.31
2444,2024-12-04 03:00:13,1621.18,17.49,2.31
2445,2024-12-04 03:00:13,1621.84,17.49,2.31
2446,2024-12-04 03:00:14,1622.50,17.49,2.31
2447,2024-12-04 03:00:14,1623.16,17.49,2.31
2448,2024-12-04 03:00:15,1623.82,17.49,2.31
2449,2024-12-04 03:00:16,1624.48,17.49,2.31
2450,2024-12-04 03:00:16,1625.15,17.49,2.31
2451,2024-12-04 03:00:17,1625.82,17.49,2.31
2452,2024-12-04 03:00:18,1626.49,17.49,2.31
2453,2024-12-04 03:00:18,1627.17,17.49,2.31
2454,2024-12-04 03:00:19,1627.84,17.49,2.31
2455,2024-12-04 03:00:20,1628.50,17.49,2.31
2456,2024-12-04 03:00:20,1629.17,17.49,2.31
2457,2024-12-04 03:00:21,1629.82,17.49,2.31
2458,2024-12-04 03:00:22,1630.49,17.49,2.31
2459,2024-12-04 03:00:22,1631.16,17.49,2.31
2460,2024-12-04 03:00:23,1631.82,17.49,2.31
2461,2024-12-04 03:00:24,1632.48,17.49,2.31
2462,2024-12-04 03:00:24,1633.14,17.49,2.31
2463,2024-12-04 03:00:25,1633.81,17.49,2.31
2464,2024-12-04 03:00:26,1634.47,17.49,2.31
2465,2024-12-04 03:00:26,1635.14,17.49,2.31
2466,2024-12-04 03:00:27,1635.81,17.49,2.31
2467,2024-12-04 03:00:28,1636.47,17.49,2.31
2468,2024-12-04 03:00:28,1637.13,17.49,2.31
2469,2024-12-04 03:00:29,1637.79,17.49,2.31
2470,2024-12-04 03:00:30,1638.45,17.49,2.31
2471,2024-12-04 03:00:30,1639.11,17.49,2.31
2472,2024-12-04 03:00:31,1639.77,17.49,2.31
2473,2024-12-04 03:00:32,1640.43,17.49,2.31
2474,2024-12-04 03:00:32,1641.09,17.49,2.31
2475,2024-12-04 03:00:33,1641.75,17.49,2.31
2476,2024-12-04 03:00:34,1642.41,17.49,2.31
2477,2024-12-04 03:00:34,1643.07,17.49,2.31
2478,2024-12-04 03:00:35,1643.74,17.49,2.31
2479,2024-12-04 03:00:36,1644.41,17.49,2.31
2480,2024-12-04 03:00:36,1645.09,17.49,2.31
2481,2024-12-04 03:00:37,1645.76,17.49,2.31
2482,2024-12-04 03:00:38,1646.43,17.49,2.31
2483,2024-12-04 03:00:38,1647.08,17.49,2.31
2484,2024-12-04 03:00:39,1647.74,17.49,2.31
2485,2024-12-04 03:00:40,1648.40,17.49,2.31
2486,2024-12-04 03:00:40,1649.06,17.49,2.31
2487,2024-12-04 03:00:41,1649.73,17.49,2.31
2488,2024-12-04 03:00:42,1650.39,17.49,2.31
2489,2024-12-04 03:00:42,1651.05,17.49,2.31
2490,2024-12-04 03:00:43,1651.70,17.49,2.31
2491,2024-12-04 03:00:44,1652.37,17.49,2.31
2492,2024-12-04 03:00:44,1653.04,17.49,2.31
2493,2024-12-04 03:00:45,1653.70,17.49,2.31
2494,2024-12-04 03:00:46,1654.37,17.49,2.31
2495,2024-12-04 03:00:46,1655.04,17.49,2.31
2496,2024-12-04 03:00:47,1655.69,17.49,2.31
2497,2024-12-04 03:00:48,1656.36,17.49,2.31
2498,2024-12-04 03:00:48,1657.01,17.49,2.31
2499,2024-12-04 03:00:49,1657.69,17.49,2.31
2500,2024-12-04 03:00:50,1658.36,17.49,2.31
