Step,Timestamp,Time (s),RAM Usage (GB),GPU Memory Usage (GB)
1,2024-12-04 04:00:47,1.72,17.49,5.09
2,2024-12-04 04:00:48,2.69,17.49,5.09
3,2024-12-04 04:00:48,3.65,17.49,5.09
4,2024-12-04 04:00:49,4.61,17.49,5.09
5,2024-12-04 04:00:50,5.57,17.49,5.09
6,2024-12-04 04:00:51,6.52,17.49,5.09
7,2024-12-04 04:00:52,7.48,17.49,5.09
8,2024-12-04 04:00:53,8.45,17.49,5.09
9,2024-12-04 04:00:54,9.41,17.49,5.09
10,2024-12-04 04:00:55,10.37,17.49,5.09
11,2024-12-04 04:00:56,11.34,17.49,5.09
12,2024-12-04 04:00:57,12.29,17.49,5.09
13,2024-12-04 04:00:58,13.25,17.49,5.09
14,2024-12-04 04:00:59,14.21,17.49,5.09
15,2024-12-04 04:01:00,15.18,17.49,5.09
16,2024-12-04 04:01:01,16.14,17.49,5.09
17,2024-12-04 04:01:02,17.10,17.49,5.09
18,2024-12-04 04:01:03,18.05,17.49,5.09
19,2024-12-04 04:01:04,19.02,17.49,5.09
20,2024-12-04 04:01:05,19.97,17.49,5.09
21,2024-12-04 04:01:06,20.93,17.49,5.09
22,2024-12-04 04:01:07,21.90,17.49,5.09
23,2024-12-04 04:01:08,22.86,17.49,5.09
24,2024-12-04 04:01:09,23.82,17.49,5.09
25,2024-12-04 04:01:10,24.78,17.49,5.09
26,2024-12-04 04:01:11,25.76,17.49,5.09
27,2024-12-04 04:01:12,26.72,17.49,5.09
28,2024-12-04 04:01:13,27.69,17.49,5.09
29,2024-12-04 04:01:13,28.66,17.49,5.09
30,2024-12-04 04:01:14,29.62,17.49,5.09
31,2024-12-04 04:01:15,30.59,17.49,5.09
32,2024-12-04 04:01:16,31.55,17.49,5.09
33,2024-12-04 04:01:17,32.51,17.49,5.09
34,2024-12-04 04:01:18,33.47,17.49,5.09
35,2024-12-04 04:01:19,34.44,17.49,5.09
36,2024-12-04 04:01:20,35.39,17.49,5.09
37,2024-12-04 04:01:21,36.36,17.49,5.09
38,2024-12-04 04:01:22,37.32,17.49,5.09
39,2024-12-04 04:01:23,38.30,17.49,5.09
40,2024-12-04 04:01:24,39.27,17.49,5.09
41,2024-12-04 04:01:25,40.24,17.49,5.09
42,2024-12-04 04:01:26,41.19,17.49,5.09
43,2024-12-04 04:01:27,42.15,17.49,5.09
44,2024-12-04 04:01:28,43.12,17.49,5.09
45,2024-12-04 04:01:29,44.09,17.49,5.09
46,2024-12-04 04:01:30,45.06,17.49,5.09
47,2024-12-04 04:01:31,46.02,17.49,5.09
48,2024-12-04 04:01:32,46.98,17.49,5.09
49,2024-12-04 04:01:33,47.95,17.49,5.09
50,2024-12-04 04:01:34,48.91,17.49,5.09
51,2024-12-04 04:01:35,49.88,17.49,5.09
52,2024-12-04 04:01:36,50.84,17.49,5.09
53,2024-12-04 04:01:37,51.81,17.49,5.09
54,2024-12-04 04:01:38,52.77,17.49,5.09
55,2024-12-04 04:01:39,53.74,17.49,5.09
56,2024-12-04 04:01:40,54.70,17.49,5.09
57,2024-12-04 04:01:40,55.66,17.49,5.09
58,2024-12-04 04:01:41,56.62,17.49,5.09
59,2024-12-04 04:01:42,57.59,17.49,5.09
60,2024-12-04 04:01:43,58.55,17.49,5.09
61,2024-12-04 04:01:44,59.51,17.49,5.09
62,2024-12-04 04:01:45,60.47,17.49,5.09
63,2024-12-04 04:01:46,61.45,17.49,5.09
64,2024-12-04 04:01:47,62.41,17.49,5.09
65,2024-12-04 04:01:48,63.38,17.49,5.09
66,2024-12-04 04:01:49,64.34,17.49,5.09
67,2024-12-04 04:01:50,65.30,17.49,5.09
68,2024-12-04 04:01:51,66.26,17.49,5.09
69,2024-12-04 04:01:52,67.23,17.49,5.09
70,2024-12-04 04:01:53,68.20,17.49,5.09
71,2024-12-04 04:01:54,69.16,17.49,5.09
72,2024-12-04 04:01:55,70.13,17.49,5.09
73,2024-12-04 04:01:56,71.10,17.49,5.09
74,2024-12-04 04:01:57,72.07,17.49,5.09
75,2024-12-04 04:01:58,73.02,17.49,5.09
76,2024-12-04 04:01:59,73.99,17.49,5.09
77,2024-12-04 04:02:00,74.95,17.49,5.09
78,2024-12-04 04:02:01,75.92,17.49,5.09
79,2024-12-04 04:02:02,76.88,17.49,5.09
80,2024-12-04 04:02:03,77.84,17.49,5.09
81,2024-12-04 04:02:04,78.81,17.49,5.09
82,2024-12-04 04:02:05,79.77,17.49,5.09
83,2024-12-04 04:02:06,80.74,17.49,5.09
84,2024-12-04 04:02:07,81.70,17.49,5.09
85,2024-12-04 04:02:07,82.67,17.49,5.09
86,2024-12-04 04:02:08,83.64,17.49,5.09
87,2024-12-04 04:02:09,84.60,17.49,5.09
88,2024-12-04 04:02:10,85.57,17.49,5.09
89,2024-12-04 04:02:11,86.53,17.49,5.09
90,2024-12-04 04:02:12,87.49,17.49,5.09
91,2024-12-04 04:02:13,88.46,17.49,5.09
92,2024-12-04 04:02:14,89.43,17.49,5.09
93,2024-12-04 04:02:15,90.40,17.49,5.09
94,2024-12-04 04:02:16,91.36,17.49,5.09
95,2024-12-04 04:02:17,92.33,17.49,5.09
96,2024-12-04 04:02:18,93.30,17.49,5.09
97,2024-12-04 04:02:19,94.28,17.49,5.09
98,2024-12-04 04:02:20,95.24,17.49,5.09
99,2024-12-04 04:02:21,96.20,17.49,5.09
100,2024-12-04 04:02:22,97.16,17.49,5.09
101,2024-12-04 04:02:23,98.12,17.49,5.09
102,2024-12-04 04:02:24,99.10,17.49,5.09
103,2024-12-04 04:02:25,100.06,17.49,5.09
104,2024-12-04 04:02:26,101.03,17.49,5.09
105,2024-12-04 04:02:27,101.99,17.49,5.09
106,2024-12-04 04:02:28,102.96,17.49,5.09
107,2024-12-04 04:02:29,103.93,17.49,5.09
108,2024-12-04 04:02:30,104.89,17.49,5.09
109,2024-12-04 04:02:31,105.85,17.49,5.09
110,2024-12-04 04:02:32,106.82,17.49,5.09
111,2024-12-04 04:02:33,107.79,17.49,5.09
112,2024-12-04 04:02:34,108.75,17.49,5.09
113,2024-12-04 04:02:35,109.72,17.49,5.09
114,2024-12-04 04:02:35,110.68,17.49,5.09
115,2024-12-04 04:02:36,111.63,17.49,5.09
116,2024-12-04 04:02:37,112.59,17.49,5.09
117,2024-12-04 04:02:38,113.57,17.49,5.09
118,2024-12-04 04:02:39,114.55,17.49,5.09
119,2024-12-04 04:02:40,115.50,17.49,5.09
120,2024-12-04 04:02:41,116.47,17.49,5.09
121,2024-12-04 04:02:42,117.43,17.49,5.09
122,2024-12-04 04:02:43,118.39,17.49,5.09
123,2024-12-04 04:02:44,119.36,17.49,5.09
124,2024-12-04 04:02:45,120.33,17.49,5.09
125,2024-12-04 04:02:46,121.29,17.49,5.09
126,2024-12-04 04:02:47,122.26,17.49,5.09
127,2024-12-04 04:02:48,123.23,17.49,5.09
128,2024-12-04 04:02:49,124.19,17.49,5.09
129,2024-12-04 04:02:50,125.15,17.49,5.09
130,2024-12-04 04:02:51,126.12,17.49,5.09
131,2024-12-04 04:02:52,127.08,17.49,5.09
132,2024-12-04 04:02:53,128.04,17.49,5.09
133,2024-12-04 04:02:54,129.00,17.49,5.09
134,2024-12-04 04:02:55,129.96,17.49,5.09
135,2024-12-04 04:02:56,130.92,17.49,5.09
136,2024-12-04 04:02:57,131.88,17.49,5.09
137,2024-12-04 04:02:58,132.85,17.49,5.09
138,2024-12-04 04:02:59,133.81,17.49,5.09
139,2024-12-04 04:03:00,134.77,17.49,5.09
140,2024-12-04 04:03:01,135.73,17.49,5.09
141,2024-12-04 04:03:02,136.69,17.49,5.09
142,2024-12-04 04:03:02,137.65,17.49,5.09
143,2024-12-04 04:03:03,138.61,17.49,5.09
144,2024-12-04 04:03:04,139.57,17.49,5.09
145,2024-12-04 04:03:05,140.53,17.49,5.09
146,2024-12-04 04:03:06,141.48,17.49,5.09
147,2024-12-04 04:03:07,142.45,17.49,5.09
148,2024-12-04 04:03:08,143.42,17.49,5.09
149,2024-12-04 04:03:09,144.38,17.49,5.09
150,2024-12-04 04:03:10,145.34,17.49,5.09
151,2024-12-04 04:03:11,146.30,17.49,5.09
152,2024-12-04 04:03:12,147.27,17.49,5.09
153,2024-12-04 04:03:13,148.24,17.49,5.09
154,2024-12-04 04:03:14,149.19,17.49,5.09
155,2024-12-04 04:03:15,150.16,17.49,5.09
156,2024-12-04 04:03:16,151.12,17.49,5.09
157,2024-12-04 04:03:17,152.08,17.49,5.09
158,2024-12-04 04:03:18,153.05,17.49,5.09
159,2024-12-04 04:03:19,154.02,17.49,5.09
160,2024-12-04 04:03:20,154.97,17.49,5.09
161,2024-12-04 04:03:21,155.93,17.49,5.09
162,2024-12-04 04:03:22,156.90,17.49,5.09
163,2024-12-04 04:03:23,157.87,17.49,5.09
164,2024-12-04 04:03:24,158.83,17.49,5.09
165,2024-12-04 04:03:25,159.79,17.49,5.09
166,2024-12-04 04:03:26,160.75,17.49,5.09
167,2024-12-04 04:03:27,161.72,17.49,5.09
168,2024-12-04 04:03:27,162.68,17.49,5.09
169,2024-12-04 04:03:28,163.64,17.49,5.09
170,2024-12-04 04:03:29,164.60,17.49,5.09
171,2024-12-04 04:03:30,165.57,17.49,5.09
172,2024-12-04 04:03:31,166.54,17.49,5.09
173,2024-12-04 04:03:32,167.50,17.49,5.09
174,2024-12-04 04:03:33,168.46,17.49,5.09
175,2024-12-04 04:03:34,169.42,17.49,5.09
176,2024-12-04 04:03:35,170.38,17.49,5.09
177,2024-12-04 04:03:36,171.35,17.49,5.09
178,2024-12-04 04:03:37,172.31,17.49,5.09
179,2024-12-04 04:03:38,173.27,17.49,5.09
180,2024-12-04 04:03:39,174.23,17.49,5.09
181,2024-12-04 04:03:40,175.20,17.49,5.09
182,2024-12-04 04:03:41,176.17,17.49,5.09
183,2024-12-04 04:03:42,177.12,17.49,5.09
184,2024-12-04 04:03:43,178.07,17.49,5.09
185,2024-12-04 04:03:44,179.05,17.49,5.09
186,2024-12-04 04:03:45,180.01,17.49,5.09
187,2024-12-04 04:03:46,180.98,17.49,5.09
188,2024-12-04 04:03:47,181.94,17.49,5.09
189,2024-12-04 04:03:48,182.90,17.49,5.09
190,2024-12-04 04:03:49,183.86,17.49,5.09
191,2024-12-04 04:03:50,184.81,17.49,5.09
192,2024-12-04 04:03:51,185.78,17.49,5.09
193,2024-12-04 04:03:52,186.74,17.49,5.09
194,2024-12-04 04:03:53,187.70,17.49,5.09
195,2024-12-04 04:03:53,188.67,17.49,5.09
196,2024-12-04 04:03:54,189.64,17.49,5.09
197,2024-12-04 04:03:55,190.59,17.49,5.09
198,2024-12-04 04:03:56,191.55,17.49,5.09
199,2024-12-04 04:03:57,192.51,17.49,5.09
200,2024-12-04 04:03:58,193.48,17.49,5.09
201,2024-12-04 04:03:59,194.44,17.49,5.09
202,2024-12-04 04:04:00,195.40,17.49,5.09
203,2024-12-04 04:04:01,196.37,17.49,5.09
204,2024-12-04 04:04:02,197.34,17.49,5.09
205,2024-12-04 04:04:03,198.30,17.49,5.09
206,2024-12-04 04:04:04,199.27,17.49,5.09
207,2024-12-04 04:04:05,200.24,17.49,5.09
208,2024-12-04 04:04:06,201.21,17.49,5.09
209,2024-12-04 04:04:07,202.19,17.49,5.09
210,2024-12-04 04:04:08,203.15,17.49,5.09
211,2024-12-04 04:04:09,204.11,17.49,5.09
212,2024-12-04 04:04:10,205.07,17.49,5.09
213,2024-12-04 04:04:11,206.04,17.49,5.09
214,2024-12-04 04:04:12,207.00,17.49,5.09
215,2024-12-04 04:04:13,207.96,17.49,5.09
216,2024-12-04 04:04:14,208.92,17.49,5.09
217,2024-12-04 04:04:15,209.88,17.49,5.09
218,2024-12-04 04:04:16,210.84,17.49,5.09
219,2024-12-04 04:04:17,211.81,17.49,5.09
220,2024-12-04 04:04:18,212.77,17.49,5.09
221,2024-12-04 04:04:19,213.73,17.49,5.09
222,2024-12-04 04:04:20,214.69,17.49,5.09
223,2024-12-04 04:04:20,215.66,17.49,5.09
224,2024-12-04 04:04:21,216.62,17.49,5.09
225,2024-12-04 04:04:22,217.59,17.49,5.09
226,2024-12-04 04:04:23,218.55,17.49,5.09
227,2024-12-04 04:04:24,219.51,17.49,5.09
228,2024-12-04 04:04:25,220.48,17.49,5.09
229,2024-12-04 04:04:26,221.45,17.49,5.09
230,2024-12-04 04:04:27,222.41,17.49,5.09
231,2024-12-04 04:04:28,223.38,17.49,5.09
232,2024-12-04 04:04:29,224.34,17.49,5.09
233,2024-12-04 04:04:30,225.30,17.49,5.09
234,2024-12-04 04:04:31,226.26,17.49,5.09
235,2024-12-04 04:04:32,227.22,17.49,5.09
236,2024-12-04 04:04:33,228.18,17.49,5.09
237,2024-12-04 04:04:34,229.15,17.49,5.09
238,2024-12-04 04:04:35,230.12,17.49,5.09
239,2024-12-04 04:04:36,231.07,17.49,5.09
240,2024-12-04 04:04:37,232.04,17.49,5.09
241,2024-12-04 04:04:38,233.00,17.49,5.09
242,2024-12-04 04:04:39,233.96,17.49,5.09
243,2024-12-04 04:04:40,234.93,17.49,5.09
244,2024-12-04 04:04:41,235.89,17.49,5.09
245,2024-12-04 04:04:42,236.86,17.49,5.09
246,2024-12-04 04:04:43,237.82,17.49,5.09
247,2024-12-04 04:04:44,238.78,17.49,5.09
248,2024-12-04 04:04:45,239.75,17.49,5.09
249,2024-12-04 04:04:46,240.71,17.49,5.09
250,2024-12-04 04:04:46,241.68,17.49,5.09
251,2024-12-04 04:04:47,242.64,17.49,5.09
252,2024-12-04 04:04:48,243.59,17.49,5.09
253,2024-12-04 04:04:49,244.55,17.49,5.09
254,2024-12-04 04:04:50,245.51,17.49,5.09
255,2024-12-04 04:04:51,246.47,17.49,5.09
256,2024-12-04 04:04:52,247.43,17.49,5.09
257,2024-12-04 04:04:53,248.40,17.49,5.09
258,2024-12-04 04:04:54,249.36,17.49,5.09
259,2024-12-04 04:04:55,250.32,17.49,5.09
260,2024-12-04 04:04:56,251.28,17.49,5.09
261,2024-12-04 04:04:57,252.24,17.49,5.09
262,2024-12-04 04:04:58,253.20,17.49,5.09
263,2024-12-04 04:04:59,254.16,17.49,5.09
264,2024-12-04 04:05:00,255.12,17.49,5.09
265,2024-12-04 04:05:01,256.09,17.49,5.09
266,2024-12-04 04:05:02,257.05,17.49,5.09
267,2024-12-04 04:05:03,258.03,17.49,5.09
268,2024-12-04 04:05:04,258.98,17.49,5.09
269,2024-12-04 04:05:05,259.94,17.49,5.09
270,2024-12-04 04:05:06,260.91,17.49,5.09
271,2024-12-04 04:05:07,261.87,17.49,5.09
272,2024-12-04 04:05:08,262.83,17.49,5.09
273,2024-12-04 04:05:09,263.80,17.49,5.09
274,2024-12-04 04:05:10,264.76,17.49,5.09
275,2024-12-04 04:05:11,265.71,17.49,5.09
276,2024-12-04 04:05:11,266.67,17.49,5.09
277,2024-12-04 04:05:12,267.64,17.49,5.09
278,2024-12-04 04:05:13,268.60,17.49,5.09
279,2024-12-04 04:05:14,269.56,17.49,5.09
280,2024-12-04 04:05:15,270.52,17.49,5.09
281,2024-12-04 04:05:16,271.48,17.49,5.09
282,2024-12-04 04:05:17,272.44,17.49,5.09
283,2024-12-04 04:05:18,273.40,17.49,5.09
284,2024-12-04 04:05:19,274.36,17.49,5.09
285,2024-12-04 04:05:20,275.31,17.49,5.09
286,2024-12-04 04:05:21,276.27,17.49,5.09
287,2024-12-04 04:05:22,277.24,17.49,5.09
288,2024-12-04 04:05:23,278.20,17.49,5.09
289,2024-12-04 04:05:24,279.17,17.49,5.09
290,2024-12-04 04:05:25,280.13,17.49,5.09
291,2024-12-04 04:05:26,281.08,17.49,5.09
292,2024-12-04 04:05:27,282.05,17.49,5.09
293,2024-12-04 04:05:28,283.01,17.49,5.09
294,2024-12-04 04:05:29,283.96,17.49,5.09
295,2024-12-04 04:05:30,284.91,17.49,5.09
296,2024-12-04 04:05:31,285.88,17.49,5.09
297,2024-12-04 04:05:32,286.84,17.49,5.09
298,2024-12-04 04:05:33,287.79,17.49,5.09
299,2024-12-04 04:05:34,288.75,17.49,5.09
300,2024-12-04 04:05:35,289.72,17.49,5.09
301,2024-12-04 04:05:35,290.68,17.49,5.09
302,2024-12-04 04:05:36,291.65,17.49,5.09
303,2024-12-04 04:05:37,292.60,17.49,5.09
304,2024-12-04 04:05:38,293.56,17.49,5.09
305,2024-12-04 04:05:39,294.52,17.49,5.09
306,2024-12-04 04:05:40,295.47,17.49,5.09
307,2024-12-04 04:05:41,296.44,17.49,5.09
308,2024-12-04 04:05:42,297.40,17.49,5.09
309,2024-12-04 04:05:43,298.36,17.49,5.09
310,2024-12-04 04:05:44,299.32,17.49,5.09
311,2024-12-04 04:05:45,300.29,17.49,5.09
312,2024-12-04 04:05:46,301.25,17.49,5.09
313,2024-12-04 04:05:47,302.21,17.49,5.09
314,2024-12-04 04:05:48,303.18,17.49,5.09
315,2024-12-04 04:05:49,304.14,17.49,5.09
316,2024-12-04 04:05:50,305.09,17.49,5.09
317,2024-12-04 04:05:51,306.05,17.49,5.09
318,2024-12-04 04:05:52,307.01,17.49,5.09
319,2024-12-04 04:05:53,307.97,17.49,5.09
320,2024-12-04 04:05:54,308.93,17.49,5.09
321,2024-12-04 04:05:55,309.89,17.49,5.09
322,2024-12-04 04:05:56,310.85,17.49,5.09
323,2024-12-04 04:05:57,311.81,17.49,5.09
324,2024-12-04 04:05:58,312.77,17.49,5.09
325,2024-12-04 04:05:59,313.74,17.49,5.09
326,2024-12-04 04:06:00,314.69,17.49,5.09
327,2024-12-04 04:06:00,315.65,17.49,5.09
328,2024-12-04 04:06:01,316.61,17.49,5.09
329,2024-12-04 04:06:02,317.57,17.49,5.09
330,2024-12-04 04:06:03,318.52,17.49,5.09
331,2024-12-04 04:06:04,319.48,17.49,5.09
332,2024-12-04 04:06:05,320.44,17.49,5.09
333,2024-12-04 04:06:06,321.39,17.49,5.09
334,2024-12-04 04:06:07,322.35,17.49,5.09
335,2024-12-04 04:06:08,323.31,17.49,5.09
336,2024-12-04 04:06:09,324.26,17.49,5.09
337,2024-12-04 04:06:10,325.22,17.49,5.09
338,2024-12-04 04:06:11,326.17,17.49,5.09
339,2024-12-04 04:06:12,327.13,17.49,5.09
340,2024-12-04 04:06:13,328.08,17.49,5.09
341,2024-12-04 04:06:14,329.04,17.49,5.09
342,2024-12-04 04:06:15,330.00,17.49,5.09
343,2024-12-04 04:06:16,330.96,17.49,5.09
344,2024-12-04 04:06:17,331.92,17.49,5.09
345,2024-12-04 04:06:18,332.87,17.49,5.09
346,2024-12-04 04:06:19,333.83,17.49,5.09
347,2024-12-04 04:06:20,334.79,17.49,5.09
348,2024-12-04 04:06:21,335.75,17.49,5.09
349,2024-12-04 04:06:22,336.71,17.49,5.09
350,2024-12-04 04:06:22,337.67,17.49,5.09
351,2024-12-04 04:06:23,338.63,17.49,5.09
352,2024-12-04 04:06:24,339.59,17.49,5.09
353,2024-12-04 04:06:25,340.55,17.49,5.09
354,2024-12-04 04:06:26,341.51,17.49,5.09
355,2024-12-04 04:06:27,342.47,17.49,5.09
356,2024-12-04 04:06:28,343.44,17.49,5.09
357,2024-12-04 04:06:29,344.40,17.49,5.09
358,2024-12-04 04:06:30,345.36,17.49,5.09
359,2024-12-04 04:06:31,346.33,17.49,5.09
360,2024-12-04 04:06:32,347.29,17.49,5.09
361,2024-12-04 04:06:33,348.25,17.49,5.09
362,2024-12-04 04:06:34,349.21,17.49,5.09
363,2024-12-04 04:06:35,350.18,17.49,5.09
364,2024-12-04 04:06:36,351.14,17.49,5.09
365,2024-12-04 04:06:37,352.10,17.49,5.09
366,2024-12-04 04:06:38,353.05,17.49,5.09
367,2024-12-04 04:06:39,354.02,17.49,5.09
368,2024-12-04 04:06:40,354.98,17.49,5.09
369,2024-12-04 04:06:41,355.95,17.49,5.09
370,2024-12-04 04:06:42,356.91,17.49,5.09
371,2024-12-04 04:06:43,357.87,17.49,5.09
372,2024-12-04 04:06:44,358.82,17.49,5.09
373,2024-12-04 04:06:45,359.78,17.49,5.09
374,2024-12-04 04:06:46,360.74,17.49,5.09
375,2024-12-04 04:06:47,361.70,17.49,5.09
376,2024-12-04 04:06:47,362.66,17.49,5.09
377,2024-12-04 04:06:48,363.62,17.49,5.09
378,2024-12-04 04:06:49,364.59,17.49,5.09
379,2024-12-04 04:06:50,365.55,17.49,5.09
380,2024-12-04 04:06:51,366.51,17.49,5.09
381,2024-12-04 04:06:52,367.48,17.49,5.09
382,2024-12-04 04:06:53,368.44,17.49,5.09
383,2024-12-04 04:06:54,369.40,17.49,5.09
384,2024-12-04 04:06:55,370.36,17.49,5.09
385,2024-12-04 04:06:56,371.32,17.49,5.09
386,2024-12-04 04:06:57,372.28,17.49,5.09
387,2024-12-04 04:06:58,373.25,17.49,5.09
388,2024-12-04 04:06:59,374.22,17.49,5.09
389,2024-12-04 04:07:00,375.18,17.49,5.09
390,2024-12-04 04:07:01,376.13,17.49,5.09
391,2024-12-04 04:07:02,377.09,17.49,5.09
392,2024-12-04 04:07:03,378.05,17.49,5.09
393,2024-12-04 04:07:04,379.02,17.49,5.09
394,2024-12-04 04:07:05,379.97,17.49,5.09
395,2024-12-04 04:07:06,380.93,17.49,5.09
396,2024-12-04 04:07:07,381.88,17.49,5.09
397,2024-12-04 04:07:08,382.84,17.49,5.09
398,2024-12-04 04:07:09,383.80,17.49,5.09
399,2024-12-04 04:07:10,384.76,17.49,5.09
400,2024-12-04 04:07:11,385.74,17.49,5.09
401,2024-12-04 04:07:12,386.70,17.49,5.09
402,2024-12-04 04:07:12,387.66,17.49,5.09
403,2024-12-04 04:07:13,388.62,17.49,5.09
404,2024-12-04 04:07:14,389.59,17.49,5.09
405,2024-12-04 04:07:15,390.55,17.49,5.09
406,2024-12-04 04:07:16,391.51,17.49,5.09
407,2024-12-04 04:07:17,392.47,17.49,5.09
408,2024-12-04 04:07:18,393.42,17.49,5.09
409,2024-12-04 04:07:19,394.39,17.49,5.09
410,2024-12-04 04:07:20,395.35,17.49,5.09
411,2024-12-04 04:07:21,396.31,17.49,5.09
412,2024-12-04 04:07:22,397.27,17.49,5.09
413,2024-12-04 04:07:23,398.22,17.49,5.09
414,2024-12-04 04:07:24,399.19,17.49,5.09
415,2024-12-04 04:07:25,400.15,17.49,5.09
416,2024-12-04 04:07:26,401.10,17.49,5.09
417,2024-12-04 04:07:27,402.06,17.49,5.09
418,2024-12-04 04:07:28,403.01,17.49,5.09
419,2024-12-04 04:07:29,403.97,17.49,5.09
420,2024-12-04 04:07:30,404.94,17.49,5.09
421,2024-12-04 04:07:31,405.90,17.49,5.09
422,2024-12-04 04:07:32,406.86,17.49,5.09
423,2024-12-04 04:07:33,407.82,17.49,5.09
424,2024-12-04 04:07:34,408.78,17.49,5.09
425,2024-12-04 04:07:35,409.73,17.49,5.09
426,2024-12-04 04:07:36,410.69,17.49,5.09
427,2024-12-04 04:07:36,411.65,17.49,5.09
428,2024-12-04 04:07:37,412.61,17.49,5.09
429,2024-12-04 04:07:38,413.57,17.49,5.09
430,2024-12-04 04:07:39,414.54,17.49,5.09
431,2024-12-04 04:07:40,415.51,17.49,5.09
432,2024-12-04 04:07:41,416.46,17.49,5.09
433,2024-12-04 04:07:42,417.42,17.49,5.09
434,2024-12-04 04:07:43,418.38,17.49,5.09
435,2024-12-04 04:07:44,419.34,17.49,5.09
436,2024-12-04 04:07:45,420.30,17.49,5.09
437,2024-12-04 04:07:46,421.26,17.49,5.09
438,2024-12-04 04:07:47,422.22,17.49,5.09
439,2024-12-04 04:07:48,423.20,17.49,5.09
440,2024-12-04 04:07:49,424.16,17.49,5.09
441,2024-12-04 04:07:50,425.12,17.49,5.09
442,2024-12-04 04:07:51,426.07,17.49,5.09
443,2024-12-04 04:07:52,427.03,17.49,5.09
444,2024-12-04 04:07:53,427.99,17.49,5.09
445,2024-12-04 04:07:54,428.95,17.49,5.09
446,2024-12-04 04:07:55,429.92,17.49,5.09
447,2024-12-04 04:07:56,430.88,17.49,5.09
448,2024-12-04 04:07:57,431.84,17.49,5.09
449,2024-12-04 04:07:58,432.81,17.49,5.09
450,2024-12-04 04:07:59,433.77,17.49,5.09
451,2024-12-04 04:08:00,434.74,17.49,5.09
452,2024-12-04 04:08:01,435.70,17.49,5.09
453,2024-12-04 04:08:01,436.67,17.49,5.09
454,2024-12-04 04:08:02,437.63,17.49,5.09
455,2024-12-04 04:08:03,438.60,17.49,5.09
456,2024-12-04 04:08:04,439.56,17.49,5.09
457,2024-12-04 04:08:05,440.52,17.49,5.09
458,2024-12-04 04:08:06,441.48,17.49,5.09
459,2024-12-04 04:08:07,442.44,17.49,5.09
460,2024-12-04 04:08:08,443.41,17.49,5.09
461,2024-12-04 04:08:09,444.38,17.49,5.09
462,2024-12-04 04:08:10,445.34,17.49,5.09
463,2024-12-04 04:08:11,446.29,17.49,5.09
464,2024-12-04 04:08:12,447.26,17.49,5.09
465,2024-12-04 04:08:13,448.23,17.49,5.09
466,2024-12-04 04:08:14,449.19,17.49,5.09
467,2024-12-04 04:08:15,450.16,17.49,5.09
468,2024-12-04 04:08:16,451.12,17.49,5.09
469,2024-12-04 04:08:17,452.09,17.49,5.09
470,2024-12-04 04:08:18,453.05,17.49,5.09
471,2024-12-04 04:08:19,454.01,17.49,5.09
472,2024-12-04 04:08:20,454.97,17.49,5.09
473,2024-12-04 04:08:21,455.93,17.49,5.09
474,2024-12-04 04:08:22,456.90,17.49,5.09
475,2024-12-04 04:08:23,457.86,17.49,5.09
476,2024-12-04 04:08:24,458.81,17.49,5.09
477,2024-12-04 04:08:25,459.77,17.49,5.09
478,2024-12-04 04:08:26,460.74,17.49,5.09
479,2024-12-04 04:08:27,461.71,17.49,5.09
480,2024-12-04 04:08:27,462.66,17.49,5.09
481,2024-12-04 04:08:28,463.63,17.49,5.09
482,2024-12-04 04:08:29,464.59,17.49,5.09
483,2024-12-04 04:08:30,465.54,17.49,5.09
484,2024-12-04 04:08:31,466.50,17.49,5.09
485,2024-12-04 04:08:32,467.47,17.49,5.09
486,2024-12-04 04:08:33,468.43,17.49,5.09
487,2024-12-04 04:08:34,469.39,17.49,5.09
488,2024-12-04 04:08:35,470.35,17.49,5.09
489,2024-12-04 04:08:36,471.33,17.49,5.09
490,2024-12-04 04:08:37,472.29,17.49,5.09
491,2024-12-04 04:08:38,473.25,17.49,5.09
492,2024-12-04 04:08:39,474.22,17.49,5.09
493,2024-12-04 04:08:40,475.18,17.49,5.09
494,2024-12-04 04:08:41,476.14,17.49,5.09
495,2024-12-04 04:08:42,477.10,17.49,5.09
496,2024-12-04 04:08:43,478.06,17.49,5.09
497,2024-12-04 04:08:44,479.02,17.49,5.09
498,2024-12-04 04:08:45,479.98,17.49,5.09
499,2024-12-04 04:08:46,480.94,17.49,5.09
500,2024-12-04 04:08:47,481.91,17.49,5.09
501,2024-12-04 04:08:48,482.88,17.49,5.09
502,2024-12-04 04:08:49,483.85,17.49,5.09
503,2024-12-04 04:08:50,484.81,17.49,5.09
504,2024-12-04 04:08:51,485.78,17.49,5.09
505,2024-12-04 04:08:52,486.74,17.49,5.09
506,2024-12-04 04:08:53,487.71,17.49,5.09
507,2024-12-04 04:08:53,488.67,17.49,5.09
508,2024-12-04 04:08:54,489.63,17.49,5.09
509,2024-12-04 04:08:55,490.59,17.49,5.09
510,2024-12-04 04:08:56,491.55,17.49,5.09
511,2024-12-04 04:08:57,492.51,17.49,5.09
512,2024-12-04 04:08:58,493.47,17.49,5.09
513,2024-12-04 04:08:59,494.45,17.49,5.09
514,2024-12-04 04:09:00,495.41,17.49,5.09
515,2024-12-04 04:09:01,496.37,17.49,5.09
516,2024-12-04 04:09:02,497.33,17.49,5.09
517,2024-12-04 04:09:03,498.30,17.49,5.09
518,2024-12-04 04:09:04,499.25,17.49,5.09
519,2024-12-04 04:09:05,500.21,17.49,5.09
520,2024-12-04 04:09:06,501.19,17.49,5.09
521,2024-12-04 04:09:07,502.15,17.49,5.09
522,2024-12-04 04:09:08,503.12,17.49,5.09
523,2024-12-04 04:09:09,504.08,17.49,5.09
524,2024-12-04 04:09:10,505.03,17.49,5.09
525,2024-12-04 04:09:11,505.99,17.49,5.09
526,2024-12-04 04:09:12,506.97,17.49,5.09
527,2024-12-04 04:09:13,507.93,17.49,5.09
528,2024-12-04 04:09:14,508.89,17.49,5.09
529,2024-12-04 04:09:15,509.86,17.49,5.09
530,2024-12-04 04:09:16,510.82,17.49,5.09
531,2024-12-04 04:09:17,511.79,17.49,5.09
532,2024-12-04 04:09:18,512.75,17.49,5.09
533,2024-12-04 04:09:19,513.71,17.49,5.09
534,2024-12-04 04:09:19,514.67,17.49,5.09
535,2024-12-04 04:09:20,515.63,17.49,5.09
536,2024-12-04 04:09:21,516.58,17.49,5.09
537,2024-12-04 04:09:22,517.54,17.49,5.09
538,2024-12-04 04:09:23,518.51,17.49,5.09
539,2024-12-04 04:09:24,519.48,17.49,5.09
540,2024-12-04 04:09:25,520.44,17.49,5.09
541,2024-12-04 04:09:26,521.40,17.49,5.09
542,2024-12-04 04:09:27,522.36,17.49,5.09
543,2024-12-04 04:09:28,523.33,17.49,5.09
544,2024-12-04 04:09:29,524.29,17.49,5.09
545,2024-12-04 04:09:30,525.26,17.49,5.09
546,2024-12-04 04:09:31,526.22,17.49,5.09
547,2024-12-04 04:09:32,527.18,17.49,5.09
548,2024-12-04 04:09:33,528.14,17.49,5.09
549,2024-12-04 04:09:34,529.11,17.49,5.09
550,2024-12-04 04:09:35,530.08,17.49,5.09
551,2024-12-04 04:09:36,531.04,17.49,5.09
552,2024-12-04 04:09:37,531.99,17.49,5.09
553,2024-12-04 04:09:38,532.96,17.49,5.09
554,2024-12-04 04:09:39,533.92,17.49,5.09
555,2024-12-04 04:09:40,534.89,17.49,5.09
556,2024-12-04 04:09:41,535.85,17.49,5.09
557,2024-12-04 04:09:42,536.82,17.49,5.09
558,2024-12-04 04:09:43,537.78,17.49,5.09
559,2024-12-04 04:09:44,538.74,17.49,5.09
560,2024-12-04 04:09:45,539.70,17.49,5.09
561,2024-12-04 04:09:45,540.66,17.49,5.09
562,2024-12-04 04:09:46,541.62,17.49,5.09
563,2024-12-04 04:09:47,542.59,17.49,5.09
564,2024-12-04 04:09:48,543.55,17.49,5.09
565,2024-12-04 04:09:49,544.51,17.49,5.09
566,2024-12-04 04:09:50,545.47,17.49,5.09
567,2024-12-04 04:09:51,546.44,17.49,5.09
568,2024-12-04 04:09:52,547.40,17.49,5.09
569,2024-12-04 04:09:53,548.37,17.49,5.09
570,2024-12-04 04:09:54,549.34,17.49,5.09
571,2024-12-04 04:09:55,550.30,17.49,5.09
572,2024-12-04 04:09:56,551.27,17.49,5.09
573,2024-12-04 04:09:57,552.22,17.49,5.09
574,2024-12-04 04:09:58,553.19,17.49,5.09
575,2024-12-04 04:09:59,554.16,17.49,5.09
576,2024-12-04 04:10:00,555.13,17.49,5.09
577,2024-12-04 04:10:01,556.09,17.49,5.09
578,2024-12-04 04:10:02,557.06,17.49,5.09
579,2024-12-04 04:10:03,558.02,17.49,5.09
580,2024-12-04 04:10:04,558.98,17.49,5.09
581,2024-12-04 04:10:05,559.95,17.49,5.09
582,2024-12-04 04:10:06,560.92,17.49,5.09
583,2024-12-04 04:10:07,561.88,17.49,5.09
584,2024-12-04 04:10:08,562.83,17.49,5.09
585,2024-12-04 04:10:09,563.80,17.49,5.09
586,2024-12-04 04:10:10,564.75,17.49,5.09
587,2024-12-04 04:10:11,565.71,17.49,5.09
588,2024-12-04 04:10:11,566.67,17.49,5.09
589,2024-12-04 04:10:12,567.64,17.49,5.09
590,2024-12-04 04:10:13,568.59,17.49,5.09
591,2024-12-04 04:10:14,569.55,17.49,5.09
592,2024-12-04 04:10:15,570.51,17.49,5.09
593,2024-12-04 04:10:16,571.47,17.49,5.09
594,2024-12-04 04:10:17,572.44,17.49,5.09
595,2024-12-04 04:10:18,573.39,17.49,5.09
596,2024-12-04 04:10:19,574.36,17.49,5.09
597,2024-12-04 04:10:20,575.32,17.49,5.09
598,2024-12-04 04:10:21,576.29,17.49,5.09
599,2024-12-04 04:10:22,577.24,17.49,5.09
600,2024-12-04 04:10:23,578.21,17.49,5.09
601,2024-12-04 04:10:24,579.17,17.49,5.09
602,2024-12-04 04:10:25,580.13,17.49,5.09
603,2024-12-04 04:10:26,581.09,17.49,5.09
604,2024-12-04 04:10:27,582.05,17.49,5.09
605,2024-12-04 04:10:28,583.01,17.49,5.09
606,2024-12-04 04:10:29,583.97,17.49,5.09
607,2024-12-04 04:10:30,584.93,17.49,5.09
608,2024-12-04 04:10:31,585.89,17.49,5.09
609,2024-12-04 04:10:32,586.84,17.49,5.09
610,2024-12-04 04:10:33,587.80,17.49,5.09
611,2024-12-04 04:10:34,588.77,17.49,5.09
612,2024-12-04 04:10:35,589.73,17.49,5.09
613,2024-12-04 04:10:36,590.69,17.49,5.09
614,2024-12-04 04:10:36,591.65,17.49,5.09
615,2024-12-04 04:10:37,592.61,17.49,5.09
616,2024-12-04 04:10:38,593.57,17.49,5.09
617,2024-12-04 04:10:39,594.53,17.49,5.09
618,2024-12-04 04:10:40,595.50,17.49,5.09
619,2024-12-04 04:10:41,596.46,17.49,5.09
620,2024-12-04 04:10:42,597.43,17.49,5.09
621,2024-12-04 04:10:43,598.39,17.49,5.09
622,2024-12-04 04:10:44,599.36,17.49,5.09
623,2024-12-04 04:10:45,600.33,17.49,5.09
624,2024-12-04 04:10:46,601.29,17.49,5.09
625,2024-12-04 04:10:47,602.25,17.49,5.09
626,2024-12-04 04:10:48,603.22,17.49,5.09
627,2024-12-04 04:10:49,604.18,17.49,5.09
628,2024-12-04 04:10:50,605.15,17.49,5.09
629,2024-12-04 04:10:51,606.10,17.49,5.09
630,2024-12-04 04:10:52,607.07,17.49,5.09
631,2024-12-04 04:10:53,608.03,17.49,5.09
632,2024-12-04 04:10:54,609.00,17.49,5.09
633,2024-12-04 04:10:55,609.95,17.49,5.09
634,2024-12-04 04:10:56,610.92,17.49,5.09
635,2024-12-04 04:10:57,611.89,17.49,5.09
636,2024-12-04 04:10:58,612.84,17.49,5.09
637,2024-12-04 04:10:59,613.80,17.49,5.09
638,2024-12-04 04:11:00,614.76,17.49,5.09
639,2024-12-04 04:11:01,615.73,17.49,5.09
640,2024-12-04 04:11:02,616.69,17.49,5.09
641,2024-12-04 04:11:02,617.65,17.49,5.09
642,2024-12-04 04:11:03,618.61,17.49,5.09
643,2024-12-04 04:11:04,619.56,17.49,5.09
644,2024-12-04 04:11:05,620.53,17.49,5.09
645,2024-12-04 04:11:06,621.49,17.49,5.09
646,2024-12-04 04:11:07,622.44,17.49,5.09
647,2024-12-04 04:11:08,623.41,17.49,5.09
648,2024-12-04 04:11:09,624.37,17.49,5.09
649,2024-12-04 04:11:10,625.34,17.49,5.09
650,2024-12-04 04:11:11,626.30,17.49,5.09
651,2024-12-04 04:11:12,627.27,17.49,5.09
652,2024-12-04 04:11:13,628.22,17.49,5.09
653,2024-12-04 04:11:14,629.19,17.49,5.09
654,2024-12-04 04:11:15,630.15,17.49,5.09
655,2024-12-04 04:11:16,631.10,17.49,5.09
656,2024-12-04 04:11:17,632.07,17.49,5.09
657,2024-12-04 04:11:18,633.03,17.49,5.09
658,2024-12-04 04:11:19,633.99,17.49,5.09
659,2024-12-04 04:11:20,634.95,17.49,5.09
660,2024-12-04 04:11:21,635.90,17.49,5.09
661,2024-12-04 04:11:22,636.87,17.49,5.09
662,2024-12-04 04:11:23,637.82,17.49,5.09
663,2024-12-04 04:11:24,638.78,17.49,5.09
664,2024-12-04 04:11:25,639.74,17.49,5.09
665,2024-12-04 04:11:26,640.69,17.49,5.09
666,2024-12-04 04:11:26,641.65,17.49,5.09
667,2024-12-04 04:11:27,642.61,17.49,5.09
668,2024-12-04 04:11:28,643.57,17.49,5.09
669,2024-12-04 04:11:29,644.53,17.49,5.09
670,2024-12-04 04:11:30,645.49,17.49,5.09
671,2024-12-04 04:11:31,646.45,17.49,5.09
672,2024-12-04 04:11:32,647.40,17.49,5.09
673,2024-12-04 04:11:33,648.37,17.49,5.09
674,2024-12-04 04:11:34,649.33,17.49,5.09
675,2024-12-04 04:11:35,650.29,17.49,5.09
676,2024-12-04 04:11:36,651.24,17.49,5.09
677,2024-12-04 04:11:37,652.21,17.49,5.09
678,2024-12-04 04:11:38,653.17,17.49,5.09
679,2024-12-04 04:11:39,654.13,17.49,5.09
680,2024-12-04 04:11:40,655.08,17.49,5.09
681,2024-12-04 04:11:41,656.05,17.49,5.09
682,2024-12-04 04:11:42,657.01,17.49,5.09
683,2024-12-04 04:11:43,657.97,17.49,5.09
684,2024-12-04 04:11:44,658.93,17.49,5.09
685,2024-12-04 04:11:45,659.89,17.49,5.09
686,2024-12-04 04:11:46,660.85,17.49,5.09
687,2024-12-04 04:11:47,661.81,17.49,5.09
688,2024-12-04 04:11:48,662.77,17.49,5.09
689,2024-12-04 04:11:49,663.73,17.49,5.09
690,2024-12-04 04:11:50,664.69,17.49,5.09
691,2024-12-04 04:11:50,665.65,17.49,5.09
692,2024-12-04 04:11:51,666.61,17.49,5.09
693,2024-12-04 04:11:52,667.59,17.49,5.09
694,2024-12-04 04:11:53,668.54,17.49,5.09
695,2024-12-04 04:11:54,669.51,17.49,5.09
696,2024-12-04 04:11:55,670.46,17.49,5.09
697,2024-12-04 04:11:56,671.41,17.49,5.09
698,2024-12-04 04:11:57,672.38,17.49,5.09
699,2024-12-04 04:11:58,673.33,17.49,5.09
700,2024-12-04 04:11:59,674.29,17.49,5.09
701,2024-12-04 04:12:00,675.26,17.49,5.09
702,2024-12-04 04:12:01,676.22,17.49,5.09
703,2024-12-04 04:12:02,677.17,17.49,5.09
704,2024-12-04 04:12:03,678.13,17.49,5.09
705,2024-12-04 04:12:04,679.09,17.49,5.09
706,2024-12-04 04:12:05,680.05,17.49,5.09
707,2024-12-04 04:12:06,681.01,17.49,5.09
708,2024-12-04 04:12:07,681.98,17.49,5.09
709,2024-12-04 04:12:08,682.94,17.49,5.09
710,2024-12-04 04:12:09,683.89,17.49,5.09
711,2024-12-04 04:12:10,684.85,17.49,5.09
712,2024-12-04 04:12:11,685.81,17.49,5.09
713,2024-12-04 04:12:12,686.76,17.49,5.09
714,2024-12-04 04:12:13,687.72,17.49,5.09
715,2024-12-04 04:12:14,688.69,17.49,5.09
716,2024-12-04 04:12:14,689.64,17.49,5.09
717,2024-12-04 04:12:15,690.60,17.49,5.09
718,2024-12-04 04:12:16,691.56,17.49,5.09
719,2024-12-04 04:12:17,692.52,17.49,5.09
720,2024-12-04 04:12:18,693.48,17.49,5.09
721,2024-12-04 04:12:19,694.44,17.49,5.09
722,2024-12-04 04:12:20,695.41,17.49,5.09
723,2024-12-04 04:12:21,696.36,17.49,5.09
724,2024-12-04 04:12:22,697.33,17.49,5.09
725,2024-12-04 04:12:23,698.28,17.49,5.09
726,2024-12-04 04:12:24,699.24,17.49,5.09
727,2024-12-04 04:12:25,700.20,17.49,5.09
728,2024-12-04 04:12:26,701.16,17.49,5.09
729,2024-12-04 04:12:27,702.12,17.49,5.09
730,2024-12-04 04:12:28,703.08,17.49,5.09
731,2024-12-04 04:12:29,704.05,17.49,5.09
732,2024-12-04 04:12:30,705.02,17.49,5.09
733,2024-12-04 04:12:31,705.97,17.49,5.09
734,2024-12-04 04:12:32,706.93,17.49,5.09
735,2024-12-04 04:12:33,707.89,17.49,5.09
736,2024-12-04 04:12:34,708.86,17.49,5.09
737,2024-12-04 04:12:35,709.81,17.49,5.09
738,2024-12-04 04:12:36,710.77,17.49,5.09
739,2024-12-04 04:12:37,711.73,17.49,5.09
740,2024-12-04 04:12:38,712.70,17.49,5.09
741,2024-12-04 04:12:38,713.65,17.49,5.09
742,2024-12-04 04:12:39,714.62,17.49,5.09
743,2024-12-04 04:12:40,715.58,17.49,5.09
744,2024-12-04 04:12:41,716.54,17.49,5.09
745,2024-12-04 04:12:42,717.50,17.49,5.09
746,2024-12-04 04:12:43,718.47,17.49,5.09
747,2024-12-04 04:12:44,719.43,17.49,5.09
748,2024-12-04 04:12:45,720.39,17.49,5.09
749,2024-12-04 04:12:46,721.35,17.49,5.09
750,2024-12-04 04:12:47,722.31,17.49,5.09
751,2024-12-04 04:12:48,723.28,17.49,5.09
752,2024-12-04 04:12:49,724.23,17.49,5.09
753,2024-12-04 04:12:50,725.18,17.49,5.09
754,2024-12-04 04:12:51,726.13,17.49,5.09
755,2024-12-04 04:12:52,727.10,17.49,5.09
756,2024-12-04 04:12:53,728.05,17.49,5.09
757,2024-12-04 04:12:54,729.01,17.49,5.09
758,2024-12-04 04:12:55,729.97,17.49,5.09
759,2024-12-04 04:12:56,730.93,17.49,5.09
760,2024-12-04 04:12:57,731.90,17.49,5.09
761,2024-12-04 04:12:58,732.86,17.49,5.09
762,2024-12-04 04:12:59,733.84,17.49,5.09
763,2024-12-04 04:13:00,734.79,17.49,5.09
764,2024-12-04 04:13:01,735.75,17.49,5.09
765,2024-12-04 04:13:02,736.72,17.49,5.09
766,2024-12-04 04:13:02,737.68,17.49,5.09
767,2024-12-04 04:13:03,738.63,17.49,5.09
768,2024-12-04 04:13:04,739.60,17.49,5.09
769,2024-12-04 04:13:05,740.56,17.49,5.09
770,2024-12-04 04:13:06,741.53,17.49,5.09
771,2024-12-04 04:13:07,742.50,17.49,5.09
772,2024-12-04 04:13:08,743.46,17.49,5.09
773,2024-12-04 04:13:09,744.42,17.49,5.09
774,2024-12-04 04:13:10,745.38,17.49,5.09
775,2024-12-04 04:13:11,746.34,17.49,5.09
776,2024-12-04 04:13:12,747.30,17.49,5.09
777,2024-12-04 04:13:13,748.26,17.49,5.09
778,2024-12-04 04:13:14,749.23,17.49,5.09
779,2024-12-04 04:13:15,750.19,17.49,5.09
780,2024-12-04 04:13:16,751.15,17.49,5.09
781,2024-12-04 04:13:17,752.11,17.49,5.09
782,2024-12-04 04:13:18,753.08,17.49,5.09
783,2024-12-04 04:13:19,754.04,17.49,5.09
784,2024-12-04 04:13:20,754.99,17.49,5.09
785,2024-12-04 04:13:21,755.95,17.49,5.09
786,2024-12-04 04:13:22,756.91,17.49,5.09
787,2024-12-04 04:13:23,757.87,17.49,5.09
788,2024-12-04 04:13:24,758.84,17.49,5.09
789,2024-12-04 04:13:25,759.79,17.49,5.09
790,2024-12-04 04:13:26,760.75,17.49,5.09
791,2024-12-04 04:13:27,761.72,17.49,5.09
792,2024-12-04 04:13:27,762.67,17.49,5.09
793,2024-12-04 04:13:28,763.64,17.49,5.09
794,2024-12-04 04:13:29,764.59,17.49,5.09
795,2024-12-04 04:13:30,765.55,17.49,5.09
796,2024-12-04 04:13:31,766.50,17.49,5.09
797,2024-12-04 04:13:32,767.46,17.49,5.09
798,2024-12-04 04:13:33,768.42,17.49,5.09
799,2024-12-04 04:13:34,769.39,17.49,5.09
800,2024-12-04 04:13:35,770.33,17.49,5.09
801,2024-12-04 04:13:36,771.29,17.49,5.09
802,2024-12-04 04:13:37,772.26,17.49,5.09
803,2024-12-04 04:13:38,773.22,17.49,5.09
804,2024-12-04 04:13:39,774.18,17.49,5.09
805,2024-12-04 04:13:40,775.14,17.49,5.09
806,2024-12-04 04:13:41,776.11,17.49,5.09
807,2024-12-04 04:13:42,777.07,17.49,5.09
808,2024-12-04 04:13:43,778.04,17.49,5.09
809,2024-12-04 04:13:44,779.00,17.49,5.09
810,2024-12-04 04:13:45,779.97,17.49,5.09
811,2024-12-04 04:13:46,780.92,17.49,5.09
812,2024-12-04 04:13:47,781.88,17.49,5.09
813,2024-12-04 04:13:48,782.84,17.49,5.09
814,2024-12-04 04:13:49,783.80,17.49,5.09
815,2024-12-04 04:13:50,784.76,17.49,5.09
816,2024-12-04 04:13:51,785.71,17.49,5.09
817,2024-12-04 04:13:51,786.67,17.49,5.09
818,2024-12-04 04:13:52,787.63,17.49,5.09
819,2024-12-04 04:13:53,788.58,17.49,5.09
820,2024-12-04 04:13:54,789.54,17.49,5.09
821,2024-12-04 04:13:55,790.50,17.49,5.09
822,2024-12-04 04:13:56,791.46,17.49,5.09
823,2024-12-04 04:13:57,792.43,17.49,5.09
824,2024-12-04 04:13:58,793.39,17.49,5.09
825,2024-12-04 04:13:59,794.34,17.49,5.09
826,2024-12-04 04:14:00,795.31,17.49,5.09
827,2024-12-04 04:14:01,796.27,17.49,5.09
828,2024-12-04 04:14:02,797.23,17.49,5.09
829,2024-12-04 04:14:03,798.20,17.49,5.09
830,2024-12-04 04:14:04,799.16,17.49,5.09
831,2024-12-04 04:14:05,800.12,17.49,5.09
832,2024-12-04 04:14:06,801.07,17.49,5.09
833,2024-12-04 04:14:07,802.04,17.49,5.09
834,2024-12-04 04:14:08,802.99,17.49,5.09
835,2024-12-04 04:14:09,803.95,17.49,5.09
836,2024-12-04 04:14:10,804.90,17.49,5.09
837,2024-12-04 04:14:11,805.87,17.49,5.09
838,2024-12-04 04:14:12,806.83,17.49,5.09
839,2024-12-04 04:14:13,807.79,17.49,5.09
840,2024-12-04 04:14:14,808.75,17.49,5.09
841,2024-12-04 04:14:15,809.71,17.49,5.09
842,2024-12-04 04:14:15,810.68,17.49,5.09
843,2024-12-04 04:14:16,811.63,17.49,5.09
844,2024-12-04 04:14:17,812.59,17.49,5.09
845,2024-12-04 04:14:18,813.55,17.49,5.09
846,2024-12-04 04:14:19,814.51,17.49,5.09
847,2024-12-04 04:14:20,815.47,17.49,5.09
848,2024-12-04 04:14:21,816.43,17.49,5.09
849,2024-12-04 04:14:22,817.39,17.49,5.09
850,2024-12-04 04:14:23,818.35,17.49,5.09
851,2024-12-04 04:14:24,819.31,17.49,5.09
852,2024-12-04 04:14:25,820.26,17.49,5.09
853,2024-12-04 04:14:26,821.22,17.49,5.09
854,2024-12-04 04:14:27,822.18,17.49,5.09
855,2024-12-04 04:14:28,823.13,17.49,5.09
856,2024-12-04 04:14:29,824.10,17.49,5.09
857,2024-12-04 04:14:30,825.05,17.49,5.09
858,2024-12-04 04:14:31,826.01,17.49,5.09
859,2024-12-04 04:14:32,826.97,17.49,5.09
860,2024-12-04 04:14:33,827.93,17.49,5.09
861,2024-12-04 04:14:34,828.88,17.49,5.09
862,2024-12-04 04:14:35,829.84,17.49,5.09
863,2024-12-04 04:14:36,830.80,17.49,5.09
864,2024-12-04 04:14:37,831.76,17.49,5.09
865,2024-12-04 04:14:38,832.72,17.49,5.09
866,2024-12-04 04:14:39,833.68,17.49,5.09
867,2024-12-04 04:14:39,834.64,17.49,5.09
868,2024-12-04 04:14:40,835.60,17.49,5.09
869,2024-12-04 04:14:41,836.56,17.49,5.09
870,2024-12-04 04:14:42,837.52,17.49,5.09
871,2024-12-04 04:14:43,838.49,17.49,5.09
872,2024-12-04 04:14:44,839.44,17.49,5.09
873,2024-12-04 04:14:45,840.40,17.49,5.09
874,2024-12-04 04:14:46,841.37,17.49,5.09
875,2024-12-04 04:14:47,842.33,17.49,5.09
876,2024-12-04 04:14:48,843.29,17.49,5.09
877,2024-12-04 04:14:49,844.25,17.49,5.09
878,2024-12-04 04:14:50,845.23,17.49,5.09
879,2024-12-04 04:14:51,846.18,17.49,5.09
880,2024-12-04 04:14:52,847.14,17.49,5.09
881,2024-12-04 04:14:53,848.12,17.49,5.09
882,2024-12-04 04:14:54,849.08,17.49,5.09
883,2024-12-04 04:14:55,850.04,17.49,5.09
884,2024-12-04 04:14:56,851.00,17.49,5.09
885,2024-12-04 04:14:57,851.97,17.49,5.09
886,2024-12-04 04:14:58,852.93,17.49,5.09
887,2024-12-04 04:14:59,853.89,17.49,5.09
888,2024-12-04 04:15:00,854.86,17.49,5.09
889,2024-12-04 04:15:01,855.83,17.49,5.09
890,2024-12-04 04:15:02,856.79,17.49,5.09
891,2024-12-04 04:15:03,857.76,17.49,5.09
892,2024-12-04 04:15:04,858.72,17.49,5.09
893,2024-12-04 04:15:05,859.69,17.49,5.09
894,2024-12-04 04:15:05,860.66,17.49,5.09
895,2024-12-04 04:15:06,861.64,17.49,5.09
896,2024-12-04 04:15:07,862.60,17.49,5.09
897,2024-12-04 04:15:08,863.57,17.49,5.09
898,2024-12-04 04:15:09,864.53,17.49,5.09
899,2024-12-04 04:15:10,865.49,17.49,5.09
900,2024-12-04 04:15:11,866.45,17.49,5.09
901,2024-12-04 04:15:12,867.41,17.49,5.09
902,2024-12-04 04:15:13,868.37,17.49,5.09
903,2024-12-04 04:15:14,869.33,17.49,5.09
904,2024-12-04 04:15:15,870.29,17.49,5.09
905,2024-12-04 04:15:16,871.25,17.49,5.09
906,2024-12-04 04:15:17,872.21,17.49,5.09
907,2024-12-04 04:15:18,873.18,17.49,5.09
908,2024-12-04 04:15:19,874.14,17.49,5.09
909,2024-12-04 04:15:20,875.10,17.49,5.09
910,2024-12-04 04:15:21,876.07,17.49,5.09
911,2024-12-04 04:15:22,877.04,17.49,5.09
912,2024-12-04 04:15:23,878.00,17.49,5.09
913,2024-12-04 04:15:24,878.96,17.49,5.09
914,2024-12-04 04:15:25,879.93,17.49,5.09
915,2024-12-04 04:15:26,880.89,17.49,5.09
916,2024-12-04 04:15:27,881.85,17.49,5.09
917,2024-12-04 04:15:28,882.82,17.49,5.09
918,2024-12-04 04:15:29,883.78,17.49,5.09
919,2024-12-04 04:15:30,884.74,17.49,5.09
920,2024-12-04 04:15:31,885.71,17.49,5.09
921,2024-12-04 04:15:31,886.67,17.49,5.09
922,2024-12-04 04:15:32,887.63,17.49,5.09
923,2024-12-04 04:15:33,888.59,17.49,5.09
924,2024-12-04 04:15:34,889.56,17.49,5.09
925,2024-12-04 04:15:35,890.52,17.49,5.09
926,2024-12-04 04:15:36,891.48,17.49,5.09
927,2024-12-04 04:15:37,892.45,17.49,5.09
928,2024-12-04 04:15:38,893.42,17.49,5.09
929,2024-12-04 04:15:39,894.39,17.49,5.09
930,2024-12-04 04:15:40,895.35,17.49,5.09
931,2024-12-04 04:15:41,896.32,17.49,5.09
932,2024-12-04 04:15:42,897.30,17.49,5.09
933,2024-12-04 04:15:43,898.27,17.49,5.09
934,2024-12-04 04:15:44,899.24,17.49,5.09
935,2024-12-04 04:15:45,900.20,17.49,5.09
936,2024-12-04 04:15:46,901.17,17.49,5.09
937,2024-12-04 04:15:47,902.14,17.49,5.09
938,2024-12-04 04:15:48,903.12,17.49,5.09
939,2024-12-04 04:15:49,904.09,17.49,5.09
940,2024-12-04 04:15:50,905.06,17.49,5.09
941,2024-12-04 04:15:51,906.01,17.49,5.09
942,2024-12-04 04:15:52,906.98,17.49,5.09
943,2024-12-04 04:15:53,907.95,17.49,5.09
944,2024-12-04 04:15:54,908.93,17.49,5.09
945,2024-12-04 04:15:55,909.89,17.49,5.09
946,2024-12-04 04:15:56,910.86,17.49,5.09
947,2024-12-04 04:15:57,911.83,17.49,5.09
948,2024-12-04 04:15:58,912.80,17.49,5.09
949,2024-12-04 04:15:59,913.76,17.49,5.09
950,2024-12-04 04:16:00,914.73,17.49,5.09
951,2024-12-04 04:16:01,915.70,17.49,5.09
952,2024-12-04 04:16:01,916.67,17.49,5.09
953,2024-12-04 04:16:02,917.63,17.49,5.09
954,2024-12-04 04:16:03,918.60,17.49,5.09
955,2024-12-04 04:16:04,919.56,17.49,5.09
956,2024-12-04 04:16:05,920.52,17.49,5.09
957,2024-12-04 04:16:06,921.49,17.49,5.09
958,2024-12-04 04:16:07,922.46,17.49,5.09
959,2024-12-04 04:16:08,923.42,17.49,5.09
960,2024-12-04 04:16:09,924.39,17.49,5.09
961,2024-12-04 04:16:10,925.36,17.49,5.09
962,2024-12-04 04:16:11,926.31,17.49,5.09
963,2024-12-04 04:16:12,927.29,17.49,5.09
964,2024-12-04 04:16:13,928.25,17.49,5.09
965,2024-12-04 04:16:14,929.21,17.49,5.09
966,2024-12-04 04:16:15,930.17,17.49,5.09
967,2024-12-04 04:16:16,931.13,17.49,5.09
968,2024-12-04 04:16:17,932.08,17.49,5.09
969,2024-12-04 04:16:18,933.05,17.49,5.09
970,2024-12-04 04:16:19,934.01,17.49,5.09
971,2024-12-04 04:16:20,934.99,17.49,5.09
972,2024-12-04 04:16:21,935.95,17.49,5.09
973,2024-12-04 04:16:22,936.92,17.49,5.09
974,2024-12-04 04:16:23,937.89,17.49,5.09
975,2024-12-04 04:16:24,938.86,17.49,5.09
976,2024-12-04 04:16:25,939.82,17.49,5.09
977,2024-12-04 04:16:26,940.78,17.49,5.09
978,2024-12-04 04:16:27,941.73,17.49,5.09
979,2024-12-04 04:16:28,942.69,17.49,5.09
980,2024-12-04 04:16:28,943.66,17.49,5.09
981,2024-12-04 04:16:29,944.61,17.49,5.09
982,2024-12-04 04:16:30,945.59,17.49,5.09
983,2024-12-04 04:16:31,946.56,17.49,5.09
984,2024-12-04 04:16:32,947.53,17.49,5.09
985,2024-12-04 04:16:33,948.50,17.49,5.09
986,2024-12-04 04:16:34,949.47,17.49,5.09
987,2024-12-04 04:16:35,950.43,17.49,5.09
988,2024-12-04 04:16:36,951.40,17.49,5.09
989,2024-12-04 04:16:37,952.36,17.49,5.09
990,2024-12-04 04:16:38,953.32,17.49,5.09
991,2024-12-04 04:16:39,954.28,17.49,5.09
992,2024-12-04 04:16:40,955.24,17.49,5.09
993,2024-12-04 04:16:41,956.21,17.49,5.09
994,2024-12-04 04:16:42,957.17,17.49,5.09
995,2024-12-04 04:16:43,958.13,17.49,5.09
996,2024-12-04 04:16:44,959.10,17.49,5.09
997,2024-12-04 04:16:45,960.07,17.49,5.09
998,2024-12-04 04:16:46,961.04,17.49,5.09
999,2024-12-04 04:16:47,962.00,17.49,5.09
1000,2024-12-04 04:16:48,962.96,17.49,5.09
1001,2024-12-04 04:16:49,963.93,17.49,5.09
1002,2024-12-04 04:16:50,964.90,17.49,5.09
1003,2024-12-04 04:16:51,965.87,17.49,5.09
1004,2024-12-04 04:16:52,966.83,17.49,5.09
1005,2024-12-04 04:16:53,967.80,17.49,5.09
1006,2024-12-04 04:16:54,968.76,17.49,5.09
1007,2024-12-04 04:16:55,969.72,17.49,5.09
1008,2024-12-04 04:16:56,970.69,17.49,5.09
1009,2024-12-04 04:16:56,971.65,17.49,5.09
1010,2024-12-04 04:16:57,972.61,17.49,5.09
1011,2024-12-04 04:16:58,973.56,17.49,5.09
1012,2024-12-04 04:16:59,974.53,17.49,5.09
1013,2024-12-04 04:17:00,975.50,17.49,5.09
1014,2024-12-04 04:17:01,976.45,17.49,5.09
1015,2024-12-04 04:17:02,977.42,17.49,5.09
1016,2024-12-04 04:17:03,978.39,17.49,5.09
1017,2024-12-04 04:17:04,979.34,17.49,5.09
1018,2024-12-04 04:17:05,980.29,17.49,5.09
1019,2024-12-04 04:17:06,981.26,17.49,5.09
1020,2024-12-04 04:17:07,982.23,17.49,5.09
1021,2024-12-04 04:17:08,983.20,17.49,5.09
1022,2024-12-04 04:17:09,984.17,17.49,5.09
1023,2024-12-04 04:17:10,985.13,17.49,5.09
1024,2024-12-04 04:17:11,986.09,17.49,5.09
1025,2024-12-04 04:17:12,987.07,17.49,5.09
1026,2024-12-04 04:17:13,988.02,17.49,5.09
1027,2024-12-04 04:17:14,988.99,17.49,5.09
1028,2024-12-04 04:17:15,989.95,17.49,5.09
1029,2024-12-04 04:17:16,990.92,17.49,5.09
1030,2024-12-04 04:17:17,991.89,17.49,5.09
1031,2024-12-04 04:17:18,992.84,17.49,5.09
1032,2024-12-04 04:17:19,993.81,17.49,5.09
1033,2024-12-04 04:17:20,994.77,17.49,5.09
1034,2024-12-04 04:17:21,995.74,17.49,5.09
1035,2024-12-04 04:17:22,996.70,17.49,5.09
1036,2024-12-04 04:17:22,997.65,17.49,5.09
1037,2024-12-04 04:17:23,998.62,17.49,5.09
1038,2024-12-04 04:17:24,999.59,17.49,5.09
1039,2024-12-04 04:17:25,1000.56,17.49,5.09
1040,2024-12-04 04:17:26,1001.52,17.49,5.09
1041,2024-12-04 04:17:27,1002.48,17.49,5.09
1042,2024-12-04 04:17:28,1003.44,17.49,5.09
1043,2024-12-04 04:17:29,1004.41,17.49,5.09
1044,2024-12-04 04:17:30,1005.37,17.49,5.09
1045,2024-12-04 04:17:31,1006.34,17.49,5.09
1046,2024-12-04 04:17:32,1007.31,17.49,5.09
1047,2024-12-04 04:17:33,1008.27,17.49,5.09
1048,2024-12-04 04:17:34,1009.24,17.49,5.09
1049,2024-12-04 04:17:35,1010.20,17.49,5.09
1050,2024-12-04 04:17:36,1011.16,17.49,5.09
1051,2024-12-04 04:17:37,1012.12,17.49,5.09
1052,2024-12-04 04:17:38,1013.09,17.49,5.09
1053,2024-12-04 04:17:39,1014.07,17.49,5.09
1054,2024-12-04 04:17:40,1015.03,17.49,5.09
1055,2024-12-04 04:17:41,1016.00,17.49,5.09
1056,2024-12-04 04:17:42,1016.95,17.49,5.09
1057,2024-12-04 04:17:43,1017.93,17.49,5.09
1058,2024-12-04 04:17:44,1018.89,17.49,5.09
1059,2024-12-04 04:17:45,1019.86,17.49,5.09
1060,2024-12-04 04:17:46,1020.82,17.49,5.09
1061,2024-12-04 04:17:47,1021.79,17.49,5.09
1062,2024-12-04 04:17:48,1022.74,17.49,5.09
1063,2024-12-04 04:17:49,1023.71,17.49,5.09
1064,2024-12-04 04:17:49,1024.67,17.49,5.09
1065,2024-12-04 04:17:50,1025.63,17.49,5.09
1066,2024-12-04 04:17:51,1026.60,17.49,5.09
1067,2024-12-04 04:17:52,1027.56,17.49,5.09
1068,2024-12-04 04:17:53,1028.53,17.49,5.09
1069,2024-12-04 04:17:54,1029.48,17.49,5.09
1070,2024-12-04 04:17:55,1030.44,17.49,5.09
1071,2024-12-04 04:17:56,1031.41,17.49,5.09
1072,2024-12-04 04:17:57,1032.37,17.49,5.09
1073,2024-12-04 04:17:58,1033.34,17.49,5.09
1074,2024-12-04 04:17:59,1034.31,17.49,5.09
1075,2024-12-04 04:18:00,1035.26,17.49,5.09
1076,2024-12-04 04:18:01,1036.23,17.49,5.09
1077,2024-12-04 04:18:02,1037.19,17.49,5.09
1078,2024-12-04 04:18:03,1038.16,17.49,5.09
1079,2024-12-04 04:18:04,1039.13,17.49,5.09
1080,2024-12-04 04:18:05,1040.08,17.49,5.09
1081,2024-12-04 04:18:06,1041.04,17.49,5.09
1082,2024-12-04 04:18:07,1042.01,17.49,5.09
1083,2024-12-04 04:18:08,1042.96,17.49,5.09
1084,2024-12-04 04:18:09,1043.93,17.49,5.09
1085,2024-12-04 04:18:10,1044.89,17.49,5.09
1086,2024-12-04 04:18:11,1045.85,17.49,5.09
1087,2024-12-04 04:18:12,1046.81,17.49,5.09
1088,2024-12-04 04:18:13,1047.79,17.49,5.09
1089,2024-12-04 04:18:14,1048.75,17.49,5.09
1090,2024-12-04 04:18:15,1049.73,17.49,5.09
1091,2024-12-04 04:18:16,1050.69,17.49,5.09
1092,2024-12-04 04:18:16,1051.65,17.49,5.09
1093,2024-12-04 04:18:17,1052.61,17.49,5.09
1094,2024-12-04 04:18:18,1053.57,17.49,5.09
1095,2024-12-04 04:18:19,1054.54,17.49,5.09
1096,2024-12-04 04:18:20,1055.49,17.49,5.09
1097,2024-12-04 04:18:21,1056.45,17.49,5.09
1098,2024-12-04 04:18:22,1057.42,17.49,5.09
1099,2024-12-04 04:18:23,1058.38,17.49,5.09
1100,2024-12-04 04:18:24,1059.34,17.49,5.09
1101,2024-12-04 04:18:25,1060.30,17.49,5.09
1102,2024-12-04 04:18:26,1061.27,17.49,5.09
1103,2024-12-04 04:18:27,1062.24,17.49,5.09
1104,2024-12-04 04:18:28,1063.19,17.49,5.09
1105,2024-12-04 04:18:29,1064.15,17.49,5.09
1106,2024-12-04 04:18:30,1065.12,17.49,5.09
1107,2024-12-04 04:18:31,1066.09,17.49,5.09
1108,2024-12-04 04:18:32,1067.05,17.49,5.09
1109,2024-12-04 04:18:33,1068.01,17.49,5.09
1110,2024-12-04 04:18:34,1068.98,17.49,5.09
1111,2024-12-04 04:18:35,1069.93,17.49,5.09
1112,2024-12-04 04:18:36,1070.89,17.49,5.09
1113,2024-12-04 04:18:37,1071.86,17.49,5.09
1114,2024-12-04 04:18:38,1072.82,17.49,5.09
1115,2024-12-04 04:18:39,1073.79,17.49,5.09
1116,2024-12-04 04:18:40,1074.75,17.49,5.09
1117,2024-12-04 04:18:41,1075.71,17.49,5.09
1118,2024-12-04 04:18:41,1076.67,17.49,5.09
1119,2024-12-04 04:18:42,1077.63,17.49,5.09
1120,2024-12-04 04:18:43,1078.59,17.49,5.09
1121,2024-12-04 04:18:44,1079.55,17.49,5.09
1122,2024-12-04 04:18:45,1080.51,17.49,5.09
1123,2024-12-04 04:18:46,1081.48,17.49,5.09
1124,2024-12-04 04:18:47,1082.45,17.49,5.09
1125,2024-12-04 04:18:48,1083.41,17.49,5.09
1126,2024-12-04 04:18:49,1084.37,17.49,5.09
1127,2024-12-04 04:18:50,1085.32,17.49,5.09
1128,2024-12-04 04:18:51,1086.29,17.49,5.09
1129,2024-12-04 04:18:52,1087.25,17.49,5.09
1130,2024-12-04 04:18:53,1088.20,17.49,5.09
1131,2024-12-04 04:18:54,1089.17,17.49,5.09
1132,2024-12-04 04:18:55,1090.13,17.49,5.09
1133,2024-12-04 04:18:56,1091.09,17.49,5.09
1134,2024-12-04 04:18:57,1092.05,17.49,5.09
1135,2024-12-04 04:18:58,1093.01,17.49,5.09
1136,2024-12-04 04:18:59,1093.96,17.49,5.09
1137,2024-12-04 04:19:00,1094.93,17.49,5.09
1138,2024-12-04 04:19:01,1095.89,17.49,5.09
1139,2024-12-04 04:19:02,1096.86,17.49,5.09
1140,2024-12-04 04:19:03,1097.83,17.49,5.09
1141,2024-12-04 04:19:04,1098.79,17.49,5.09
1142,2024-12-04 04:19:05,1099.75,17.49,5.09
1143,2024-12-04 04:19:06,1100.71,17.49,5.09
1144,2024-12-04 04:19:06,1101.67,17.49,5.09
1145,2024-12-04 04:19:07,1102.64,17.49,5.09
1146,2024-12-04 04:19:08,1103.61,17.49,5.09
1147,2024-12-04 04:19:09,1104.58,17.49,5.09
1148,2024-12-04 04:19:10,1105.54,17.49,5.09
1149,2024-12-04 04:19:11,1106.49,17.49,5.09
1150,2024-12-04 04:19:12,1107.45,17.49,5.09
1151,2024-12-04 04:19:13,1108.41,17.49,5.09
1152,2024-12-04 04:19:14,1109.37,17.49,5.09
1153,2024-12-04 04:19:15,1110.34,17.49,5.09
1154,2024-12-04 04:19:16,1111.29,17.49,5.09
1155,2024-12-04 04:19:17,1112.26,17.49,5.09
1156,2024-12-04 04:19:18,1113.22,17.49,5.09
1157,2024-12-04 04:19:19,1114.18,17.49,5.09
1158,2024-12-04 04:19:20,1115.15,17.49,5.09
1159,2024-12-04 04:19:21,1116.11,17.49,5.09
1160,2024-12-04 04:19:22,1117.07,17.49,5.09
1161,2024-12-04 04:19:23,1118.04,17.49,5.09
1162,2024-12-04 04:19:24,1119.00,17.49,5.09
1163,2024-12-04 04:19:25,1119.96,17.49,5.09
1164,2024-12-04 04:19:26,1120.93,17.49,5.09
1165,2024-12-04 04:19:27,1121.90,17.49,5.09
1166,2024-12-04 04:19:28,1122.86,17.49,5.09
1167,2024-12-04 04:19:29,1123.82,17.49,5.09
1168,2024-12-04 04:19:30,1124.78,17.49,5.09
1169,2024-12-04 04:19:31,1125.74,17.49,5.09
1170,2024-12-04 04:19:32,1126.70,17.49,5.09
1171,2024-12-04 04:19:32,1127.67,17.49,5.09
1172,2024-12-04 04:19:33,1128.64,17.49,5.09
1173,2024-12-04 04:19:34,1129.61,17.49,5.09
1174,2024-12-04 04:19:35,1130.56,17.49,5.09
1175,2024-12-04 04:19:36,1131.53,17.49,5.09
1176,2024-12-04 04:19:37,1132.50,17.49,5.09
1177,2024-12-04 04:19:38,1133.46,17.49,5.09
1178,2024-12-04 04:19:39,1134.42,17.49,5.09
1179,2024-12-04 04:19:40,1135.38,17.49,5.09
1180,2024-12-04 04:19:41,1136.34,17.49,5.09
1181,2024-12-04 04:19:42,1137.30,17.49,5.09
1182,2024-12-04 04:19:43,1138.26,17.49,5.09
1183,2024-12-04 04:19:44,1139.22,17.49,5.09
1184,2024-12-04 04:19:45,1140.19,17.49,5.09
1185,2024-12-04 04:19:46,1141.16,17.49,5.09
1186,2024-12-04 04:19:47,1142.13,17.49,5.09
1187,2024-12-04 04:19:48,1143.10,17.49,5.09
1188,2024-12-04 04:19:49,1144.05,17.49,5.09
1189,2024-12-04 04:19:50,1145.02,17.49,5.09
1190,2024-12-04 04:19:51,1145.99,17.49,5.09
1191,2024-12-04 04:19:52,1146.94,17.49,5.09
1192,2024-12-04 04:19:53,1147.90,17.49,5.09
1193,2024-12-04 04:19:54,1148.86,17.49,5.09
1194,2024-12-04 04:19:55,1149.82,17.49,5.09
1195,2024-12-04 04:19:56,1150.78,17.49,5.09
1196,2024-12-04 04:19:57,1151.73,17.49,5.09
1197,2024-12-04 04:19:58,1152.69,17.49,5.09
1198,2024-12-04 04:19:58,1153.64,17.49,5.09
1199,2024-12-04 04:19:59,1154.61,17.49,5.09
1200,2024-12-04 04:20:00,1155.58,17.49,5.09
1201,2024-12-04 04:20:01,1156.54,17.49,5.09
1202,2024-12-04 04:20:02,1157.49,17.49,5.09
1203,2024-12-04 04:20:03,1158.46,17.49,5.09
1204,2024-12-04 04:20:04,1159.42,17.49,5.09
1205,2024-12-04 04:20:05,1160.38,17.49,5.09
1206,2024-12-04 04:20:06,1161.34,17.49,5.09
1207,2024-12-04 04:20:07,1162.31,17.49,5.09
1208,2024-12-04 04:20:08,1163.28,17.49,5.09
1209,2024-12-04 04:20:09,1164.23,17.49,5.09
1210,2024-12-04 04:20:10,1165.19,17.49,5.09
1211,2024-12-04 04:20:11,1166.16,17.49,5.09
1212,2024-12-04 04:20:12,1167.12,17.49,5.09
1213,2024-12-04 04:20:13,1168.08,17.49,5.09
1214,2024-12-04 04:20:14,1169.05,17.49,5.09
1215,2024-12-04 04:20:15,1170.01,17.49,5.09
1216,2024-12-04 04:20:16,1170.97,17.49,5.09
1217,2024-12-04 04:20:17,1171.93,17.49,5.09
1218,2024-12-04 04:20:18,1172.90,17.49,5.09
1219,2024-12-04 04:20:19,1173.87,17.49,5.09
1220,2024-12-04 04:20:20,1174.83,17.49,5.09
1221,2024-12-04 04:20:21,1175.79,17.49,5.09
1222,2024-12-04 04:20:22,1176.75,17.49,5.09
1223,2024-12-04 04:20:23,1177.72,17.49,5.09
1224,2024-12-04 04:20:24,1178.69,17.49,5.09
1225,2024-12-04 04:20:24,1179.66,17.49,5.09
1226,2024-12-04 04:20:25,1180.63,17.49,5.09
1227,2024-12-04 04:20:26,1181.58,17.49,5.09
1228,2024-12-04 04:20:27,1182.54,17.49,5.09
1229,2024-12-04 04:20:28,1183.51,17.49,5.09
1230,2024-12-04 04:20:29,1184.46,17.49,5.09
1231,2024-12-04 04:20:30,1185.42,17.49,5.09
1232,2024-12-04 04:20:31,1186.38,17.49,5.09
1233,2024-12-04 04:20:32,1187.34,17.49,5.09
1234,2024-12-04 04:20:33,1188.31,17.49,5.09
1235,2024-12-04 04:20:34,1189.27,17.49,5.09
1236,2024-12-04 04:20:35,1190.23,17.49,5.09
1237,2024-12-04 04:20:36,1191.19,17.49,5.09
1238,2024-12-04 04:20:37,1192.15,17.49,5.09
1239,2024-12-04 04:20:38,1193.11,17.49,5.09
1240,2024-12-04 04:20:39,1194.07,17.49,5.09
1241,2024-12-04 04:20:40,1195.04,17.49,5.09
1242,2024-12-04 04:20:41,1196.01,17.49,5.09
1243,2024-12-04 04:20:42,1196.96,17.49,5.09
1244,2024-12-04 04:20:43,1197.93,17.49,5.09
1245,2024-12-04 04:20:44,1198.88,17.49,5.09
1246,2024-12-04 04:20:45,1199.85,17.49,5.09
1247,2024-12-04 04:20:46,1200.80,17.49,5.09
1248,2024-12-04 04:20:47,1201.76,17.49,5.09
1249,2024-12-04 04:20:48,1202.73,17.49,5.09
1250,2024-12-04 04:20:49,1203.69,17.49,5.09
1251,2024-12-04 04:20:49,1204.65,17.49,5.09
1252,2024-12-04 04:20:50,1205.62,17.49,5.09
1253,2024-12-04 04:20:51,1206.58,17.49,5.09
1254,2024-12-04 04:20:52,1207.54,17.49,5.09
1255,2024-12-04 04:20:53,1208.51,17.49,5.09
1256,2024-12-04 04:20:54,1209.49,17.49,5.09
1257,2024-12-04 04:20:55,1210.44,17.49,5.09
1258,2024-12-04 04:20:56,1211.42,17.49,5.09
1259,2024-12-04 04:20:57,1212.38,17.49,5.09
1260,2024-12-04 04:20:58,1213.34,17.49,5.09
1261,2024-12-04 04:20:59,1214.30,17.49,5.09
1262,2024-12-04 04:21:00,1215.27,17.49,5.09
1263,2024-12-04 04:21:01,1216.24,17.49,5.09
1264,2024-12-04 04:21:02,1217.20,17.49,5.09
1265,2024-12-04 04:21:03,1218.16,17.49,5.09
1266,2024-12-04 04:21:04,1219.12,17.49,5.09
1267,2024-12-04 04:21:05,1220.08,17.49,5.09
1268,2024-12-04 04:21:06,1221.05,17.49,5.09
1269,2024-12-04 04:21:07,1222.01,17.49,5.09
1270,2024-12-04 04:21:08,1222.96,17.49,5.09
1271,2024-12-04 04:21:09,1223.93,17.49,5.09
1272,2024-12-04 04:21:10,1224.89,17.49,5.09
1273,2024-12-04 04:21:11,1225.85,17.49,5.09
1274,2024-12-04 04:21:12,1226.81,17.49,5.09
1275,2024-12-04 04:21:13,1227.76,17.49,5.09
1276,2024-12-04 04:21:14,1228.74,17.49,5.09
1277,2024-12-04 04:21:15,1229.70,17.49,5.09
1278,2024-12-04 04:21:15,1230.66,17.49,5.09
1279,2024-12-04 04:21:16,1231.61,17.49,5.09
1280,2024-12-04 04:21:17,1232.57,17.49,5.09
1281,2024-12-04 04:21:18,1233.54,17.49,5.09
1282,2024-12-04 04:21:19,1234.50,17.49,5.09
1283,2024-12-04 04:21:20,1235.46,17.49,5.09
1284,2024-12-04 04:21:21,1236.42,17.49,5.09
1285,2024-12-04 04:21:22,1237.39,17.49,5.09
1286,2024-12-04 04:21:23,1238.36,17.49,5.09
1287,2024-12-04 04:21:24,1239.32,17.49,5.09
1288,2024-12-04 04:21:25,1240.28,17.49,5.09
1289,2024-12-04 04:21:26,1241.24,17.49,5.09
1290,2024-12-04 04:21:27,1242.20,17.49,5.09
1291,2024-12-04 04:21:28,1243.17,17.49,5.09
1292,2024-12-04 04:21:29,1244.13,17.49,5.09
1293,2024-12-04 04:21:30,1245.09,17.49,5.09
1294,2024-12-04 04:21:31,1246.05,17.49,5.09
1295,2024-12-04 04:21:32,1247.02,17.49,5.09
1296,2024-12-04 04:21:33,1247.97,17.49,5.09
1297,2024-12-04 04:21:34,1248.94,17.49,5.09
1298,2024-12-04 04:21:35,1249.91,17.49,5.09
1299,2024-12-04 04:21:36,1250.88,17.49,5.09
1300,2024-12-04 04:21:37,1251.84,17.49,5.09
1301,2024-12-04 04:21:38,1252.80,17.49,5.09
1302,2024-12-04 04:21:39,1253.75,17.49,5.09
1303,2024-12-04 04:21:40,1254.73,17.49,5.09
1304,2024-12-04 04:21:41,1255.69,17.49,5.09
1305,2024-12-04 04:21:41,1256.64,17.49,5.09
1306,2024-12-04 04:21:42,1257.60,17.49,5.09
1307,2024-12-04 04:21:43,1258.56,17.49,5.09
1308,2024-12-04 04:21:44,1259.53,17.49,5.09
1309,2024-12-04 04:21:45,1260.49,17.49,5.09
1310,2024-12-04 04:21:46,1261.46,17.49,5.09
1311,2024-12-04 04:21:47,1262.41,17.49,5.09
1312,2024-12-04 04:21:48,1263.38,17.49,5.09
1313,2024-12-04 04:21:49,1264.34,17.49,5.09
1314,2024-12-04 04:21:50,1265.30,17.49,5.09
1315,2024-12-04 04:21:51,1266.26,17.49,5.09
1316,2024-12-04 04:21:52,1267.22,17.49,5.09
1317,2024-12-04 04:21:53,1268.18,17.49,5.09
1318,2024-12-04 04:21:54,1269.14,17.49,5.09
1319,2024-12-04 04:21:55,1270.09,17.49,5.09
1320,2024-12-04 04:21:56,1271.06,17.49,5.09
1321,2024-12-04 04:21:57,1272.02,17.49,5.09
1322,2024-12-04 04:21:58,1272.99,17.49,5.09
1323,2024-12-04 04:21:59,1273.94,17.49,5.09
1324,2024-12-04 04:22:00,1274.91,17.49,5.09
1325,2024-12-04 04:22:01,1275.87,17.49,5.09
1326,2024-12-04 04:22:02,1276.84,17.49,5.09
1327,2024-12-04 04:22:03,1277.80,17.49,5.09
1328,2024-12-04 04:22:04,1278.76,17.49,5.09
1329,2024-12-04 04:22:05,1279.72,17.49,5.09
1330,2024-12-04 04:22:06,1280.69,17.49,5.09
1331,2024-12-04 04:22:06,1281.64,17.49,5.09
1332,2024-12-04 04:22:07,1282.60,17.49,5.09
1333,2024-12-04 04:22:08,1283.57,17.49,5.09
1334,2024-12-04 04:22:09,1284.53,17.49,5.09
1335,2024-12-04 04:22:10,1285.48,17.49,5.09
1336,2024-12-04 04:22:11,1286.44,17.49,5.09
1337,2024-12-04 04:22:12,1287.41,17.49,5.09
1338,2024-12-04 04:22:13,1288.37,17.49,5.09
1339,2024-12-04 04:22:14,1289.33,17.49,5.09
1340,2024-12-04 04:22:15,1290.29,17.49,5.09
1341,2024-12-04 04:22:16,1291.25,17.49,5.09
1342,2024-12-04 04:22:17,1292.21,17.49,5.09
1343,2024-12-04 04:22:18,1293.17,17.49,5.09
1344,2024-12-04 04:22:19,1294.15,17.49,5.09
1345,2024-12-04 04:22:20,1295.10,17.49,5.09
1346,2024-12-04 04:22:21,1296.07,17.49,5.09
1347,2024-12-04 04:22:22,1297.03,17.49,5.09
1348,2024-12-04 04:22:23,1297.99,17.49,5.09
1349,2024-12-04 04:22:24,1298.96,17.49,5.09
1350,2024-12-04 04:22:25,1299.92,17.49,5.09
1351,2024-12-04 04:22:26,1300.88,17.49,5.09
1352,2024-12-04 04:22:27,1301.84,17.49,5.09
1353,2024-12-04 04:22:28,1302.80,17.49,5.09
1354,2024-12-04 04:22:29,1303.76,17.49,5.09
1355,2024-12-04 04:22:30,1304.73,17.49,5.09
1356,2024-12-04 04:22:31,1305.69,17.49,5.09
1357,2024-12-04 04:22:31,1306.65,17.49,5.09
1358,2024-12-04 04:22:32,1307.61,17.49,5.09
1359,2024-12-04 04:22:33,1308.57,17.49,5.09
1360,2024-12-04 04:22:34,1309.53,17.49,5.09
1361,2024-12-04 04:22:35,1310.49,17.49,5.09
1362,2024-12-04 04:22:36,1311.46,17.49,5.09
1363,2024-12-04 04:22:37,1312.42,17.49,5.09
1364,2024-12-04 04:22:38,1313.38,17.49,5.09
1365,2024-12-04 04:22:39,1314.34,17.49,5.09
1366,2024-12-04 04:22:40,1315.30,17.49,5.09
1367,2024-12-04 04:22:41,1316.26,17.49,5.09
1368,2024-12-04 04:22:42,1317.22,17.49,5.09
1369,2024-12-04 04:22:43,1318.18,17.49,5.09
1370,2024-12-04 04:22:44,1319.14,17.49,5.09
1371,2024-12-04 04:22:45,1320.11,17.49,5.09
1372,2024-12-04 04:22:46,1321.07,17.49,5.09
1373,2024-12-04 04:22:47,1322.04,17.49,5.09
1374,2024-12-04 04:22:48,1323.01,17.49,5.09
1375,2024-12-04 04:22:49,1323.97,17.49,5.09
1376,2024-12-04 04:22:50,1324.93,17.49,5.09
1377,2024-12-04 04:22:51,1325.89,17.49,5.09
1378,2024-12-04 04:22:52,1326.85,17.49,5.09
1379,2024-12-04 04:22:53,1327.82,17.49,5.09
1380,2024-12-04 04:22:54,1328.78,17.49,5.09
1381,2024-12-04 04:22:55,1329.75,17.49,5.09
1382,2024-12-04 04:22:56,1330.73,17.49,5.09
1383,2024-12-04 04:22:57,1331.68,17.49,5.09
1384,2024-12-04 04:22:57,1332.65,17.49,5.09
1385,2024-12-04 04:22:58,1333.61,17.49,5.09
1386,2024-12-04 04:22:59,1334.57,17.49,5.09
1387,2024-12-04 04:23:00,1335.53,17.49,5.09
1388,2024-12-04 04:23:01,1336.49,17.49,5.09
1389,2024-12-04 04:23:02,1337.44,17.49,5.09
1390,2024-12-04 04:23:03,1338.41,17.49,5.09
1391,2024-12-04 04:23:04,1339.38,17.49,5.09
1392,2024-12-04 04:23:05,1340.35,17.49,5.09
1393,2024-12-04 04:23:06,1341.31,17.49,5.09
1394,2024-12-04 04:23:07,1342.27,17.49,5.09
1395,2024-12-04 04:23:08,1343.23,17.49,5.09
1396,2024-12-04 04:23:09,1344.19,17.49,5.09
1397,2024-12-04 04:23:10,1345.15,17.49,5.09
1398,2024-12-04 04:23:11,1346.11,17.49,5.09
1399,2024-12-04 04:23:12,1347.08,17.49,5.09
1400,2024-12-04 04:23:13,1348.04,17.49,5.09
1401,2024-12-04 04:23:14,1349.00,17.49,5.09
1402,2024-12-04 04:23:15,1349.96,17.49,5.09
1403,2024-12-04 04:23:16,1350.92,17.49,5.09
1404,2024-12-04 04:23:17,1351.87,17.49,5.09
1405,2024-12-04 04:23:18,1352.84,17.49,5.09
1406,2024-12-04 04:23:19,1353.81,17.49,5.09
1407,2024-12-04 04:23:20,1354.77,17.49,5.09
1408,2024-12-04 04:23:21,1355.74,17.49,5.09
1409,2024-12-04 04:23:22,1356.71,17.49,5.09
1410,2024-12-04 04:23:22,1357.67,17.49,5.09
1411,2024-12-04 04:23:23,1358.63,17.49,5.09
1412,2024-12-04 04:23:24,1359.59,17.49,5.09
1413,2024-12-04 04:23:25,1360.56,17.49,5.09
1414,2024-12-04 04:23:26,1361.52,17.49,5.09
1415,2024-12-04 04:23:27,1362.47,17.49,5.09
1416,2024-12-04 04:23:28,1363.43,17.49,5.09
1417,2024-12-04 04:23:29,1364.41,17.49,5.09
1418,2024-12-04 04:23:30,1365.37,17.49,5.09
1419,2024-12-04 04:23:31,1366.33,17.49,5.09
1420,2024-12-04 04:23:32,1367.29,17.49,5.09
1421,2024-12-04 04:23:33,1368.25,17.49,5.09
1422,2024-12-04 04:23:34,1369.22,17.49,5.09
1423,2024-12-04 04:23:35,1370.18,17.49,5.09
1424,2024-12-04 04:23:36,1371.15,17.49,5.09
1425,2024-12-04 04:23:37,1372.11,17.49,5.09
1426,2024-12-04 04:23:38,1373.08,17.49,5.09
1427,2024-12-04 04:23:39,1374.04,17.49,5.09
1428,2024-12-04 04:23:40,1375.00,17.49,5.09
1429,2024-12-04 04:23:41,1375.97,17.49,5.09
1430,2024-12-04 04:23:42,1376.93,17.49,5.09
1431,2024-12-04 04:23:43,1377.89,17.49,5.09
1432,2024-12-04 04:23:44,1378.87,17.49,5.09
1433,2024-12-04 04:23:45,1379.83,17.49,5.09
1434,2024-12-04 04:23:46,1380.80,17.49,5.09
1435,2024-12-04 04:23:47,1381.76,17.49,5.09
1436,2024-12-04 04:23:48,1382.73,17.49,5.09
1437,2024-12-04 04:23:49,1383.69,17.49,5.09
1438,2024-12-04 04:23:49,1384.65,17.49,5.09
1439,2024-12-04 04:23:50,1385.60,17.49,5.09
1440,2024-12-04 04:23:51,1386.57,17.49,5.09
1441,2024-12-04 04:23:52,1387.53,17.49,5.09
1442,2024-12-04 04:23:53,1388.50,17.49,5.09
1443,2024-12-04 04:23:54,1389.46,17.49,5.09
1444,2024-12-04 04:23:55,1390.43,17.49,5.09
1445,2024-12-04 04:23:56,1391.39,17.49,5.09
1446,2024-12-04 04:23:57,1392.36,17.49,5.09
1447,2024-12-04 04:23:58,1393.32,17.49,5.09
1448,2024-12-04 04:23:59,1394.29,17.49,5.09
1449,2024-12-04 04:24:00,1395.25,17.49,5.09
1450,2024-12-04 04:24:01,1396.20,17.49,5.09
1451,2024-12-04 04:24:02,1397.16,17.49,5.09
1452,2024-12-04 04:24:03,1398.13,17.49,5.09
1453,2024-12-04 04:24:04,1399.09,17.49,5.09
1454,2024-12-04 04:24:05,1400.05,17.49,5.09
1455,2024-12-04 04:24:06,1401.02,17.49,5.09
1456,2024-12-04 04:24:07,1401.99,17.49,5.09
1457,2024-12-04 04:24:08,1402.95,17.49,5.09
1458,2024-12-04 04:24:09,1403.92,17.49,5.09
1459,2024-12-04 04:24:10,1404.88,17.49,5.09
1460,2024-12-04 04:24:11,1405.84,17.49,5.09
1461,2024-12-04 04:24:12,1406.80,17.49,5.09
1462,2024-12-04 04:24:13,1407.77,17.49,5.09
1463,2024-12-04 04:24:14,1408.73,17.49,5.09
1464,2024-12-04 04:24:15,1409.68,17.49,5.09
1465,2024-12-04 04:24:15,1410.65,17.49,5.09
1466,2024-12-04 04:24:16,1411.62,17.49,5.09
1467,2024-12-04 04:24:17,1412.57,17.49,5.09
1468,2024-12-04 04:24:18,1413.55,17.49,5.09
1469,2024-12-04 04:24:19,1414.51,17.49,5.09
1470,2024-12-04 04:24:20,1415.47,17.49,5.09
1471,2024-12-04 04:24:21,1416.43,17.49,5.09
1472,2024-12-04 04:24:22,1417.39,17.49,5.09
1473,2024-12-04 04:24:23,1418.35,17.49,5.09
1474,2024-12-04 04:24:24,1419.31,17.49,5.09
1475,2024-12-04 04:24:25,1420.28,17.49,5.09
1476,2024-12-04 04:24:26,1421.24,17.49,5.09
1477,2024-12-04 04:24:27,1422.20,17.49,5.09
1478,2024-12-04 04:24:28,1423.17,17.49,5.09
1479,2024-12-04 04:24:29,1424.13,17.49,5.09
1480,2024-12-04 04:24:30,1425.09,17.49,5.09
1481,2024-12-04 04:24:31,1426.06,17.49,5.09
1482,2024-12-04 04:24:32,1427.02,17.49,5.09
1483,2024-12-04 04:24:33,1427.98,17.49,5.09
1484,2024-12-04 04:24:34,1428.95,17.49,5.09
1485,2024-12-04 04:24:35,1429.92,17.49,5.09
1486,2024-12-04 04:24:36,1430.88,17.49,5.09
1487,2024-12-04 04:24:37,1431.85,17.49,5.09
1488,2024-12-04 04:24:38,1432.81,17.49,5.09
1489,2024-12-04 04:24:39,1433.77,17.49,5.09
1490,2024-12-04 04:24:40,1434.73,17.49,5.09
1491,2024-12-04 04:24:41,1435.69,17.49,5.09
1492,2024-12-04 04:24:41,1436.66,17.49,5.09
1493,2024-12-04 04:24:42,1437.62,17.49,5.09
1494,2024-12-04 04:24:43,1438.57,17.49,5.09
1495,2024-12-04 04:24:44,1439.54,17.49,5.09
1496,2024-12-04 04:24:45,1440.50,17.49,5.09
1497,2024-12-04 04:24:46,1441.47,17.49,5.09
1498,2024-12-04 04:24:47,1442.43,17.49,5.09
1499,2024-12-04 04:24:48,1443.39,17.49,5.09
1500,2024-12-04 04:24:49,1444.35,17.49,5.09
1501,2024-12-04 04:24:50,1445.31,17.49,5.09
1502,2024-12-04 04:24:51,1446.29,17.49,5.09
1503,2024-12-04 04:24:52,1447.25,17.49,5.09
1504,2024-12-04 04:24:53,1448.22,17.49,5.09
1505,2024-12-04 04:24:54,1449.19,17.49,5.09
1506,2024-12-04 04:24:55,1450.16,17.49,5.09
1507,2024-12-04 04:24:56,1451.11,17.49,5.09
1508,2024-12-04 04:24:57,1452.09,17.49,5.09
1509,2024-12-04 04:24:58,1453.05,17.49,5.09
1510,2024-12-04 04:24:59,1454.02,17.49,5.09
1511,2024-12-04 04:25:00,1454.98,17.49,5.09
1512,2024-12-04 04:25:01,1455.94,17.49,5.09
1513,2024-12-04 04:25:02,1456.90,17.49,5.09
1514,2024-12-04 04:25:03,1457.85,17.49,5.09
1515,2024-12-04 04:25:04,1458.82,17.49,5.09
1516,2024-12-04 04:25:05,1459.79,17.49,5.09
1517,2024-12-04 04:25:06,1460.75,17.49,5.09
1518,2024-12-04 04:25:07,1461.71,17.49,5.09
1519,2024-12-04 04:25:07,1462.67,17.49,5.09
1520,2024-12-04 04:25:08,1463.62,17.49,5.09
1521,2024-12-04 04:25:09,1464.58,17.49,5.09
1522,2024-12-04 04:25:10,1465.53,17.49,5.09
1523,2024-12-04 04:25:11,1466.49,17.49,5.09
1524,2024-12-04 04:25:12,1467.46,17.49,5.09
1525,2024-12-04 04:25:13,1468.42,17.49,5.09
1526,2024-12-04 04:25:14,1469.38,17.49,5.09
1527,2024-12-04 04:25:15,1470.34,17.49,5.09
1528,2024-12-04 04:25:16,1471.30,17.49,5.09
1529,2024-12-04 04:25:17,1472.27,17.49,5.09
1530,2024-12-04 04:25:18,1473.24,17.49,5.09
1531,2024-12-04 04:25:19,1474.20,17.49,5.09
1532,2024-12-04 04:25:20,1475.16,17.49,5.09
1533,2024-12-04 04:25:21,1476.12,17.49,5.09
1534,2024-12-04 04:25:22,1477.09,17.49,5.09
1535,2024-12-04 04:25:23,1478.07,17.49,5.09
1536,2024-12-04 04:25:24,1479.03,17.49,5.09
1537,2024-12-04 04:25:25,1480.00,17.49,5.09
1538,2024-12-04 04:25:26,1480.96,17.49,5.09
1539,2024-12-04 04:25:27,1481.91,17.49,5.09
1540,2024-12-04 04:25:28,1482.87,17.49,5.09
1541,2024-12-04 04:25:29,1483.84,17.49,5.09
1542,2024-12-04 04:25:30,1484.79,17.49,5.09
1543,2024-12-04 04:25:31,1485.77,17.49,5.09
1544,2024-12-04 04:25:32,1486.72,17.49,5.09
1545,2024-12-04 04:25:33,1487.68,17.49,5.09
1546,2024-12-04 04:25:33,1488.64,17.49,5.09
1547,2024-12-04 04:25:34,1489.61,17.49,5.09
1548,2024-12-04 04:25:35,1490.57,17.49,5.09
1549,2024-12-04 04:25:36,1491.54,17.49,5.09
1550,2024-12-04 04:25:37,1492.50,17.49,5.09
1551,2024-12-04 04:25:38,1493.46,17.49,5.09
1552,2024-12-04 04:25:39,1494.42,17.49,5.09
1553,2024-12-04 04:25:40,1495.37,17.49,5.09
1554,2024-12-04 04:25:41,1496.34,17.49,5.09
1555,2024-12-04 04:25:42,1497.30,17.49,5.09
1556,2024-12-04 04:25:43,1498.27,17.49,5.09
1557,2024-12-04 04:25:44,1499.24,17.49,5.09
1558,2024-12-04 04:25:45,1500.21,17.49,5.09
1559,2024-12-04 04:25:46,1501.18,17.49,5.09
1560,2024-12-04 04:25:47,1502.14,17.49,5.09
1561,2024-12-04 04:25:48,1503.11,17.49,5.09
1562,2024-12-04 04:25:49,1504.07,17.49,5.09
1563,2024-12-04 04:25:50,1505.04,17.49,5.09
1564,2024-12-04 04:25:51,1506.00,17.49,5.09
1565,2024-12-04 04:25:52,1506.97,17.49,5.09
1566,2024-12-04 04:25:53,1507.93,17.49,5.09
1567,2024-12-04 04:25:54,1508.90,17.49,5.09
1568,2024-12-04 04:25:55,1509.86,17.49,5.09
1569,2024-12-04 04:25:56,1510.83,17.49,5.09
1570,2024-12-04 04:25:57,1511.79,17.49,5.09
1571,2024-12-04 04:25:58,1512.74,17.49,5.09
1572,2024-12-04 04:25:59,1513.72,17.49,5.09
1573,2024-12-04 04:25:59,1514.68,17.49,5.09
1574,2024-12-04 04:26:00,1515.64,17.49,5.09
1575,2024-12-04 04:26:01,1516.60,17.49,5.09
1576,2024-12-04 04:26:02,1517.57,17.49,5.09
1577,2024-12-04 04:26:03,1518.53,17.49,5.09
1578,2024-12-04 04:26:04,1519.48,17.49,5.09
1579,2024-12-04 04:26:05,1520.45,17.49,5.09
1580,2024-12-04 04:26:06,1521.41,17.49,5.09
1581,2024-12-04 04:26:07,1522.37,17.49,5.09
1582,2024-12-04 04:26:08,1523.34,17.49,5.09
1583,2024-12-04 04:26:09,1524.30,17.49,5.09
1584,2024-12-04 04:26:10,1525.25,17.49,5.09
1585,2024-12-04 04:26:11,1526.21,17.49,5.09
1586,2024-12-04 04:26:12,1527.17,17.49,5.09
1587,2024-12-04 04:26:13,1528.13,17.49,5.09
1588,2024-12-04 04:26:14,1529.10,17.49,5.09
1589,2024-12-04 04:26:15,1530.06,17.49,5.09
1590,2024-12-04 04:26:16,1531.02,17.49,5.09
1591,2024-12-04 04:26:17,1531.98,17.49,5.09
1592,2024-12-04 04:26:18,1532.95,17.49,5.09
1593,2024-12-04 04:26:19,1533.91,17.49,5.09
1594,2024-12-04 04:26:20,1534.88,17.49,5.09
1595,2024-12-04 04:26:21,1535.84,17.49,5.09
1596,2024-12-04 04:26:22,1536.80,17.49,5.09
1597,2024-12-04 04:26:23,1537.77,17.49,5.09
1598,2024-12-04 04:26:24,1538.75,17.49,5.09
1599,2024-12-04 04:26:25,1539.72,17.49,5.09
1600,2024-12-04 04:26:25,1540.68,17.49,5.09
1601,2024-12-04 04:26:26,1541.64,17.49,5.09
1602,2024-12-04 04:26:27,1542.59,17.49,5.09
1603,2024-12-04 04:26:28,1543.55,17.49,5.09
1604,2024-12-04 04:26:29,1544.51,17.49,5.09
1605,2024-12-04 04:26:30,1545.48,17.49,5.09
1606,2024-12-04 04:26:31,1546.44,17.49,5.09
1607,2024-12-04 04:26:32,1547.41,17.49,5.09
1608,2024-12-04 04:26:33,1548.36,17.49,5.09
1609,2024-12-04 04:26:34,1549.33,17.49,5.09
1610,2024-12-04 04:26:35,1550.30,17.49,5.09
1611,2024-12-04 04:26:36,1551.26,17.49,5.09
1612,2024-12-04 04:26:37,1552.22,17.49,5.09
1613,2024-12-04 04:26:38,1553.18,17.49,5.09
1614,2024-12-04 04:26:39,1554.14,17.49,5.09
1615,2024-12-04 04:26:40,1555.10,17.49,5.09
1616,2024-12-04 04:26:41,1556.06,17.49,5.09
1617,2024-12-04 04:26:42,1557.02,17.49,5.09
1618,2024-12-04 04:26:43,1557.99,17.49,5.09
1619,2024-12-04 04:26:44,1558.95,17.49,5.09
1620,2024-12-04 04:26:45,1559.90,17.49,5.09
1621,2024-12-04 04:26:46,1560.86,17.49,5.09
1622,2024-12-04 04:26:47,1561.82,17.49,5.09
1623,2024-12-04 04:26:48,1562.78,17.49,5.09
1624,2024-12-04 04:26:49,1563.74,17.49,5.09
1625,2024-12-04 04:26:50,1564.69,17.49,5.09
1626,2024-12-04 04:26:50,1565.65,17.49,5.09
1627,2024-12-04 04:26:51,1566.61,17.49,5.09
1628,2024-12-04 04:26:52,1567.57,17.49,5.09
1629,2024-12-04 04:26:53,1568.52,17.49,5.09
1630,2024-12-04 04:26:54,1569.49,17.49,5.09
1631,2024-12-04 04:26:55,1570.45,17.49,5.09
1632,2024-12-04 04:26:56,1571.41,17.49,5.09
1633,2024-12-04 04:26:57,1572.38,17.49,5.09
1634,2024-12-04 04:26:58,1573.34,17.49,5.09
1635,2024-12-04 04:26:59,1574.30,17.49,5.09
1636,2024-12-04 04:27:00,1575.26,17.49,5.09
1637,2024-12-04 04:27:01,1576.22,17.49,5.09
1638,2024-12-04 04:27:02,1577.17,17.49,5.09
1639,2024-12-04 04:27:03,1578.13,17.49,5.09
1640,2024-12-04 04:27:04,1579.09,17.49,5.09
1641,2024-12-04 04:27:05,1580.05,17.49,5.09
1642,2024-12-04 04:27:06,1581.01,17.49,5.09
1643,2024-12-04 04:27:07,1581.97,17.49,5.09
1644,2024-12-04 04:27:08,1582.93,17.49,5.09
1645,2024-12-04 04:27:09,1583.88,17.49,5.09
1646,2024-12-04 04:27:10,1584.84,17.49,5.09
1647,2024-12-04 04:27:11,1585.80,17.49,5.09
1648,2024-12-04 04:27:12,1586.75,17.49,5.09
1649,2024-12-04 04:27:13,1587.70,17.49,5.09
1650,2024-12-04 04:27:13,1588.67,17.49,5.09
1651,2024-12-04 04:27:14,1589.63,17.49,5.09
1652,2024-12-04 04:27:15,1590.58,17.49,5.09
1653,2024-12-04 04:27:16,1591.56,17.49,5.09
1654,2024-12-04 04:27:17,1592.52,17.49,5.09
1655,2024-12-04 04:27:18,1593.48,17.49,5.09
1656,2024-12-04 04:27:19,1594.43,17.49,5.09
1657,2024-12-04 04:27:20,1595.39,17.49,5.09
1658,2024-12-04 04:27:21,1596.35,17.49,5.09
1659,2024-12-04 04:27:22,1597.32,17.49,5.09
1660,2024-12-04 04:27:23,1598.29,17.49,5.09
1661,2024-12-04 04:27:24,1599.26,17.49,5.09
1662,2024-12-04 04:27:25,1600.22,17.49,5.09
1663,2024-12-04 04:27:26,1601.18,17.49,5.09
1664,2024-12-04 04:27:27,1602.15,17.49,5.09
1665,2024-12-04 04:27:28,1603.11,17.49,5.09
1666,2024-12-04 04:27:29,1604.07,17.49,5.09
1667,2024-12-04 04:27:30,1605.04,17.49,5.09
1668,2024-12-04 04:27:31,1606.00,17.49,5.09
1669,2024-12-04 04:27:32,1606.96,17.49,5.09
1670,2024-12-04 04:27:33,1607.92,17.49,5.09
1671,2024-12-04 04:27:34,1608.88,17.49,5.09
1672,2024-12-04 04:27:35,1609.85,17.49,5.09
1673,2024-12-04 04:27:36,1610.80,17.49,5.09
1674,2024-12-04 04:27:37,1611.76,17.49,5.09
1675,2024-12-04 04:27:38,1612.71,17.49,5.09
1676,2024-12-04 04:27:38,1613.67,17.49,5.09
1677,2024-12-04 04:27:39,1614.64,17.49,5.09
1678,2024-12-04 04:27:40,1615.60,17.49,5.09
1679,2024-12-04 04:27:41,1616.56,17.49,5.09
1680,2024-12-04 04:27:42,1617.52,17.49,5.09
1681,2024-12-04 04:27:43,1618.49,17.49,5.09
1682,2024-12-04 04:27:44,1619.44,17.49,5.09
1683,2024-12-04 04:27:45,1620.41,17.49,5.09
1684,2024-12-04 04:27:46,1621.36,17.49,5.09
1685,2024-12-04 04:27:47,1622.32,17.49,5.09
1686,2024-12-04 04:27:48,1623.27,17.49,5.09
1687,2024-12-04 04:27:49,1624.23,17.49,5.09
1688,2024-12-04 04:27:50,1625.19,17.49,5.09
1689,2024-12-04 04:27:51,1626.15,17.49,5.09
1690,2024-12-04 04:27:52,1627.12,17.49,5.09
1691,2024-12-04 04:27:53,1628.09,17.49,5.09
1692,2024-12-04 04:27:54,1629.05,17.49,5.09
1693,2024-12-04 04:27:55,1630.01,17.49,5.09
1694,2024-12-04 04:27:56,1630.96,17.49,5.09
1695,2024-12-04 04:27:57,1631.93,17.49,5.09
1696,2024-12-04 04:27:58,1632.89,17.49,5.09
1697,2024-12-04 04:27:59,1633.85,17.49,5.09
1698,2024-12-04 04:28:00,1634.80,17.49,5.09
1699,2024-12-04 04:28:01,1635.77,17.49,5.09
1700,2024-12-04 04:28:02,1636.72,17.49,5.09
1701,2024-12-04 04:28:03,1637.69,17.49,5.09
1702,2024-12-04 04:28:03,1638.65,17.49,5.09
1703,2024-12-04 04:28:04,1639.61,17.49,5.09
1704,2024-12-04 04:28:05,1640.56,17.49,5.09
1705,2024-12-04 04:28:06,1641.53,17.49,5.09
1706,2024-12-04 04:28:07,1642.49,17.49,5.09
1707,2024-12-04 04:28:08,1643.46,17.49,5.09
1708,2024-12-04 04:28:09,1644.41,17.49,5.09
1709,2024-12-04 04:28:10,1645.37,17.49,5.09
1710,2024-12-04 04:28:11,1646.33,17.49,5.09
1711,2024-12-04 04:28:12,1647.29,17.49,5.09
1712,2024-12-04 04:28:13,1648.24,17.49,5.09
1713,2024-12-04 04:28:14,1649.20,17.49,5.09
1714,2024-12-04 04:28:15,1650.17,17.49,5.09
1715,2024-12-04 04:28:16,1651.14,17.49,5.09
1716,2024-12-04 04:28:17,1652.11,17.49,5.09
1717,2024-12-04 04:28:18,1653.06,17.49,5.09
1718,2024-12-04 04:28:19,1654.02,17.49,5.09
1719,2024-12-04 04:28:20,1654.99,17.49,5.09
1720,2024-12-04 04:28:21,1655.94,17.49,5.09
1721,2024-12-04 04:28:22,1656.90,17.49,5.09
1722,2024-12-04 04:28:23,1657.87,17.49,5.09
1723,2024-12-04 04:28:24,1658.82,17.49,5.09
1724,2024-12-04 04:28:25,1659.79,17.49,5.09
1725,2024-12-04 04:28:26,1660.76,17.49,5.09
1726,2024-12-04 04:28:27,1661.73,17.49,5.09
1727,2024-12-04 04:28:28,1662.69,17.49,5.09
1728,2024-12-04 04:28:28,1663.64,17.49,5.09
1729,2024-12-04 04:28:29,1664.60,17.49,5.09
1730,2024-12-04 04:28:30,1665.57,17.49,5.09
1731,2024-12-04 04:28:31,1666.53,17.49,5.09
1732,2024-12-04 04:28:32,1667.49,17.49,5.09
1733,2024-12-04 04:28:33,1668.45,17.49,5.09
1734,2024-12-04 04:28:34,1669.41,17.49,5.09
1735,2024-12-04 04:28:35,1670.37,17.49,5.09
1736,2024-12-04 04:28:36,1671.33,17.49,5.09
1737,2024-12-04 04:28:37,1672.29,17.49,5.09
1738,2024-12-04 04:28:38,1673.25,17.49,5.09
1739,2024-12-04 04:28:39,1674.20,17.49,5.09
1740,2024-12-04 04:28:40,1675.16,17.49,5.09
1741,2024-12-04 04:28:41,1676.12,17.49,5.09
1742,2024-12-04 04:28:42,1677.08,17.49,5.09
1743,2024-12-04 04:28:43,1678.04,17.49,5.09
1744,2024-12-04 04:28:44,1679.01,17.49,5.09
1745,2024-12-04 04:28:45,1679.96,17.49,5.09
1746,2024-12-04 04:28:46,1680.92,17.49,5.09
1747,2024-12-04 04:28:47,1681.89,17.49,5.09
1748,2024-12-04 04:28:48,1682.84,17.49,5.09
1749,2024-12-04 04:28:49,1683.80,17.49,5.09
1750,2024-12-04 04:28:50,1684.76,17.49,5.09
1751,2024-12-04 04:28:51,1685.73,17.49,5.09
1752,2024-12-04 04:28:52,1686.70,17.49,5.09
1753,2024-12-04 04:28:52,1687.66,17.49,5.09
1754,2024-12-04 04:28:53,1688.63,17.49,5.09
1755,2024-12-04 04:28:54,1689.59,17.49,5.09
1756,2024-12-04 04:28:55,1690.55,17.49,5.09
1757,2024-12-04 04:28:56,1691.50,17.49,5.09
1758,2024-12-04 04:28:57,1692.46,17.49,5.09
1759,2024-12-04 04:28:58,1693.41,17.49,5.09
1760,2024-12-04 04:28:59,1694.37,17.49,5.09
1761,2024-12-04 04:29:00,1695.32,17.49,5.09
1762,2024-12-04 04:29:01,1696.28,17.49,5.09
1763,2024-12-04 04:29:02,1697.25,17.49,5.09
1764,2024-12-04 04:29:03,1698.22,17.49,5.09
1765,2024-12-04 04:29:04,1699.18,17.49,5.09
1766,2024-12-04 04:29:05,1700.14,17.49,5.09
1767,2024-12-04 04:29:06,1701.10,17.49,5.09
1768,2024-12-04 04:29:07,1702.07,17.49,5.09
1769,2024-12-04 04:29:08,1703.02,17.49,5.09
1770,2024-12-04 04:29:09,1703.98,17.49,5.09
1771,2024-12-04 04:29:10,1704.95,17.49,5.09
1772,2024-12-04 04:29:11,1705.91,17.49,5.09
1773,2024-12-04 04:29:12,1706.87,17.49,5.09
1774,2024-12-04 04:29:13,1707.83,17.49,5.09
1775,2024-12-04 04:29:14,1708.79,17.49,5.09
1776,2024-12-04 04:29:15,1709.74,17.49,5.09
1777,2024-12-04 04:29:16,1710.70,17.49,5.09
1778,2024-12-04 04:29:16,1711.67,17.49,5.09
1779,2024-12-04 04:29:17,1712.63,17.49,5.09
1780,2024-12-04 04:29:18,1713.60,17.49,5.09
1781,2024-12-04 04:29:19,1714.56,17.49,5.09
1782,2024-12-04 04:29:20,1715.53,17.49,5.09
1783,2024-12-04 04:29:21,1716.50,17.49,5.09
1784,2024-12-04 04:29:22,1717.45,17.49,5.09
1785,2024-12-04 04:29:23,1718.42,17.49,5.09
1786,2024-12-04 04:29:24,1719.38,17.49,5.09
1787,2024-12-04 04:29:25,1720.34,17.49,5.09
1788,2024-12-04 04:29:26,1721.30,17.49,5.09
1789,2024-12-04 04:29:27,1722.27,17.49,5.09
1790,2024-12-04 04:29:28,1723.23,17.49,5.09
1791,2024-12-04 04:29:29,1724.19,17.49,5.09
1792,2024-12-04 04:29:30,1725.15,17.49,5.09
1793,2024-12-04 04:29:31,1726.11,17.49,5.09
1794,2024-12-04 04:29:32,1727.08,17.49,5.09
1795,2024-12-04 04:29:33,1728.03,17.49,5.09
1796,2024-12-04 04:29:34,1728.99,17.49,5.09
1797,2024-12-04 04:29:35,1729.96,17.49,5.09
1798,2024-12-04 04:29:36,1730.91,17.49,5.09
1799,2024-12-04 04:29:37,1731.87,17.49,5.09
1800,2024-12-04 04:29:38,1732.83,17.49,5.09
1801,2024-12-04 04:29:39,1733.79,17.49,5.09
1802,2024-12-04 04:29:40,1734.75,17.49,5.09
1803,2024-12-04 04:29:41,1735.71,17.49,5.09
1804,2024-12-04 04:29:41,1736.68,17.49,5.09
1805,2024-12-04 04:29:42,1737.66,17.49,5.09
1806,2024-12-04 04:29:43,1738.63,17.49,5.09
1807,2024-12-04 04:29:44,1739.58,17.49,5.09
1808,2024-12-04 04:29:45,1740.55,17.49,5.09
1809,2024-12-04 04:29:46,1741.51,17.49,5.09
1810,2024-12-04 04:29:47,1742.48,17.49,5.09
1811,2024-12-04 04:29:48,1743.44,17.49,5.09
1812,2024-12-04 04:29:49,1744.41,17.49,5.09
1813,2024-12-04 04:29:50,1745.37,17.49,5.09
1814,2024-12-04 04:29:51,1746.33,17.49,5.09
1815,2024-12-04 04:29:52,1747.29,17.49,5.09
1816,2024-12-04 04:29:53,1748.25,17.49,5.09
1817,2024-12-04 04:29:54,1749.21,17.49,5.09
1818,2024-12-04 04:29:55,1750.17,17.49,5.09
1819,2024-12-04 04:29:56,1751.13,17.49,5.09
1820,2024-12-04 04:29:57,1752.09,17.49,5.09
1821,2024-12-04 04:29:58,1753.05,17.49,5.09
1822,2024-12-04 04:29:59,1754.02,17.49,5.09
1823,2024-12-04 04:30:00,1754.98,17.49,5.09
1824,2024-12-04 04:30:01,1755.94,17.49,5.09
1825,2024-12-04 04:30:02,1756.90,17.49,5.09
1826,2024-12-04 04:30:03,1757.85,17.49,5.09
1827,2024-12-04 04:30:04,1758.82,17.49,5.09
1828,2024-12-04 04:30:05,1759.78,17.49,5.09
1829,2024-12-04 04:30:06,1760.74,17.49,5.09
1830,2024-12-04 04:30:07,1761.70,17.49,5.09
1831,2024-12-04 04:30:07,1762.66,17.49,5.09
1832,2024-12-04 04:30:08,1763.62,17.49,5.09
1833,2024-12-04 04:30:09,1764.60,17.49,5.09
1834,2024-12-04 04:30:10,1765.56,17.49,5.09
1835,2024-12-04 04:30:11,1766.52,17.49,5.09
1836,2024-12-04 04:30:12,1767.49,17.49,5.09
1837,2024-12-04 04:30:13,1768.45,17.49,5.09
1838,2024-12-04 04:30:14,1769.41,17.49,5.09
1839,2024-12-04 04:30:15,1770.37,17.49,5.09
1840,2024-12-04 04:30:16,1771.34,17.49,5.09
1841,2024-12-04 04:30:17,1772.31,17.49,5.09
1842,2024-12-04 04:30:18,1773.27,17.49,5.09
1843,2024-12-04 04:30:19,1774.22,17.49,5.09
1844,2024-12-04 04:30:20,1775.19,17.49,5.09
1845,2024-12-04 04:30:21,1776.15,17.49,5.09
1846,2024-12-04 04:30:22,1777.11,17.49,5.09
1847,2024-12-04 04:30:23,1778.08,17.49,5.09
1848,2024-12-04 04:30:24,1779.04,17.49,5.09
1849,2024-12-04 04:30:25,1780.00,17.49,5.09
1850,2024-12-04 04:30:26,1780.97,17.49,5.09
1851,2024-12-04 04:30:27,1781.93,17.49,5.09
1852,2024-12-04 04:30:28,1782.88,17.49,5.09
1853,2024-12-04 04:30:29,1783.84,17.49,5.09
1854,2024-12-04 04:30:30,1784.80,17.49,5.09
1855,2024-12-04 04:30:31,1785.77,17.49,5.09
1856,2024-12-04 04:30:32,1786.73,17.49,5.09
1857,2024-12-04 04:30:33,1787.70,17.49,5.09
1858,2024-12-04 04:30:33,1788.66,17.49,5.09
1859,2024-12-04 04:30:34,1789.63,17.49,5.09
1860,2024-12-04 04:30:35,1790.59,17.49,5.09
1861,2024-12-04 04:30:36,1791.55,17.49,5.09
1862,2024-12-04 04:30:37,1792.51,17.49,5.09
1863,2024-12-04 04:30:38,1793.49,17.49,5.09
1864,2024-12-04 04:30:39,1794.46,17.49,5.09
1865,2024-12-04 04:30:40,1795.43,17.49,5.09
1866,2024-12-04 04:30:41,1796.38,17.49,5.09
1867,2024-12-04 04:30:42,1797.35,17.49,5.09
1868,2024-12-04 04:30:43,1798.31,17.49,5.09
1869,2024-12-04 04:30:44,1799.28,17.49,5.09
1870,2024-12-04 04:30:45,1800.25,17.49,5.09
1871,2024-12-04 04:30:46,1801.22,17.49,5.09
1872,2024-12-04 04:30:47,1802.18,17.49,5.09
1873,2024-12-04 04:30:48,1803.14,17.49,5.09
1874,2024-12-04 04:30:49,1804.10,17.49,5.09
1875,2024-12-04 04:30:50,1805.06,17.49,5.09
1876,2024-12-04 04:30:51,1806.02,17.49,5.09
1877,2024-12-04 04:30:52,1806.99,17.49,5.09
1878,2024-12-04 04:30:53,1807.95,17.49,5.09
1879,2024-12-04 04:30:54,1808.92,17.49,5.09
1880,2024-12-04 04:30:55,1809.87,17.49,5.09
1881,2024-12-04 04:30:56,1810.84,17.49,5.09
1882,2024-12-04 04:30:57,1811.80,17.49,5.09
1883,2024-12-04 04:30:58,1812.77,17.49,5.09
1884,2024-12-04 04:30:59,1813.74,17.49,5.09
1885,2024-12-04 04:31:00,1814.70,17.49,5.09
1886,2024-12-04 04:31:00,1815.67,17.49,5.09
1887,2024-12-04 04:31:01,1816.63,17.49,5.09
1888,2024-12-04 04:31:02,1817.60,17.49,5.09
1889,2024-12-04 04:31:03,1818.55,17.49,5.09
1890,2024-12-04 04:31:04,1819.52,17.49,5.09
1891,2024-12-04 04:31:05,1820.48,17.49,5.09
1892,2024-12-04 04:31:06,1821.45,17.49,5.09
1893,2024-12-04 04:31:07,1822.41,17.49,5.09
1894,2024-12-04 04:31:08,1823.37,17.49,5.09
1895,2024-12-04 04:31:09,1824.33,17.49,5.09
1896,2024-12-04 04:31:10,1825.29,17.49,5.09
1897,2024-12-04 04:31:11,1826.25,17.49,5.09
1898,2024-12-04 04:31:12,1827.21,17.49,5.09
1899,2024-12-04 04:31:13,1828.18,17.49,5.09
1900,2024-12-04 04:31:14,1829.14,17.49,5.09
1901,2024-12-04 04:31:15,1830.10,17.49,5.09
1902,2024-12-04 04:31:16,1831.07,17.49,5.09
1903,2024-12-04 04:31:17,1832.04,17.49,5.09
1904,2024-12-04 04:31:18,1833.00,17.49,5.09
1905,2024-12-04 04:31:19,1833.95,17.49,5.09
1906,2024-12-04 04:31:20,1834.92,17.49,5.09
1907,2024-12-04 04:31:21,1835.88,17.49,5.09
1908,2024-12-04 04:31:22,1836.84,17.49,5.09
1909,2024-12-04 04:31:23,1837.80,17.49,5.09
1910,2024-12-04 04:31:24,1838.78,17.49,5.09
1911,2024-12-04 04:31:25,1839.74,17.49,5.09
1912,2024-12-04 04:31:26,1840.70,17.49,5.09
1913,2024-12-04 04:31:26,1841.65,17.49,5.09
1914,2024-12-04 04:31:27,1842.62,17.49,5.09
1915,2024-12-04 04:31:28,1843.57,17.49,5.09
1916,2024-12-04 04:31:29,1844.55,17.49,5.09
1917,2024-12-04 04:31:30,1845.51,17.49,5.09
1918,2024-12-04 04:31:31,1846.47,17.49,5.09
1919,2024-12-04 04:31:32,1847.43,17.49,5.09
1920,2024-12-04 04:31:33,1848.40,17.49,5.09
1921,2024-12-04 04:31:34,1849.36,17.49,5.09
1922,2024-12-04 04:31:35,1850.32,17.49,5.09
1923,2024-12-04 04:31:36,1851.28,17.49,5.09
1924,2024-12-04 04:31:37,1852.24,17.49,5.09
1925,2024-12-04 04:31:38,1853.20,17.49,5.09
1926,2024-12-04 04:31:39,1854.15,17.49,5.09
1927,2024-12-04 04:31:40,1855.11,17.49,5.09
1928,2024-12-04 04:31:41,1856.07,17.49,5.09
1929,2024-12-04 04:31:42,1857.03,17.49,5.09
1930,2024-12-04 04:31:43,1858.00,17.49,5.09
1931,2024-12-04 04:31:44,1858.96,17.49,5.09
1932,2024-12-04 04:31:45,1859.92,17.49,5.09
1933,2024-12-04 04:31:46,1860.88,17.49,5.09
1934,2024-12-04 04:31:47,1861.85,17.49,5.09
1935,2024-12-04 04:31:48,1862.81,17.49,5.09
1936,2024-12-04 04:31:49,1863.77,17.49,5.09
1937,2024-12-04 04:31:50,1864.73,17.49,5.09
1938,2024-12-04 04:31:51,1865.70,17.49,5.09
1939,2024-12-04 04:31:51,1866.65,17.49,5.09
1940,2024-12-04 04:31:52,1867.60,17.49,5.09
1941,2024-12-04 04:31:53,1868.56,17.49,5.09
1942,2024-12-04 04:31:54,1869.51,17.49,5.09
1943,2024-12-04 04:31:55,1870.47,17.49,5.09
1944,2024-12-04 04:31:56,1871.44,17.49,5.09
1945,2024-12-04 04:31:57,1872.40,17.49,5.09
1946,2024-12-04 04:31:58,1873.35,17.49,5.09
1947,2024-12-04 04:31:59,1874.31,17.49,5.09
1948,2024-12-04 04:32:00,1875.27,17.49,5.09
1949,2024-12-04 04:32:01,1876.23,17.49,5.09
1950,2024-12-04 04:32:02,1877.20,17.49,5.09
1951,2024-12-04 04:32:03,1878.16,17.49,5.09
1952,2024-12-04 04:32:04,1879.12,17.49,5.09
1953,2024-12-04 04:32:05,1880.08,17.49,5.09
1954,2024-12-04 04:32:06,1881.03,17.49,5.09
1955,2024-12-04 04:32:07,1881.99,17.49,5.09
1956,2024-12-04 04:32:08,1882.96,17.49,5.09
1957,2024-12-04 04:32:09,1883.92,17.49,5.09
1958,2024-12-04 04:32:10,1884.88,17.49,5.09
1959,2024-12-04 04:32:11,1885.85,17.49,5.09
1960,2024-12-04 04:32:12,1886.80,17.49,5.09
1961,2024-12-04 04:32:13,1887.77,17.49,5.09
1962,2024-12-04 04:32:14,1888.73,17.49,5.09
1963,2024-12-04 04:32:15,1889.69,17.49,5.09
1964,2024-12-04 04:32:15,1890.65,17.49,5.09
1965,2024-12-04 04:32:16,1891.61,17.49,5.09
1966,2024-12-04 04:32:17,1892.57,17.49,5.09
1967,2024-12-04 04:32:18,1893.54,17.49,5.09
1968,2024-12-04 04:32:19,1894.52,17.49,5.09
1969,2024-12-04 04:32:20,1895.48,17.49,5.09
1970,2024-12-04 04:32:21,1896.44,17.49,5.09
1971,2024-12-04 04:32:22,1897.41,17.49,5.09
1972,2024-12-04 04:32:23,1898.38,17.49,5.09
1973,2024-12-04 04:32:24,1899.34,17.49,5.09
1974,2024-12-04 04:32:25,1900.31,17.49,5.09
1975,2024-12-04 04:32:26,1901.27,17.49,5.09
1976,2024-12-04 04:32:27,1902.23,17.49,5.09
1977,2024-12-04 04:32:28,1903.19,17.49,5.09
1978,2024-12-04 04:32:29,1904.16,17.49,5.09
1979,2024-12-04 04:32:30,1905.11,17.49,5.09
1980,2024-12-04 04:32:31,1906.08,17.49,5.09
1981,2024-12-04 04:32:32,1907.05,17.49,5.09
1982,2024-12-04 04:32:33,1908.02,17.49,5.09
1983,2024-12-04 04:32:34,1908.99,17.49,5.09
1984,2024-12-04 04:32:35,1909.95,17.49,5.09
1985,2024-12-04 04:32:36,1910.91,17.49,5.09
1986,2024-12-04 04:32:37,1911.86,17.49,5.09
1987,2024-12-04 04:32:38,1912.81,17.49,5.09
1988,2024-12-04 04:32:39,1913.77,17.49,5.09
1989,2024-12-04 04:32:40,1914.73,17.49,5.09
1990,2024-12-04 04:32:41,1915.69,17.49,5.09
1991,2024-12-04 04:32:41,1916.66,17.49,5.09
1992,2024-12-04 04:32:42,1917.61,17.49,5.09
1993,2024-12-04 04:32:43,1918.56,17.49,5.09
1994,2024-12-04 04:32:44,1919.52,17.49,5.09
1995,2024-12-04 04:32:45,1920.48,17.49,5.09
1996,2024-12-04 04:32:46,1921.44,17.49,5.09
1997,2024-12-04 04:32:47,1922.41,17.49,5.09
1998,2024-12-04 04:32:48,1923.38,17.49,5.09
1999,2024-12-04 04:32:49,1924.34,17.49,5.09
2000,2024-12-04 04:32:50,1925.30,17.49,5.09
2001,2024-12-04 04:32:51,1926.26,17.49,5.09
2002,2024-12-04 04:32:52,1927.23,17.49,5.09
2003,2024-12-04 04:32:53,1928.20,17.49,5.09
2004,2024-12-04 04:32:54,1929.15,17.49,5.09
2005,2024-12-04 04:32:55,1930.11,17.49,5.09
2006,2024-12-04 04:32:56,1931.07,17.49,5.09
2007,2024-12-04 04:32:57,1932.03,17.49,5.09
2008,2024-12-04 04:32:58,1932.99,17.49,5.09
2009,2024-12-04 04:32:59,1933.95,17.49,5.09
2010,2024-12-04 04:33:00,1934.91,17.49,5.09
2011,2024-12-04 04:33:01,1935.86,17.49,5.09
2012,2024-12-04 04:33:02,1936.82,17.49,5.09
2013,2024-12-04 04:33:03,1937.79,17.49,5.09
2014,2024-12-04 04:33:04,1938.76,17.49,5.09
2015,2024-12-04 04:33:05,1939.72,17.49,5.09
2016,2024-12-04 04:33:06,1940.69,17.49,5.09
2017,2024-12-04 04:33:06,1941.65,17.49,5.09
2018,2024-12-04 04:33:07,1942.61,17.49,5.09
2019,2024-12-04 04:33:08,1943.57,17.49,5.09
2020,2024-12-04 04:33:09,1944.54,17.49,5.09
2021,2024-12-04 04:33:10,1945.50,17.49,5.09
2022,2024-12-04 04:33:11,1946.46,17.49,5.09
2023,2024-12-04 04:33:12,1947.43,17.49,5.09
2024,2024-12-04 04:33:13,1948.39,17.49,5.09
2025,2024-12-04 04:33:14,1949.36,17.49,5.09
2026,2024-12-04 04:33:15,1950.32,17.49,5.09
2027,2024-12-04 04:33:16,1951.29,17.49,5.09
2028,2024-12-04 04:33:17,1952.25,17.49,5.09
2029,2024-12-04 04:33:18,1953.21,17.49,5.09
2030,2024-12-04 04:33:19,1954.18,17.49,5.09
2031,2024-12-04 04:33:20,1955.14,17.49,5.09
2032,2024-12-04 04:33:21,1956.10,17.49,5.09
2033,2024-12-04 04:33:22,1957.07,17.49,5.09
2034,2024-12-04 04:33:23,1958.03,17.49,5.09
2035,2024-12-04 04:33:24,1958.99,17.49,5.09
2036,2024-12-04 04:33:25,1959.94,17.49,5.09
2037,2024-12-04 04:33:26,1960.90,17.49,5.09
2038,2024-12-04 04:33:27,1961.86,17.49,5.09
2039,2024-12-04 04:33:28,1962.84,17.49,5.09
2040,2024-12-04 04:33:29,1963.80,17.49,5.09
2041,2024-12-04 04:33:30,1964.77,17.49,5.09
2042,2024-12-04 04:33:31,1965.72,17.49,5.09
2043,2024-12-04 04:33:32,1966.69,17.49,5.09
2044,2024-12-04 04:33:32,1967.65,17.49,5.09
2045,2024-12-04 04:33:33,1968.61,17.49,5.09
2046,2024-12-04 04:33:34,1969.58,17.49,5.09
2047,2024-12-04 04:33:35,1970.54,17.49,5.09
2048,2024-12-04 04:33:36,1971.50,17.49,5.09
2049,2024-12-04 04:33:37,1972.46,17.49,5.09
2050,2024-12-04 04:33:38,1973.43,17.49,5.09
2051,2024-12-04 04:33:39,1974.39,17.49,5.09
2052,2024-12-04 04:33:40,1975.35,17.49,5.09
2053,2024-12-04 04:33:41,1976.31,17.49,5.09
2054,2024-12-04 04:33:42,1977.27,17.49,5.09
2055,2024-12-04 04:33:43,1978.23,17.49,5.09
2056,2024-12-04 04:33:44,1979.19,17.49,5.09
2057,2024-12-04 04:33:45,1980.15,17.49,5.09
2058,2024-12-04 04:33:46,1981.12,17.49,5.09
2059,2024-12-04 04:33:47,1982.08,17.49,5.09
2060,2024-12-04 04:33:48,1983.05,17.49,5.09
2061,2024-12-04 04:33:49,1984.00,17.49,5.09
2062,2024-12-04 04:33:50,1984.96,17.49,5.09
2063,2024-12-04 04:33:51,1985.93,17.49,5.09
2064,2024-12-04 04:33:52,1986.88,17.49,5.09
2065,2024-12-04 04:33:53,1987.85,17.49,5.09
2066,2024-12-04 04:33:54,1988.81,17.49,5.09
2067,2024-12-04 04:33:55,1989.76,17.49,5.09
2068,2024-12-04 04:33:56,1990.73,17.49,5.09
2069,2024-12-04 04:33:57,1991.69,17.49,5.09
2070,2024-12-04 04:33:57,1992.65,17.49,5.09
2071,2024-12-04 04:33:58,1993.62,17.49,5.09
2072,2024-12-04 04:33:59,1994.57,17.49,5.09
2073,2024-12-04 04:34:00,1995.52,17.49,5.09
2074,2024-12-04 04:34:01,1996.49,17.49,5.09
2075,2024-12-04 04:34:02,1997.45,17.49,5.09
2076,2024-12-04 04:34:03,1998.41,17.49,5.09
2077,2024-12-04 04:34:04,1999.38,17.49,5.09
2078,2024-12-04 04:34:05,2000.33,17.49,5.09
2079,2024-12-04 04:34:06,2001.29,17.49,5.09
2080,2024-12-04 04:34:07,2002.25,17.49,5.09
2081,2024-12-04 04:34:08,2003.22,17.49,5.09
2082,2024-12-04 04:34:09,2004.18,17.49,5.09
2083,2024-12-04 04:34:10,2005.14,17.49,5.09
2084,2024-12-04 04:34:11,2006.11,17.49,5.09
2085,2024-12-04 04:34:12,2007.07,17.49,5.09
2086,2024-12-04 04:34:13,2008.03,17.49,5.09
2087,2024-12-04 04:34:14,2008.99,17.49,5.09
2088,2024-12-04 04:34:15,2009.96,17.49,5.09
2089,2024-12-04 04:34:16,2010.92,17.49,5.09
2090,2024-12-04 04:34:17,2011.88,17.49,5.09
2091,2024-12-04 04:34:18,2012.85,17.49,5.09
2092,2024-12-04 04:34:19,2013.81,17.49,5.09
2093,2024-12-04 04:34:20,2014.77,17.49,5.09
2094,2024-12-04 04:34:21,2015.74,17.49,5.09
2095,2024-12-04 04:34:22,2016.70,17.49,5.09
2096,2024-12-04 04:34:22,2017.67,17.49,5.09
2097,2024-12-04 04:34:23,2018.63,17.49,5.09
2098,2024-12-04 04:34:24,2019.60,17.49,5.09
2099,2024-12-04 04:34:25,2020.57,17.49,5.09
2100,2024-12-04 04:34:26,2021.53,17.49,5.09
2101,2024-12-04 04:34:27,2022.50,17.49,5.09
2102,2024-12-04 04:34:28,2023.46,17.49,5.09
2103,2024-12-04 04:34:29,2024.43,17.49,5.09
2104,2024-12-04 04:34:30,2025.39,17.49,5.09
2105,2024-12-04 04:34:31,2026.35,17.49,5.09
2106,2024-12-04 04:34:32,2027.31,17.49,5.09
2107,2024-12-04 04:34:33,2028.26,17.49,5.09
2108,2024-12-04 04:34:34,2029.22,17.49,5.09
2109,2024-12-04 04:34:35,2030.19,17.49,5.09
2110,2024-12-04 04:34:36,2031.16,17.49,5.09
2111,2024-12-04 04:34:37,2032.11,17.49,5.09
2112,2024-12-04 04:34:38,2033.08,17.49,5.09
2113,2024-12-04 04:34:39,2034.04,17.49,5.09
2114,2024-12-04 04:34:40,2035.01,17.49,5.09
2115,2024-12-04 04:34:41,2035.97,17.49,5.09
2116,2024-12-04 04:34:42,2036.94,17.49,5.09
2117,2024-12-04 04:34:43,2037.89,17.49,5.09
2118,2024-12-04 04:34:44,2038.85,17.49,5.09
2119,2024-12-04 04:34:45,2039.82,17.49,5.09
2120,2024-12-04 04:34:46,2040.78,17.49,5.09
2121,2024-12-04 04:34:47,2041.74,17.49,5.09
2122,2024-12-04 04:34:48,2042.70,17.49,5.09
2123,2024-12-04 04:34:48,2043.66,17.49,5.09
2124,2024-12-04 04:34:49,2044.63,17.49,5.09
2125,2024-12-04 04:34:50,2045.61,17.49,5.09
2126,2024-12-04 04:34:51,2046.56,17.49,5.09
2127,2024-12-04 04:34:52,2047.52,17.49,5.09
2128,2024-12-04 04:34:53,2048.48,17.49,5.09
2129,2024-12-04 04:34:54,2049.43,17.49,5.09
2130,2024-12-04 04:34:55,2050.39,17.49,5.09
2131,2024-12-04 04:34:56,2051.37,17.49,5.09
2132,2024-12-04 04:34:57,2052.33,17.49,5.09
2133,2024-12-04 04:34:58,2053.29,17.49,5.09
2134,2024-12-04 04:34:59,2054.25,17.49,5.09
2135,2024-12-04 04:35:00,2055.21,17.49,5.09
2136,2024-12-04 04:35:01,2056.17,17.49,5.09
2137,2024-12-04 04:35:02,2057.14,17.49,5.09
2138,2024-12-04 04:35:03,2058.09,17.49,5.09
2139,2024-12-04 04:35:04,2059.06,17.49,5.09
2140,2024-12-04 04:35:05,2060.02,17.49,5.09
2141,2024-12-04 04:35:06,2060.98,17.49,5.09
2142,2024-12-04 04:35:07,2061.94,17.49,5.09
2143,2024-12-04 04:35:08,2062.89,17.49,5.09
2144,2024-12-04 04:35:09,2063.84,17.49,5.09
2145,2024-12-04 04:35:10,2064.81,17.49,5.09
2146,2024-12-04 04:35:11,2065.78,17.49,5.09
2147,2024-12-04 04:35:12,2066.74,17.49,5.09
2148,2024-12-04 04:35:13,2067.69,17.49,5.09
2149,2024-12-04 04:35:13,2068.66,17.49,5.09
2150,2024-12-04 04:35:14,2069.63,17.49,5.09
2151,2024-12-04 04:35:15,2070.59,17.49,5.09
2152,2024-12-04 04:35:16,2071.55,17.49,5.09
2153,2024-12-04 04:35:17,2072.52,17.49,5.09
2154,2024-12-04 04:35:18,2073.47,17.49,5.09
2155,2024-12-04 04:35:19,2074.44,17.49,5.09
2156,2024-12-04 04:35:20,2075.40,17.49,5.09
2157,2024-12-04 04:35:21,2076.36,17.49,5.09
2158,2024-12-04 04:35:22,2077.33,17.49,5.09
2159,2024-12-04 04:35:23,2078.30,17.49,5.09
2160,2024-12-04 04:35:24,2079.26,17.49,5.09
2161,2024-12-04 04:35:25,2080.23,17.49,5.09
2162,2024-12-04 04:35:26,2081.19,17.49,5.09
2163,2024-12-04 04:35:27,2082.16,17.49,5.09
2164,2024-12-04 04:35:28,2083.13,17.49,5.09
2165,2024-12-04 04:35:29,2084.09,17.49,5.09
2166,2024-12-04 04:35:30,2085.04,17.49,5.09
2167,2024-12-04 04:35:31,2086.01,17.49,5.09
2168,2024-12-04 04:35:32,2086.97,17.49,5.09
2169,2024-12-04 04:35:33,2087.93,17.49,5.09
2170,2024-12-04 04:35:34,2088.90,17.49,5.09
2171,2024-12-04 04:35:35,2089.86,17.49,5.09
2172,2024-12-04 04:35:36,2090.81,17.49,5.09
2173,2024-12-04 04:35:37,2091.77,17.49,5.09
2174,2024-12-04 04:35:38,2092.73,17.49,5.09
2175,2024-12-04 04:35:39,2093.69,17.49,5.09
2176,2024-12-04 04:35:39,2094.65,17.49,5.09
2177,2024-12-04 04:35:40,2095.62,17.49,5.09
2178,2024-12-04 04:35:41,2096.59,17.49,5.09
2179,2024-12-04 04:35:42,2097.55,17.49,5.09
2180,2024-12-04 04:35:43,2098.51,17.49,5.09
2181,2024-12-04 04:35:44,2099.47,17.49,5.09
2182,2024-12-04 04:35:45,2100.42,17.49,5.09
2183,2024-12-04 04:35:46,2101.38,17.49,5.09
2184,2024-12-04 04:35:47,2102.34,17.49,5.09
2185,2024-12-04 04:35:48,2103.32,17.49,5.09
2186,2024-12-04 04:35:49,2104.28,17.49,5.09
2187,2024-12-04 04:35:50,2105.24,17.49,5.09
2188,2024-12-04 04:35:51,2106.21,17.49,5.09
2189,2024-12-04 04:35:52,2107.18,17.49,5.09
2190,2024-12-04 04:35:53,2108.15,17.49,5.09
2191,2024-12-04 04:35:54,2109.12,17.49,5.09
2192,2024-12-04 04:35:55,2110.08,17.49,5.09
2193,2024-12-04 04:35:56,2111.04,17.49,5.09
2194,2024-12-04 04:35:57,2112.00,17.49,5.09
2195,2024-12-04 04:35:58,2112.96,17.49,5.09
2196,2024-12-04 04:35:59,2113.93,17.49,5.09
2197,2024-12-04 04:36:00,2114.90,17.49,5.09
2198,2024-12-04 04:36:01,2115.86,17.49,5.09
2199,2024-12-04 04:36:02,2116.82,17.49,5.09
2200,2024-12-04 04:36:03,2117.77,17.49,5.09
2201,2024-12-04 04:36:04,2118.74,17.49,5.09
2202,2024-12-04 04:36:05,2119.70,17.49,5.09
2203,2024-12-04 04:36:05,2120.66,17.49,5.09
2204,2024-12-04 04:36:06,2121.63,17.49,5.09
2205,2024-12-04 04:36:07,2122.60,17.49,5.09
2206,2024-12-04 04:36:08,2123.56,17.49,5.09
2207,2024-12-04 04:36:09,2124.53,17.49,5.09
2208,2024-12-04 04:36:10,2125.48,17.49,5.09
2209,2024-12-04 04:36:11,2126.45,17.49,5.09
2210,2024-12-04 04:36:12,2127.42,17.49,5.09
2211,2024-12-04 04:36:13,2128.38,17.49,5.09
2212,2024-12-04 04:36:14,2129.35,17.49,5.09
2213,2024-12-04 04:36:15,2130.31,17.49,5.09
2214,2024-12-04 04:36:16,2131.28,17.49,5.09
2215,2024-12-04 04:36:17,2132.24,17.49,5.09
2216,2024-12-04 04:36:18,2133.21,17.49,5.09
2217,2024-12-04 04:36:19,2134.16,17.49,5.09
2218,2024-12-04 04:36:20,2135.12,17.49,5.09
2219,2024-12-04 04:36:21,2136.09,17.49,5.09
2220,2024-12-04 04:36:22,2137.05,17.49,5.09
2221,2024-12-04 04:36:23,2138.01,17.49,5.09
2222,2024-12-04 04:36:24,2138.97,17.49,5.09
2223,2024-12-04 04:36:25,2139.94,17.49,5.09
2224,2024-12-04 04:36:26,2140.90,17.49,5.09
2225,2024-12-04 04:36:27,2141.86,17.49,5.09
2226,2024-12-04 04:36:28,2142.82,17.49,5.09
2227,2024-12-04 04:36:29,2143.78,17.49,5.09
2228,2024-12-04 04:36:30,2144.75,17.49,5.09
2229,2024-12-04 04:36:31,2145.71,17.49,5.09
2230,2024-12-04 04:36:31,2146.68,17.49,5.09
2231,2024-12-04 04:36:32,2147.63,17.49,5.09
2232,2024-12-04 04:36:33,2148.59,17.49,5.09
2233,2024-12-04 04:36:34,2149.55,17.49,5.09
2234,2024-12-04 04:36:35,2150.51,17.49,5.09
2235,2024-12-04 04:36:36,2151.48,17.49,5.09
2236,2024-12-04 04:36:37,2152.44,17.49,5.09
2237,2024-12-04 04:36:38,2153.39,17.49,5.09
2238,2024-12-04 04:36:39,2154.35,17.49,5.09
2239,2024-12-04 04:36:40,2155.32,17.49,5.09
2240,2024-12-04 04:36:41,2156.28,17.49,5.09
2241,2024-12-04 04:36:42,2157.24,17.49,5.09
2242,2024-12-04 04:36:43,2158.20,17.49,5.09
2243,2024-12-04 04:36:44,2159.16,17.49,5.09
2244,2024-12-04 04:36:45,2160.13,17.49,5.09
2245,2024-12-04 04:36:46,2161.09,17.49,5.09
2246,2024-12-04 04:36:47,2162.06,17.49,5.09
2247,2024-12-04 04:36:48,2163.02,17.49,5.09
2248,2024-12-04 04:36:49,2163.98,17.49,5.09
2249,2024-12-04 04:36:50,2164.94,17.49,5.09
2250,2024-12-04 04:36:51,2165.90,17.49,5.09
2251,2024-12-04 04:36:52,2166.86,17.49,5.09
2252,2024-12-04 04:36:53,2167.82,17.49,5.09
2253,2024-12-04 04:36:54,2168.79,17.49,5.09
2254,2024-12-04 04:36:55,2169.74,17.49,5.09
2255,2024-12-04 04:36:56,2170.70,17.49,5.09
2256,2024-12-04 04:36:56,2171.67,17.49,5.09
2257,2024-12-04 04:36:57,2172.64,17.49,5.09
2258,2024-12-04 04:36:58,2173.61,17.49,5.09
2259,2024-12-04 04:36:59,2174.56,17.49,5.09
2260,2024-12-04 04:37:00,2175.52,17.49,5.09
2261,2024-12-04 04:37:01,2176.49,17.49,5.09
2262,2024-12-04 04:37:02,2177.45,17.49,5.09
2263,2024-12-04 04:37:03,2178.41,17.49,5.09
2264,2024-12-04 04:37:04,2179.38,17.49,5.09
2265,2024-12-04 04:37:05,2180.34,17.49,5.09
2266,2024-12-04 04:37:06,2181.30,17.49,5.09
2267,2024-12-04 04:37:07,2182.26,17.49,5.09
2268,2024-12-04 04:37:08,2183.22,17.49,5.09
2269,2024-12-04 04:37:09,2184.18,17.49,5.09
2270,2024-12-04 04:37:10,2185.15,17.49,5.09
2271,2024-12-04 04:37:11,2186.13,17.49,5.09
2272,2024-12-04 04:37:12,2187.09,17.49,5.09
2273,2024-12-04 04:37:13,2188.05,17.49,5.09
2274,2024-12-04 04:37:14,2189.03,17.49,5.09
2275,2024-12-04 04:37:15,2189.99,17.49,5.09
2276,2024-12-04 04:37:16,2190.95,17.49,5.09
2277,2024-12-04 04:37:17,2191.92,17.49,5.09
2278,2024-12-04 04:37:18,2192.89,17.49,5.09
2279,2024-12-04 04:37:19,2193.86,17.49,5.09
2280,2024-12-04 04:37:20,2194.82,17.49,5.09
2281,2024-12-04 04:37:21,2195.79,17.49,5.09
2282,2024-12-04 04:37:22,2196.75,17.49,5.09
2283,2024-12-04 04:37:23,2197.71,17.49,5.09
2284,2024-12-04 04:37:23,2198.68,17.49,5.09
2285,2024-12-04 04:37:24,2199.64,17.49,5.09
2286,2024-12-04 04:37:25,2200.61,17.49,5.09
2287,2024-12-04 04:37:26,2201.58,17.49,5.09
2288,2024-12-04 04:37:27,2202.53,17.49,5.09
2289,2024-12-04 04:37:28,2203.48,17.49,5.09
2290,2024-12-04 04:37:29,2204.45,17.49,5.09
2291,2024-12-04 04:37:30,2205.41,17.49,5.09
2292,2024-12-04 04:37:31,2206.37,17.49,5.09
2293,2024-12-04 04:37:32,2207.33,17.49,5.09
2294,2024-12-04 04:37:33,2208.30,17.49,5.09
2295,2024-12-04 04:37:34,2209.26,17.49,5.09
2296,2024-12-04 04:37:35,2210.23,17.49,5.09
2297,2024-12-04 04:37:36,2211.19,17.49,5.09
2298,2024-12-04 04:37:37,2212.15,17.49,5.09
2299,2024-12-04 04:37:38,2213.11,17.49,5.09
2300,2024-12-04 04:37:39,2214.07,17.49,5.09
2301,2024-12-04 04:37:40,2215.03,17.49,5.09
2302,2024-12-04 04:37:41,2215.99,17.49,5.09
2303,2024-12-04 04:37:42,2216.94,17.49,5.09
2304,2024-12-04 04:37:43,2217.91,17.49,5.09
2305,2024-12-04 04:37:44,2218.89,17.49,5.09
2306,2024-12-04 04:37:45,2219.86,17.49,5.09
2307,2024-12-04 04:37:46,2220.83,17.49,5.09
2308,2024-12-04 04:37:47,2221.80,17.49,5.09
2309,2024-12-04 04:37:48,2222.76,17.49,5.09
2310,2024-12-04 04:37:49,2223.71,17.49,5.09
2311,2024-12-04 04:37:49,2224.67,17.49,5.09
2312,2024-12-04 04:37:50,2225.63,17.49,5.09
2313,2024-12-04 04:37:51,2226.59,17.49,5.09
2314,2024-12-04 04:37:52,2227.56,17.49,5.09
2315,2024-12-04 04:37:53,2228.52,17.49,5.09
2316,2024-12-04 04:37:54,2229.49,17.49,5.09
2317,2024-12-04 04:37:55,2230.45,17.49,5.09
2318,2024-12-04 04:37:56,2231.41,17.49,5.09
2319,2024-12-04 04:37:57,2232.38,17.49,5.09
2320,2024-12-04 04:37:58,2233.34,17.49,5.09
2321,2024-12-04 04:37:59,2234.30,17.49,5.09
2322,2024-12-04 04:38:00,2235.26,17.49,5.09
2323,2024-12-04 04:38:01,2236.22,17.49,5.09
2324,2024-12-04 04:38:02,2237.18,17.49,5.09
2325,2024-12-04 04:38:03,2238.14,17.49,5.09
2326,2024-12-04 04:38:04,2239.10,17.49,5.09
2327,2024-12-04 04:38:05,2240.06,17.49,5.09
2328,2024-12-04 04:38:06,2241.02,17.49,5.09
2329,2024-12-04 04:38:07,2241.97,17.49,5.09
2330,2024-12-04 04:38:08,2242.93,17.49,5.09
2331,2024-12-04 04:38:09,2243.90,17.49,5.09
2332,2024-12-04 04:38:10,2244.86,17.49,5.09
2333,2024-12-04 04:38:11,2245.82,17.49,5.09
2334,2024-12-04 04:38:12,2246.79,17.49,5.09
2335,2024-12-04 04:38:13,2247.74,17.49,5.09
2336,2024-12-04 04:38:14,2248.69,17.49,5.09
2337,2024-12-04 04:38:14,2249.67,17.49,5.09
2338,2024-12-04 04:38:15,2250.64,17.49,5.09
2339,2024-12-04 04:38:16,2251.60,17.49,5.09
2340,2024-12-04 04:38:17,2252.57,17.49,5.09
2341,2024-12-04 04:38:18,2253.53,17.49,5.09
2342,2024-12-04 04:38:19,2254.48,17.49,5.09
2343,2024-12-04 04:38:20,2255.44,17.49,5.09
2344,2024-12-04 04:38:21,2256.40,17.49,5.09
2345,2024-12-04 04:38:22,2257.36,17.49,5.09
2346,2024-12-04 04:38:23,2258.32,17.49,5.09
2347,2024-12-04 04:38:24,2259.28,17.49,5.09
2348,2024-12-04 04:38:25,2260.24,17.49,5.09
2349,2024-12-04 04:38:26,2261.20,17.49,5.09
2350,2024-12-04 04:38:27,2262.16,17.49,5.09
2351,2024-12-04 04:38:28,2263.11,17.49,5.09
2352,2024-12-04 04:38:29,2264.07,17.49,5.09
2353,2024-12-04 04:38:30,2265.03,17.49,5.09
2354,2024-12-04 04:38:31,2265.99,17.49,5.09
2355,2024-12-04 04:38:32,2266.95,17.49,5.09
2356,2024-12-04 04:38:33,2267.91,17.49,5.09
2357,2024-12-04 04:38:34,2268.88,17.49,5.09
2358,2024-12-04 04:38:35,2269.84,17.49,5.09
2359,2024-12-04 04:38:36,2270.80,17.49,5.09
2360,2024-12-04 04:38:37,2271.77,17.49,5.09
2361,2024-12-04 04:38:38,2272.72,17.49,5.09
2362,2024-12-04 04:38:39,2273.69,17.49,5.09
2363,2024-12-04 04:38:39,2274.65,17.49,5.09
2364,2024-12-04 04:38:40,2275.62,17.49,5.09
2365,2024-12-04 04:38:41,2276.59,17.49,5.09
2366,2024-12-04 04:38:42,2277.56,17.49,5.09
2367,2024-12-04 04:38:43,2278.53,17.49,5.09
2368,2024-12-04 04:38:44,2279.49,17.49,5.09
2369,2024-12-04 04:38:45,2280.45,17.49,5.09
2370,2024-12-04 04:38:46,2281.41,17.49,5.09
2371,2024-12-04 04:38:47,2282.37,17.49,5.09
2372,2024-12-04 04:38:48,2283.34,17.49,5.09
2373,2024-12-04 04:38:49,2284.31,17.49,5.09
2374,2024-12-04 04:38:50,2285.26,17.49,5.09
2375,2024-12-04 04:38:51,2286.22,17.49,5.09
2376,2024-12-04 04:38:52,2287.19,17.49,5.09
2377,2024-12-04 04:38:53,2288.14,17.49,5.09
2378,2024-12-04 04:38:54,2289.10,17.49,5.09
2379,2024-12-04 04:38:55,2290.07,17.49,5.09
2380,2024-12-04 04:38:56,2291.03,17.49,5.09
2381,2024-12-04 04:38:57,2292.01,17.49,5.09
2382,2024-12-04 04:38:58,2292.96,17.49,5.09
2383,2024-12-04 04:38:59,2293.92,17.49,5.09
2384,2024-12-04 04:39:00,2294.88,17.49,5.09
2385,2024-12-04 04:39:01,2295.84,17.49,5.09
2386,2024-12-04 04:39:02,2296.80,17.49,5.09
2387,2024-12-04 04:39:03,2297.76,17.49,5.09
2388,2024-12-04 04:39:04,2298.73,17.49,5.09
2389,2024-12-04 04:39:05,2299.68,17.49,5.09
2390,2024-12-04 04:39:05,2300.64,17.49,5.09
2391,2024-12-04 04:39:06,2301.61,17.49,5.09
2392,2024-12-04 04:39:07,2302.57,17.49,5.09
2393,2024-12-04 04:39:08,2303.54,17.49,5.09
2394,2024-12-04 04:39:09,2304.49,17.49,5.09
2395,2024-12-04 04:39:10,2305.45,17.49,5.09
2396,2024-12-04 04:39:11,2306.41,17.49,5.09
2397,2024-12-04 04:39:12,2307.36,17.49,5.09
2398,2024-12-04 04:39:13,2308.32,17.49,5.09
2399,2024-12-04 04:39:14,2309.28,17.49,5.09
2400,2024-12-04 04:39:15,2310.23,17.49,5.09
2401,2024-12-04 04:39:16,2311.19,17.49,5.09
2402,2024-12-04 04:39:17,2312.16,17.49,5.09
2403,2024-12-04 04:39:18,2313.12,17.49,5.09
2404,2024-12-04 04:39:19,2314.07,17.49,5.09
2405,2024-12-04 04:39:20,2315.03,17.49,5.09
2406,2024-12-04 04:39:21,2315.98,17.49,5.09
2407,2024-12-04 04:39:22,2316.94,17.49,5.09
2408,2024-12-04 04:39:23,2317.90,17.49,5.09
2409,2024-12-04 04:39:24,2318.86,17.49,5.09
2410,2024-12-04 04:39:25,2319.82,17.49,5.09
2411,2024-12-04 04:39:26,2320.79,17.49,5.09
2412,2024-12-04 04:39:27,2321.76,17.49,5.09
2413,2024-12-04 04:39:28,2322.73,17.49,5.09
2414,2024-12-04 04:39:29,2323.69,17.49,5.09
2415,2024-12-04 04:39:29,2324.66,17.49,5.09
2416,2024-12-04 04:39:30,2325.63,17.49,5.09
2417,2024-12-04 04:39:31,2326.60,17.49,5.09
2418,2024-12-04 04:39:32,2327.56,17.49,5.09
2419,2024-12-04 04:39:33,2328.52,17.49,5.09
2420,2024-12-04 04:39:34,2329.48,17.49,5.09
2421,2024-12-04 04:39:35,2330.44,17.49,5.09
2422,2024-12-04 04:39:36,2331.40,17.49,5.09
2423,2024-12-04 04:39:37,2332.36,17.49,5.09
2424,2024-12-04 04:39:38,2333.33,17.49,5.09
2425,2024-12-04 04:39:39,2334.30,17.49,5.09
2426,2024-12-04 04:39:40,2335.26,17.49,5.09
2427,2024-12-04 04:39:41,2336.23,17.49,5.09
2428,2024-12-04 04:39:42,2337.19,17.49,5.09
2429,2024-12-04 04:39:43,2338.16,17.49,5.09
2430,2024-12-04 04:39:44,2339.12,17.49,5.09
2431,2024-12-04 04:39:45,2340.08,17.49,5.09
2432,2024-12-04 04:39:46,2341.04,17.49,5.09
2433,2024-12-04 04:39:47,2342.00,17.49,5.09
2434,2024-12-04 04:39:48,2342.97,17.49,5.09
2435,2024-12-04 04:39:49,2343.93,17.49,5.09
2436,2024-12-04 04:39:50,2344.90,17.49,5.09
2437,2024-12-04 04:39:51,2345.87,17.49,5.09
2438,2024-12-04 04:39:52,2346.84,17.49,5.09
2439,2024-12-04 04:39:53,2347.81,17.49,5.09
2440,2024-12-04 04:39:54,2348.77,17.49,5.09
2441,2024-12-04 04:39:55,2349.73,17.49,5.09
2442,2024-12-04 04:39:56,2350.69,17.49,5.09
2443,2024-12-04 04:39:56,2351.66,17.49,5.09
2444,2024-12-04 04:39:57,2352.63,17.49,5.09
2445,2024-12-04 04:39:58,2353.60,17.49,5.09
2446,2024-12-04 04:39:59,2354.56,17.49,5.09
2447,2024-12-04 04:40:00,2355.53,17.49,5.09
2448,2024-12-04 04:40:01,2356.50,17.49,5.09
2449,2024-12-04 04:40:02,2357.45,17.49,5.09
2450,2024-12-04 04:40:03,2358.42,17.49,5.09
2451,2024-12-04 04:40:04,2359.38,17.49,5.09
2452,2024-12-04 04:40:05,2360.34,17.49,5.09
2453,2024-12-04 04:40:06,2361.30,17.49,5.09
2454,2024-12-04 04:40:07,2362.26,17.49,5.09
2455,2024-12-04 04:40:08,2363.21,17.49,5.09
2456,2024-12-04 04:40:09,2364.17,17.49,5.09
2457,2024-12-04 04:40:10,2365.13,17.49,5.09
2458,2024-12-04 04:40:11,2366.10,17.49,5.09
2459,2024-12-04 04:40:12,2367.06,17.49,5.09
2460,2024-12-04 04:40:13,2368.02,17.49,5.09
2461,2024-12-04 04:40:14,2368.99,17.49,5.09
2462,2024-12-04 04:40:15,2369.95,17.49,5.09
2463,2024-12-04 04:40:16,2370.92,17.49,5.09
2464,2024-12-04 04:40:17,2371.88,17.49,5.09
2465,2024-12-04 04:40:18,2372.84,17.49,5.09
2466,2024-12-04 04:40:19,2373.82,17.49,5.09
2467,2024-12-04 04:40:20,2374.77,17.49,5.09
2468,2024-12-04 04:40:21,2375.74,17.49,5.09
2469,2024-12-04 04:40:22,2376.71,17.49,5.09
2470,2024-12-04 04:40:22,2377.67,17.49,5.09
2471,2024-12-04 04:40:23,2378.63,17.49,5.09
2472,2024-12-04 04:40:24,2379.59,17.49,5.09
2473,2024-12-04 04:40:25,2380.56,17.49,5.09
2474,2024-12-04 04:40:26,2381.52,17.49,5.09
2475,2024-12-04 04:40:27,2382.49,17.49,5.09
2476,2024-12-04 04:40:28,2383.45,17.49,5.09
2477,2024-12-04 04:40:29,2384.41,17.49,5.09
2478,2024-12-04 04:40:30,2385.37,17.49,5.09
2479,2024-12-04 04:40:31,2386.34,17.49,5.09
2480,2024-12-04 04:40:32,2387.30,17.49,5.09
2481,2024-12-04 04:40:33,2388.26,17.49,5.09
2482,2024-12-04 04:40:34,2389.24,17.49,5.09
2483,2024-12-04 04:40:35,2390.19,17.49,5.09
2484,2024-12-04 04:40:36,2391.15,17.49,5.09
2485,2024-12-04 04:40:37,2392.11,17.49,5.09
2486,2024-12-04 04:40:38,2393.07,17.49,5.09
2487,2024-12-04 04:40:39,2394.03,17.49,5.09
2488,2024-12-04 04:40:40,2394.99,17.49,5.09
2489,2024-12-04 04:40:41,2395.96,17.49,5.09
2490,2024-12-04 04:40:42,2396.92,17.49,5.09
2491,2024-12-04 04:40:43,2397.89,17.49,5.09
2492,2024-12-04 04:40:44,2398.85,17.49,5.09
2493,2024-12-04 04:40:45,2399.81,17.49,5.09
2494,2024-12-04 04:40:46,2400.77,17.49,5.09
2495,2024-12-04 04:40:47,2401.74,17.49,5.09
2496,2024-12-04 04:40:48,2402.70,17.49,5.09
2497,2024-12-04 04:40:48,2403.65,17.49,5.09
2498,2024-12-04 04:40:49,2404.61,17.49,5.09
2499,2024-12-04 04:40:50,2405.59,17.49,5.09
2500,2024-12-04 04:40:51,2406.56,17.49,5.09
