Step,Timestamp,Time (s),RAM Usage (GB),GPU Memory Usage (GB)
1,2024-12-05 00:06:37,1.05,16.03,5.43
2,2024-12-05 00:06:37,1.17,16.03,5.43
3,2024-12-05 00:06:37,1.29,16.03,5.43
4,2024-12-05 00:06:37,1.42,16.03,5.43
5,2024-12-05 00:06:37,1.54,16.03,5.43
6,2024-12-05 00:06:37,1.67,16.03,5.43
7,2024-12-05 00:06:37,1.79,16.03,5.43
8,2024-12-05 00:06:38,1.92,16.03,5.43
9,2024-12-05 00:06:38,2.04,16.03,5.43
10,2024-12-05 00:06:38,2.16,16.03,5.43
11,2024-12-05 00:06:38,2.29,16.03,5.43
12,2024-12-05 00:06:38,2.41,16.03,5.43
13,2024-12-05 00:06:38,2.53,16.03,5.43
14,2024-12-05 00:06:38,2.65,16.03,5.43
15,2024-12-05 00:06:38,2.77,16.03,5.43
16,2024-12-05 00:06:39,2.90,16.03,5.43
17,2024-12-05 00:06:39,3.03,16.03,5.43
18,2024-12-05 00:06:39,3.15,16.03,5.43
19,2024-12-05 00:06:39,3.27,16.03,5.43
20,2024-12-05 00:06:39,3.39,16.03,5.43
21,2024-12-05 00:06:39,3.52,16.03,5.43
22,2024-12-05 00:06:39,3.64,16.03,5.43
23,2024-12-05 00:06:39,3.77,16.03,5.43
24,2024-12-05 00:06:40,3.88,16.03,5.43
25,2024-12-05 00:06:40,4.01,16.03,5.43
26,2024-12-05 00:06:40,4.14,16.03,5.43
27,2024-12-05 00:06:40,4.25,16.03,5.43
28,2024-12-05 00:06:40,4.37,16.03,5.43
29,2024-12-05 00:06:40,4.49,16.03,5.43
30,2024-12-05 00:06:40,4.61,16.03,5.43
31,2024-12-05 00:06:40,4.73,16.03,5.43
32,2024-12-05 00:06:41,4.85,16.03,5.43
33,2024-12-05 00:06:41,4.98,16.03,5.43
34,2024-12-05 00:06:41,5.10,16.03,5.43
35,2024-12-05 00:06:41,5.22,16.03,5.43
36,2024-12-05 00:06:41,5.34,16.03,5.43
37,2024-12-05 00:06:41,5.47,16.03,5.43
38,2024-12-05 00:06:41,5.60,16.03,5.43
39,2024-12-05 00:06:41,5.72,16.03,5.43
40,2024-12-05 00:06:42,5.85,16.03,5.43
41,2024-12-05 00:06:42,5.97,16.03,5.43
42,2024-12-05 00:06:42,6.09,16.03,5.43
43,2024-12-05 00:06:42,6.22,16.03,5.43
44,2024-12-05 00:06:42,6.34,16.03,5.43
45,2024-12-05 00:06:42,6.47,16.03,5.43
46,2024-12-05 00:06:42,6.59,16.03,5.43
47,2024-12-05 00:06:42,6.71,16.03,5.43
48,2024-12-05 00:06:42,6.83,16.03,5.43
49,2024-12-05 00:06:43,6.96,16.03,5.43
50,2024-12-05 00:06:43,7.08,16.03,5.43
51,2024-12-05 00:06:43,7.21,16.03,5.43
52,2024-12-05 00:06:43,7.33,16.03,5.43
53,2024-12-05 00:06:43,7.45,16.03,5.43
54,2024-12-05 00:06:43,7.57,16.03,5.43
55,2024-12-05 00:06:43,7.70,16.03,5.43
56,2024-12-05 00:06:43,7.83,16.03,5.43
57,2024-12-05 00:06:44,7.95,16.03,5.43
58,2024-12-05 00:06:44,8.07,16.03,5.43
59,2024-12-05 00:06:44,8.20,16.03,5.43
60,2024-12-05 00:06:44,8.32,16.03,5.43
61,2024-12-05 00:06:44,8.44,16.03,5.43
62,2024-12-05 00:06:44,8.57,16.03,5.43
63,2024-12-05 00:06:44,8.69,16.03,5.43
64,2024-12-05 00:06:44,8.82,16.03,5.43
65,2024-12-05 00:06:45,8.94,16.03,5.43
66,2024-12-05 00:06:45,9.07,16.03,5.43
67,2024-12-05 00:06:45,9.20,16.03,5.43
68,2024-12-05 00:06:45,9.32,16.03,5.43
69,2024-12-05 00:06:45,9.44,16.03,5.43
70,2024-12-05 00:06:45,9.57,16.03,5.43
71,2024-12-05 00:06:45,9.69,16.03,5.43
72,2024-12-05 00:06:45,9.82,16.03,5.43
73,2024-12-05 00:06:46,9.94,16.03,5.43
74,2024-12-05 00:06:46,10.07,16.03,5.43
75,2024-12-05 00:06:46,10.18,16.03,5.43
76,2024-12-05 00:06:46,10.31,16.03,5.43
77,2024-12-05 00:06:46,10.43,16.03,5.43
78,2024-12-05 00:06:46,10.55,16.03,5.43
79,2024-12-05 00:06:46,10.67,16.03,5.43
80,2024-12-05 00:06:46,10.79,16.03,5.43
81,2024-12-05 00:06:47,10.91,16.03,5.43
82,2024-12-05 00:06:47,11.04,16.03,5.43
83,2024-12-05 00:06:47,11.17,16.03,5.43
84,2024-12-05 00:06:47,11.29,16.03,5.43
85,2024-12-05 00:06:47,11.41,16.03,5.43
86,2024-12-05 00:06:47,11.53,16.03,5.43
87,2024-12-05 00:06:47,11.66,16.03,5.43
88,2024-12-05 00:06:47,11.78,16.03,5.43
89,2024-12-05 00:06:48,11.91,16.03,5.43
90,2024-12-05 00:06:48,12.03,16.03,5.43
91,2024-12-05 00:06:48,12.15,16.03,5.43
92,2024-12-05 00:06:48,12.27,16.03,5.43
93,2024-12-05 00:06:48,12.40,16.03,5.43
94,2024-12-05 00:06:48,12.52,16.03,5.43
95,2024-12-05 00:06:48,12.63,16.03,5.43
96,2024-12-05 00:06:48,12.75,16.03,5.43
97,2024-12-05 00:06:49,12.87,16.03,5.43
98,2024-12-05 00:06:49,13.00,16.03,5.43
99,2024-12-05 00:06:49,13.12,16.03,5.43
100,2024-12-05 00:06:49,13.24,16.03,5.43
101,2024-12-05 00:06:49,13.36,16.03,5.43
102,2024-12-05 00:06:49,13.49,16.03,5.43
103,2024-12-05 00:06:49,13.61,16.03,5.43
104,2024-12-05 00:06:49,13.74,16.03,5.43
105,2024-12-05 00:06:50,13.86,16.03,5.43
106,2024-12-05 00:06:50,13.99,16.03,5.43
107,2024-12-05 00:06:50,14.12,16.03,5.43
108,2024-12-05 00:06:50,14.24,16.03,5.43
109,2024-12-05 00:06:50,14.37,16.03,5.43
110,2024-12-05 00:06:50,14.50,16.03,5.43
111,2024-12-05 00:06:50,14.62,16.03,5.43
112,2024-12-05 00:06:50,14.75,16.03,5.43
113,2024-12-05 00:06:51,14.88,16.03,5.43
114,2024-12-05 00:06:51,15.00,16.03,5.43
115,2024-12-05 00:06:51,15.13,16.03,5.43
116,2024-12-05 00:06:51,15.26,16.03,5.43
117,2024-12-05 00:06:51,15.38,16.03,5.43
118,2024-12-05 00:06:51,15.51,16.03,5.43
119,2024-12-05 00:06:51,15.64,16.03,5.43
120,2024-12-05 00:06:51,15.77,16.03,5.43
121,2024-12-05 00:06:52,15.89,16.03,5.43
122,2024-12-05 00:06:52,16.02,16.03,5.43
123,2024-12-05 00:06:52,16.14,16.03,5.43
124,2024-12-05 00:06:52,16.26,16.03,5.43
125,2024-12-05 00:06:52,16.39,16.03,5.43
126,2024-12-05 00:06:52,16.51,16.03,5.43
127,2024-12-05 00:06:52,16.62,16.03,5.43
128,2024-12-05 00:06:52,16.75,16.03,5.43
129,2024-12-05 00:06:53,16.87,16.03,5.43
130,2024-12-05 00:06:53,16.99,16.03,5.43
131,2024-12-05 00:06:53,17.11,16.03,5.43
132,2024-12-05 00:06:53,17.24,16.03,5.43
133,2024-12-05 00:06:53,17.36,16.03,5.43
134,2024-12-05 00:06:53,17.49,16.03,5.43
135,2024-12-05 00:06:53,17.61,16.03,5.43
136,2024-12-05 00:06:53,17.73,16.03,5.43
137,2024-12-05 00:06:54,17.86,16.03,5.43
138,2024-12-05 00:06:54,17.98,16.03,5.43
139,2024-12-05 00:06:54,18.10,16.03,5.43
140,2024-12-05 00:06:54,18.23,16.03,5.43
141,2024-12-05 00:06:54,18.36,16.03,5.43
142,2024-12-05 00:06:54,18.48,16.03,5.43
143,2024-12-05 00:06:54,18.61,16.03,5.43
144,2024-12-05 00:06:54,18.74,16.03,5.43
145,2024-12-05 00:06:55,18.86,16.03,5.43
146,2024-12-05 00:06:55,18.98,16.03,5.43
147,2024-12-05 00:06:55,19.10,16.03,5.43
148,2024-12-05 00:06:55,19.23,16.03,5.43
149,2024-12-05 00:06:55,19.35,16.03,5.43
150,2024-12-05 00:06:55,19.48,16.03,5.43
151,2024-12-05 00:06:55,19.60,16.03,5.43
152,2024-12-05 00:06:55,19.73,16.03,5.43
153,2024-12-05 00:06:56,19.86,16.03,5.43
154,2024-12-05 00:06:56,19.98,16.03,5.43
155,2024-12-05 00:06:56,20.11,16.03,5.43
156,2024-12-05 00:06:56,20.24,16.03,5.43
157,2024-12-05 00:06:56,20.36,16.03,5.43
158,2024-12-05 00:06:56,20.48,16.03,5.43
159,2024-12-05 00:06:56,20.60,16.03,5.43
160,2024-12-05 00:06:56,20.73,16.03,5.43
161,2024-12-05 00:06:57,20.85,16.03,5.43
162,2024-12-05 00:06:57,20.97,16.03,5.43
163,2024-12-05 00:06:57,21.09,16.03,5.43
164,2024-12-05 00:06:57,21.22,16.03,5.43
165,2024-12-05 00:06:57,21.34,16.03,5.43
166,2024-12-05 00:06:57,21.47,16.03,5.43
167,2024-12-05 00:06:57,21.59,16.03,5.43
168,2024-12-05 00:06:57,21.70,16.03,5.43
169,2024-12-05 00:06:57,21.83,16.03,5.43
170,2024-12-05 00:06:58,21.95,16.03,5.43
171,2024-12-05 00:06:58,22.07,16.03,5.43
172,2024-12-05 00:06:58,22.19,16.03,5.43
173,2024-12-05 00:06:58,22.32,16.03,5.43
174,2024-12-05 00:06:58,22.44,16.03,5.43
175,2024-12-05 00:06:58,22.56,16.03,5.43
176,2024-12-05 00:06:58,22.68,16.03,5.43
177,2024-12-05 00:06:58,22.80,16.03,5.43
178,2024-12-05 00:06:59,22.92,16.03,5.43
179,2024-12-05 00:06:59,23.05,16.03,5.43
180,2024-12-05 00:06:59,23.17,16.03,5.43
181,2024-12-05 00:06:59,23.30,16.03,5.43
182,2024-12-05 00:06:59,23.43,16.03,5.43
183,2024-12-05 00:06:59,23.54,16.03,5.43
184,2024-12-05 00:06:59,23.66,16.03,5.43
185,2024-12-05 00:06:59,23.77,16.03,5.43
186,2024-12-05 00:07:00,23.89,16.03,5.43
187,2024-12-05 00:07:00,24.01,16.03,5.43
188,2024-12-05 00:07:00,24.12,16.03,5.43
189,2024-12-05 00:07:00,24.25,16.03,5.43
190,2024-12-05 00:07:00,24.37,16.03,5.43
191,2024-12-05 00:07:00,24.50,16.03,5.43
192,2024-12-05 00:07:00,24.62,16.03,5.43
193,2024-12-05 00:07:00,24.75,16.03,5.43
194,2024-12-05 00:07:01,24.87,16.03,5.43
195,2024-12-05 00:07:01,25.00,16.03,5.43
196,2024-12-05 00:07:01,25.13,16.03,5.43
197,2024-12-05 00:07:01,25.25,16.03,5.43
198,2024-12-05 00:07:01,25.37,16.03,5.43
199,2024-12-05 00:07:01,25.49,16.03,5.43
200,2024-12-05 00:07:01,25.61,16.03,5.43
201,2024-12-05 00:07:01,25.73,16.03,5.43
202,2024-12-05 00:07:02,25.85,16.03,5.43
203,2024-12-05 00:07:02,25.98,16.03,5.43
204,2024-12-05 00:07:02,26.10,16.03,5.43
205,2024-12-05 00:07:02,26.22,16.03,5.43
206,2024-12-05 00:07:02,26.35,16.03,5.43
207,2024-12-05 00:07:02,26.48,16.03,5.43
208,2024-12-05 00:07:02,26.59,16.03,5.43
209,2024-12-05 00:07:02,26.71,16.03,5.43
210,2024-12-05 00:07:02,26.84,16.03,5.43
211,2024-12-05 00:07:03,26.96,16.03,5.43
212,2024-12-05 00:07:03,27.09,16.03,5.43
213,2024-12-05 00:07:03,27.22,16.03,5.43
214,2024-12-05 00:07:03,27.34,16.03,5.43
215,2024-12-05 00:07:03,27.46,16.03,5.43
216,2024-12-05 00:07:03,27.59,16.03,5.43
217,2024-12-05 00:07:03,27.71,16.03,5.43
218,2024-12-05 00:07:04,27.85,16.03,5.43
219,2024-12-05 00:07:04,27.97,16.03,5.43
220,2024-12-05 00:07:04,28.10,16.03,5.43
221,2024-12-05 00:07:04,28.22,16.03,5.43
222,2024-12-05 00:07:04,28.34,16.03,5.43
223,2024-12-05 00:07:04,28.46,16.03,5.43
224,2024-12-05 00:07:04,28.58,16.03,5.43
225,2024-12-05 00:07:04,28.71,16.03,5.43
226,2024-12-05 00:07:04,28.83,16.03,5.43
227,2024-12-05 00:07:05,28.94,16.03,5.43
228,2024-12-05 00:07:05,29.06,16.03,5.43
229,2024-12-05 00:07:05,29.17,16.03,5.43
230,2024-12-05 00:07:05,29.30,16.03,5.43
231,2024-12-05 00:07:05,29.42,16.03,5.43
232,2024-12-05 00:07:05,29.54,16.03,5.43
233,2024-12-05 00:07:05,29.67,16.03,5.43
234,2024-12-05 00:07:05,29.79,16.03,5.43
235,2024-12-05 00:07:06,29.92,16.03,5.43
236,2024-12-05 00:07:06,30.04,16.03,5.43
237,2024-12-05 00:07:06,30.17,16.03,5.43
238,2024-12-05 00:07:06,30.29,16.03,5.43
239,2024-12-05 00:07:06,30.41,16.03,5.43
240,2024-12-05 00:07:06,30.54,16.03,5.43
241,2024-12-05 00:07:06,30.65,16.03,5.43
242,2024-12-05 00:07:06,30.77,16.03,5.43
243,2024-12-05 00:07:07,30.89,16.03,5.43
244,2024-12-05 00:07:07,31.02,16.03,5.43
245,2024-12-05 00:07:07,31.15,16.03,5.43
246,2024-12-05 00:07:07,31.28,16.03,5.43
247,2024-12-05 00:07:07,31.40,16.03,5.43
248,2024-12-05 00:07:07,31.52,16.03,5.43
249,2024-12-05 00:07:07,31.64,16.03,5.43
250,2024-12-05 00:07:07,31.76,16.03,5.43
251,2024-12-05 00:07:08,31.88,16.03,5.43
252,2024-12-05 00:07:08,32.00,16.03,5.43
253,2024-12-05 00:07:08,32.12,16.03,5.43
254,2024-12-05 00:07:08,32.24,16.03,5.43
255,2024-12-05 00:07:08,32.36,16.03,5.43
256,2024-12-05 00:07:08,32.48,16.03,5.43
257,2024-12-05 00:07:08,32.60,16.03,5.43
258,2024-12-05 00:07:08,32.72,16.03,5.43
259,2024-12-05 00:07:09,32.85,16.03,5.43
260,2024-12-05 00:07:09,32.96,16.03,5.43
261,2024-12-05 00:07:09,33.08,16.03,5.43
262,2024-12-05 00:07:09,33.21,16.03,5.43
263,2024-12-05 00:07:09,33.33,16.03,5.43
264,2024-12-05 00:07:09,33.46,16.03,5.43
265,2024-12-05 00:07:09,33.58,16.03,5.43
266,2024-12-05 00:07:09,33.70,16.03,5.43
267,2024-12-05 00:07:09,33.82,16.03,5.43
268,2024-12-05 00:07:10,33.95,16.03,5.43
269,2024-12-05 00:07:10,34.07,16.03,5.43
270,2024-12-05 00:07:10,34.20,16.03,5.43
271,2024-12-05 00:07:10,34.32,16.03,5.43
272,2024-12-05 00:07:10,34.44,16.03,5.43
273,2024-12-05 00:07:10,34.56,16.03,5.43
274,2024-12-05 00:07:10,34.69,16.03,5.43
275,2024-12-05 00:07:10,34.81,16.03,5.43
276,2024-12-05 00:07:11,34.94,16.03,5.43
277,2024-12-05 00:07:11,35.06,16.03,5.43
278,2024-12-05 00:07:11,35.18,16.03,5.43
279,2024-12-05 00:07:11,35.30,16.03,5.43
280,2024-12-05 00:07:11,35.43,16.03,5.43
281,2024-12-05 00:07:11,35.55,16.03,5.43
282,2024-12-05 00:07:11,35.68,16.03,5.43
283,2024-12-05 00:07:11,35.80,16.03,5.43
284,2024-12-05 00:07:12,35.93,16.03,5.43
285,2024-12-05 00:07:12,36.05,16.03,5.43
286,2024-12-05 00:07:12,36.18,16.03,5.43
287,2024-12-05 00:07:12,36.31,16.03,5.43
288,2024-12-05 00:07:12,36.43,16.03,5.43
289,2024-12-05 00:07:12,36.56,16.03,5.43
290,2024-12-05 00:07:12,36.68,16.03,5.43
291,2024-12-05 00:07:12,36.80,16.03,5.43
292,2024-12-05 00:07:13,36.92,16.03,5.43
293,2024-12-05 00:07:13,37.05,16.03,5.43
294,2024-12-05 00:07:13,37.17,16.03,5.43
295,2024-12-05 00:07:13,37.29,16.03,5.43
296,2024-12-05 00:07:13,37.41,16.03,5.43
297,2024-12-05 00:07:13,37.54,16.03,5.43
298,2024-12-05 00:07:13,37.66,16.03,5.43
299,2024-12-05 00:07:13,37.78,16.03,5.43
300,2024-12-05 00:07:14,37.90,16.03,5.43
301,2024-12-05 00:07:14,38.03,16.03,5.43
302,2024-12-05 00:07:14,38.16,16.03,5.43
303,2024-12-05 00:07:14,38.28,16.03,5.43
304,2024-12-05 00:07:14,38.41,16.03,5.43
305,2024-12-05 00:07:14,38.53,16.03,5.43
306,2024-12-05 00:07:14,38.65,16.03,5.43
307,2024-12-05 00:07:14,38.78,16.03,5.43
308,2024-12-05 00:07:15,38.90,16.03,5.43
309,2024-12-05 00:07:15,39.02,16.03,5.43
310,2024-12-05 00:07:15,39.14,16.03,5.43
311,2024-12-05 00:07:15,39.27,16.03,5.43
312,2024-12-05 00:07:15,39.39,16.03,5.43
313,2024-12-05 00:07:15,39.52,16.03,5.43
314,2024-12-05 00:07:15,39.65,16.03,5.43
315,2024-12-05 00:07:15,39.78,16.03,5.43
316,2024-12-05 00:07:16,39.90,16.03,5.43
317,2024-12-05 00:07:16,40.02,16.03,5.43
318,2024-12-05 00:07:16,40.14,16.03,5.43
319,2024-12-05 00:07:16,40.27,16.03,5.43
320,2024-12-05 00:07:16,40.38,16.03,5.43
321,2024-12-05 00:07:16,40.50,16.03,5.43
322,2024-12-05 00:07:16,40.63,16.03,5.43
323,2024-12-05 00:07:16,40.74,16.03,5.43
324,2024-12-05 00:07:17,40.87,16.03,5.43
325,2024-12-05 00:07:17,40.99,16.03,5.43
326,2024-12-05 00:07:17,41.11,16.03,5.43
327,2024-12-05 00:07:17,41.23,16.03,5.43
328,2024-12-05 00:07:17,41.35,16.03,5.43
329,2024-12-05 00:07:17,41.47,16.03,5.43
330,2024-12-05 00:07:17,41.60,16.03,5.43
331,2024-12-05 00:07:17,41.73,16.03,5.43
332,2024-12-05 00:07:18,41.86,16.03,5.43
333,2024-12-05 00:07:18,41.97,16.03,5.43
334,2024-12-05 00:07:18,42.09,16.03,5.43
335,2024-12-05 00:07:18,42.22,16.03,5.43
336,2024-12-05 00:07:18,42.33,16.03,5.43
337,2024-12-05 00:07:18,42.45,16.03,5.43
338,2024-12-05 00:07:18,42.57,16.03,5.43
339,2024-12-05 00:07:18,42.69,16.03,5.43
340,2024-12-05 00:07:18,42.82,16.03,5.43
341,2024-12-05 00:07:19,42.94,16.03,5.43
342,2024-12-05 00:07:19,43.06,16.03,5.43
343,2024-12-05 00:07:19,43.19,16.03,5.43
344,2024-12-05 00:07:19,43.31,16.03,5.43
345,2024-12-05 00:07:19,43.43,16.03,5.43
346,2024-12-05 00:07:19,43.56,16.03,5.43
347,2024-12-05 00:07:19,43.68,16.03,5.43
348,2024-12-05 00:07:19,43.81,16.03,5.43
349,2024-12-05 00:07:20,43.94,16.03,5.43
350,2024-12-05 00:07:20,44.06,16.03,5.43
351,2024-12-05 00:07:20,44.18,16.03,5.43
352,2024-12-05 00:07:20,44.30,16.03,5.43
353,2024-12-05 00:07:20,44.43,16.03,5.43
354,2024-12-05 00:07:20,44.55,16.03,5.43
355,2024-12-05 00:07:20,44.68,16.03,5.43
356,2024-12-05 00:07:20,44.80,16.03,5.43
357,2024-12-05 00:07:21,44.93,16.03,5.43
358,2024-12-05 00:07:21,45.05,16.03,5.43
359,2024-12-05 00:07:21,45.18,16.03,5.43
360,2024-12-05 00:07:21,45.31,16.03,5.43
361,2024-12-05 00:07:21,45.43,16.03,5.43
362,2024-12-05 00:07:21,45.54,16.03,5.43
363,2024-12-05 00:07:21,45.66,16.03,5.43
364,2024-12-05 00:07:21,45.79,16.03,5.43
365,2024-12-05 00:07:22,45.91,16.03,5.43
366,2024-12-05 00:07:22,46.04,16.03,5.43
367,2024-12-05 00:07:22,46.17,16.03,5.43
368,2024-12-05 00:07:22,46.29,16.03,5.43
369,2024-12-05 00:07:22,46.41,16.03,5.43
370,2024-12-05 00:07:22,46.53,16.03,5.43
371,2024-12-05 00:07:22,46.66,16.03,5.43
372,2024-12-05 00:07:22,46.78,16.03,5.43
373,2024-12-05 00:07:23,46.90,16.03,5.43
374,2024-12-05 00:07:23,47.02,16.03,5.43
375,2024-12-05 00:07:23,47.15,16.03,5.43
376,2024-12-05 00:07:23,47.27,16.03,5.43
377,2024-12-05 00:07:23,47.39,16.03,5.43
378,2024-12-05 00:07:23,47.52,16.03,5.43
379,2024-12-05 00:07:23,47.64,16.03,5.43
380,2024-12-05 00:07:23,47.77,16.03,5.43
381,2024-12-05 00:07:24,47.89,16.03,5.43
382,2024-12-05 00:07:24,48.01,16.03,5.43
383,2024-12-05 00:07:24,48.14,16.03,5.43
384,2024-12-05 00:07:24,48.27,16.03,5.43
385,2024-12-05 00:07:24,48.40,16.03,5.43
386,2024-12-05 00:07:24,48.52,16.03,5.43
387,2024-12-05 00:07:24,48.64,16.03,5.43
388,2024-12-05 00:07:24,48.76,16.03,5.43
389,2024-12-05 00:07:25,48.88,16.03,5.43
390,2024-12-05 00:07:25,49.01,16.03,5.43
391,2024-12-05 00:07:25,49.19,16.03,5.43
392,2024-12-05 00:07:25,49.31,16.03,5.43
393,2024-12-05 00:07:25,49.44,16.03,5.43
394,2024-12-05 00:07:25,49.55,16.03,5.43
395,2024-12-05 00:07:25,49.67,16.03,5.43
396,2024-12-05 00:07:25,49.80,16.03,5.43
397,2024-12-05 00:07:26,49.92,16.03,5.43
398,2024-12-05 00:07:26,50.05,16.03,5.43
399,2024-12-05 00:07:26,50.18,16.03,5.43
400,2024-12-05 00:07:26,50.30,16.03,5.43
401,2024-12-05 00:07:26,50.43,16.03,5.43
402,2024-12-05 00:07:26,50.54,16.03,5.43
403,2024-12-05 00:07:26,50.66,16.03,5.43
404,2024-12-05 00:07:26,50.78,16.03,5.43
405,2024-12-05 00:07:27,50.91,16.03,5.43
406,2024-12-05 00:07:27,51.04,16.03,5.43
407,2024-12-05 00:07:27,51.16,16.03,5.43
408,2024-12-05 00:07:27,51.28,16.03,5.43
409,2024-12-05 00:07:27,51.40,16.03,5.43
410,2024-12-05 00:07:27,51.52,16.03,5.43
411,2024-12-05 00:07:27,51.64,16.03,5.43
412,2024-12-05 00:07:27,51.76,16.03,5.43
413,2024-12-05 00:07:28,51.88,16.03,5.43
414,2024-12-05 00:07:28,52.00,16.03,5.43
415,2024-12-05 00:07:28,52.13,16.03,5.43
416,2024-12-05 00:07:28,52.25,16.03,5.43
417,2024-12-05 00:07:28,52.37,16.03,5.43
418,2024-12-05 00:07:28,52.49,16.03,5.43
419,2024-12-05 00:07:28,52.62,16.03,5.43
420,2024-12-05 00:07:28,52.74,16.03,5.43
421,2024-12-05 00:07:29,52.86,16.03,5.43
422,2024-12-05 00:07:29,52.99,16.03,5.43
423,2024-12-05 00:07:29,53.11,16.03,5.43
424,2024-12-05 00:07:29,53.24,16.03,5.43
425,2024-12-05 00:07:29,53.36,16.03,5.43
426,2024-12-05 00:07:29,53.48,16.03,5.43
427,2024-12-05 00:07:29,53.60,16.03,5.43
428,2024-12-05 00:07:29,53.73,16.03,5.43
429,2024-12-05 00:07:30,53.85,16.03,5.43
430,2024-12-05 00:07:30,53.97,16.03,5.43
431,2024-12-05 00:07:30,54.09,16.03,5.43
432,2024-12-05 00:07:30,54.22,16.03,5.43
433,2024-12-05 00:07:30,54.34,16.03,5.43
434,2024-12-05 00:07:30,54.45,16.03,5.43
435,2024-12-05 00:07:30,54.57,16.03,5.43
436,2024-12-05 00:07:30,54.69,16.03,5.43
437,2024-12-05 00:07:30,54.82,16.03,5.43
438,2024-12-05 00:07:31,54.94,16.03,5.43
439,2024-12-05 00:07:31,55.07,16.03,5.43
440,2024-12-05 00:07:31,55.19,16.03,5.43
441,2024-12-05 00:07:31,55.32,16.03,5.43
442,2024-12-05 00:07:31,55.43,16.03,5.43
443,2024-12-05 00:07:31,55.55,16.03,5.43
444,2024-12-05 00:07:31,55.68,16.03,5.43
445,2024-12-05 00:07:31,55.80,16.03,5.43
446,2024-12-05 00:07:32,55.92,16.03,5.43
447,2024-12-05 00:07:32,56.05,16.03,5.43
448,2024-12-05 00:07:32,56.18,16.03,5.43
449,2024-12-05 00:07:32,56.30,16.03,5.43
450,2024-12-05 00:07:32,56.42,16.03,5.43
451,2024-12-05 00:07:32,56.54,16.03,5.43
452,2024-12-05 00:07:32,56.67,16.03,5.43
453,2024-12-05 00:07:32,56.79,16.03,5.43
454,2024-12-05 00:07:33,56.91,16.03,5.43
455,2024-12-05 00:07:33,57.03,16.03,5.43
456,2024-12-05 00:07:33,57.16,16.03,5.43
457,2024-12-05 00:07:33,57.28,16.03,5.43
458,2024-12-05 00:07:33,57.41,16.03,5.43
459,2024-12-05 00:07:33,57.53,16.03,5.43
460,2024-12-05 00:07:33,57.66,16.03,5.43
461,2024-12-05 00:07:33,57.78,16.03,5.43
462,2024-12-05 00:07:34,57.90,16.03,5.43
463,2024-12-05 00:07:34,58.02,16.03,5.43
464,2024-12-05 00:07:34,58.15,16.03,5.43
465,2024-12-05 00:07:34,58.27,16.03,5.43
466,2024-12-05 00:07:34,58.40,16.03,5.43
467,2024-12-05 00:07:34,58.52,16.03,5.43
468,2024-12-05 00:07:34,58.64,16.03,5.43
469,2024-12-05 00:07:34,58.76,16.03,5.43
470,2024-12-05 00:07:35,58.88,16.03,5.43
471,2024-12-05 00:07:35,59.01,16.03,5.43
472,2024-12-05 00:07:35,59.13,16.03,5.43
473,2024-12-05 00:07:35,59.26,16.03,5.43
474,2024-12-05 00:07:35,59.38,16.03,5.43
475,2024-12-05 00:07:35,59.51,16.03,5.43
476,2024-12-05 00:07:35,59.63,16.03,5.43
477,2024-12-05 00:07:35,59.76,16.03,5.43
478,2024-12-05 00:07:36,59.88,16.03,5.43
479,2024-12-05 00:07:36,60.00,16.03,5.43
480,2024-12-05 00:07:36,60.12,16.03,5.43
481,2024-12-05 00:07:36,60.24,16.03,5.43
482,2024-12-05 00:07:36,60.37,16.03,5.43
483,2024-12-05 00:07:36,60.49,16.03,5.43
484,2024-12-05 00:07:36,60.62,16.03,5.43
485,2024-12-05 00:07:36,60.75,16.03,5.43
486,2024-12-05 00:07:37,60.87,16.03,5.43
487,2024-12-05 00:07:37,60.99,16.03,5.43
488,2024-12-05 00:07:37,61.11,16.03,5.43
489,2024-12-05 00:07:37,61.23,16.03,5.43
490,2024-12-05 00:07:37,61.35,16.03,5.43
491,2024-12-05 00:07:37,61.47,16.03,5.43
492,2024-12-05 00:07:37,61.59,16.03,5.43
493,2024-12-05 00:07:37,61.72,16.03,5.43
494,2024-12-05 00:07:37,61.83,16.03,5.43
495,2024-12-05 00:07:38,61.95,16.03,5.43
496,2024-12-05 00:07:38,62.07,16.03,5.43
497,2024-12-05 00:07:38,62.20,16.03,5.43
498,2024-12-05 00:07:38,62.32,16.03,5.43
499,2024-12-05 00:07:38,62.44,16.03,5.43
500,2024-12-05 00:07:38,62.57,16.03,5.43
501,2024-12-05 00:07:38,62.70,16.03,5.43
502,2024-12-05 00:07:38,62.81,16.03,5.43
503,2024-12-05 00:07:39,62.94,16.03,5.43
504,2024-12-05 00:07:39,63.06,16.03,5.43
505,2024-12-05 00:07:39,63.19,16.03,5.43
506,2024-12-05 00:07:39,63.31,16.03,5.43
507,2024-12-05 00:07:39,63.43,16.03,5.43
508,2024-12-05 00:07:39,63.56,16.03,5.43
509,2024-12-05 00:07:39,63.69,16.03,5.43
510,2024-12-05 00:07:39,63.81,16.03,5.43
511,2024-12-05 00:07:40,63.94,16.03,5.43
512,2024-12-05 00:07:40,64.06,16.03,5.43
513,2024-12-05 00:07:40,64.18,16.03,5.43
514,2024-12-05 00:07:40,64.30,16.03,5.43
515,2024-12-05 00:07:40,64.43,16.03,5.43
516,2024-12-05 00:07:40,64.56,16.03,5.43
517,2024-12-05 00:07:40,64.68,16.03,5.43
518,2024-12-05 00:07:40,64.82,16.03,5.43
519,2024-12-05 00:07:41,64.94,16.03,5.43
520,2024-12-05 00:07:41,65.06,16.03,5.43
521,2024-12-05 00:07:41,65.19,16.03,5.43
522,2024-12-05 00:07:41,65.31,16.03,5.43
523,2024-12-05 00:07:41,65.43,16.03,5.43
524,2024-12-05 00:07:41,65.55,16.03,5.43
525,2024-12-05 00:07:41,65.67,16.03,5.43
526,2024-12-05 00:07:41,65.79,16.03,5.43
527,2024-12-05 00:07:42,65.91,16.03,5.43
528,2024-12-05 00:07:42,66.04,16.03,5.43
529,2024-12-05 00:07:42,66.16,16.03,5.43
530,2024-12-05 00:07:42,66.29,16.03,5.43
531,2024-12-05 00:07:42,66.41,16.03,5.43
532,2024-12-05 00:07:42,66.54,16.03,5.43
533,2024-12-05 00:07:42,66.66,16.03,5.43
534,2024-12-05 00:07:42,66.78,16.03,5.43
535,2024-12-05 00:07:43,66.90,16.03,5.43
536,2024-12-05 00:07:43,67.03,16.03,5.43
537,2024-12-05 00:07:43,67.16,16.03,5.43
538,2024-12-05 00:07:43,67.28,16.03,5.43
539,2024-12-05 00:07:43,67.40,16.03,5.43
540,2024-12-05 00:07:43,67.52,16.03,5.43
541,2024-12-05 00:07:43,67.65,16.03,5.43
542,2024-12-05 00:07:43,67.78,16.03,5.43
543,2024-12-05 00:07:44,67.91,16.03,5.43
544,2024-12-05 00:07:44,68.03,16.03,5.43
545,2024-12-05 00:07:44,68.16,16.03,5.43
546,2024-12-05 00:07:44,68.28,16.03,5.43
547,2024-12-05 00:07:44,68.40,16.03,5.43
548,2024-12-05 00:07:44,68.53,16.03,5.43
549,2024-12-05 00:07:44,68.65,16.03,5.43
550,2024-12-05 00:07:44,68.77,16.03,5.43
551,2024-12-05 00:07:45,68.89,16.03,5.43
552,2024-12-05 00:07:45,69.01,16.03,5.43
553,2024-12-05 00:07:45,69.13,16.03,5.43
554,2024-12-05 00:07:45,69.26,16.03,5.43
555,2024-12-05 00:07:45,69.38,16.03,5.43
556,2024-12-05 00:07:45,69.50,16.03,5.43
557,2024-12-05 00:07:45,69.63,16.03,5.43
558,2024-12-05 00:07:45,69.75,16.03,5.43
559,2024-12-05 00:07:46,69.87,16.03,5.43
560,2024-12-05 00:07:46,69.99,16.03,5.43
561,2024-12-05 00:07:46,70.11,16.03,5.43
562,2024-12-05 00:07:46,70.24,16.03,5.43
563,2024-12-05 00:07:46,70.36,16.03,5.43
564,2024-12-05 00:07:46,70.49,16.03,5.43
565,2024-12-05 00:07:46,70.60,16.03,5.43
566,2024-12-05 00:07:46,70.72,16.03,5.43
567,2024-12-05 00:07:47,70.85,16.03,5.43
568,2024-12-05 00:07:47,70.97,16.03,5.43
569,2024-12-05 00:07:47,71.09,16.03,5.43
570,2024-12-05 00:07:47,71.21,16.03,5.43
571,2024-12-05 00:07:47,71.34,16.03,5.43
572,2024-12-05 00:07:47,71.46,16.03,5.43
573,2024-12-05 00:07:47,71.59,16.03,5.43
574,2024-12-05 00:07:47,71.71,16.03,5.43
575,2024-12-05 00:07:47,71.84,16.03,5.43
576,2024-12-05 00:07:48,71.97,16.03,5.43
577,2024-12-05 00:07:48,72.09,16.03,5.43
578,2024-12-05 00:07:48,72.22,16.03,5.43
579,2024-12-05 00:07:48,72.35,16.03,5.43
580,2024-12-05 00:07:48,72.46,16.03,5.43
581,2024-12-05 00:07:48,72.59,16.03,5.43
582,2024-12-05 00:07:48,72.71,16.03,5.43
583,2024-12-05 00:07:48,72.83,16.03,5.43
584,2024-12-05 00:07:49,72.96,16.03,5.43
585,2024-12-05 00:07:49,73.08,16.03,5.43
586,2024-12-05 00:07:49,73.21,16.03,5.43
587,2024-12-05 00:07:49,73.33,16.03,5.43
588,2024-12-05 00:07:49,73.45,16.03,5.43
589,2024-12-05 00:07:49,73.57,16.03,5.43
590,2024-12-05 00:07:49,73.70,16.03,5.43
591,2024-12-05 00:07:49,73.82,16.03,5.43
592,2024-12-05 00:07:50,73.94,16.03,5.43
593,2024-12-05 00:07:50,74.07,16.03,5.43
594,2024-12-05 00:07:50,74.19,16.03,5.43
595,2024-12-05 00:07:50,74.31,16.03,5.43
596,2024-12-05 00:07:50,74.44,16.03,5.43
597,2024-12-05 00:07:50,74.55,16.03,5.43
598,2024-12-05 00:07:50,74.68,16.03,5.43
599,2024-12-05 00:07:50,74.80,16.03,5.43
600,2024-12-05 00:07:51,74.93,16.03,5.43
601,2024-12-05 00:07:51,75.05,16.03,5.43
602,2024-12-05 00:07:51,75.18,16.03,5.43
603,2024-12-05 00:07:51,75.31,16.03,5.43
604,2024-12-05 00:07:51,75.43,16.03,5.43
605,2024-12-05 00:07:51,75.55,16.03,5.43
606,2024-12-05 00:07:51,75.68,16.03,5.43
607,2024-12-05 00:07:51,75.80,16.03,5.43
608,2024-12-05 00:07:52,75.92,16.03,5.43
609,2024-12-05 00:07:52,76.04,16.03,5.43
610,2024-12-05 00:07:52,76.17,16.03,5.43
611,2024-12-05 00:07:52,76.30,16.03,5.43
612,2024-12-05 00:07:52,76.43,16.03,5.43
613,2024-12-05 00:07:52,76.56,16.03,5.43
614,2024-12-05 00:07:52,76.68,16.03,5.43
615,2024-12-05 00:07:52,76.81,16.03,5.43
616,2024-12-05 00:07:53,76.94,16.03,5.43
617,2024-12-05 00:07:53,77.07,16.03,5.43
618,2024-12-05 00:07:53,77.18,16.03,5.43
619,2024-12-05 00:07:53,77.30,16.03,5.43
620,2024-12-05 00:07:53,77.43,16.03,5.43
621,2024-12-05 00:07:53,77.56,16.03,5.43
622,2024-12-05 00:07:53,77.68,16.03,5.43
623,2024-12-05 00:07:53,77.80,16.03,5.43
624,2024-12-05 00:07:54,77.93,16.03,5.43
625,2024-12-05 00:07:54,78.06,16.03,5.43
626,2024-12-05 00:07:54,78.18,16.03,5.43
627,2024-12-05 00:07:54,78.30,16.03,5.43
628,2024-12-05 00:07:54,78.42,16.03,5.43
629,2024-12-05 00:07:54,78.55,16.03,5.43
630,2024-12-05 00:07:54,78.66,16.03,5.43
631,2024-12-05 00:07:54,78.79,16.03,5.43
632,2024-12-05 00:07:55,78.91,16.03,5.43
633,2024-12-05 00:07:55,79.03,16.03,5.43
634,2024-12-05 00:07:55,79.15,16.03,5.43
635,2024-12-05 00:07:55,79.27,16.03,5.43
636,2024-12-05 00:07:55,79.40,16.03,5.43
637,2024-12-05 00:07:55,79.53,16.03,5.43
638,2024-12-05 00:07:55,79.65,16.03,5.43
639,2024-12-05 00:07:55,79.77,16.03,5.43
640,2024-12-05 00:07:56,79.89,16.03,5.43
641,2024-12-05 00:07:56,80.01,16.03,5.43
642,2024-12-05 00:07:56,80.14,16.03,5.43
643,2024-12-05 00:07:56,80.27,16.03,5.43
644,2024-12-05 00:07:56,80.38,16.03,5.43
645,2024-12-05 00:07:56,80.50,16.03,5.43
646,2024-12-05 00:07:56,80.63,16.03,5.43
647,2024-12-05 00:07:56,80.75,16.03,5.43
648,2024-12-05 00:07:57,80.88,16.03,5.43
649,2024-12-05 00:07:57,81.01,16.03,5.43
650,2024-12-05 00:07:57,81.14,16.03,5.43
651,2024-12-05 00:07:57,81.26,16.03,5.43
652,2024-12-05 00:07:57,81.38,16.03,5.43
653,2024-12-05 00:07:57,81.51,16.03,5.43
654,2024-12-05 00:07:57,81.63,16.03,5.43
655,2024-12-05 00:07:57,81.75,16.03,5.43
656,2024-12-05 00:07:58,81.88,16.03,5.43
657,2024-12-05 00:07:58,82.00,16.03,5.43
658,2024-12-05 00:07:58,82.12,16.03,5.43
659,2024-12-05 00:07:58,82.24,16.03,5.43
660,2024-12-05 00:07:58,82.36,16.03,5.43
661,2024-12-05 00:07:58,82.48,16.03,5.43
662,2024-12-05 00:07:58,82.61,16.03,5.43
663,2024-12-05 00:07:58,82.74,16.03,5.43
664,2024-12-05 00:07:59,82.86,16.03,5.43
665,2024-12-05 00:07:59,82.98,16.03,5.43
666,2024-12-05 00:07:59,83.10,16.03,5.43
667,2024-12-05 00:07:59,83.23,16.03,5.43
668,2024-12-05 00:07:59,83.35,16.03,5.43
669,2024-12-05 00:07:59,83.48,16.03,5.43
670,2024-12-05 00:07:59,83.61,16.03,5.43
671,2024-12-05 00:07:59,83.73,16.03,5.43
672,2024-12-05 00:08:00,83.85,16.03,5.43
673,2024-12-05 00:08:00,83.97,16.03,5.43
674,2024-12-05 00:08:00,84.10,16.03,5.43
675,2024-12-05 00:08:00,84.22,16.03,5.43
676,2024-12-05 00:08:00,84.34,16.03,5.43
677,2024-12-05 00:08:00,84.47,16.03,5.43
678,2024-12-05 00:08:00,84.59,16.03,5.43
679,2024-12-05 00:08:00,84.71,16.03,5.43
680,2024-12-05 00:08:00,84.84,16.03,5.43
681,2024-12-05 00:08:01,84.96,16.03,5.43
682,2024-12-05 00:08:01,85.09,16.03,5.43
683,2024-12-05 00:08:01,85.21,16.03,5.43
684,2024-12-05 00:08:01,85.33,16.03,5.43
685,2024-12-05 00:08:01,85.45,16.03,5.43
686,2024-12-05 00:08:01,85.57,16.03,5.43
687,2024-12-05 00:08:01,85.69,16.03,5.43
688,2024-12-05 00:08:01,85.82,16.03,5.43
689,2024-12-05 00:08:02,85.94,16.03,5.43
690,2024-12-05 00:08:02,86.07,16.03,5.43
691,2024-12-05 00:08:02,86.19,16.03,5.43
692,2024-12-05 00:08:02,86.32,16.03,5.43
693,2024-12-05 00:08:02,86.44,16.03,5.43
694,2024-12-05 00:08:02,86.56,16.03,5.43
695,2024-12-05 00:08:02,86.69,16.03,5.43
696,2024-12-05 00:08:02,86.81,16.03,5.43
697,2024-12-05 00:08:03,86.93,16.03,5.43
698,2024-12-05 00:08:03,87.05,16.03,5.43
699,2024-12-05 00:08:03,87.17,16.03,5.43
700,2024-12-05 00:08:03,87.30,16.03,5.43
701,2024-12-05 00:08:03,87.42,16.03,5.43
702,2024-12-05 00:08:03,87.55,16.03,5.43
703,2024-12-05 00:08:03,87.67,16.03,5.43
704,2024-12-05 00:08:03,87.80,16.03,5.43
705,2024-12-05 00:08:04,87.92,16.03,5.43
706,2024-12-05 00:08:04,88.05,16.03,5.43
707,2024-12-05 00:08:04,88.17,16.03,5.43
708,2024-12-05 00:08:04,88.29,16.03,5.43
709,2024-12-05 00:08:04,88.42,16.03,5.43
710,2024-12-05 00:08:04,88.54,16.03,5.43
711,2024-12-05 00:08:04,88.67,16.03,5.43
712,2024-12-05 00:08:04,88.79,16.03,5.43
713,2024-12-05 00:08:05,88.92,16.03,5.43
714,2024-12-05 00:08:05,89.05,16.03,5.43
715,2024-12-05 00:08:05,89.18,16.03,5.43
716,2024-12-05 00:08:05,89.31,16.03,5.43
717,2024-12-05 00:08:05,89.43,16.03,5.43
718,2024-12-05 00:08:05,89.56,16.03,5.43
719,2024-12-05 00:08:05,89.68,16.03,5.43
720,2024-12-05 00:08:05,89.81,16.03,5.43
721,2024-12-05 00:08:06,89.93,16.03,5.43
722,2024-12-05 00:08:06,90.05,16.03,5.43
723,2024-12-05 00:08:06,90.17,16.03,5.43
724,2024-12-05 00:08:06,90.29,16.03,5.43
725,2024-12-05 00:08:06,90.42,16.03,5.43
726,2024-12-05 00:08:06,90.54,16.03,5.43
727,2024-12-05 00:08:06,90.66,16.03,5.43
728,2024-12-05 00:08:06,90.78,16.03,5.43
729,2024-12-05 00:08:07,90.91,16.03,5.43
730,2024-12-05 00:08:07,91.02,16.03,5.43
731,2024-12-05 00:08:07,91.15,16.03,5.43
732,2024-12-05 00:08:07,91.26,16.03,5.43
733,2024-12-05 00:08:07,91.39,16.03,5.43
734,2024-12-05 00:08:07,91.51,16.03,5.43
735,2024-12-05 00:08:07,91.63,16.03,5.43
736,2024-12-05 00:08:07,91.76,16.03,5.43
737,2024-12-05 00:08:08,91.88,16.03,5.43
738,2024-12-05 00:08:08,92.01,16.03,5.43
739,2024-12-05 00:08:08,92.13,16.03,5.43
740,2024-12-05 00:08:08,92.26,16.03,5.43
741,2024-12-05 00:08:08,92.38,16.03,5.43
742,2024-12-05 00:08:08,92.50,16.03,5.43
743,2024-12-05 00:08:08,92.63,16.03,5.43
744,2024-12-05 00:08:08,92.75,16.03,5.43
745,2024-12-05 00:08:09,92.87,16.03,5.43
746,2024-12-05 00:08:09,92.99,16.03,5.43
747,2024-12-05 00:08:09,93.11,16.03,5.43
748,2024-12-05 00:08:09,93.24,16.03,5.43
749,2024-12-05 00:08:09,93.37,16.03,5.43
750,2024-12-05 00:08:09,93.48,16.03,5.43
751,2024-12-05 00:08:09,93.61,16.03,5.43
752,2024-12-05 00:08:09,93.73,16.03,5.43
753,2024-12-05 00:08:10,93.86,16.03,5.43
754,2024-12-05 00:08:10,93.98,16.03,5.43
755,2024-12-05 00:08:10,94.10,16.03,5.43
756,2024-12-05 00:08:10,94.23,16.03,5.43
757,2024-12-05 00:08:10,94.35,16.03,5.43
758,2024-12-05 00:08:10,94.48,16.03,5.43
759,2024-12-05 00:08:10,94.60,16.03,5.43
760,2024-12-05 00:08:10,94.72,16.03,5.43
761,2024-12-05 00:08:10,94.84,16.03,5.43
762,2024-12-05 00:08:11,94.95,16.03,5.43
763,2024-12-05 00:08:11,95.08,16.03,5.43
764,2024-12-05 00:08:11,95.20,16.03,5.43
765,2024-12-05 00:08:11,95.33,16.03,5.43
766,2024-12-05 00:08:11,95.44,16.03,5.43
767,2024-12-05 00:08:11,95.57,16.03,5.43
768,2024-12-05 00:08:11,95.69,16.03,5.43
769,2024-12-05 00:08:11,95.81,16.03,5.43
770,2024-12-05 00:08:12,95.93,16.03,5.43
771,2024-12-05 00:08:12,96.05,16.03,5.43
772,2024-12-05 00:08:12,96.18,16.03,5.43
773,2024-12-05 00:08:12,96.30,16.03,5.43
774,2024-12-05 00:08:12,96.42,16.03,5.43
775,2024-12-05 00:08:12,96.55,16.03,5.43
776,2024-12-05 00:08:12,96.67,16.03,5.43
777,2024-12-05 00:08:12,96.79,16.03,5.43
778,2024-12-05 00:08:13,96.91,16.03,5.43
779,2024-12-05 00:08:13,97.03,16.03,5.43
780,2024-12-05 00:08:13,97.15,16.03,5.43
781,2024-12-05 00:08:13,97.27,16.03,5.43
782,2024-12-05 00:08:13,97.39,16.03,5.43
783,2024-12-05 00:08:13,97.51,16.03,5.43
784,2024-12-05 00:08:13,97.63,16.03,5.43
785,2024-12-05 00:08:13,97.75,16.03,5.43
786,2024-12-05 00:08:14,97.87,16.03,5.43
787,2024-12-05 00:08:14,98.00,16.03,5.43
788,2024-12-05 00:08:14,98.12,16.03,5.43
789,2024-12-05 00:08:14,98.23,16.03,5.43
790,2024-12-05 00:08:14,98.35,16.03,5.43
791,2024-12-05 00:08:14,98.48,16.03,5.43
792,2024-12-05 00:08:14,98.60,16.03,5.43
793,2024-12-05 00:08:14,98.72,16.03,5.43
794,2024-12-05 00:08:15,98.84,16.03,5.43
795,2024-12-05 00:08:15,98.97,16.03,5.43
796,2024-12-05 00:08:15,99.10,16.03,5.43
797,2024-12-05 00:08:15,99.22,16.03,5.43
798,2024-12-05 00:08:15,99.34,16.03,5.43
799,2024-12-05 00:08:15,99.46,16.03,5.43
800,2024-12-05 00:08:15,99.58,16.03,5.43
801,2024-12-05 00:08:15,99.71,16.03,5.43
802,2024-12-05 00:08:15,99.83,16.03,5.43
803,2024-12-05 00:08:16,99.95,16.03,5.43
804,2024-12-05 00:08:16,100.08,16.03,5.43
805,2024-12-05 00:08:16,100.20,16.03,5.43
806,2024-12-05 00:08:16,100.33,16.03,5.43
807,2024-12-05 00:08:16,100.45,16.03,5.43
808,2024-12-05 00:08:16,100.58,16.03,5.43
809,2024-12-05 00:08:16,100.70,16.03,5.43
810,2024-12-05 00:08:16,100.82,16.03,5.43
811,2024-12-05 00:08:17,100.95,16.03,5.43
812,2024-12-05 00:08:17,101.07,16.03,5.43
813,2024-12-05 00:08:17,101.20,16.03,5.43
814,2024-12-05 00:08:17,101.32,16.03,5.43
815,2024-12-05 00:08:17,101.44,16.03,5.43
816,2024-12-05 00:08:17,101.57,16.03,5.43
817,2024-12-05 00:08:17,101.70,16.03,5.43
818,2024-12-05 00:08:17,101.81,16.03,5.43
819,2024-12-05 00:08:18,101.93,16.03,5.43
820,2024-12-05 00:08:18,102.06,16.03,5.43
821,2024-12-05 00:08:18,102.19,16.03,5.43
822,2024-12-05 00:08:18,102.31,16.03,5.43
823,2024-12-05 00:08:18,102.44,16.03,5.43
824,2024-12-05 00:08:18,102.56,16.03,5.43
825,2024-12-05 00:08:18,102.67,16.03,5.43
826,2024-12-05 00:08:18,102.79,16.03,5.43
827,2024-12-05 00:08:19,102.92,16.03,5.43
828,2024-12-05 00:08:19,103.04,16.03,5.43
829,2024-12-05 00:08:19,103.17,16.03,5.43
830,2024-12-05 00:08:19,103.30,16.03,5.43
831,2024-12-05 00:08:19,103.42,16.03,5.43
832,2024-12-05 00:08:19,103.54,16.03,5.43
833,2024-12-05 00:08:19,103.67,16.03,5.43
834,2024-12-05 00:08:19,103.79,16.03,5.43
835,2024-12-05 00:08:20,103.92,16.03,5.43
836,2024-12-05 00:08:20,104.05,16.03,5.43
837,2024-12-05 00:08:20,104.17,16.03,5.43
838,2024-12-05 00:08:20,104.30,16.03,5.43
839,2024-12-05 00:08:20,104.43,16.03,5.43
840,2024-12-05 00:08:20,104.55,16.03,5.43
841,2024-12-05 00:08:20,104.67,16.03,5.43
842,2024-12-05 00:08:20,104.79,16.03,5.43
843,2024-12-05 00:08:21,104.92,16.03,5.43
844,2024-12-05 00:08:21,105.04,16.03,5.43
845,2024-12-05 00:08:21,105.17,16.03,5.43
846,2024-12-05 00:08:21,105.29,16.03,5.43
847,2024-12-05 00:08:21,105.42,16.03,5.43
848,2024-12-05 00:08:21,105.55,16.03,5.43
849,2024-12-05 00:08:21,105.67,16.03,5.43
850,2024-12-05 00:08:21,105.80,16.03,5.43
851,2024-12-05 00:08:22,105.92,16.03,5.43
852,2024-12-05 00:08:22,106.03,16.03,5.43
853,2024-12-05 00:08:22,106.16,16.03,5.43
854,2024-12-05 00:08:22,106.28,16.03,5.43
855,2024-12-05 00:08:22,106.40,16.03,5.43
856,2024-12-05 00:08:22,106.52,16.03,5.43
857,2024-12-05 00:08:22,106.65,16.03,5.43
858,2024-12-05 00:08:22,106.78,16.03,5.43
859,2024-12-05 00:08:23,106.90,16.03,5.43
860,2024-12-05 00:08:23,107.03,16.03,5.43
861,2024-12-05 00:08:23,107.15,16.03,5.43
862,2024-12-05 00:08:23,107.27,16.03,5.43
863,2024-12-05 00:08:23,107.39,16.03,5.43
864,2024-12-05 00:08:23,107.51,16.03,5.43
865,2024-12-05 00:08:23,107.64,16.03,5.43
866,2024-12-05 00:08:23,107.76,16.03,5.43
867,2024-12-05 00:08:24,107.89,16.03,5.43
868,2024-12-05 00:08:24,108.02,16.03,5.43
869,2024-12-05 00:08:24,108.14,16.03,5.43
870,2024-12-05 00:08:24,108.27,16.03,5.43
871,2024-12-05 00:08:24,108.40,16.03,5.43
872,2024-12-05 00:08:24,108.52,16.03,5.43
873,2024-12-05 00:08:24,108.65,16.03,5.43
874,2024-12-05 00:08:24,108.77,16.03,5.43
875,2024-12-05 00:08:25,108.90,16.03,5.43
876,2024-12-05 00:08:25,109.03,16.03,5.43
877,2024-12-05 00:08:25,109.15,16.03,5.43
878,2024-12-05 00:08:25,109.28,16.03,5.43
879,2024-12-05 00:08:25,109.40,16.03,5.43
880,2024-12-05 00:08:25,109.53,16.03,5.43
881,2024-12-05 00:08:25,109.66,16.03,5.43
882,2024-12-05 00:08:25,109.78,16.03,5.43
883,2024-12-05 00:08:26,109.90,16.03,5.43
884,2024-12-05 00:08:26,110.03,16.03,5.43
885,2024-12-05 00:08:26,110.15,16.03,5.43
886,2024-12-05 00:08:26,110.28,16.03,5.43
887,2024-12-05 00:08:26,110.41,16.03,5.43
888,2024-12-05 00:08:26,110.59,16.03,5.43
889,2024-12-05 00:08:26,110.71,16.03,5.43
890,2024-12-05 00:08:26,110.82,16.03,5.43
891,2024-12-05 00:08:27,110.95,16.03,5.43
892,2024-12-05 00:08:27,111.07,16.03,5.43
893,2024-12-05 00:08:27,111.19,16.03,5.43
894,2024-12-05 00:08:27,111.31,16.03,5.43
895,2024-12-05 00:08:27,111.44,16.03,5.43
896,2024-12-05 00:08:27,111.56,16.03,5.43
897,2024-12-05 00:08:27,111.69,16.03,5.43
898,2024-12-05 00:08:27,111.81,16.03,5.43
899,2024-12-05 00:08:28,111.93,16.03,5.43
900,2024-12-05 00:08:28,112.06,16.03,5.43
901,2024-12-05 00:08:28,112.19,16.03,5.43
902,2024-12-05 00:08:28,112.32,16.03,5.43
903,2024-12-05 00:08:28,112.44,16.03,5.43
904,2024-12-05 00:08:28,112.57,16.03,5.43
905,2024-12-05 00:08:28,112.69,16.03,5.43
906,2024-12-05 00:08:28,112.82,16.03,5.43
907,2024-12-05 00:08:29,112.95,16.03,5.43
908,2024-12-05 00:08:29,113.07,16.03,5.43
909,2024-12-05 00:08:29,113.19,16.03,5.43
910,2024-12-05 00:08:29,113.31,16.03,5.43
911,2024-12-05 00:08:29,113.43,16.03,5.43
912,2024-12-05 00:08:29,113.56,16.03,5.43
913,2024-12-05 00:08:29,113.68,16.03,5.43
914,2024-12-05 00:08:29,113.81,16.03,5.43
915,2024-12-05 00:08:30,113.94,16.03,5.43
916,2024-12-05 00:08:30,114.07,16.03,5.43
917,2024-12-05 00:08:30,114.19,16.03,5.43
918,2024-12-05 00:08:30,114.31,16.03,5.43
919,2024-12-05 00:08:30,114.44,16.03,5.43
920,2024-12-05 00:08:30,114.56,16.03,5.43
921,2024-12-05 00:08:30,114.68,16.03,5.43
922,2024-12-05 00:08:30,114.81,16.03,5.43
923,2024-12-05 00:08:31,114.93,16.03,5.43
924,2024-12-05 00:08:31,115.05,16.03,5.43
925,2024-12-05 00:08:31,115.18,16.03,5.43
926,2024-12-05 00:08:31,115.30,16.03,5.43
927,2024-12-05 00:08:31,115.43,16.03,5.43
928,2024-12-05 00:08:31,115.56,16.03,5.43
929,2024-12-05 00:08:31,115.68,16.03,5.43
930,2024-12-05 00:08:31,115.81,16.03,5.43
931,2024-12-05 00:08:32,115.93,16.03,5.43
932,2024-12-05 00:08:32,116.05,16.03,5.43
933,2024-12-05 00:08:32,116.17,16.03,5.43
934,2024-12-05 00:08:32,116.30,16.03,5.43
935,2024-12-05 00:08:32,116.43,16.03,5.43
936,2024-12-05 00:08:32,116.56,16.03,5.43
937,2024-12-05 00:08:32,116.68,16.03,5.43
938,2024-12-05 00:08:32,116.81,16.03,5.43
939,2024-12-05 00:08:33,116.93,16.03,5.43
940,2024-12-05 00:08:33,117.05,16.03,5.43
941,2024-12-05 00:08:33,117.17,16.03,5.43
942,2024-12-05 00:08:33,117.29,16.03,5.43
943,2024-12-05 00:08:33,117.41,16.03,5.43
944,2024-12-05 00:08:33,117.54,16.03,5.43
945,2024-12-05 00:08:33,117.66,16.03,5.43
946,2024-12-05 00:08:33,117.78,16.03,5.43
947,2024-12-05 00:08:34,117.91,16.03,5.43
948,2024-12-05 00:08:34,118.03,16.03,5.43
949,2024-12-05 00:08:34,118.16,16.03,5.43
950,2024-12-05 00:08:34,118.28,16.03,5.43
951,2024-12-05 00:08:34,118.40,16.03,5.43
952,2024-12-05 00:08:34,118.53,16.03,5.43
953,2024-12-05 00:08:34,118.65,16.03,5.43
954,2024-12-05 00:08:34,118.78,16.03,5.43
955,2024-12-05 00:08:35,118.90,16.03,5.43
956,2024-12-05 00:08:35,119.03,16.03,5.43
957,2024-12-05 00:08:35,119.15,16.03,5.43
958,2024-12-05 00:08:35,119.28,16.03,5.43
959,2024-12-05 00:08:35,119.40,16.03,5.43
960,2024-12-05 00:08:35,119.52,16.03,5.43
961,2024-12-05 00:08:35,119.64,16.03,5.43
962,2024-12-05 00:08:35,119.77,16.03,5.43
963,2024-12-05 00:08:36,119.89,16.03,5.43
964,2024-12-05 00:08:36,120.00,16.03,5.43
965,2024-12-05 00:08:36,120.12,16.03,5.43
966,2024-12-05 00:08:36,120.24,16.03,5.43
967,2024-12-05 00:08:36,120.35,16.03,5.43
968,2024-12-05 00:08:36,120.47,16.03,5.43
969,2024-12-05 00:08:36,120.60,16.03,5.43
970,2024-12-05 00:08:36,120.72,16.03,5.43
971,2024-12-05 00:08:37,120.85,16.03,5.43
972,2024-12-05 00:08:37,120.97,16.03,5.43
973,2024-12-05 00:08:37,121.09,16.03,5.43
974,2024-12-05 00:08:37,121.22,16.03,5.43
975,2024-12-05 00:08:37,121.33,16.03,5.43
976,2024-12-05 00:08:37,121.45,16.03,5.43
977,2024-12-05 00:08:37,121.58,16.03,5.43
978,2024-12-05 00:08:37,121.70,16.03,5.43
979,2024-12-05 00:08:37,121.82,16.03,5.43
980,2024-12-05 00:08:38,121.94,16.03,5.43
981,2024-12-05 00:08:38,122.06,16.03,5.43
982,2024-12-05 00:08:38,122.18,16.03,5.43
983,2024-12-05 00:08:38,122.31,16.03,5.43
984,2024-12-05 00:08:38,122.43,16.03,5.43
985,2024-12-05 00:08:38,122.55,16.03,5.43
986,2024-12-05 00:08:38,122.67,16.03,5.43
987,2024-12-05 00:08:38,122.79,16.03,5.43
988,2024-12-05 00:08:39,122.92,16.03,5.43
989,2024-12-05 00:08:39,123.04,16.03,5.43
990,2024-12-05 00:08:39,123.17,16.03,5.43
991,2024-12-05 00:08:39,123.29,16.03,5.43
992,2024-12-05 00:08:39,123.42,16.03,5.43
993,2024-12-05 00:08:39,123.54,16.03,5.43
994,2024-12-05 00:08:39,123.66,16.03,5.43
995,2024-12-05 00:08:39,123.79,16.03,5.43
996,2024-12-05 00:08:40,123.91,16.03,5.43
997,2024-12-05 00:08:40,124.03,16.03,5.43
998,2024-12-05 00:08:40,124.16,16.03,5.43
999,2024-12-05 00:08:40,124.28,16.03,5.43
1000,2024-12-05 00:08:40,124.41,16.03,5.43
1001,2024-12-05 00:08:40,124.53,16.03,5.43
1002,2024-12-05 00:08:40,124.67,16.03,5.43
1003,2024-12-05 00:08:40,124.80,16.03,5.43
1004,2024-12-05 00:08:41,124.92,16.03,5.43
1005,2024-12-05 00:08:41,125.05,16.03,5.43
1006,2024-12-05 00:08:41,125.17,16.03,5.43
1007,2024-12-05 00:08:41,125.29,16.03,5.43
1008,2024-12-05 00:08:41,125.41,16.03,5.43
1009,2024-12-05 00:08:41,125.54,16.03,5.43
1010,2024-12-05 00:08:41,125.66,16.03,5.43
1011,2024-12-05 00:08:41,125.79,16.03,5.43
1012,2024-12-05 00:08:42,125.91,16.03,5.43
1013,2024-12-05 00:08:42,126.05,16.03,5.43
1014,2024-12-05 00:08:42,126.17,16.03,5.43
1015,2024-12-05 00:08:42,126.29,16.03,5.43
1016,2024-12-05 00:08:42,126.41,16.03,5.43
1017,2024-12-05 00:08:42,126.54,16.03,5.43
1018,2024-12-05 00:08:42,126.68,16.03,5.43
1019,2024-12-05 00:08:42,126.80,16.03,5.43
1020,2024-12-05 00:08:43,126.92,16.03,5.43
1021,2024-12-05 00:08:43,127.05,16.03,5.43
1022,2024-12-05 00:08:43,127.18,16.03,5.43
1023,2024-12-05 00:08:43,127.30,16.03,5.43
1024,2024-12-05 00:08:43,127.42,16.03,5.43
1025,2024-12-05 00:08:43,127.54,16.03,5.43
1026,2024-12-05 00:08:43,127.66,16.03,5.43
1027,2024-12-05 00:08:43,127.79,16.03,5.43
1028,2024-12-05 00:08:44,127.91,16.03,5.43
1029,2024-12-05 00:08:44,128.04,16.03,5.43
1030,2024-12-05 00:08:44,128.17,16.03,5.43
1031,2024-12-05 00:08:44,128.29,16.03,5.43
1032,2024-12-05 00:08:44,128.42,16.03,5.43
1033,2024-12-05 00:08:44,128.54,16.03,5.43
1034,2024-12-05 00:08:44,128.67,16.03,5.43
1035,2024-12-05 00:08:44,128.79,16.03,5.43
1036,2024-12-05 00:08:45,128.91,16.03,5.43
1037,2024-12-05 00:08:45,129.04,16.03,5.43
1038,2024-12-05 00:08:45,129.16,16.03,5.43
1039,2024-12-05 00:08:45,129.29,16.03,5.43
1040,2024-12-05 00:08:45,129.41,16.03,5.43
1041,2024-12-05 00:08:45,129.53,16.03,5.43
1042,2024-12-05 00:08:45,129.65,16.03,5.43
1043,2024-12-05 00:08:45,129.78,16.03,5.43
1044,2024-12-05 00:08:46,129.90,16.03,5.43
1045,2024-12-05 00:08:46,130.02,16.03,5.43
1046,2024-12-05 00:08:46,130.14,16.03,5.43
1047,2024-12-05 00:08:46,130.26,16.03,5.43
1048,2024-12-05 00:08:46,130.39,16.03,5.43
1049,2024-12-05 00:08:46,130.51,16.03,5.43
1050,2024-12-05 00:08:46,130.63,16.03,5.43
1051,2024-12-05 00:08:46,130.76,16.03,5.43
1052,2024-12-05 00:08:47,130.88,16.03,5.43
1053,2024-12-05 00:08:47,131.01,16.03,5.43
1054,2024-12-05 00:08:47,131.14,16.03,5.43
1055,2024-12-05 00:08:47,131.25,16.03,5.43
1056,2024-12-05 00:08:47,131.37,16.03,5.43
1057,2024-12-05 00:08:47,131.49,16.03,5.43
1058,2024-12-05 00:08:47,131.62,16.03,5.43
1059,2024-12-05 00:08:47,131.74,16.03,5.43
1060,2024-12-05 00:08:48,131.86,16.03,5.43
1061,2024-12-05 00:08:48,131.99,16.03,5.43
1062,2024-12-05 00:08:48,132.11,16.03,5.43
1063,2024-12-05 00:08:48,132.24,16.03,5.43
1064,2024-12-05 00:08:48,132.36,16.03,5.43
1065,2024-12-05 00:08:48,132.49,16.03,5.43
1066,2024-12-05 00:08:48,132.61,16.03,5.43
1067,2024-12-05 00:08:48,132.73,16.03,5.43
1068,2024-12-05 00:08:49,132.86,16.03,5.43
1069,2024-12-05 00:08:49,132.98,16.03,5.43
1070,2024-12-05 00:08:49,133.11,16.03,5.43
1071,2024-12-05 00:08:49,133.23,16.03,5.43
1072,2024-12-05 00:08:49,133.36,16.03,5.43
1073,2024-12-05 00:08:49,133.47,16.03,5.43
1074,2024-12-05 00:08:49,133.60,16.03,5.43
1075,2024-12-05 00:08:49,133.73,16.03,5.43
1076,2024-12-05 00:08:50,133.85,16.03,5.43
1077,2024-12-05 00:08:50,133.97,16.03,5.43
1078,2024-12-05 00:08:50,134.09,16.03,5.43
1079,2024-12-05 00:08:50,134.21,16.03,5.43
1080,2024-12-05 00:08:50,134.34,16.03,5.43
1081,2024-12-05 00:08:50,134.46,16.03,5.43
1082,2024-12-05 00:08:50,134.57,16.03,5.43
1083,2024-12-05 00:08:50,134.70,16.03,5.43
1084,2024-12-05 00:08:50,134.82,16.03,5.43
1085,2024-12-05 00:08:51,134.94,16.03,5.43
1086,2024-12-05 00:08:51,135.06,16.03,5.43
1087,2024-12-05 00:08:51,135.19,16.03,5.43
1088,2024-12-05 00:08:51,135.31,16.03,5.43
1089,2024-12-05 00:08:51,135.44,16.03,5.43
1090,2024-12-05 00:08:51,135.56,16.03,5.43
1091,2024-12-05 00:08:51,135.69,16.03,5.43
1092,2024-12-05 00:08:51,135.81,16.03,5.43
1093,2024-12-05 00:08:52,135.94,16.03,5.43
1094,2024-12-05 00:08:52,136.06,16.03,5.43
1095,2024-12-05 00:08:52,136.18,16.03,5.43
1096,2024-12-05 00:08:52,136.29,16.03,5.43
1097,2024-12-05 00:08:52,136.42,16.03,5.43
1098,2024-12-05 00:08:52,136.55,16.03,5.43
1099,2024-12-05 00:08:52,136.67,16.03,5.43
1100,2024-12-05 00:08:52,136.79,16.03,5.43
1101,2024-12-05 00:08:53,136.92,16.03,5.43
1102,2024-12-05 00:08:53,137.05,16.03,5.43
1103,2024-12-05 00:08:53,137.17,16.03,5.43
1104,2024-12-05 00:08:53,137.29,16.03,5.43
1105,2024-12-05 00:08:53,137.41,16.03,5.43
1106,2024-12-05 00:08:53,137.53,16.03,5.43
1107,2024-12-05 00:08:53,137.66,16.03,5.43
1108,2024-12-05 00:08:53,137.78,16.03,5.43
1109,2024-12-05 00:08:54,137.90,16.03,5.43
1110,2024-12-05 00:08:54,138.03,16.03,5.43
1111,2024-12-05 00:08:54,138.16,16.03,5.43
1112,2024-12-05 00:08:54,138.28,16.03,5.43
1113,2024-12-05 00:08:54,138.41,16.03,5.43
1114,2024-12-05 00:08:54,138.53,16.03,5.43
1115,2024-12-05 00:08:54,138.66,16.03,5.43
1116,2024-12-05 00:08:54,138.79,16.03,5.43
1117,2024-12-05 00:08:55,138.92,16.03,5.43
1118,2024-12-05 00:08:55,139.04,16.03,5.43
1119,2024-12-05 00:08:55,139.16,16.03,5.43
1120,2024-12-05 00:08:55,139.29,16.03,5.43
1121,2024-12-05 00:08:55,139.41,16.03,5.43
1122,2024-12-05 00:08:55,139.54,16.03,5.43
1123,2024-12-05 00:08:55,139.67,16.03,5.43
1124,2024-12-05 00:08:55,139.79,16.03,5.43
1125,2024-12-05 00:08:56,139.92,16.03,5.43
1126,2024-12-05 00:08:56,140.03,16.03,5.43
1127,2024-12-05 00:08:56,140.15,16.03,5.43
1128,2024-12-05 00:08:56,140.28,16.03,5.43
1129,2024-12-05 00:08:56,140.41,16.03,5.43
1130,2024-12-05 00:08:56,140.53,16.03,5.43
1131,2024-12-05 00:08:56,140.65,16.03,5.43
1132,2024-12-05 00:08:56,140.78,16.03,5.43
1133,2024-12-05 00:08:57,140.90,16.03,5.43
1134,2024-12-05 00:08:57,141.02,16.03,5.43
1135,2024-12-05 00:08:57,141.15,16.03,5.43
1136,2024-12-05 00:08:57,141.28,16.03,5.43
1137,2024-12-05 00:08:57,141.40,16.03,5.43
1138,2024-12-05 00:08:57,141.53,16.03,5.43
1139,2024-12-05 00:08:57,141.66,16.03,5.43
1140,2024-12-05 00:08:57,141.78,16.03,5.43
1141,2024-12-05 00:08:58,141.90,16.03,5.43
1142,2024-12-05 00:08:58,142.03,16.03,5.43
1143,2024-12-05 00:08:58,142.15,16.03,5.43
1144,2024-12-05 00:08:58,142.28,16.03,5.43
1145,2024-12-05 00:08:58,142.40,16.03,5.43
1146,2024-12-05 00:08:58,142.52,16.03,5.43
1147,2024-12-05 00:08:58,142.64,16.03,5.43
1148,2024-12-05 00:08:58,142.76,16.03,5.43
1149,2024-12-05 00:08:59,142.89,16.03,5.43
1150,2024-12-05 00:08:59,143.00,16.03,5.43
1151,2024-12-05 00:08:59,143.13,16.03,5.43
1152,2024-12-05 00:08:59,143.25,16.03,5.43
1153,2024-12-05 00:08:59,143.37,16.03,5.43
1154,2024-12-05 00:08:59,143.49,16.03,5.43
1155,2024-12-05 00:08:59,143.61,16.03,5.43
1156,2024-12-05 00:08:59,143.74,16.03,5.43
1157,2024-12-05 00:09:00,143.86,16.03,5.43
1158,2024-12-05 00:09:00,143.99,16.03,5.43
1159,2024-12-05 00:09:00,144.10,16.03,5.43
1160,2024-12-05 00:09:00,144.23,16.03,5.43
1161,2024-12-05 00:09:00,144.35,16.03,5.43
1162,2024-12-05 00:09:00,144.48,16.03,5.43
1163,2024-12-05 00:09:00,144.61,16.03,5.43
1164,2024-12-05 00:09:00,144.73,16.03,5.43
1165,2024-12-05 00:09:01,144.85,16.03,5.43
1166,2024-12-05 00:09:01,144.97,16.03,5.43
1167,2024-12-05 00:09:01,145.09,16.03,5.43
1168,2024-12-05 00:09:01,145.22,16.03,5.43
1169,2024-12-05 00:09:01,145.34,16.03,5.43
1170,2024-12-05 00:09:01,145.45,16.03,5.43
1171,2024-12-05 00:09:01,145.57,16.03,5.43
1172,2024-12-05 00:09:01,145.70,16.03,5.43
1173,2024-12-05 00:09:01,145.83,16.03,5.43
1174,2024-12-05 00:09:02,145.95,16.03,5.43
1175,2024-12-05 00:09:02,146.07,16.03,5.43
1176,2024-12-05 00:09:02,146.19,16.03,5.43
1177,2024-12-05 00:09:02,146.31,16.03,5.43
1178,2024-12-05 00:09:02,146.44,16.03,5.43
1179,2024-12-05 00:09:02,146.56,16.03,5.43
1180,2024-12-05 00:09:02,146.68,16.03,5.43
1181,2024-12-05 00:09:02,146.80,16.03,5.43
1182,2024-12-05 00:09:03,146.92,16.03,5.43
1183,2024-12-05 00:09:03,147.03,16.03,5.43
1184,2024-12-05 00:09:03,147.16,16.03,5.43
1185,2024-12-05 00:09:03,147.28,16.03,5.43
1186,2024-12-05 00:09:03,147.40,16.03,5.43
1187,2024-12-05 00:09:03,147.52,16.03,5.43
1188,2024-12-05 00:09:03,147.65,16.03,5.43
1189,2024-12-05 00:09:03,147.77,16.03,5.43
1190,2024-12-05 00:09:04,147.89,16.03,5.43
1191,2024-12-05 00:09:04,148.02,16.03,5.43
1192,2024-12-05 00:09:04,148.14,16.03,5.43
1193,2024-12-05 00:09:04,148.26,16.03,5.43
1194,2024-12-05 00:09:04,148.39,16.03,5.43
1195,2024-12-05 00:09:04,148.50,16.03,5.43
1196,2024-12-05 00:09:04,148.62,16.03,5.43
1197,2024-12-05 00:09:04,148.75,16.03,5.43
1198,2024-12-05 00:09:05,148.87,16.03,5.43
1199,2024-12-05 00:09:05,148.99,16.03,5.43
1200,2024-12-05 00:09:05,149.11,16.03,5.43
1201,2024-12-05 00:09:05,149.23,16.03,5.43
1202,2024-12-05 00:09:05,149.35,16.03,5.43
1203,2024-12-05 00:09:05,149.48,16.03,5.43
1204,2024-12-05 00:09:05,149.61,16.03,5.43
1205,2024-12-05 00:09:05,149.74,16.03,5.43
1206,2024-12-05 00:09:06,149.86,16.03,5.43
1207,2024-12-05 00:09:06,149.99,16.03,5.43
1208,2024-12-05 00:09:06,150.10,16.03,5.43
1209,2024-12-05 00:09:06,150.23,16.03,5.43
1210,2024-12-05 00:09:06,150.35,16.03,5.43
1211,2024-12-05 00:09:06,150.47,16.03,5.43
1212,2024-12-05 00:09:06,150.60,16.03,5.43
1213,2024-12-05 00:09:06,150.73,16.03,5.43
1214,2024-12-05 00:09:07,150.86,16.03,5.43
1215,2024-12-05 00:09:07,150.96,16.03,5.43
1216,2024-12-05 00:09:07,151.09,16.03,5.43
1217,2024-12-05 00:09:07,151.22,16.03,5.43
1218,2024-12-05 00:09:07,151.35,16.03,5.43
1219,2024-12-05 00:09:07,151.48,16.03,5.43
1220,2024-12-05 00:09:07,151.60,16.03,5.43
1221,2024-12-05 00:09:07,151.72,16.03,5.43
1222,2024-12-05 00:09:08,151.85,16.03,5.43
1223,2024-12-05 00:09:08,151.97,16.03,5.43
1224,2024-12-05 00:09:08,152.10,16.03,5.43
1225,2024-12-05 00:09:08,152.22,16.03,5.43
1226,2024-12-05 00:09:08,152.34,16.03,5.43
1227,2024-12-05 00:09:08,152.47,16.03,5.43
1228,2024-12-05 00:09:08,152.60,16.03,5.43
1229,2024-12-05 00:09:08,152.71,16.03,5.43
1230,2024-12-05 00:09:08,152.83,16.03,5.43
1231,2024-12-05 00:09:09,152.95,16.03,5.43
1232,2024-12-05 00:09:09,153.07,16.03,5.43
1233,2024-12-05 00:09:09,153.19,16.03,5.43
1234,2024-12-05 00:09:09,153.31,16.03,5.43
1235,2024-12-05 00:09:09,153.43,16.03,5.43
1236,2024-12-05 00:09:09,153.55,16.03,5.43
1237,2024-12-05 00:09:09,153.68,16.03,5.43
1238,2024-12-05 00:09:09,153.79,16.03,5.43
1239,2024-12-05 00:09:10,153.92,16.03,5.43
1240,2024-12-05 00:09:10,154.04,16.03,5.43
1241,2024-12-05 00:09:10,154.16,16.03,5.43
1242,2024-12-05 00:09:10,154.28,16.03,5.43
1243,2024-12-05 00:09:10,154.41,16.03,5.43
1244,2024-12-05 00:09:10,154.53,16.03,5.43
1245,2024-12-05 00:09:10,154.65,16.03,5.43
1246,2024-12-05 00:09:10,154.77,16.03,5.43
1247,2024-12-05 00:09:11,154.90,16.03,5.43
1248,2024-12-05 00:09:11,155.02,16.03,5.43
1249,2024-12-05 00:09:11,155.15,16.03,5.43
1250,2024-12-05 00:09:11,155.27,16.03,5.43
1251,2024-12-05 00:09:11,155.38,16.03,5.43
1252,2024-12-05 00:09:11,155.49,16.03,5.43
1253,2024-12-05 00:09:11,155.61,16.03,5.43
1254,2024-12-05 00:09:11,155.73,16.03,5.43
1255,2024-12-05 00:09:12,155.86,16.03,5.43
1256,2024-12-05 00:09:12,155.98,16.03,5.43
1257,2024-12-05 00:09:12,156.11,16.03,5.43
1258,2024-12-05 00:09:12,156.22,16.03,5.43
1259,2024-12-05 00:09:12,156.35,16.03,5.43
1260,2024-12-05 00:09:12,156.47,16.03,5.43
1261,2024-12-05 00:09:12,156.59,16.03,5.43
1262,2024-12-05 00:09:12,156.71,16.03,5.43
1263,2024-12-05 00:09:12,156.82,16.03,5.43
1264,2024-12-05 00:09:13,156.95,16.03,5.43
1265,2024-12-05 00:09:13,157.07,16.03,5.43
1266,2024-12-05 00:09:13,157.18,16.03,5.43
1267,2024-12-05 00:09:13,157.31,16.03,5.43
1268,2024-12-05 00:09:13,157.43,16.03,5.43
1269,2024-12-05 00:09:13,157.56,16.03,5.43
1270,2024-12-05 00:09:13,157.68,16.03,5.43
1271,2024-12-05 00:09:13,157.81,16.03,5.43
1272,2024-12-05 00:09:14,157.93,16.03,5.43
1273,2024-12-05 00:09:14,158.05,16.03,5.43
1274,2024-12-05 00:09:14,158.18,16.03,5.43
1275,2024-12-05 00:09:14,158.30,16.03,5.43
1276,2024-12-05 00:09:14,158.43,16.03,5.43
1277,2024-12-05 00:09:14,158.55,16.03,5.43
1278,2024-12-05 00:09:14,158.67,16.03,5.43
1279,2024-12-05 00:09:14,158.80,16.03,5.43
1280,2024-12-05 00:09:15,158.92,16.03,5.43
1281,2024-12-05 00:09:15,159.05,16.03,5.43
1282,2024-12-05 00:09:15,159.17,16.03,5.43
1283,2024-12-05 00:09:15,159.30,16.03,5.43
1284,2024-12-05 00:09:15,159.42,16.03,5.43
1285,2024-12-05 00:09:15,159.55,16.03,5.43
1286,2024-12-05 00:09:15,159.67,16.03,5.43
1287,2024-12-05 00:09:15,159.80,16.03,5.43
1288,2024-12-05 00:09:16,159.92,16.03,5.43
1289,2024-12-05 00:09:16,160.04,16.03,5.43
1290,2024-12-05 00:09:16,160.17,16.03,5.43
1291,2024-12-05 00:09:16,160.29,16.03,5.43
1292,2024-12-05 00:09:16,160.42,16.03,5.43
1293,2024-12-05 00:09:16,160.55,16.03,5.43
1294,2024-12-05 00:09:16,160.67,16.03,5.43
1295,2024-12-05 00:09:16,160.79,16.03,5.43
1296,2024-12-05 00:09:17,160.92,16.03,5.43
1297,2024-12-05 00:09:17,161.05,16.03,5.43
1298,2024-12-05 00:09:17,161.16,16.03,5.43
1299,2024-12-05 00:09:17,161.28,16.03,5.43
1300,2024-12-05 00:09:17,161.41,16.03,5.43
1301,2024-12-05 00:09:17,161.53,16.03,5.43
1302,2024-12-05 00:09:17,161.65,16.03,5.43
1303,2024-12-05 00:09:17,161.77,16.03,5.43
1304,2024-12-05 00:09:18,161.90,16.03,5.43
1305,2024-12-05 00:09:18,162.03,16.03,5.43
1306,2024-12-05 00:09:18,162.16,16.03,5.43
1307,2024-12-05 00:09:18,162.28,16.03,5.43
1308,2024-12-05 00:09:18,162.41,16.03,5.43
1309,2024-12-05 00:09:18,162.53,16.03,5.43
1310,2024-12-05 00:09:18,162.64,16.03,5.43
1311,2024-12-05 00:09:18,162.77,16.03,5.43
1312,2024-12-05 00:09:19,162.90,16.03,5.43
1313,2024-12-05 00:09:19,163.02,16.03,5.43
1314,2024-12-05 00:09:19,163.15,16.03,5.43
1315,2024-12-05 00:09:19,163.28,16.03,5.43
1316,2024-12-05 00:09:19,163.40,16.03,5.43
1317,2024-12-05 00:09:19,163.52,16.03,5.43
1318,2024-12-05 00:09:19,163.64,16.03,5.43
1319,2024-12-05 00:09:19,163.77,16.03,5.43
1320,2024-12-05 00:09:20,163.90,16.03,5.43
1321,2024-12-05 00:09:20,164.02,16.03,5.43
1322,2024-12-05 00:09:20,164.14,16.03,5.43
1323,2024-12-05 00:09:20,164.27,16.03,5.43
1324,2024-12-05 00:09:20,164.38,16.03,5.43
1325,2024-12-05 00:09:20,164.51,16.03,5.43
1326,2024-12-05 00:09:20,164.63,16.03,5.43
1327,2024-12-05 00:09:20,164.76,16.03,5.43
1328,2024-12-05 00:09:21,164.87,16.03,5.43
1329,2024-12-05 00:09:21,165.00,16.03,5.43
1330,2024-12-05 00:09:21,165.12,16.03,5.43
1331,2024-12-05 00:09:21,165.24,16.03,5.43
1332,2024-12-05 00:09:21,165.36,16.03,5.43
1333,2024-12-05 00:09:21,165.49,16.03,5.43
1334,2024-12-05 00:09:21,165.61,16.03,5.43
1335,2024-12-05 00:09:21,165.74,16.03,5.43
1336,2024-12-05 00:09:22,165.87,16.03,5.43
1337,2024-12-05 00:09:22,165.99,16.03,5.43
1338,2024-12-05 00:09:22,166.11,16.03,5.43
1339,2024-12-05 00:09:22,166.23,16.03,5.43
1340,2024-12-05 00:09:22,166.35,16.03,5.43
1341,2024-12-05 00:09:22,166.47,16.03,5.43
1342,2024-12-05 00:09:22,166.60,16.03,5.43
1343,2024-12-05 00:09:22,166.72,16.03,5.43
1344,2024-12-05 00:09:22,166.84,16.03,5.43
1345,2024-12-05 00:09:23,166.96,16.03,5.43
1346,2024-12-05 00:09:23,167.09,16.03,5.43
1347,2024-12-05 00:09:23,167.21,16.03,5.43
1348,2024-12-05 00:09:23,167.34,16.03,5.43
1349,2024-12-05 00:09:23,167.46,16.03,5.43
1350,2024-12-05 00:09:23,167.58,16.03,5.43
1351,2024-12-05 00:09:23,167.71,16.03,5.43
1352,2024-12-05 00:09:23,167.83,16.03,5.43
1353,2024-12-05 00:09:24,167.95,16.03,5.43
1354,2024-12-05 00:09:24,168.07,16.03,5.43
1355,2024-12-05 00:09:24,168.19,16.03,5.43
1356,2024-12-05 00:09:24,168.32,16.03,5.43
1357,2024-12-05 00:09:24,168.44,16.03,5.43
1358,2024-12-05 00:09:24,168.57,16.03,5.43
1359,2024-12-05 00:09:24,168.69,16.03,5.43
1360,2024-12-05 00:09:24,168.81,16.03,5.43
1361,2024-12-05 00:09:25,168.93,16.03,5.43
1362,2024-12-05 00:09:25,169.05,16.03,5.43
1363,2024-12-05 00:09:25,169.18,16.03,5.43
1364,2024-12-05 00:09:25,169.30,16.03,5.43
1365,2024-12-05 00:09:25,169.43,16.03,5.43
1366,2024-12-05 00:09:25,169.55,16.03,5.43
1367,2024-12-05 00:09:25,169.68,16.03,5.43
1368,2024-12-05 00:09:25,169.80,16.03,5.43
1369,2024-12-05 00:09:26,169.92,16.03,5.43
1370,2024-12-05 00:09:26,170.05,16.03,5.43
1371,2024-12-05 00:09:26,170.18,16.03,5.43
1372,2024-12-05 00:09:26,170.31,16.03,5.43
1373,2024-12-05 00:09:26,170.43,16.03,5.43
1374,2024-12-05 00:09:26,170.55,16.03,5.43
1375,2024-12-05 00:09:26,170.68,16.03,5.43
1376,2024-12-05 00:09:26,170.80,16.03,5.43
1377,2024-12-05 00:09:27,170.92,16.03,5.43
1378,2024-12-05 00:09:27,171.05,16.03,5.43
1379,2024-12-05 00:09:27,171.17,16.03,5.43
1380,2024-12-05 00:09:27,171.29,16.03,5.43
1381,2024-12-05 00:09:27,171.41,16.03,5.43
1382,2024-12-05 00:09:27,171.53,16.03,5.43
1383,2024-12-05 00:09:27,171.66,16.03,5.43
1384,2024-12-05 00:09:27,171.78,16.03,5.43
1385,2024-12-05 00:09:28,171.96,16.03,5.43
1386,2024-12-05 00:09:28,172.08,16.03,5.43
1387,2024-12-05 00:09:28,172.21,16.03,5.43
1388,2024-12-05 00:09:28,172.33,16.03,5.43
1389,2024-12-05 00:09:28,172.45,16.03,5.43
1390,2024-12-05 00:09:28,172.58,16.03,5.43
1391,2024-12-05 00:09:28,172.70,16.03,5.43
1392,2024-12-05 00:09:28,172.82,16.03,5.43
1393,2024-12-05 00:09:29,172.95,16.03,5.43
1394,2024-12-05 00:09:29,173.07,16.03,5.43
1395,2024-12-05 00:09:29,173.20,16.03,5.43
1396,2024-12-05 00:09:29,173.32,16.03,5.43
1397,2024-12-05 00:09:29,173.45,16.03,5.43
1398,2024-12-05 00:09:29,173.57,16.03,5.43
1399,2024-12-05 00:09:29,173.69,16.03,5.43
1400,2024-12-05 00:09:29,173.82,16.03,5.43
1401,2024-12-05 00:09:30,173.94,16.03,5.43
1402,2024-12-05 00:09:30,174.07,16.03,5.43
1403,2024-12-05 00:09:30,174.18,16.03,5.43
1404,2024-12-05 00:09:30,174.30,16.03,5.43
1405,2024-12-05 00:09:30,174.43,16.03,5.43
1406,2024-12-05 00:09:30,174.56,16.03,5.43
1407,2024-12-05 00:09:30,174.68,16.03,5.43
1408,2024-12-05 00:09:30,174.80,16.03,5.43
1409,2024-12-05 00:09:31,174.92,16.03,5.43
1410,2024-12-05 00:09:31,175.05,16.03,5.43
1411,2024-12-05 00:09:31,175.17,16.03,5.43
1412,2024-12-05 00:09:31,175.29,16.03,5.43
1413,2024-12-05 00:09:31,175.41,16.03,5.43
1414,2024-12-05 00:09:31,175.54,16.03,5.43
1415,2024-12-05 00:09:31,175.67,16.03,5.43
1416,2024-12-05 00:09:31,175.79,16.03,5.43
1417,2024-12-05 00:09:32,175.90,16.03,5.43
1418,2024-12-05 00:09:32,176.02,16.03,5.43
1419,2024-12-05 00:09:32,176.14,16.03,5.43
1420,2024-12-05 00:09:32,176.27,16.03,5.43
1421,2024-12-05 00:09:32,176.39,16.03,5.43
1422,2024-12-05 00:09:32,176.50,16.03,5.43
1423,2024-12-05 00:09:32,176.62,16.03,5.43
1424,2024-12-05 00:09:32,176.75,16.03,5.43
1425,2024-12-05 00:09:33,176.87,16.03,5.43
1426,2024-12-05 00:09:33,176.99,16.03,5.43
1427,2024-12-05 00:09:33,177.11,16.03,5.43
1428,2024-12-05 00:09:33,177.23,16.03,5.43
1429,2024-12-05 00:09:33,177.35,16.03,5.43
1430,2024-12-05 00:09:33,177.48,16.03,5.43
1431,2024-12-05 00:09:33,177.60,16.03,5.43
1432,2024-12-05 00:09:33,177.71,16.03,5.43
1433,2024-12-05 00:09:33,177.83,16.03,5.43
1434,2024-12-05 00:09:34,177.96,16.03,5.43
1435,2024-12-05 00:09:34,178.08,16.03,5.43
1436,2024-12-05 00:09:34,178.21,16.03,5.43
1437,2024-12-05 00:09:34,178.34,16.03,5.43
1438,2024-12-05 00:09:34,178.46,16.03,5.43
1439,2024-12-05 00:09:34,178.58,16.03,5.43
1440,2024-12-05 00:09:34,178.70,16.03,5.43
1441,2024-12-05 00:09:34,178.82,16.03,5.43
1442,2024-12-05 00:09:35,178.94,16.03,5.43
1443,2024-12-05 00:09:35,179.07,16.03,5.43
1444,2024-12-05 00:09:35,179.19,16.03,5.43
1445,2024-12-05 00:09:35,179.31,16.03,5.43
1446,2024-12-05 00:09:35,179.44,16.03,5.43
1447,2024-12-05 00:09:35,179.56,16.03,5.43
1448,2024-12-05 00:09:35,179.69,16.03,5.43
1449,2024-12-05 00:09:35,179.81,16.03,5.43
1450,2024-12-05 00:09:36,179.94,16.03,5.43
1451,2024-12-05 00:09:36,180.06,16.03,5.43
1452,2024-12-05 00:09:36,180.18,16.03,5.43
1453,2024-12-05 00:09:36,180.30,16.03,5.43
1454,2024-12-05 00:09:36,180.42,16.03,5.43
1455,2024-12-05 00:09:36,180.55,16.03,5.43
1456,2024-12-05 00:09:36,180.67,16.03,5.43
1457,2024-12-05 00:09:36,180.79,16.03,5.43
1458,2024-12-05 00:09:37,180.90,16.03,5.43
1459,2024-12-05 00:09:37,181.01,16.03,5.43
1460,2024-12-05 00:09:37,181.14,16.03,5.43
1461,2024-12-05 00:09:37,181.26,16.03,5.43
1462,2024-12-05 00:09:37,181.39,16.03,5.43
1463,2024-12-05 00:09:37,181.51,16.03,5.43
1464,2024-12-05 00:09:37,181.64,16.03,5.43
1465,2024-12-05 00:09:37,181.76,16.03,5.43
1466,2024-12-05 00:09:38,181.88,16.03,5.43
1467,2024-12-05 00:09:38,182.01,16.03,5.43
1468,2024-12-05 00:09:38,182.13,16.03,5.43
1469,2024-12-05 00:09:38,182.26,16.03,5.43
1470,2024-12-05 00:09:38,182.38,16.03,5.43
1471,2024-12-05 00:09:38,182.51,16.03,5.43
1472,2024-12-05 00:09:38,182.62,16.03,5.43
1473,2024-12-05 00:09:38,182.74,16.03,5.43
1474,2024-12-05 00:09:39,182.87,16.03,5.43
1475,2024-12-05 00:09:39,183.00,16.03,5.43
1476,2024-12-05 00:09:39,183.12,16.03,5.43
1477,2024-12-05 00:09:39,183.24,16.03,5.43
1478,2024-12-05 00:09:39,183.37,16.03,5.43
1479,2024-12-05 00:09:39,183.50,16.03,5.43
1480,2024-12-05 00:09:39,183.62,16.03,5.43
1481,2024-12-05 00:09:39,183.74,16.03,5.43
1482,2024-12-05 00:09:40,183.87,16.03,5.43
1483,2024-12-05 00:09:40,183.99,16.03,5.43
1484,2024-12-05 00:09:40,184.12,16.03,5.43
1485,2024-12-05 00:09:40,184.25,16.03,5.43
1486,2024-12-05 00:09:40,184.37,16.03,5.43
1487,2024-12-05 00:09:40,184.50,16.03,5.43
1488,2024-12-05 00:09:40,184.62,16.03,5.43
1489,2024-12-05 00:09:40,184.75,16.03,5.43
1490,2024-12-05 00:09:41,184.87,16.03,5.43
1491,2024-12-05 00:09:41,185.00,16.03,5.43
1492,2024-12-05 00:09:41,185.12,16.03,5.43
1493,2024-12-05 00:09:41,185.24,16.03,5.43
1494,2024-12-05 00:09:41,185.36,16.03,5.43
1495,2024-12-05 00:09:41,185.49,16.03,5.43
1496,2024-12-05 00:09:41,185.62,16.03,5.43
1497,2024-12-05 00:09:41,185.74,16.03,5.43
1498,2024-12-05 00:09:42,185.86,16.03,5.43
1499,2024-12-05 00:09:42,185.98,16.03,5.43
1500,2024-12-05 00:09:42,186.11,16.03,5.43
1501,2024-12-05 00:09:42,186.24,16.03,5.43
1502,2024-12-05 00:09:42,186.36,16.03,5.43
1503,2024-12-05 00:09:42,186.48,16.03,5.43
1504,2024-12-05 00:09:42,186.61,16.03,5.43
1505,2024-12-05 00:09:42,186.74,16.03,5.43
1506,2024-12-05 00:09:43,186.87,16.03,5.43
1507,2024-12-05 00:09:43,186.99,16.03,5.43
1508,2024-12-05 00:09:43,187.11,16.03,5.43
1509,2024-12-05 00:09:43,187.23,16.03,5.43
1510,2024-12-05 00:09:43,187.36,16.03,5.43
1511,2024-12-05 00:09:43,187.48,16.03,5.43
1512,2024-12-05 00:09:43,187.59,16.03,5.43
1513,2024-12-05 00:09:43,187.72,16.03,5.43
1514,2024-12-05 00:09:44,187.85,16.03,5.43
1515,2024-12-05 00:09:44,187.97,16.03,5.43
1516,2024-12-05 00:09:44,188.09,16.03,5.43
1517,2024-12-05 00:09:44,188.21,16.03,5.43
1518,2024-12-05 00:09:44,188.33,16.03,5.43
1519,2024-12-05 00:09:44,188.46,16.03,5.43
1520,2024-12-05 00:09:44,188.59,16.03,5.43
1521,2024-12-05 00:09:44,188.71,16.03,5.43
1522,2024-12-05 00:09:44,188.83,16.03,5.43
1523,2024-12-05 00:09:45,188.95,16.03,5.43
1524,2024-12-05 00:09:45,189.08,16.03,5.43
1525,2024-12-05 00:09:45,189.21,16.03,5.43
1526,2024-12-05 00:09:45,189.32,16.03,5.43
1527,2024-12-05 00:09:45,189.45,16.03,5.43
1528,2024-12-05 00:09:45,189.57,16.03,5.43
1529,2024-12-05 00:09:45,189.70,16.03,5.43
1530,2024-12-05 00:09:45,189.82,16.03,5.43
1531,2024-12-05 00:09:46,189.94,16.03,5.43
1532,2024-12-05 00:09:46,190.07,16.03,5.43
1533,2024-12-05 00:09:46,190.20,16.03,5.43
1534,2024-12-05 00:09:46,190.32,16.03,5.43
1535,2024-12-05 00:09:46,190.45,16.03,5.43
1536,2024-12-05 00:09:46,190.58,16.03,5.43
1537,2024-12-05 00:09:46,190.70,16.03,5.43
1538,2024-12-05 00:09:46,190.83,16.03,5.43
1539,2024-12-05 00:09:47,190.94,16.03,5.43
1540,2024-12-05 00:09:47,191.07,16.03,5.43
1541,2024-12-05 00:09:47,191.18,16.03,5.43
1542,2024-12-05 00:09:47,191.31,16.03,5.43
1543,2024-12-05 00:09:47,191.43,16.03,5.43
1544,2024-12-05 00:09:47,191.56,16.03,5.43
1545,2024-12-05 00:09:47,191.68,16.03,5.43
1546,2024-12-05 00:09:47,191.80,16.03,5.43
1547,2024-12-05 00:09:48,191.93,16.03,5.43
1548,2024-12-05 00:09:48,192.05,16.03,5.43
1549,2024-12-05 00:09:48,192.18,16.03,5.43
1550,2024-12-05 00:09:48,192.30,16.03,5.43
1551,2024-12-05 00:09:48,192.43,16.03,5.43
1552,2024-12-05 00:09:48,192.54,16.03,5.43
1553,2024-12-05 00:09:48,192.67,16.03,5.43
1554,2024-12-05 00:09:48,192.79,16.03,5.43
1555,2024-12-05 00:09:49,192.91,16.03,5.43
1556,2024-12-05 00:09:49,193.03,16.03,5.43
1557,2024-12-05 00:09:49,193.16,16.03,5.43
1558,2024-12-05 00:09:49,193.28,16.03,5.43
1559,2024-12-05 00:09:49,193.39,16.03,5.43
1560,2024-12-05 00:09:49,193.52,16.03,5.43
1561,2024-12-05 00:09:49,193.64,16.03,5.43
1562,2024-12-05 00:09:49,193.76,16.03,5.43
1563,2024-12-05 00:09:50,193.89,16.03,5.43
1564,2024-12-05 00:09:50,194.01,16.03,5.43
1565,2024-12-05 00:09:50,194.13,16.03,5.43
1566,2024-12-05 00:09:50,194.26,16.03,5.43
1567,2024-12-05 00:09:50,194.39,16.03,5.43
1568,2024-12-05 00:09:50,194.51,16.03,5.43
1569,2024-12-05 00:09:50,194.63,16.03,5.43
1570,2024-12-05 00:09:50,194.75,16.03,5.43
1571,2024-12-05 00:09:51,194.87,16.03,5.43
1572,2024-12-05 00:09:51,195.00,16.03,5.43
1573,2024-12-05 00:09:51,195.12,16.03,5.43
1574,2024-12-05 00:09:51,195.24,16.03,5.43
1575,2024-12-05 00:09:51,195.37,16.03,5.43
1576,2024-12-05 00:09:51,195.49,16.03,5.43
1577,2024-12-05 00:09:51,195.61,16.03,5.43
1578,2024-12-05 00:09:51,195.73,16.03,5.43
1579,2024-12-05 00:09:52,195.86,16.03,5.43
1580,2024-12-05 00:09:52,195.99,16.03,5.43
1581,2024-12-05 00:09:52,196.11,16.03,5.43
1582,2024-12-05 00:09:52,196.24,16.03,5.43
1583,2024-12-05 00:09:52,196.36,16.03,5.43
1584,2024-12-05 00:09:52,196.49,16.03,5.43
1585,2024-12-05 00:09:52,196.61,16.03,5.43
1586,2024-12-05 00:09:52,196.74,16.03,5.43
1587,2024-12-05 00:09:53,196.87,16.03,5.43
1588,2024-12-05 00:09:53,196.99,16.03,5.43
1589,2024-12-05 00:09:53,197.11,16.03,5.43
1590,2024-12-05 00:09:53,197.23,16.03,5.43
1591,2024-12-05 00:09:53,197.36,16.03,5.43
1592,2024-12-05 00:09:53,197.48,16.03,5.43
1593,2024-12-05 00:09:53,197.60,16.03,5.43
1594,2024-12-05 00:09:53,197.73,16.03,5.43
1595,2024-12-05 00:09:54,197.85,16.03,5.43
1596,2024-12-05 00:09:54,197.98,16.03,5.43
1597,2024-12-05 00:09:54,198.10,16.03,5.43
1598,2024-12-05 00:09:54,198.23,16.03,5.43
1599,2024-12-05 00:09:54,198.35,16.03,5.43
1600,2024-12-05 00:09:54,198.48,16.03,5.43
1601,2024-12-05 00:09:54,198.59,16.03,5.43
1602,2024-12-05 00:09:54,198.71,16.03,5.43
1603,2024-12-05 00:09:54,198.83,16.03,5.43
1604,2024-12-05 00:09:55,198.95,16.03,5.43
1605,2024-12-05 00:09:55,199.07,16.03,5.43
1606,2024-12-05 00:09:55,199.20,16.03,5.43
1607,2024-12-05 00:09:55,199.33,16.03,5.43
1608,2024-12-05 00:09:55,199.46,16.03,5.43
1609,2024-12-05 00:09:55,199.58,16.03,5.43
1610,2024-12-05 00:09:55,199.70,16.03,5.43
1611,2024-12-05 00:09:55,199.82,16.03,5.43
1612,2024-12-05 00:09:56,199.95,16.03,5.43
1613,2024-12-05 00:09:56,200.08,16.03,5.43
1614,2024-12-05 00:09:56,200.21,16.03,5.43
1615,2024-12-05 00:09:56,200.33,16.03,5.43
1616,2024-12-05 00:09:56,200.44,16.03,5.43
1617,2024-12-05 00:09:56,200.57,16.03,5.43
1618,2024-12-05 00:09:56,200.70,16.03,5.43
1619,2024-12-05 00:09:56,200.83,16.03,5.43
1620,2024-12-05 00:09:57,200.95,16.03,5.43
1621,2024-12-05 00:09:57,201.08,16.03,5.43
1622,2024-12-05 00:09:57,201.20,16.03,5.43
1623,2024-12-05 00:09:57,201.33,16.03,5.43
1624,2024-12-05 00:09:57,201.46,16.03,5.43
1625,2024-12-05 00:09:57,201.58,16.03,5.43
1626,2024-12-05 00:09:57,201.70,16.03,5.43
1627,2024-12-05 00:09:57,201.83,16.03,5.43
1628,2024-12-05 00:09:58,201.96,16.03,5.43
1629,2024-12-05 00:09:58,202.08,16.03,5.43
1630,2024-12-05 00:09:58,202.21,16.03,5.43
1631,2024-12-05 00:09:58,202.32,16.03,5.43
1632,2024-12-05 00:09:58,202.45,16.03,5.43
1633,2024-12-05 00:09:58,202.57,16.03,5.43
1634,2024-12-05 00:09:58,202.70,16.03,5.43
1635,2024-12-05 00:09:58,202.82,16.03,5.43
1636,2024-12-05 00:09:59,202.95,16.03,5.43
1637,2024-12-05 00:09:59,203.07,16.03,5.43
1638,2024-12-05 00:09:59,203.20,16.03,5.43
1639,2024-12-05 00:09:59,203.32,16.03,5.43
1640,2024-12-05 00:09:59,203.44,16.03,5.43
1641,2024-12-05 00:09:59,203.57,16.03,5.43
1642,2024-12-05 00:09:59,203.69,16.03,5.43
1643,2024-12-05 00:09:59,203.82,16.03,5.43
1644,2024-12-05 00:10:00,203.95,16.03,5.43
1645,2024-12-05 00:10:00,204.07,16.03,5.43
1646,2024-12-05 00:10:00,204.20,16.03,5.43
1647,2024-12-05 00:10:00,204.33,16.03,5.43
1648,2024-12-05 00:10:00,204.45,16.03,5.43
1649,2024-12-05 00:10:00,204.57,16.03,5.43
1650,2024-12-05 00:10:00,204.69,16.03,5.43
1651,2024-12-05 00:10:00,204.82,16.03,5.43
1652,2024-12-05 00:10:01,204.94,16.03,5.43
1653,2024-12-05 00:10:01,205.07,16.03,5.43
1654,2024-12-05 00:10:01,205.20,16.03,5.43
1655,2024-12-05 00:10:01,205.32,16.03,5.43
1656,2024-12-05 00:10:01,205.44,16.03,5.43
1657,2024-12-05 00:10:01,205.56,16.03,5.43
1658,2024-12-05 00:10:01,205.69,16.03,5.43
1659,2024-12-05 00:10:01,205.82,16.03,5.43
1660,2024-12-05 00:10:02,205.94,16.03,5.43
1661,2024-12-05 00:10:02,206.07,16.03,5.43
1662,2024-12-05 00:10:02,206.20,16.03,5.43
1663,2024-12-05 00:10:02,206.32,16.03,5.43
1664,2024-12-05 00:10:02,206.45,16.03,5.43
1665,2024-12-05 00:10:02,206.57,16.03,5.43
1666,2024-12-05 00:10:02,206.69,16.03,5.43
1667,2024-12-05 00:10:02,206.82,16.03,5.43
1668,2024-12-05 00:10:03,206.95,16.03,5.43
1669,2024-12-05 00:10:03,207.07,16.03,5.43
1670,2024-12-05 00:10:03,207.20,16.03,5.43
1671,2024-12-05 00:10:03,207.31,16.03,5.43
1672,2024-12-05 00:10:03,207.43,16.03,5.43
1673,2024-12-05 00:10:03,207.56,16.03,5.43
1674,2024-12-05 00:10:03,207.69,16.03,5.43
1675,2024-12-05 00:10:03,207.82,16.03,5.43
1676,2024-12-05 00:10:04,207.95,16.03,5.43
1677,2024-12-05 00:10:04,208.07,16.03,5.43
1678,2024-12-05 00:10:04,208.20,16.03,5.43
1679,2024-12-05 00:10:04,208.32,16.03,5.43
1680,2024-12-05 00:10:04,208.45,16.03,5.43
1681,2024-12-05 00:10:04,208.57,16.03,5.43
1682,2024-12-05 00:10:04,208.70,16.03,5.43
1683,2024-12-05 00:10:04,208.82,16.03,5.43
1684,2024-12-05 00:10:05,208.95,16.03,5.43
1685,2024-12-05 00:10:05,209.07,16.03,5.43
1686,2024-12-05 00:10:05,209.20,16.03,5.43
1687,2024-12-05 00:10:05,209.32,16.03,5.43
1688,2024-12-05 00:10:05,209.44,16.03,5.43
1689,2024-12-05 00:10:05,209.57,16.03,5.43
1690,2024-12-05 00:10:05,209.69,16.03,5.43
1691,2024-12-05 00:10:05,209.82,16.03,5.43
1692,2024-12-05 00:10:06,209.94,16.03,5.43
1693,2024-12-05 00:10:06,210.07,16.03,5.43
1694,2024-12-05 00:10:06,210.20,16.03,5.43
1695,2024-12-05 00:10:06,210.32,16.03,5.43
1696,2024-12-05 00:10:06,210.46,16.03,5.43
1697,2024-12-05 00:10:06,210.59,16.03,5.43
1698,2024-12-05 00:10:06,210.71,16.03,5.43
1699,2024-12-05 00:10:06,210.83,16.03,5.43
1700,2024-12-05 00:10:07,210.96,16.03,5.43
1701,2024-12-05 00:10:07,211.09,16.03,5.43
1702,2024-12-05 00:10:07,211.22,16.03,5.43
1703,2024-12-05 00:10:07,211.34,16.03,5.43
1704,2024-12-05 00:10:07,211.47,16.03,5.43
1705,2024-12-05 00:10:07,211.58,16.03,5.43
1706,2024-12-05 00:10:07,211.70,16.03,5.43
1707,2024-12-05 00:10:07,211.83,16.03,5.43
1708,2024-12-05 00:10:08,211.95,16.03,5.43
1709,2024-12-05 00:10:08,212.08,16.03,5.43
1710,2024-12-05 00:10:08,212.20,16.03,5.43
1711,2024-12-05 00:10:08,212.33,16.03,5.43
1712,2024-12-05 00:10:08,212.45,16.03,5.43
1713,2024-12-05 00:10:08,212.58,16.03,5.43
1714,2024-12-05 00:10:08,212.70,16.03,5.43
1715,2024-12-05 00:10:08,212.82,16.03,5.43
1716,2024-12-05 00:10:09,212.94,16.03,5.43
1717,2024-12-05 00:10:09,213.07,16.03,5.43
1718,2024-12-05 00:10:09,213.20,16.03,5.43
1719,2024-12-05 00:10:09,213.33,16.03,5.43
1720,2024-12-05 00:10:09,213.46,16.03,5.43
1721,2024-12-05 00:10:09,213.59,16.03,5.43
1722,2024-12-05 00:10:09,213.71,16.03,5.43
1723,2024-12-05 00:10:09,213.84,16.03,5.43
1724,2024-12-05 00:10:10,213.97,16.03,5.43
1725,2024-12-05 00:10:10,214.10,16.03,5.43
1726,2024-12-05 00:10:10,214.22,16.03,5.43
1727,2024-12-05 00:10:10,214.35,16.03,5.43
1728,2024-12-05 00:10:10,214.48,16.03,5.43
1729,2024-12-05 00:10:10,214.61,16.03,5.43
1730,2024-12-05 00:10:10,214.74,16.03,5.43
1731,2024-12-05 00:10:11,214.86,16.03,5.43
1732,2024-12-05 00:10:11,214.99,16.03,5.43
1733,2024-12-05 00:10:11,215.11,16.03,5.43
1734,2024-12-05 00:10:11,215.24,16.03,5.43
1735,2024-12-05 00:10:11,215.37,16.03,5.43
1736,2024-12-05 00:10:11,215.49,16.03,5.43
1737,2024-12-05 00:10:11,215.62,16.03,5.43
1738,2024-12-05 00:10:11,215.75,16.03,5.43
1739,2024-12-05 00:10:12,215.87,16.03,5.43
1740,2024-12-05 00:10:12,215.99,16.03,5.43
1741,2024-12-05 00:10:12,216.11,16.03,5.43
1742,2024-12-05 00:10:12,216.24,16.03,5.43
1743,2024-12-05 00:10:12,216.36,16.03,5.43
1744,2024-12-05 00:10:12,216.48,16.03,5.43
1745,2024-12-05 00:10:12,216.60,16.03,5.43
1746,2024-12-05 00:10:12,216.73,16.03,5.43
1747,2024-12-05 00:10:13,216.85,16.03,5.43
1748,2024-12-05 00:10:13,216.97,16.03,5.43
1749,2024-12-05 00:10:13,217.10,16.03,5.43
1750,2024-12-05 00:10:13,217.23,16.03,5.43
1751,2024-12-05 00:10:13,217.35,16.03,5.43
1752,2024-12-05 00:10:13,217.47,16.03,5.43
1753,2024-12-05 00:10:13,217.60,16.03,5.43
1754,2024-12-05 00:10:13,217.72,16.03,5.43
1755,2024-12-05 00:10:14,217.85,16.03,5.43
1756,2024-12-05 00:10:14,217.97,16.03,5.43
1757,2024-12-05 00:10:14,218.09,16.03,5.43
1758,2024-12-05 00:10:14,218.22,16.03,5.43
1759,2024-12-05 00:10:14,218.35,16.03,5.43
1760,2024-12-05 00:10:14,218.47,16.03,5.43
1761,2024-12-05 00:10:14,218.59,16.03,5.43
1762,2024-12-05 00:10:14,218.71,16.03,5.43
1763,2024-12-05 00:10:14,218.83,16.03,5.43
1764,2024-12-05 00:10:15,218.96,16.03,5.43
1765,2024-12-05 00:10:15,219.09,16.03,5.43
1766,2024-12-05 00:10:15,219.20,16.03,5.43
1767,2024-12-05 00:10:15,219.33,16.03,5.43
1768,2024-12-05 00:10:15,219.45,16.03,5.43
1769,2024-12-05 00:10:15,219.58,16.03,5.43
1770,2024-12-05 00:10:15,219.70,16.03,5.43
1771,2024-12-05 00:10:15,219.83,16.03,5.43
1772,2024-12-05 00:10:16,219.96,16.03,5.43
1773,2024-12-05 00:10:16,220.08,16.03,5.43
1774,2024-12-05 00:10:16,220.21,16.03,5.43
1775,2024-12-05 00:10:16,220.33,16.03,5.43
1776,2024-12-05 00:10:16,220.46,16.03,5.43
1777,2024-12-05 00:10:16,220.59,16.03,5.43
1778,2024-12-05 00:10:16,220.71,16.03,5.43
1779,2024-12-05 00:10:16,220.84,16.03,5.43
1780,2024-12-05 00:10:17,220.96,16.03,5.43
1781,2024-12-05 00:10:17,221.08,16.03,5.43
1782,2024-12-05 00:10:17,221.21,16.03,5.43
1783,2024-12-05 00:10:17,221.33,16.03,5.43
1784,2024-12-05 00:10:17,221.45,16.03,5.43
1785,2024-12-05 00:10:17,221.57,16.03,5.43
1786,2024-12-05 00:10:17,221.69,16.03,5.43
1787,2024-12-05 00:10:17,221.80,16.03,5.43
1788,2024-12-05 00:10:18,221.93,16.03,5.43
1789,2024-12-05 00:10:18,222.06,16.03,5.43
1790,2024-12-05 00:10:18,222.19,16.03,5.43
1791,2024-12-05 00:10:18,222.32,16.03,5.43
1792,2024-12-05 00:10:18,222.43,16.03,5.43
1793,2024-12-05 00:10:18,222.56,16.03,5.43
1794,2024-12-05 00:10:18,222.69,16.03,5.43
1795,2024-12-05 00:10:18,222.81,16.03,5.43
1796,2024-12-05 00:10:19,222.94,16.03,5.43
1797,2024-12-05 00:10:19,223.07,16.03,5.43
1798,2024-12-05 00:10:19,223.19,16.03,5.43
1799,2024-12-05 00:10:19,223.31,16.03,5.43
1800,2024-12-05 00:10:19,223.43,16.03,5.43
1801,2024-12-05 00:10:19,223.55,16.03,5.43
1802,2024-12-05 00:10:19,223.68,16.03,5.43
1803,2024-12-05 00:10:19,223.81,16.03,5.43
1804,2024-12-05 00:10:20,223.94,16.03,5.43
1805,2024-12-05 00:10:20,224.07,16.03,5.43
1806,2024-12-05 00:10:20,224.19,16.03,5.43
1807,2024-12-05 00:10:20,224.32,16.03,5.43
1808,2024-12-05 00:10:20,224.44,16.03,5.43
1809,2024-12-05 00:10:20,224.56,16.03,5.43
1810,2024-12-05 00:10:20,224.69,16.03,5.43
1811,2024-12-05 00:10:20,224.81,16.03,5.43
1812,2024-12-05 00:10:21,224.94,16.03,5.43
1813,2024-12-05 00:10:21,225.06,16.03,5.43
1814,2024-12-05 00:10:21,225.18,16.03,5.43
1815,2024-12-05 00:10:21,225.31,16.03,5.43
1816,2024-12-05 00:10:21,225.43,16.03,5.43
1817,2024-12-05 00:10:21,225.54,16.03,5.43
1818,2024-12-05 00:10:21,225.67,16.03,5.43
1819,2024-12-05 00:10:21,225.80,16.03,5.43
1820,2024-12-05 00:10:22,225.92,16.03,5.43
1821,2024-12-05 00:10:22,226.05,16.03,5.43
1822,2024-12-05 00:10:22,226.16,16.03,5.43
1823,2024-12-05 00:10:22,226.29,16.03,5.43
1824,2024-12-05 00:10:22,226.41,16.03,5.43
1825,2024-12-05 00:10:22,226.54,16.03,5.43
1826,2024-12-05 00:10:22,226.66,16.03,5.43
1827,2024-12-05 00:10:22,226.79,16.03,5.43
1828,2024-12-05 00:10:23,226.91,16.03,5.43
1829,2024-12-05 00:10:23,227.04,16.03,5.43
1830,2024-12-05 00:10:23,227.16,16.03,5.43
1831,2024-12-05 00:10:23,227.28,16.03,5.43
1832,2024-12-05 00:10:23,227.40,16.03,5.43
1833,2024-12-05 00:10:23,227.51,16.03,5.43
1834,2024-12-05 00:10:23,227.63,16.03,5.43
1835,2024-12-05 00:10:23,227.76,16.03,5.43
1836,2024-12-05 00:10:24,227.89,16.03,5.43
1837,2024-12-05 00:10:24,228.02,16.03,5.43
1838,2024-12-05 00:10:24,228.14,16.03,5.43
1839,2024-12-05 00:10:24,228.27,16.03,5.43
1840,2024-12-05 00:10:24,228.40,16.03,5.43
1841,2024-12-05 00:10:24,228.53,16.03,5.43
1842,2024-12-05 00:10:24,228.65,16.03,5.43
1843,2024-12-05 00:10:24,228.78,16.03,5.43
1844,2024-12-05 00:10:25,228.91,16.03,5.43
1845,2024-12-05 00:10:25,229.03,16.03,5.43
1846,2024-12-05 00:10:25,229.15,16.03,5.43
1847,2024-12-05 00:10:25,229.28,16.03,5.43
1848,2024-12-05 00:10:25,229.40,16.03,5.43
1849,2024-12-05 00:10:25,229.53,16.03,5.43
1850,2024-12-05 00:10:25,229.65,16.03,5.43
1851,2024-12-05 00:10:25,229.78,16.03,5.43
1852,2024-12-05 00:10:26,229.90,16.03,5.43
1853,2024-12-05 00:10:26,230.02,16.03,5.43
1854,2024-12-05 00:10:26,230.14,16.03,5.43
1855,2024-12-05 00:10:26,230.27,16.03,5.43
1856,2024-12-05 00:10:26,230.40,16.03,5.43
1857,2024-12-05 00:10:26,230.53,16.03,5.43
1858,2024-12-05 00:10:26,230.66,16.03,5.43
1859,2024-12-05 00:10:26,230.78,16.03,5.43
1860,2024-12-05 00:10:27,230.89,16.03,5.43
1861,2024-12-05 00:10:27,231.02,16.03,5.43
1862,2024-12-05 00:10:27,231.15,16.03,5.43
1863,2024-12-05 00:10:27,231.27,16.03,5.43
1864,2024-12-05 00:10:27,231.40,16.03,5.43
1865,2024-12-05 00:10:27,231.53,16.03,5.43
1866,2024-12-05 00:10:27,231.66,16.03,5.43
1867,2024-12-05 00:10:27,231.79,16.03,5.43
1868,2024-12-05 00:10:28,231.91,16.03,5.43
1869,2024-12-05 00:10:28,232.03,16.03,5.43
1870,2024-12-05 00:10:28,232.16,16.03,5.43
1871,2024-12-05 00:10:28,232.28,16.03,5.43
1872,2024-12-05 00:10:28,232.40,16.03,5.43
1873,2024-12-05 00:10:28,232.53,16.03,5.43
1874,2024-12-05 00:10:28,232.65,16.03,5.43
1875,2024-12-05 00:10:28,232.77,16.03,5.43
1876,2024-12-05 00:10:29,232.89,16.03,5.43
1877,2024-12-05 00:10:29,233.01,16.03,5.43
1878,2024-12-05 00:10:29,233.14,16.03,5.43
1879,2024-12-05 00:10:29,233.26,16.03,5.43
1880,2024-12-05 00:10:29,233.42,16.03,5.43
1881,2024-12-05 00:10:29,233.54,16.03,5.43
1882,2024-12-05 00:10:29,233.67,16.03,5.43
1883,2024-12-05 00:10:29,233.79,16.03,5.43
1884,2024-12-05 00:10:30,233.92,16.03,5.43
1885,2024-12-05 00:10:30,234.04,16.03,5.43
1886,2024-12-05 00:10:30,234.17,16.03,5.43
1887,2024-12-05 00:10:30,234.29,16.03,5.43
1888,2024-12-05 00:10:30,234.42,16.03,5.43
1889,2024-12-05 00:10:30,234.55,16.03,5.43
1890,2024-12-05 00:10:30,234.67,16.03,5.43
1891,2024-12-05 00:10:30,234.80,16.03,5.43
1892,2024-12-05 00:10:31,234.93,16.03,5.43
1893,2024-12-05 00:10:31,235.06,16.03,5.43
1894,2024-12-05 00:10:31,235.18,16.03,5.43
1895,2024-12-05 00:10:31,235.30,16.03,5.43
1896,2024-12-05 00:10:31,235.42,16.03,5.43
1897,2024-12-05 00:10:31,235.55,16.03,5.43
1898,2024-12-05 00:10:31,235.67,16.03,5.43
1899,2024-12-05 00:10:31,235.79,16.03,5.43
1900,2024-12-05 00:10:32,235.91,16.03,5.43
1901,2024-12-05 00:10:32,236.04,16.03,5.43
1902,2024-12-05 00:10:32,236.16,16.03,5.43
1903,2024-12-05 00:10:32,236.29,16.03,5.43
1904,2024-12-05 00:10:32,236.42,16.03,5.43
1905,2024-12-05 00:10:32,236.53,16.03,5.43
1906,2024-12-05 00:10:32,236.65,16.03,5.43
1907,2024-12-05 00:10:32,236.78,16.03,5.43
1908,2024-12-05 00:10:33,236.89,16.03,5.43
1909,2024-12-05 00:10:33,237.02,16.03,5.43
1910,2024-12-05 00:10:33,237.14,16.03,5.43
1911,2024-12-05 00:10:33,237.26,16.03,5.43
1912,2024-12-05 00:10:33,237.38,16.03,5.43
1913,2024-12-05 00:10:33,237.49,16.03,5.43
1914,2024-12-05 00:10:33,237.61,16.03,5.43
1915,2024-12-05 00:10:33,237.73,16.03,5.43
1916,2024-12-05 00:10:34,237.85,16.03,5.43
1917,2024-12-05 00:10:34,237.98,16.03,5.43
1918,2024-12-05 00:10:34,238.10,16.03,5.43
1919,2024-12-05 00:10:34,238.23,16.03,5.43
1920,2024-12-05 00:10:34,238.34,16.03,5.43
1921,2024-12-05 00:10:34,238.47,16.03,5.43
1922,2024-12-05 00:10:34,238.59,16.03,5.43
1923,2024-12-05 00:10:34,238.72,16.03,5.43
1924,2024-12-05 00:10:35,238.85,16.03,5.43
1925,2024-12-05 00:10:35,238.98,16.03,5.43
1926,2024-12-05 00:10:35,239.11,16.03,5.43
1927,2024-12-05 00:10:35,239.23,16.03,5.43
1928,2024-12-05 00:10:35,239.35,16.03,5.43
1929,2024-12-05 00:10:35,239.48,16.03,5.43
1930,2024-12-05 00:10:35,239.60,16.03,5.43
1931,2024-12-05 00:10:35,239.73,16.03,5.43
1932,2024-12-05 00:10:36,239.85,16.03,5.43
1933,2024-12-05 00:10:36,239.97,16.03,5.43
1934,2024-12-05 00:10:36,240.10,16.03,5.43
1935,2024-12-05 00:10:36,240.23,16.03,5.43
1936,2024-12-05 00:10:36,240.35,16.03,5.43
1937,2024-12-05 00:10:36,240.47,16.03,5.43
1938,2024-12-05 00:10:36,240.60,16.03,5.43
1939,2024-12-05 00:10:36,240.73,16.03,5.43
1940,2024-12-05 00:10:37,240.85,16.03,5.43
1941,2024-12-05 00:10:37,240.98,16.03,5.43
1942,2024-12-05 00:10:37,241.10,16.03,5.43
1943,2024-12-05 00:10:37,241.22,16.03,5.43
1944,2024-12-05 00:10:37,241.35,16.03,5.43
1945,2024-12-05 00:10:37,241.47,16.03,5.43
1946,2024-12-05 00:10:37,241.60,16.03,5.43
1947,2024-12-05 00:10:37,241.72,16.03,5.43
1948,2024-12-05 00:10:37,241.84,16.03,5.43
1949,2024-12-05 00:10:38,241.96,16.03,5.43
1950,2024-12-05 00:10:38,242.09,16.03,5.43
1951,2024-12-05 00:10:38,242.21,16.03,5.43
1952,2024-12-05 00:10:38,242.34,16.03,5.43
1953,2024-12-05 00:10:38,242.46,16.03,5.43
1954,2024-12-05 00:10:38,242.59,16.03,5.43
1955,2024-12-05 00:10:38,242.71,16.03,5.43
1956,2024-12-05 00:10:38,242.84,16.03,5.43
1957,2024-12-05 00:10:39,242.97,16.03,5.43
1958,2024-12-05 00:10:39,243.09,16.03,5.43
1959,2024-12-05 00:10:39,243.22,16.03,5.43
1960,2024-12-05 00:10:39,243.35,16.03,5.43
1961,2024-12-05 00:10:39,243.47,16.03,5.43
1962,2024-12-05 00:10:39,243.59,16.03,5.43
1963,2024-12-05 00:10:39,243.72,16.03,5.43
1964,2024-12-05 00:10:39,243.84,16.03,5.43
1965,2024-12-05 00:10:40,243.96,16.03,5.43
1966,2024-12-05 00:10:40,244.08,16.03,5.43
1967,2024-12-05 00:10:40,244.20,16.03,5.43
1968,2024-12-05 00:10:40,244.32,16.03,5.43
1969,2024-12-05 00:10:40,244.43,16.03,5.43
1970,2024-12-05 00:10:40,244.56,16.03,5.43
1971,2024-12-05 00:10:40,244.68,16.03,5.43
1972,2024-12-05 00:10:40,244.81,16.03,5.43
1973,2024-12-05 00:10:41,244.93,16.03,5.43
1974,2024-12-05 00:10:41,245.05,16.03,5.43
1975,2024-12-05 00:10:41,245.17,16.03,5.43
1976,2024-12-05 00:10:41,245.29,16.03,5.43
1977,2024-12-05 00:10:41,245.42,16.03,5.43
1978,2024-12-05 00:10:41,245.54,16.03,5.43
1979,2024-12-05 00:10:41,245.66,16.03,5.43
1980,2024-12-05 00:10:41,245.79,16.03,5.43
1981,2024-12-05 00:10:42,245.92,16.03,5.43
1982,2024-12-05 00:10:42,246.04,16.03,5.43
1983,2024-12-05 00:10:42,246.17,16.03,5.43
1984,2024-12-05 00:10:42,246.29,16.03,5.43
1985,2024-12-05 00:10:42,246.42,16.03,5.43
1986,2024-12-05 00:10:42,246.55,16.03,5.43
1987,2024-12-05 00:10:42,246.67,16.03,5.43
1988,2024-12-05 00:10:42,246.79,16.03,5.43
1989,2024-12-05 00:10:43,246.92,16.03,5.43
1990,2024-12-05 00:10:43,247.04,16.03,5.43
1991,2024-12-05 00:10:43,247.16,16.03,5.43
1992,2024-12-05 00:10:43,247.29,16.03,5.43
1993,2024-12-05 00:10:43,247.41,16.03,5.43
1994,2024-12-05 00:10:43,247.54,16.03,5.43
1995,2024-12-05 00:10:43,247.66,16.03,5.43
1996,2024-12-05 00:10:43,247.79,16.03,5.43
1997,2024-12-05 00:10:44,247.91,16.03,5.43
1998,2024-12-05 00:10:44,248.04,16.03,5.43
1999,2024-12-05 00:10:44,248.16,16.03,5.43
2000,2024-12-05 00:10:44,248.28,16.03,5.43
2001,2024-12-05 00:10:44,248.40,16.03,5.43
2002,2024-12-05 00:10:44,248.52,16.03,5.43
2003,2024-12-05 00:10:44,248.65,16.03,5.43
2004,2024-12-05 00:10:44,248.78,16.03,5.43
2005,2024-12-05 00:10:45,248.91,16.03,5.43
2006,2024-12-05 00:10:45,249.04,16.03,5.43
2007,2024-12-05 00:10:45,249.17,16.03,5.43
2008,2024-12-05 00:10:45,249.28,16.03,5.43
2009,2024-12-05 00:10:45,249.41,16.03,5.43
2010,2024-12-05 00:10:45,249.53,16.03,5.43
2011,2024-12-05 00:10:45,249.66,16.03,5.43
2012,2024-12-05 00:10:45,249.78,16.03,5.43
2013,2024-12-05 00:10:46,249.90,16.03,5.43
2014,2024-12-05 00:10:46,250.02,16.03,5.43
2015,2024-12-05 00:10:46,250.14,16.03,5.43
2016,2024-12-05 00:10:46,250.27,16.03,5.43
2017,2024-12-05 00:10:46,250.40,16.03,5.43
2018,2024-12-05 00:10:46,250.52,16.03,5.43
2019,2024-12-05 00:10:46,250.65,16.03,5.43
2020,2024-12-05 00:10:46,250.77,16.03,5.43
2021,2024-12-05 00:10:47,250.89,16.03,5.43
2022,2024-12-05 00:10:47,251.01,16.03,5.43
2023,2024-12-05 00:10:47,251.13,16.03,5.43
2024,2024-12-05 00:10:47,251.26,16.03,5.43
2025,2024-12-05 00:10:47,251.38,16.03,5.43
2026,2024-12-05 00:10:47,251.50,16.03,5.43
2027,2024-12-05 00:10:47,251.63,16.03,5.43
2028,2024-12-05 00:10:47,251.75,16.03,5.43
2029,2024-12-05 00:10:48,251.87,16.03,5.43
2030,2024-12-05 00:10:48,251.99,16.03,5.43
2031,2024-12-05 00:10:48,252.12,16.03,5.43
2032,2024-12-05 00:10:48,252.24,16.03,5.43
2033,2024-12-05 00:10:48,252.36,16.03,5.43
2034,2024-12-05 00:10:48,252.48,16.03,5.43
2035,2024-12-05 00:10:48,252.60,16.03,5.43
2036,2024-12-05 00:10:48,252.73,16.03,5.43
2037,2024-12-05 00:10:49,252.86,16.03,5.43
2038,2024-12-05 00:10:49,252.98,16.03,5.43
2039,2024-12-05 00:10:49,253.11,16.03,5.43
2040,2024-12-05 00:10:49,253.23,16.03,5.43
2041,2024-12-05 00:10:49,253.35,16.03,5.43
2042,2024-12-05 00:10:49,253.47,16.03,5.43
2043,2024-12-05 00:10:49,253.60,16.03,5.43
2044,2024-12-05 00:10:49,253.72,16.03,5.43
2045,2024-12-05 00:10:50,253.85,16.03,5.43
2046,2024-12-05 00:10:50,253.98,16.03,5.43
2047,2024-12-05 00:10:50,254.10,16.03,5.43
2048,2024-12-05 00:10:50,254.22,16.03,5.43
2049,2024-12-05 00:10:50,254.35,16.03,5.43
2050,2024-12-05 00:10:50,254.47,16.03,5.43
2051,2024-12-05 00:10:50,254.59,16.03,5.43
2052,2024-12-05 00:10:50,254.71,16.03,5.43
2053,2024-12-05 00:10:50,254.83,16.03,5.43
2054,2024-12-05 00:10:51,254.96,16.03,5.43
2055,2024-12-05 00:10:51,255.09,16.03,5.43
2056,2024-12-05 00:10:51,255.22,16.03,5.43
2057,2024-12-05 00:10:51,255.33,16.03,5.43
2058,2024-12-05 00:10:51,255.46,16.03,5.43
2059,2024-12-05 00:10:51,255.58,16.03,5.43
2060,2024-12-05 00:10:51,255.71,16.03,5.43
2061,2024-12-05 00:10:51,255.83,16.03,5.43
2062,2024-12-05 00:10:52,255.95,16.03,5.43
2063,2024-12-05 00:10:52,256.08,16.03,5.43
2064,2024-12-05 00:10:52,256.20,16.03,5.43
2065,2024-12-05 00:10:52,256.32,16.03,5.43
2066,2024-12-05 00:10:52,256.45,16.03,5.43
2067,2024-12-05 00:10:52,256.58,16.03,5.43
2068,2024-12-05 00:10:52,256.70,16.03,5.43
2069,2024-12-05 00:10:52,256.82,16.03,5.43
2070,2024-12-05 00:10:53,256.95,16.03,5.43
2071,2024-12-05 00:10:53,257.06,16.03,5.43
2072,2024-12-05 00:10:53,257.18,16.03,5.43
2073,2024-12-05 00:10:53,257.31,16.03,5.43
2074,2024-12-05 00:10:53,257.43,16.03,5.43
2075,2024-12-05 00:10:53,257.56,16.03,5.43
2076,2024-12-05 00:10:53,257.68,16.03,5.43
2077,2024-12-05 00:10:53,257.80,16.03,5.43
2078,2024-12-05 00:10:54,257.93,16.03,5.43
2079,2024-12-05 00:10:54,258.05,16.03,5.43
2080,2024-12-05 00:10:54,258.18,16.03,5.43
2081,2024-12-05 00:10:54,258.30,16.03,5.43
2082,2024-12-05 00:10:54,258.42,16.03,5.43
2083,2024-12-05 00:10:54,258.54,16.03,5.43
2084,2024-12-05 00:10:54,258.67,16.03,5.43
2085,2024-12-05 00:10:54,258.80,16.03,5.43
2086,2024-12-05 00:10:55,258.92,16.03,5.43
2087,2024-12-05 00:10:55,259.05,16.03,5.43
2088,2024-12-05 00:10:55,259.17,16.03,5.43
2089,2024-12-05 00:10:55,259.30,16.03,5.43
2090,2024-12-05 00:10:55,259.42,16.03,5.43
2091,2024-12-05 00:10:55,259.54,16.03,5.43
2092,2024-12-05 00:10:55,259.66,16.03,5.43
2093,2024-12-05 00:10:55,259.79,16.03,5.43
2094,2024-12-05 00:10:56,259.91,16.03,5.43
2095,2024-12-05 00:10:56,260.04,16.03,5.43
2096,2024-12-05 00:10:56,260.17,16.03,5.43
2097,2024-12-05 00:10:56,260.29,16.03,5.43
2098,2024-12-05 00:10:56,260.42,16.03,5.43
2099,2024-12-05 00:10:56,260.54,16.03,5.43
2100,2024-12-05 00:10:56,260.67,16.03,5.43
2101,2024-12-05 00:10:56,260.79,16.03,5.43
2102,2024-12-05 00:10:57,260.91,16.03,5.43
2103,2024-12-05 00:10:57,261.04,16.03,5.43
2104,2024-12-05 00:10:57,261.16,16.03,5.43
2105,2024-12-05 00:10:57,261.28,16.03,5.43
2106,2024-12-05 00:10:57,261.40,16.03,5.43
2107,2024-12-05 00:10:57,261.52,16.03,5.43
2108,2024-12-05 00:10:57,261.65,16.03,5.43
2109,2024-12-05 00:10:57,261.77,16.03,5.43
2110,2024-12-05 00:10:58,261.89,16.03,5.43
2111,2024-12-05 00:10:58,262.02,16.03,5.43
2112,2024-12-05 00:10:58,262.15,16.03,5.43
2113,2024-12-05 00:10:58,262.27,16.03,5.43
2114,2024-12-05 00:10:58,262.40,16.03,5.43
2115,2024-12-05 00:10:58,262.52,16.03,5.43
2116,2024-12-05 00:10:58,262.63,16.03,5.43
2117,2024-12-05 00:10:58,262.76,16.03,5.43
2118,2024-12-05 00:10:59,262.87,16.03,5.43
2119,2024-12-05 00:10:59,263.00,16.03,5.43
2120,2024-12-05 00:10:59,263.13,16.03,5.43
2121,2024-12-05 00:10:59,263.25,16.03,5.43
2122,2024-12-05 00:10:59,263.37,16.03,5.43
2123,2024-12-05 00:10:59,263.50,16.03,5.43
2124,2024-12-05 00:10:59,263.62,16.03,5.43
2125,2024-12-05 00:10:59,263.74,16.03,5.43
2126,2024-12-05 00:11:00,263.86,16.03,5.43
2127,2024-12-05 00:11:00,263.99,16.03,5.43
2128,2024-12-05 00:11:00,264.10,16.03,5.43
2129,2024-12-05 00:11:00,264.23,16.03,5.43
2130,2024-12-05 00:11:00,264.36,16.03,5.43
2131,2024-12-05 00:11:00,264.47,16.03,5.43
2132,2024-12-05 00:11:00,264.60,16.03,5.43
2133,2024-12-05 00:11:00,264.71,16.03,5.43
2134,2024-12-05 00:11:00,264.83,16.03,5.43
2135,2024-12-05 00:11:01,264.95,16.03,5.43
2136,2024-12-05 00:11:01,265.08,16.03,5.43
2137,2024-12-05 00:11:01,265.20,16.03,5.43
2138,2024-12-05 00:11:01,265.33,16.03,5.43
2139,2024-12-05 00:11:01,265.45,16.03,5.43
2140,2024-12-05 00:11:01,265.57,16.03,5.43
2141,2024-12-05 00:11:01,265.69,16.03,5.43
2142,2024-12-05 00:11:01,265.82,16.03,5.43
2143,2024-12-05 00:11:02,265.94,16.03,5.43
2144,2024-12-05 00:11:02,266.07,16.03,5.43
2145,2024-12-05 00:11:02,266.18,16.03,5.43
2146,2024-12-05 00:11:02,266.31,16.03,5.43
2147,2024-12-05 00:11:02,266.43,16.03,5.43
2148,2024-12-05 00:11:02,266.56,16.03,5.43
2149,2024-12-05 00:11:02,266.69,16.03,5.43
2150,2024-12-05 00:11:02,266.81,16.03,5.43
2151,2024-12-05 00:11:03,266.93,16.03,5.43
2152,2024-12-05 00:11:03,267.05,16.03,5.43
2153,2024-12-05 00:11:03,267.18,16.03,5.43
2154,2024-12-05 00:11:03,267.31,16.03,5.43
2155,2024-12-05 00:11:03,267.44,16.03,5.43
2156,2024-12-05 00:11:03,267.56,16.03,5.43
2157,2024-12-05 00:11:03,267.68,16.03,5.43
2158,2024-12-05 00:11:03,267.80,16.03,5.43
2159,2024-12-05 00:11:04,267.92,16.03,5.43
2160,2024-12-05 00:11:04,268.05,16.03,5.43
2161,2024-12-05 00:11:04,268.17,16.03,5.43
2162,2024-12-05 00:11:04,268.29,16.03,5.43
2163,2024-12-05 00:11:04,268.41,16.03,5.43
2164,2024-12-05 00:11:04,268.54,16.03,5.43
2165,2024-12-05 00:11:04,268.67,16.03,5.43
2166,2024-12-05 00:11:04,268.79,16.03,5.43
2167,2024-12-05 00:11:05,268.91,16.03,5.43
2168,2024-12-05 00:11:05,269.03,16.03,5.43
2169,2024-12-05 00:11:05,269.16,16.03,5.43
2170,2024-12-05 00:11:05,269.28,16.03,5.43
2171,2024-12-05 00:11:05,269.40,16.03,5.43
2172,2024-12-05 00:11:05,269.53,16.03,5.43
2173,2024-12-05 00:11:05,269.65,16.03,5.43
2174,2024-12-05 00:11:05,269.77,16.03,5.43
2175,2024-12-05 00:11:06,269.90,16.03,5.43
2176,2024-12-05 00:11:06,270.03,16.03,5.43
2177,2024-12-05 00:11:06,270.15,16.03,5.43
2178,2024-12-05 00:11:06,270.28,16.03,5.43
2179,2024-12-05 00:11:06,270.41,16.03,5.43
2180,2024-12-05 00:11:06,270.53,16.03,5.43
2181,2024-12-05 00:11:06,270.65,16.03,5.43
2182,2024-12-05 00:11:06,270.77,16.03,5.43
2183,2024-12-05 00:11:07,270.89,16.03,5.43
2184,2024-12-05 00:11:07,271.01,16.03,5.43
2185,2024-12-05 00:11:07,271.13,16.03,5.43
2186,2024-12-05 00:11:07,271.25,16.03,5.43
2187,2024-12-05 00:11:07,271.37,16.03,5.43
2188,2024-12-05 00:11:07,271.48,16.03,5.43
2189,2024-12-05 00:11:07,271.61,16.03,5.43
2190,2024-12-05 00:11:07,271.74,16.03,5.43
2191,2024-12-05 00:11:08,271.87,16.03,5.43
2192,2024-12-05 00:11:08,271.98,16.03,5.43
2193,2024-12-05 00:11:08,272.10,16.03,5.43
2194,2024-12-05 00:11:08,272.22,16.03,5.43
2195,2024-12-05 00:11:08,272.35,16.03,5.43
2196,2024-12-05 00:11:08,272.48,16.03,5.43
2197,2024-12-05 00:11:08,272.60,16.03,5.43
2198,2024-12-05 00:11:08,272.73,16.03,5.43
2199,2024-12-05 00:11:09,272.85,16.03,5.43
2200,2024-12-05 00:11:09,272.98,16.03,5.43
2201,2024-12-05 00:11:09,273.10,16.03,5.43
2202,2024-12-05 00:11:09,273.23,16.03,5.43
2203,2024-12-05 00:11:09,273.36,16.03,5.43
2204,2024-12-05 00:11:09,273.48,16.03,5.43
2205,2024-12-05 00:11:09,273.61,16.03,5.43
2206,2024-12-05 00:11:09,273.74,16.03,5.43
2207,2024-12-05 00:11:10,273.87,16.03,5.43
2208,2024-12-05 00:11:10,274.00,16.03,5.43
2209,2024-12-05 00:11:10,274.12,16.03,5.43
2210,2024-12-05 00:11:10,274.25,16.03,5.43
2211,2024-12-05 00:11:10,274.37,16.03,5.43
2212,2024-12-05 00:11:10,274.48,16.03,5.43
2213,2024-12-05 00:11:10,274.61,16.03,5.43
2214,2024-12-05 00:11:10,274.72,16.03,5.43
2215,2024-12-05 00:11:10,274.84,16.03,5.43
2216,2024-12-05 00:11:11,274.96,16.03,5.43
2217,2024-12-05 00:11:11,275.09,16.03,5.43
2218,2024-12-05 00:11:11,275.21,16.03,5.43
2219,2024-12-05 00:11:11,275.34,16.03,5.43
2220,2024-12-05 00:11:11,275.47,16.03,5.43
2221,2024-12-05 00:11:11,275.59,16.03,5.43
2222,2024-12-05 00:11:11,275.70,16.03,5.43
2223,2024-12-05 00:11:11,275.82,16.03,5.43
2224,2024-12-05 00:11:12,275.94,16.03,5.43
2225,2024-12-05 00:11:12,276.07,16.03,5.43
2226,2024-12-05 00:11:12,276.20,16.03,5.43
2227,2024-12-05 00:11:12,276.32,16.03,5.43
2228,2024-12-05 00:11:12,276.45,16.03,5.43
2229,2024-12-05 00:11:12,276.57,16.03,5.43
2230,2024-12-05 00:11:12,276.70,16.03,5.43
2231,2024-12-05 00:11:12,276.82,16.03,5.43
2232,2024-12-05 00:11:13,276.95,16.03,5.43
2233,2024-12-05 00:11:13,277.07,16.03,5.43
2234,2024-12-05 00:11:13,277.18,16.03,5.43
2235,2024-12-05 00:11:13,277.31,16.03,5.43
2236,2024-12-05 00:11:13,277.44,16.03,5.43
2237,2024-12-05 00:11:13,277.56,16.03,5.43
2238,2024-12-05 00:11:13,277.68,16.03,5.43
2239,2024-12-05 00:11:13,277.81,16.03,5.43
2240,2024-12-05 00:11:14,277.93,16.03,5.43
2241,2024-12-05 00:11:14,278.06,16.03,5.43
2242,2024-12-05 00:11:14,278.19,16.03,5.43
2243,2024-12-05 00:11:14,278.31,16.03,5.43
2244,2024-12-05 00:11:14,278.44,16.03,5.43
2245,2024-12-05 00:11:14,278.57,16.03,5.43
2246,2024-12-05 00:11:14,278.69,16.03,5.43
2247,2024-12-05 00:11:14,278.81,16.03,5.43
2248,2024-12-05 00:11:15,278.94,16.03,5.43
2249,2024-12-05 00:11:15,279.07,16.03,5.43
2250,2024-12-05 00:11:15,279.20,16.03,5.43
2251,2024-12-05 00:11:15,279.33,16.03,5.43
2252,2024-12-05 00:11:15,279.44,16.03,5.43
2253,2024-12-05 00:11:15,279.57,16.03,5.43
2254,2024-12-05 00:11:15,279.69,16.03,5.43
2255,2024-12-05 00:11:15,279.82,16.03,5.43
2256,2024-12-05 00:11:16,279.94,16.03,5.43
2257,2024-12-05 00:11:16,280.06,16.03,5.43
2258,2024-12-05 00:11:16,280.18,16.03,5.43
2259,2024-12-05 00:11:16,280.31,16.03,5.43
2260,2024-12-05 00:11:16,280.43,16.03,5.43
2261,2024-12-05 00:11:16,280.56,16.03,5.43
2262,2024-12-05 00:11:16,280.69,16.03,5.43
2263,2024-12-05 00:11:16,280.82,16.03,5.43
2264,2024-12-05 00:11:17,280.94,16.03,5.43
2265,2024-12-05 00:11:17,281.07,16.03,5.43
2266,2024-12-05 00:11:17,281.19,16.03,5.43
2267,2024-12-05 00:11:17,281.32,16.03,5.43
2268,2024-12-05 00:11:17,281.44,16.03,5.43
2269,2024-12-05 00:11:17,281.57,16.03,5.43
2270,2024-12-05 00:11:17,281.68,16.03,5.43
2271,2024-12-05 00:11:17,281.80,16.03,5.43
2272,2024-12-05 00:11:18,281.93,16.03,5.43
2273,2024-12-05 00:11:18,282.06,16.03,5.43
2274,2024-12-05 00:11:18,282.18,16.03,5.43
2275,2024-12-05 00:11:18,282.31,16.03,5.43
2276,2024-12-05 00:11:18,282.43,16.03,5.43
2277,2024-12-05 00:11:18,282.55,16.03,5.43
2278,2024-12-05 00:11:18,282.67,16.03,5.43
2279,2024-12-05 00:11:18,282.80,16.03,5.43
2280,2024-12-05 00:11:19,282.92,16.03,5.43
2281,2024-12-05 00:11:19,283.05,16.03,5.43
2282,2024-12-05 00:11:19,283.16,16.03,5.43
2283,2024-12-05 00:11:19,283.28,16.03,5.43
2284,2024-12-05 00:11:19,283.40,16.03,5.43
2285,2024-12-05 00:11:19,283.53,16.03,5.43
2286,2024-12-05 00:11:19,283.65,16.03,5.43
2287,2024-12-05 00:11:19,283.78,16.03,5.43
2288,2024-12-05 00:11:20,283.90,16.03,5.43
2289,2024-12-05 00:11:20,284.02,16.03,5.43
2290,2024-12-05 00:11:20,284.15,16.03,5.43
2291,2024-12-05 00:11:20,284.27,16.03,5.43
2292,2024-12-05 00:11:20,284.40,16.03,5.43
2293,2024-12-05 00:11:20,284.52,16.03,5.43
2294,2024-12-05 00:11:20,284.64,16.03,5.43
2295,2024-12-05 00:11:20,284.77,16.03,5.43
2296,2024-12-05 00:11:21,284.89,16.03,5.43
2297,2024-12-05 00:11:21,285.02,16.03,5.43
2298,2024-12-05 00:11:21,285.14,16.03,5.43
2299,2024-12-05 00:11:21,285.27,16.03,5.43
2300,2024-12-05 00:11:21,285.39,16.03,5.43
2301,2024-12-05 00:11:21,285.51,16.03,5.43
2302,2024-12-05 00:11:21,285.64,16.03,5.43
2303,2024-12-05 00:11:21,285.76,16.03,5.43
2304,2024-12-05 00:11:22,285.88,16.03,5.43
2305,2024-12-05 00:11:22,286.01,16.03,5.43
2306,2024-12-05 00:11:22,286.14,16.03,5.43
2307,2024-12-05 00:11:22,286.26,16.03,5.43
2308,2024-12-05 00:11:22,286.39,16.03,5.43
2309,2024-12-05 00:11:22,286.50,16.03,5.43
2310,2024-12-05 00:11:22,286.63,16.03,5.43
2311,2024-12-05 00:11:22,286.75,16.03,5.43
2312,2024-12-05 00:11:23,286.88,16.03,5.43
2313,2024-12-05 00:11:23,287.00,16.03,5.43
2314,2024-12-05 00:11:23,287.12,16.03,5.43
2315,2024-12-05 00:11:23,287.24,16.03,5.43
2316,2024-12-05 00:11:23,287.37,16.03,5.43
2317,2024-12-05 00:11:23,287.49,16.03,5.43
2318,2024-12-05 00:11:23,287.61,16.03,5.43
2319,2024-12-05 00:11:23,287.73,16.03,5.43
2320,2024-12-05 00:11:24,287.86,16.03,5.43
2321,2024-12-05 00:11:24,287.98,16.03,5.43
2322,2024-12-05 00:11:24,288.11,16.03,5.43
2323,2024-12-05 00:11:24,288.24,16.03,5.43
2324,2024-12-05 00:11:24,288.37,16.03,5.43
2325,2024-12-05 00:11:24,288.49,16.03,5.43
2326,2024-12-05 00:11:24,288.62,16.03,5.43
2327,2024-12-05 00:11:24,288.74,16.03,5.43
2328,2024-12-05 00:11:25,288.87,16.03,5.43
2329,2024-12-05 00:11:25,288.99,16.03,5.43
2330,2024-12-05 00:11:25,289.12,16.03,5.43
2331,2024-12-05 00:11:25,289.24,16.03,5.43
2332,2024-12-05 00:11:25,289.37,16.03,5.43
2333,2024-12-05 00:11:25,289.49,16.03,5.43
2334,2024-12-05 00:11:25,289.62,16.03,5.43
2335,2024-12-05 00:11:25,289.74,16.03,5.43
2336,2024-12-05 00:11:26,289.86,16.03,5.43
2337,2024-12-05 00:11:26,289.98,16.03,5.43
2338,2024-12-05 00:11:26,290.10,16.03,5.43
2339,2024-12-05 00:11:26,290.22,16.03,5.43
2340,2024-12-05 00:11:26,290.34,16.03,5.43
2341,2024-12-05 00:11:26,290.46,16.03,5.43
2342,2024-12-05 00:11:26,290.57,16.03,5.43
2343,2024-12-05 00:11:26,290.70,16.03,5.43
2344,2024-12-05 00:11:26,290.82,16.03,5.43
2345,2024-12-05 00:11:27,290.94,16.03,5.43
2346,2024-12-05 00:11:27,291.07,16.03,5.43
2347,2024-12-05 00:11:27,291.20,16.03,5.43
2348,2024-12-05 00:11:27,291.32,16.03,5.43
2349,2024-12-05 00:11:27,291.44,16.03,5.43
2350,2024-12-05 00:11:27,291.57,16.03,5.43
2351,2024-12-05 00:11:27,291.69,16.03,5.43
2352,2024-12-05 00:11:27,291.81,16.03,5.43
2353,2024-12-05 00:11:28,291.93,16.03,5.43
2354,2024-12-05 00:11:28,292.06,16.03,5.43
2355,2024-12-05 00:11:28,292.18,16.03,5.43
2356,2024-12-05 00:11:28,292.30,16.03,5.43
2357,2024-12-05 00:11:28,292.43,16.03,5.43
2358,2024-12-05 00:11:28,292.55,16.03,5.43
2359,2024-12-05 00:11:28,292.67,16.03,5.43
2360,2024-12-05 00:11:28,292.80,16.03,5.43
2361,2024-12-05 00:11:29,292.92,16.03,5.43
2362,2024-12-05 00:11:29,293.05,16.03,5.43
2363,2024-12-05 00:11:29,293.17,16.03,5.43
2364,2024-12-05 00:11:29,293.28,16.03,5.43
2365,2024-12-05 00:11:29,293.40,16.03,5.43
2366,2024-12-05 00:11:29,293.53,16.03,5.43
2367,2024-12-05 00:11:29,293.66,16.03,5.43
2368,2024-12-05 00:11:29,293.78,16.03,5.43
2369,2024-12-05 00:11:30,293.90,16.03,5.43
2370,2024-12-05 00:11:30,294.02,16.03,5.43
2371,2024-12-05 00:11:30,294.14,16.03,5.43
2372,2024-12-05 00:11:30,294.26,16.03,5.43
2373,2024-12-05 00:11:30,294.38,16.03,5.43
2374,2024-12-05 00:11:30,294.49,16.03,5.43
2375,2024-12-05 00:11:30,294.62,16.03,5.43
2376,2024-12-05 00:11:30,294.74,16.03,5.43
2377,2024-12-05 00:11:31,294.91,16.03,5.43
2378,2024-12-05 00:11:31,295.04,16.03,5.43
2379,2024-12-05 00:11:31,295.16,16.03,5.43
2380,2024-12-05 00:11:31,295.29,16.03,5.43
2381,2024-12-05 00:11:31,295.41,16.03,5.43
2382,2024-12-05 00:11:31,295.53,16.03,5.43
2383,2024-12-05 00:11:31,295.65,16.03,5.43
2384,2024-12-05 00:11:31,295.78,16.03,5.43
2385,2024-12-05 00:11:32,295.90,16.03,5.43
2386,2024-12-05 00:11:32,296.03,16.03,5.43
2387,2024-12-05 00:11:32,296.15,16.03,5.43
2388,2024-12-05 00:11:32,296.27,16.03,5.43
2389,2024-12-05 00:11:32,296.39,16.03,5.43
2390,2024-12-05 00:11:32,296.52,16.03,5.43
2391,2024-12-05 00:11:32,296.64,16.03,5.43
2392,2024-12-05 00:11:32,296.77,16.03,5.43
2393,2024-12-05 00:11:33,296.90,16.03,5.43
2394,2024-12-05 00:11:33,297.01,16.03,5.43
2395,2024-12-05 00:11:33,297.13,16.03,5.43
2396,2024-12-05 00:11:33,297.25,16.03,5.43
2397,2024-12-05 00:11:33,297.38,16.03,5.43
2398,2024-12-05 00:11:33,297.51,16.03,5.43
2399,2024-12-05 00:11:33,297.63,16.03,5.43
2400,2024-12-05 00:11:33,297.75,16.03,5.43
2401,2024-12-05 00:11:34,297.87,16.03,5.43
2402,2024-12-05 00:11:34,297.99,16.03,5.43
2403,2024-12-05 00:11:34,298.11,16.03,5.43
2404,2024-12-05 00:11:34,298.23,16.03,5.43
2405,2024-12-05 00:11:34,298.36,16.03,5.43
2406,2024-12-05 00:11:34,298.48,16.03,5.43
2407,2024-12-05 00:11:34,298.60,16.03,5.43
2408,2024-12-05 00:11:34,298.72,16.03,5.43
2409,2024-12-05 00:11:35,298.85,16.03,5.43
2410,2024-12-05 00:11:35,298.97,16.03,5.43
2411,2024-12-05 00:11:35,299.10,16.03,5.43
2412,2024-12-05 00:11:35,299.23,16.03,5.43
2413,2024-12-05 00:11:35,299.35,16.03,5.43
2414,2024-12-05 00:11:35,299.48,16.03,5.43
2415,2024-12-05 00:11:35,299.60,16.03,5.43
2416,2024-12-05 00:11:35,299.73,16.03,5.43
2417,2024-12-05 00:11:36,299.85,16.03,5.43
2418,2024-12-05 00:11:36,299.97,16.03,5.43
2419,2024-12-05 00:11:36,300.10,16.03,5.43
2420,2024-12-05 00:11:36,300.22,16.03,5.43
2421,2024-12-05 00:11:36,300.34,16.03,5.43
2422,2024-12-05 00:11:36,300.47,16.03,5.43
2423,2024-12-05 00:11:36,300.59,16.03,5.43
2424,2024-12-05 00:11:36,300.71,16.03,5.43
2425,2024-12-05 00:11:36,300.83,16.03,5.43
2426,2024-12-05 00:11:37,300.95,16.03,5.43
2427,2024-12-05 00:11:37,301.07,16.03,5.43
2428,2024-12-05 00:11:37,301.20,16.03,5.43
2429,2024-12-05 00:11:37,301.32,16.03,5.43
2430,2024-12-05 00:11:37,301.45,16.03,5.43
2431,2024-12-05 00:11:37,301.58,16.03,5.43
2432,2024-12-05 00:11:37,301.70,16.03,5.43
2433,2024-12-05 00:11:37,301.83,16.03,5.43
2434,2024-12-05 00:11:38,301.96,16.03,5.43
2435,2024-12-05 00:11:38,302.08,16.03,5.43
2436,2024-12-05 00:11:38,302.21,16.03,5.43
2437,2024-12-05 00:11:38,302.33,16.03,5.43
2438,2024-12-05 00:11:38,302.44,16.03,5.43
2439,2024-12-05 00:11:38,302.57,16.03,5.43
2440,2024-12-05 00:11:38,302.69,16.03,5.43
2441,2024-12-05 00:11:38,302.82,16.03,5.43
2442,2024-12-05 00:11:39,302.95,16.03,5.43
2443,2024-12-05 00:11:39,303.07,16.03,5.43
2444,2024-12-05 00:11:39,303.18,16.03,5.43
2445,2024-12-05 00:11:39,303.30,16.03,5.43
2446,2024-12-05 00:11:39,303.43,16.03,5.43
2447,2024-12-05 00:11:39,303.55,16.03,5.43
2448,2024-12-05 00:11:39,303.67,16.03,5.43
2449,2024-12-05 00:11:39,303.80,16.03,5.43
2450,2024-12-05 00:11:40,303.92,16.03,5.43
2451,2024-12-05 00:11:40,304.05,16.03,5.43
2452,2024-12-05 00:11:40,304.18,16.03,5.43
2453,2024-12-05 00:11:40,304.30,16.03,5.43
2454,2024-12-05 00:11:40,304.43,16.03,5.43
2455,2024-12-05 00:11:40,304.53,16.03,5.43
2456,2024-12-05 00:11:40,304.66,16.03,5.43
2457,2024-12-05 00:11:40,304.78,16.03,5.43
2458,2024-12-05 00:11:41,304.90,16.03,5.43
2459,2024-12-05 00:11:41,305.02,16.03,5.43
2460,2024-12-05 00:11:41,305.15,16.03,5.43
2461,2024-12-05 00:11:41,305.27,16.03,5.43
2462,2024-12-05 00:11:41,305.39,16.03,5.43
2463,2024-12-05 00:11:41,305.52,16.03,5.43
2464,2024-12-05 00:11:41,305.64,16.03,5.43
2465,2024-12-05 00:11:41,305.76,16.03,5.43
2466,2024-12-05 00:11:42,305.89,16.03,5.43
2467,2024-12-05 00:11:42,306.01,16.03,5.43
2468,2024-12-05 00:11:42,306.13,16.03,5.43
2469,2024-12-05 00:11:42,306.26,16.03,5.43
2470,2024-12-05 00:11:42,306.39,16.03,5.43
2471,2024-12-05 00:11:42,306.52,16.03,5.43
2472,2024-12-05 00:11:42,306.64,16.03,5.43
2473,2024-12-05 00:11:42,306.77,16.03,5.43
2474,2024-12-05 00:11:43,306.90,16.03,5.43
2475,2024-12-05 00:11:43,307.02,16.03,5.43
2476,2024-12-05 00:11:43,307.15,16.03,5.43
2477,2024-12-05 00:11:43,307.27,16.03,5.43
2478,2024-12-05 00:11:43,307.40,16.03,5.43
2479,2024-12-05 00:11:43,307.53,16.03,5.43
2480,2024-12-05 00:11:43,307.65,16.03,5.43
2481,2024-12-05 00:11:43,307.77,16.03,5.43
2482,2024-12-05 00:11:44,307.90,16.03,5.43
2483,2024-12-05 00:11:44,308.02,16.03,5.43
2484,2024-12-05 00:11:44,308.13,16.03,5.43
2485,2024-12-05 00:11:44,308.26,16.03,5.43
2486,2024-12-05 00:11:44,308.39,16.03,5.43
2487,2024-12-05 00:11:44,308.50,16.03,5.43
2488,2024-12-05 00:11:44,308.63,16.03,5.43
2489,2024-12-05 00:11:44,308.75,16.03,5.43
2490,2024-12-05 00:11:45,308.87,16.03,5.43
2491,2024-12-05 00:11:45,308.99,16.03,5.43
2492,2024-12-05 00:11:45,309.11,16.03,5.43
2493,2024-12-05 00:11:45,309.24,16.03,5.43
2494,2024-12-05 00:11:45,309.36,16.03,5.43
2495,2024-12-05 00:11:45,309.48,16.03,5.43
2496,2024-12-05 00:11:45,309.61,16.03,5.43
2497,2024-12-05 00:11:45,309.73,16.03,5.43
2498,2024-12-05 00:11:46,309.85,16.03,5.43
2499,2024-12-05 00:11:46,309.98,16.03,5.43
2500,2024-12-05 00:11:46,310.09,16.03,5.43
