Step,Timestamp,Time (s),RAM Usage (GB),GPU Memory Usage (GB)
1,2024-12-04 23:12:02,1.11,15.17,1.84
2,2024-12-04 23:12:03,1.22,15.17,1.84
3,2024-12-04 23:12:03,1.34,15.17,1.84
4,2024-12-04 23:12:03,1.46,15.17,1.84
5,2024-12-04 23:12:03,1.57,15.17,1.84
6,2024-12-04 23:12:03,1.67,15.17,1.84
7,2024-12-04 23:12:03,1.77,15.17,1.84
8,2024-12-04 23:12:03,1.89,15.17,1.84
9,2024-12-04 23:12:03,1.99,15.17,1.84
10,2024-12-04 23:12:03,2.09,15.17,1.84
11,2024-12-04 23:12:04,2.19,15.17,1.84
12,2024-12-04 23:12:04,2.30,15.17,1.84
13,2024-12-04 23:12:04,2.40,15.17,1.84
14,2024-12-04 23:12:04,2.50,15.17,1.84
15,2024-12-04 23:12:04,2.60,15.17,1.84
16,2024-12-04 23:12:04,2.70,15.17,1.84
17,2024-12-04 23:12:04,2.80,15.17,1.84
18,2024-12-04 23:12:04,2.90,15.17,1.84
19,2024-12-04 23:12:04,3.00,15.17,1.84
20,2024-12-04 23:12:04,3.11,15.17,1.84
21,2024-12-04 23:12:05,3.21,15.17,1.84
22,2024-12-04 23:12:05,3.32,15.17,1.84
23,2024-12-04 23:12:05,3.42,15.17,1.84
24,2024-12-04 23:12:05,3.51,15.17,1.84
25,2024-12-04 23:12:05,3.61,15.17,1.84
26,2024-12-04 23:12:05,3.71,15.17,1.84
27,2024-12-04 23:12:05,3.80,15.17,1.84
28,2024-12-04 23:12:05,3.92,15.17,1.84
29,2024-12-04 23:12:05,4.02,15.17,1.84
30,2024-12-04 23:12:05,4.11,15.17,1.84
31,2024-12-04 23:12:06,4.21,15.17,1.84
32,2024-12-04 23:12:06,4.32,15.17,1.84
33,2024-12-04 23:12:06,4.42,15.17,1.84
34,2024-12-04 23:12:06,4.52,15.17,1.84
35,2024-12-04 23:12:06,4.62,15.17,1.84
36,2024-12-04 23:12:06,4.72,15.17,1.84
37,2024-12-04 23:12:06,4.83,15.17,1.84
38,2024-12-04 23:12:06,4.93,15.17,1.84
39,2024-12-04 23:12:06,5.03,15.17,1.84
40,2024-12-04 23:12:06,5.13,15.17,1.84
41,2024-12-04 23:12:07,5.23,15.17,1.84
42,2024-12-04 23:12:07,5.34,15.17,1.84
43,2024-12-04 23:12:07,5.44,15.17,1.84
44,2024-12-04 23:12:07,5.55,15.17,1.84
45,2024-12-04 23:12:07,5.71,15.17,1.84
46,2024-12-04 23:12:07,5.82,15.17,1.84
47,2024-12-04 23:12:07,5.92,15.17,1.84
48,2024-12-04 23:12:07,6.03,15.17,1.84
49,2024-12-04 23:12:07,6.13,15.17,1.84
50,2024-12-04 23:12:08,6.24,15.17,1.84
51,2024-12-04 23:12:08,6.34,15.17,1.84
52,2024-12-04 23:12:08,6.44,15.17,1.84
53,2024-12-04 23:12:08,6.54,15.17,1.84
54,2024-12-04 23:12:08,6.64,15.17,1.84
55,2024-12-04 23:12:08,6.74,15.17,1.84
56,2024-12-04 23:12:08,6.84,15.17,1.84
57,2024-12-04 23:12:08,6.94,15.17,1.84
58,2024-12-04 23:12:08,7.04,15.17,1.84
59,2024-12-04 23:12:08,7.14,15.17,1.84
60,2024-12-04 23:12:09,7.24,15.17,1.84
61,2024-12-04 23:12:09,7.35,15.17,1.84
62,2024-12-04 23:12:09,7.45,15.17,1.84
63,2024-12-04 23:12:09,7.55,15.17,1.84
64,2024-12-04 23:12:09,7.65,15.17,1.84
65,2024-12-04 23:12:09,7.76,15.17,1.84
66,2024-12-04 23:12:09,7.86,15.17,1.84
67,2024-12-04 23:12:09,7.96,15.17,1.84
68,2024-12-04 23:12:09,8.07,15.17,1.84
69,2024-12-04 23:12:10,8.18,15.17,1.84
70,2024-12-04 23:12:10,8.28,15.17,1.84
71,2024-12-04 23:12:10,8.39,15.17,1.84
72,2024-12-04 23:12:10,8.49,15.17,1.84
73,2024-12-04 23:12:10,8.59,15.17,1.84
74,2024-12-04 23:12:10,8.69,15.17,1.84
75,2024-12-04 23:12:10,8.79,15.17,1.84
76,2024-12-04 23:12:10,8.89,15.17,1.84
77,2024-12-04 23:12:10,8.99,15.17,1.84
78,2024-12-04 23:12:10,9.09,15.17,1.84
79,2024-12-04 23:12:11,9.19,15.17,1.84
80,2024-12-04 23:12:11,9.30,15.17,1.84
81,2024-12-04 23:12:11,9.40,15.17,1.84
82,2024-12-04 23:12:11,9.51,15.17,1.84
83,2024-12-04 23:12:11,9.61,15.17,1.84
84,2024-12-04 23:12:11,9.71,15.17,1.84
85,2024-12-04 23:12:11,9.82,15.17,1.84
86,2024-12-04 23:12:11,9.92,15.17,1.84
87,2024-12-04 23:12:11,10.02,15.17,1.84
88,2024-12-04 23:12:11,10.14,15.17,1.84
89,2024-12-04 23:12:12,10.25,15.17,1.84
90,2024-12-04 23:12:12,10.35,15.17,1.84
91,2024-12-04 23:12:12,10.45,15.17,1.84
92,2024-12-04 23:12:12,10.56,15.17,1.84
93,2024-12-04 23:12:12,10.66,15.17,1.84
94,2024-12-04 23:12:12,10.75,15.17,1.84
95,2024-12-04 23:12:12,10.85,15.17,1.84
96,2024-12-04 23:12:12,10.95,15.17,1.84
97,2024-12-04 23:12:12,11.05,15.17,1.84
98,2024-12-04 23:12:12,11.15,15.17,1.84
99,2024-12-04 23:12:13,11.25,15.17,1.84
100,2024-12-04 23:12:13,11.35,15.17,1.84
101,2024-12-04 23:12:13,11.46,15.17,1.84
102,2024-12-04 23:12:13,11.55,15.17,1.84
103,2024-12-04 23:12:13,11.66,15.17,1.84
104,2024-12-04 23:12:13,11.78,15.17,1.84
105,2024-12-04 23:12:13,11.88,15.17,1.84
106,2024-12-04 23:12:13,11.98,15.17,1.84
107,2024-12-04 23:12:13,12.09,15.17,1.84
108,2024-12-04 23:12:14,12.21,15.17,1.84
109,2024-12-04 23:12:14,12.32,15.17,1.84
110,2024-12-04 23:12:14,12.42,15.17,1.84
111,2024-12-04 23:12:14,12.53,15.17,1.84
112,2024-12-04 23:12:14,12.63,15.17,1.84
113,2024-12-04 23:12:14,12.73,15.17,1.84
114,2024-12-04 23:12:14,12.83,15.17,1.84
115,2024-12-04 23:12:14,12.94,15.17,1.84
116,2024-12-04 23:12:14,13.04,15.17,1.84
117,2024-12-04 23:12:14,13.14,15.17,1.84
118,2024-12-04 23:12:15,13.25,15.17,1.84
119,2024-12-04 23:12:15,13.37,15.17,1.84
120,2024-12-04 23:12:15,13.48,15.17,1.84
121,2024-12-04 23:12:15,13.58,15.17,1.84
122,2024-12-04 23:12:15,13.69,15.17,1.84
123,2024-12-04 23:12:15,13.79,15.17,1.84
124,2024-12-04 23:12:15,13.90,15.17,1.84
125,2024-12-04 23:12:15,14.00,15.17,1.84
126,2024-12-04 23:12:15,14.10,15.17,1.84
127,2024-12-04 23:12:16,14.20,15.17,1.84
128,2024-12-04 23:12:16,14.31,15.17,1.84
129,2024-12-04 23:12:16,14.41,15.17,1.84
130,2024-12-04 23:12:16,14.51,15.17,1.84
131,2024-12-04 23:12:16,14.61,15.17,1.84
132,2024-12-04 23:12:16,14.72,15.17,1.84
133,2024-12-04 23:12:16,14.82,15.17,1.84
134,2024-12-04 23:12:16,14.92,15.17,1.84
135,2024-12-04 23:12:16,15.02,15.17,1.84
136,2024-12-04 23:12:16,15.11,15.17,1.84
137,2024-12-04 23:12:17,15.21,15.17,1.84
138,2024-12-04 23:12:17,15.32,15.17,1.84
139,2024-12-04 23:12:17,15.42,15.17,1.84
140,2024-12-04 23:12:17,15.53,15.17,1.84
141,2024-12-04 23:12:17,15.63,15.17,1.84
142,2024-12-04 23:12:17,15.73,15.17,1.84
143,2024-12-04 23:12:17,15.84,15.17,1.84
144,2024-12-04 23:12:17,15.94,15.17,1.85
145,2024-12-04 23:12:17,16.04,15.17,1.84
146,2024-12-04 23:12:17,16.14,15.17,1.84
147,2024-12-04 23:12:18,16.24,15.17,1.84
148,2024-12-04 23:12:18,16.36,15.17,1.84
149,2024-12-04 23:12:18,16.46,15.17,1.84
150,2024-12-04 23:12:18,16.56,15.17,1.84
151,2024-12-04 23:12:18,16.66,15.17,1.84
152,2024-12-04 23:12:18,16.76,15.17,1.84
153,2024-12-04 23:12:18,16.87,15.17,1.84
154,2024-12-04 23:12:18,16.97,15.17,1.84
155,2024-12-04 23:12:18,17.07,15.17,1.84
156,2024-12-04 23:12:19,17.17,15.17,1.84
157,2024-12-04 23:12:19,17.27,15.17,1.84
158,2024-12-04 23:12:19,17.37,15.17,1.84
159,2024-12-04 23:12:19,17.47,15.17,1.84
160,2024-12-04 23:12:19,17.58,15.17,1.84
161,2024-12-04 23:12:19,17.68,15.17,1.84
162,2024-12-04 23:12:19,17.78,15.17,1.84
163,2024-12-04 23:12:19,17.88,15.17,1.84
164,2024-12-04 23:12:19,17.98,15.17,1.84
165,2024-12-04 23:12:19,18.09,15.17,1.84
166,2024-12-04 23:12:20,18.19,15.17,1.84
167,2024-12-04 23:12:20,18.29,15.17,1.84
168,2024-12-04 23:12:20,18.39,15.17,1.84
169,2024-12-04 23:12:20,18.50,15.17,1.84
170,2024-12-04 23:12:20,18.59,15.17,1.84
171,2024-12-04 23:12:20,18.69,15.17,1.84
172,2024-12-04 23:12:20,18.79,15.17,1.84
173,2024-12-04 23:12:20,18.90,15.17,1.84
174,2024-12-04 23:12:20,18.99,15.17,1.84
175,2024-12-04 23:12:20,19.10,15.17,1.84
176,2024-12-04 23:12:21,19.20,15.17,1.84
177,2024-12-04 23:12:21,19.30,15.17,1.84
178,2024-12-04 23:12:21,19.39,15.17,1.84
179,2024-12-04 23:12:21,19.50,15.17,1.84
180,2024-12-04 23:12:21,19.60,15.17,1.84
181,2024-12-04 23:12:21,19.70,15.17,1.84
182,2024-12-04 23:12:21,19.81,15.17,1.84
183,2024-12-04 23:12:21,19.90,15.17,1.84
184,2024-12-04 23:12:21,20.00,15.17,1.84
185,2024-12-04 23:12:21,20.09,15.17,1.84
186,2024-12-04 23:12:22,20.18,15.17,1.84
187,2024-12-04 23:12:22,20.28,15.17,1.84
188,2024-12-04 23:12:22,20.39,15.17,1.84
189,2024-12-04 23:12:22,20.49,15.17,1.84
190,2024-12-04 23:12:22,20.59,15.17,1.84
191,2024-12-04 23:12:22,20.70,15.17,1.84
192,2024-12-04 23:12:22,20.80,15.17,1.84
193,2024-12-04 23:12:22,20.90,15.17,1.84
194,2024-12-04 23:12:22,21.01,15.17,1.84
195,2024-12-04 23:12:22,21.12,15.17,1.84
196,2024-12-04 23:12:23,21.22,15.17,1.84
197,2024-12-04 23:12:23,21.32,15.17,1.84
198,2024-12-04 23:12:23,21.42,15.17,1.84
199,2024-12-04 23:12:23,21.51,15.17,1.84
200,2024-12-04 23:12:23,21.61,15.17,1.84
201,2024-12-04 23:12:23,21.71,15.17,1.84
202,2024-12-04 23:12:23,21.81,15.17,1.84
203,2024-12-04 23:12:23,21.91,15.17,1.84
204,2024-12-04 23:12:23,22.02,15.17,1.84
205,2024-12-04 23:12:23,22.13,15.17,1.84
206,2024-12-04 23:12:24,22.23,15.17,1.84
207,2024-12-04 23:12:24,22.33,15.17,1.84
208,2024-12-04 23:12:24,22.44,15.17,1.84
209,2024-12-04 23:12:24,22.54,15.17,1.84
210,2024-12-04 23:12:24,22.64,15.17,1.84
211,2024-12-04 23:12:24,22.75,15.17,1.84
212,2024-12-04 23:12:24,22.85,15.17,1.84
213,2024-12-04 23:12:24,22.95,15.17,1.84
214,2024-12-04 23:12:24,23.05,15.17,1.84
215,2024-12-04 23:12:24,23.15,15.17,1.84
216,2024-12-04 23:12:25,23.26,15.17,1.84
217,2024-12-04 23:12:25,23.35,15.17,1.84
218,2024-12-04 23:12:25,23.45,15.17,1.84
219,2024-12-04 23:12:25,23.56,15.17,1.84
220,2024-12-04 23:12:25,23.66,15.17,1.84
221,2024-12-04 23:12:25,23.76,15.17,1.84
222,2024-12-04 23:12:25,23.86,15.17,1.84
223,2024-12-04 23:12:25,23.96,15.17,1.84
224,2024-12-04 23:12:25,24.06,15.17,1.84
225,2024-12-04 23:12:26,24.16,15.17,1.84
226,2024-12-04 23:12:26,24.27,15.17,1.84
227,2024-12-04 23:12:26,24.35,15.17,1.84
228,2024-12-04 23:12:26,24.47,15.17,1.84
229,2024-12-04 23:12:26,24.56,15.17,1.84
230,2024-12-04 23:12:26,24.66,15.17,1.84
231,2024-12-04 23:12:26,24.77,15.17,1.84
232,2024-12-04 23:12:26,24.88,15.17,1.84
233,2024-12-04 23:12:26,24.98,15.17,1.84
234,2024-12-04 23:12:26,25.09,15.17,1.84
235,2024-12-04 23:12:27,25.19,15.17,1.84
236,2024-12-04 23:12:27,25.29,15.17,1.84
237,2024-12-04 23:12:27,25.40,15.17,1.84
238,2024-12-04 23:12:27,25.49,15.17,1.84
239,2024-12-04 23:12:27,25.60,15.17,1.84
240,2024-12-04 23:12:27,25.71,15.17,1.84
241,2024-12-04 23:12:27,25.81,15.17,1.84
242,2024-12-04 23:12:27,25.91,15.17,1.84
243,2024-12-04 23:12:27,26.01,15.17,1.84
244,2024-12-04 23:12:27,26.12,15.17,1.84
245,2024-12-04 23:12:28,26.23,15.17,1.84
246,2024-12-04 23:12:28,26.35,15.17,1.84
247,2024-12-04 23:12:28,26.45,15.17,1.84
248,2024-12-04 23:12:28,26.56,15.17,1.84
249,2024-12-04 23:12:28,26.66,15.17,1.84
250,2024-12-04 23:12:28,26.75,15.17,1.84
251,2024-12-04 23:12:28,26.85,15.17,1.84
252,2024-12-04 23:12:28,26.95,15.17,1.84
253,2024-12-04 23:12:28,27.05,15.17,1.84
254,2024-12-04 23:12:28,27.14,15.17,1.84
255,2024-12-04 23:12:29,27.24,15.17,1.84
256,2024-12-04 23:12:29,27.34,15.17,1.84
257,2024-12-04 23:12:29,27.43,15.17,1.84
258,2024-12-04 23:12:29,27.53,15.17,1.84
259,2024-12-04 23:12:29,27.63,15.17,1.84
260,2024-12-04 23:12:29,27.72,15.17,1.84
261,2024-12-04 23:12:29,27.82,15.17,1.84
262,2024-12-04 23:12:29,27.92,15.17,1.84
263,2024-12-04 23:12:29,28.02,15.17,1.84
264,2024-12-04 23:12:29,28.13,15.17,1.84
265,2024-12-04 23:12:30,28.22,15.17,1.84
266,2024-12-04 23:12:30,28.32,15.17,1.84
267,2024-12-04 23:12:30,28.42,15.17,1.84
268,2024-12-04 23:12:30,28.54,15.17,1.84
269,2024-12-04 23:12:30,28.64,15.17,1.84
270,2024-12-04 23:12:30,28.74,15.17,1.84
271,2024-12-04 23:12:30,28.84,15.17,1.84
272,2024-12-04 23:12:30,28.95,15.17,1.84
273,2024-12-04 23:12:30,29.04,15.17,1.84
274,2024-12-04 23:12:30,29.15,15.17,1.84
275,2024-12-04 23:12:31,29.25,15.17,1.84
276,2024-12-04 23:12:31,29.35,15.17,1.84
277,2024-12-04 23:12:31,29.45,15.17,1.84
278,2024-12-04 23:12:31,29.54,15.17,1.84
279,2024-12-04 23:12:31,29.65,15.17,1.84
280,2024-12-04 23:12:31,29.75,15.17,1.84
281,2024-12-04 23:12:31,29.85,15.17,1.84
282,2024-12-04 23:12:31,29.96,15.17,1.84
283,2024-12-04 23:12:31,30.05,15.17,1.84
284,2024-12-04 23:12:31,30.15,15.17,1.84
285,2024-12-04 23:12:32,30.26,15.17,1.84
286,2024-12-04 23:12:32,30.37,15.17,1.84
287,2024-12-04 23:12:32,30.47,15.17,1.84
288,2024-12-04 23:12:32,30.58,15.17,1.84
289,2024-12-04 23:12:32,30.69,15.17,1.84
290,2024-12-04 23:12:32,30.79,15.17,1.84
291,2024-12-04 23:12:32,30.88,15.17,1.84
292,2024-12-04 23:12:32,30.98,15.17,1.84
293,2024-12-04 23:12:32,31.09,15.17,1.84
294,2024-12-04 23:12:33,31.19,15.17,1.84
295,2024-12-04 23:12:33,31.29,15.17,1.84
296,2024-12-04 23:12:33,31.38,15.17,1.84
297,2024-12-04 23:12:33,31.49,15.17,1.84
298,2024-12-04 23:12:33,31.58,15.17,1.84
299,2024-12-04 23:12:33,31.68,15.17,1.84
300,2024-12-04 23:12:33,31.78,15.17,1.84
301,2024-12-04 23:12:33,31.88,15.17,1.84
302,2024-12-04 23:12:33,31.98,15.17,1.84
303,2024-12-04 23:12:33,32.08,15.17,1.84
304,2024-12-04 23:12:34,32.18,15.17,1.84
305,2024-12-04 23:12:34,32.28,15.17,1.84
306,2024-12-04 23:12:34,32.37,15.17,1.84
307,2024-12-04 23:12:34,32.48,15.17,1.84
308,2024-12-04 23:12:34,32.59,15.17,1.84
309,2024-12-04 23:12:34,32.69,15.17,1.84
310,2024-12-04 23:12:34,32.79,15.17,1.84
311,2024-12-04 23:12:34,32.89,15.17,1.84
312,2024-12-04 23:12:34,32.99,15.17,1.84
313,2024-12-04 23:12:34,33.09,15.17,1.84
314,2024-12-04 23:12:35,33.19,15.17,1.84
315,2024-12-04 23:12:35,33.30,15.17,1.84
316,2024-12-04 23:12:35,33.40,15.17,1.84
317,2024-12-04 23:12:35,33.50,15.17,1.84
318,2024-12-04 23:12:35,33.60,15.17,1.84
319,2024-12-04 23:12:35,33.70,15.17,1.84
320,2024-12-04 23:12:35,33.80,15.17,1.84
321,2024-12-04 23:12:35,33.89,15.17,1.84
322,2024-12-04 23:12:35,34.00,15.17,1.84
323,2024-12-04 23:12:35,34.10,15.17,1.84
324,2024-12-04 23:12:36,34.20,15.17,1.84
325,2024-12-04 23:12:36,34.30,15.17,1.84
326,2024-12-04 23:12:36,34.41,15.17,1.84
327,2024-12-04 23:12:36,34.50,15.17,1.84
328,2024-12-04 23:12:36,34.62,15.17,1.84
329,2024-12-04 23:12:36,34.72,15.17,1.84
330,2024-12-04 23:12:36,34.83,15.17,1.84
331,2024-12-04 23:12:36,34.94,15.17,1.84
332,2024-12-04 23:12:36,35.04,15.17,1.84
333,2024-12-04 23:12:36,35.14,15.17,1.84
334,2024-12-04 23:12:37,35.24,15.17,1.84
335,2024-12-04 23:12:37,35.35,15.17,1.84
336,2024-12-04 23:12:37,35.43,15.17,1.84
337,2024-12-04 23:12:37,35.53,15.17,1.84
338,2024-12-04 23:12:37,35.63,15.17,1.84
339,2024-12-04 23:12:37,35.73,15.17,1.84
340,2024-12-04 23:12:37,35.84,15.17,1.84
341,2024-12-04 23:12:37,35.94,15.17,1.84
342,2024-12-04 23:12:37,36.03,15.17,1.84
343,2024-12-04 23:12:37,36.13,15.17,1.84
344,2024-12-04 23:12:38,36.23,15.17,1.84
345,2024-12-04 23:12:38,36.34,15.17,1.84
346,2024-12-04 23:12:38,36.45,15.17,1.84
347,2024-12-04 23:12:38,36.56,15.17,1.84
348,2024-12-04 23:12:38,36.68,15.17,1.84
349,2024-12-04 23:12:38,36.79,15.17,1.84
350,2024-12-04 23:12:38,36.89,15.17,1.84
351,2024-12-04 23:12:38,36.99,15.17,1.84
352,2024-12-04 23:12:38,37.09,15.17,1.84
353,2024-12-04 23:12:39,37.20,15.17,1.84
354,2024-12-04 23:12:39,37.31,15.17,1.84
355,2024-12-04 23:12:39,37.42,15.17,1.84
356,2024-12-04 23:12:39,37.51,15.17,1.84
357,2024-12-04 23:12:39,37.62,15.17,1.84
358,2024-12-04 23:12:39,37.72,15.17,1.84
359,2024-12-04 23:12:39,37.83,15.17,1.84
360,2024-12-04 23:12:39,37.93,15.17,1.84
361,2024-12-04 23:12:39,38.03,15.17,1.84
362,2024-12-04 23:12:39,38.13,15.17,1.84
363,2024-12-04 23:12:40,38.23,15.17,1.84
364,2024-12-04 23:12:40,38.35,15.17,1.84
365,2024-12-04 23:12:40,38.45,15.17,1.84
366,2024-12-04 23:12:40,38.56,15.17,1.84
367,2024-12-04 23:12:40,38.67,15.17,1.84
368,2024-12-04 23:12:40,38.78,15.17,1.84
369,2024-12-04 23:12:40,38.89,15.17,1.84
370,2024-12-04 23:12:40,38.99,15.17,1.84
371,2024-12-04 23:12:40,39.09,15.17,1.84
372,2024-12-04 23:12:41,39.19,15.17,1.84
373,2024-12-04 23:12:41,39.30,15.17,1.84
374,2024-12-04 23:12:41,39.39,15.17,1.84
375,2024-12-04 23:12:41,39.50,15.17,1.84
376,2024-12-04 23:12:41,39.59,15.17,1.84
377,2024-12-04 23:12:41,39.69,15.17,1.84
378,2024-12-04 23:12:41,39.80,15.17,1.84
379,2024-12-04 23:12:41,39.90,15.17,1.84
380,2024-12-04 23:12:41,40.01,15.17,1.84
381,2024-12-04 23:12:41,40.11,15.17,1.84
382,2024-12-04 23:12:42,40.21,15.17,1.84
383,2024-12-04 23:12:42,40.31,15.17,1.84
384,2024-12-04 23:12:42,40.42,15.17,1.84
385,2024-12-04 23:12:42,40.52,15.17,1.84
386,2024-12-04 23:12:42,40.62,15.17,1.84
387,2024-12-04 23:12:42,40.71,15.17,1.84
388,2024-12-04 23:12:42,40.83,15.17,1.84
389,2024-12-04 23:12:42,40.93,15.17,1.84
390,2024-12-04 23:12:42,41.04,15.17,1.84
391,2024-12-04 23:12:42,41.14,15.17,1.84
392,2024-12-04 23:12:43,41.25,15.17,1.84
393,2024-12-04 23:12:43,41.36,15.17,1.84
394,2024-12-04 23:12:43,41.45,15.17,1.84
395,2024-12-04 23:12:43,41.54,15.17,1.84
396,2024-12-04 23:12:43,41.65,15.17,1.84
397,2024-12-04 23:12:43,41.75,15.17,1.84
398,2024-12-04 23:12:43,41.86,15.17,1.84
399,2024-12-04 23:12:43,41.96,15.17,1.84
400,2024-12-04 23:12:43,42.06,15.17,1.84
401,2024-12-04 23:12:44,42.17,15.17,1.84
402,2024-12-04 23:12:44,42.26,15.17,1.84
403,2024-12-04 23:12:44,42.37,15.17,1.84
404,2024-12-04 23:12:44,42.47,15.17,1.84
405,2024-12-04 23:12:44,42.57,15.17,1.84
406,2024-12-04 23:12:44,42.67,15.17,1.84
407,2024-12-04 23:12:44,42.77,15.17,1.84
408,2024-12-04 23:12:44,42.88,15.17,1.84
409,2024-12-04 23:12:44,42.98,15.17,1.84
410,2024-12-04 23:12:44,43.08,15.17,1.84
411,2024-12-04 23:12:45,43.18,15.17,1.84
412,2024-12-04 23:12:45,43.28,15.17,1.84
413,2024-12-04 23:12:45,43.38,15.17,1.84
414,2024-12-04 23:12:45,43.47,15.17,1.84
415,2024-12-04 23:12:45,43.58,15.17,1.84
416,2024-12-04 23:12:45,43.67,15.17,1.84
417,2024-12-04 23:12:45,43.76,15.17,1.84
418,2024-12-04 23:12:45,43.86,15.17,1.84
419,2024-12-04 23:12:45,43.97,15.17,1.84
420,2024-12-04 23:12:45,44.07,15.17,1.84
421,2024-12-04 23:12:46,44.18,15.17,1.84
422,2024-12-04 23:12:46,44.28,15.17,1.84
423,2024-12-04 23:12:46,44.38,15.17,1.84
424,2024-12-04 23:12:46,44.49,15.17,1.84
425,2024-12-04 23:12:46,44.59,15.17,1.84
426,2024-12-04 23:12:46,44.70,15.17,1.84
427,2024-12-04 23:12:46,44.79,15.17,1.84
428,2024-12-04 23:12:46,44.91,15.17,1.84
429,2024-12-04 23:12:46,45.01,15.17,1.84
430,2024-12-04 23:12:46,45.11,15.17,1.84
431,2024-12-04 23:12:47,45.22,15.17,1.84
432,2024-12-04 23:12:47,45.32,15.17,1.84
433,2024-12-04 23:12:47,45.42,15.17,1.84
434,2024-12-04 23:12:47,45.52,15.17,1.84
435,2024-12-04 23:12:47,45.61,15.17,1.84
436,2024-12-04 23:12:47,45.71,15.17,1.84
437,2024-12-04 23:12:47,45.81,15.17,1.84
438,2024-12-04 23:12:47,45.91,15.17,1.84
439,2024-12-04 23:12:47,46.02,15.17,1.84
440,2024-12-04 23:12:47,46.12,15.17,1.84
441,2024-12-04 23:12:48,46.22,15.17,1.84
442,2024-12-04 23:12:48,46.32,15.17,1.84
443,2024-12-04 23:12:48,46.42,15.17,1.84
444,2024-12-04 23:12:48,46.52,15.17,1.84
445,2024-12-04 23:12:48,46.61,15.17,1.84
446,2024-12-04 23:12:48,46.71,15.17,1.84
447,2024-12-04 23:12:48,46.82,15.17,1.84
448,2024-12-04 23:12:48,46.94,15.17,1.84
449,2024-12-04 23:12:48,47.04,15.17,1.84
450,2024-12-04 23:12:48,47.16,15.17,1.84
451,2024-12-04 23:12:49,47.27,15.17,1.84
452,2024-12-04 23:12:49,47.38,15.17,1.84
453,2024-12-04 23:12:49,47.48,15.17,1.84
454,2024-12-04 23:12:49,47.57,15.17,1.84
455,2024-12-04 23:12:49,47.68,15.17,1.84
456,2024-12-04 23:12:49,47.78,15.17,1.84
457,2024-12-04 23:12:49,47.89,15.17,1.84
458,2024-12-04 23:12:49,47.99,15.17,1.84
459,2024-12-04 23:12:49,48.09,15.17,1.84
460,2024-12-04 23:12:50,48.19,15.17,1.84
461,2024-12-04 23:12:50,48.30,15.17,1.84
462,2024-12-04 23:12:50,48.39,15.17,1.84
463,2024-12-04 23:12:50,48.49,15.17,1.84
464,2024-12-04 23:12:50,48.60,15.17,1.84
465,2024-12-04 23:12:50,48.69,15.17,1.84
466,2024-12-04 23:12:50,48.81,15.17,1.84
467,2024-12-04 23:12:50,48.92,15.17,1.84
468,2024-12-04 23:12:50,49.03,15.17,1.84
469,2024-12-04 23:12:50,49.14,15.17,1.84
470,2024-12-04 23:12:51,49.24,15.17,1.84
471,2024-12-04 23:12:51,49.34,15.17,1.84
472,2024-12-04 23:12:51,49.45,15.17,1.84
473,2024-12-04 23:12:51,49.56,15.17,1.84
474,2024-12-04 23:12:51,49.66,15.17,1.84
475,2024-12-04 23:12:51,49.77,15.17,1.84
476,2024-12-04 23:12:51,49.87,15.17,1.84
477,2024-12-04 23:12:51,49.98,15.17,1.84
478,2024-12-04 23:12:51,50.08,15.17,1.84
479,2024-12-04 23:12:52,50.19,15.17,1.84
480,2024-12-04 23:12:52,50.29,15.17,1.84
481,2024-12-04 23:12:52,50.40,15.17,1.84
482,2024-12-04 23:12:52,50.51,15.17,1.84
483,2024-12-04 23:12:52,50.62,15.17,1.84
484,2024-12-04 23:12:52,50.73,15.17,1.84
485,2024-12-04 23:12:52,50.84,15.17,1.84
486,2024-12-04 23:12:52,50.94,15.17,1.84
487,2024-12-04 23:12:52,51.04,15.17,1.84
488,2024-12-04 23:12:52,51.16,15.17,1.84
489,2024-12-04 23:12:53,51.26,15.17,1.84
490,2024-12-04 23:12:53,51.36,15.17,1.84
491,2024-12-04 23:12:53,51.45,15.17,1.84
492,2024-12-04 23:12:53,51.56,15.17,1.84
493,2024-12-04 23:12:53,51.66,15.17,1.84
494,2024-12-04 23:12:53,51.75,15.17,1.84
495,2024-12-04 23:12:53,51.86,15.17,1.84
496,2024-12-04 23:12:53,51.96,15.17,1.84
497,2024-12-04 23:12:53,52.07,15.17,1.84
498,2024-12-04 23:12:54,52.17,15.17,1.84
499,2024-12-04 23:12:54,52.27,15.17,1.84
500,2024-12-04 23:12:54,52.38,15.17,1.84
501,2024-12-04 23:12:54,52.48,15.17,1.84
502,2024-12-04 23:12:54,52.57,15.17,1.84
503,2024-12-04 23:12:54,52.68,15.17,1.84
504,2024-12-04 23:12:54,52.77,15.17,1.84
505,2024-12-04 23:12:54,52.88,15.17,1.84
506,2024-12-04 23:12:54,52.98,15.17,1.84
507,2024-12-04 23:12:54,53.08,15.17,1.84
508,2024-12-04 23:12:55,53.21,15.17,1.84
509,2024-12-04 23:12:55,53.31,15.17,1.84
510,2024-12-04 23:12:55,53.41,15.17,1.84
511,2024-12-04 23:12:55,53.52,15.17,1.84
512,2024-12-04 23:12:55,53.62,15.17,1.84
513,2024-12-04 23:12:55,53.72,15.17,1.84
514,2024-12-04 23:12:55,53.81,15.17,1.84
515,2024-12-04 23:12:55,53.92,15.17,1.84
516,2024-12-04 23:12:55,54.02,15.17,1.84
517,2024-12-04 23:12:55,54.11,15.17,1.84
518,2024-12-04 23:12:56,54.22,15.17,1.84
519,2024-12-04 23:12:56,54.32,15.17,1.84
520,2024-12-04 23:12:56,54.42,15.17,1.84
521,2024-12-04 23:12:56,54.52,15.17,1.84
522,2024-12-04 23:12:56,54.62,15.17,1.84
523,2024-12-04 23:12:56,54.72,15.17,1.84
524,2024-12-04 23:12:56,54.83,15.17,1.84
525,2024-12-04 23:12:56,54.92,15.17,1.84
526,2024-12-04 23:12:56,55.03,15.17,1.84
527,2024-12-04 23:12:56,55.12,15.17,1.84
528,2024-12-04 23:12:57,55.24,15.17,1.84
529,2024-12-04 23:12:57,55.35,15.17,1.84
530,2024-12-04 23:12:57,55.46,15.17,1.84
531,2024-12-04 23:12:57,55.55,15.17,1.84
532,2024-12-04 23:12:57,55.66,15.17,1.84
533,2024-12-04 23:12:57,55.77,15.17,1.84
534,2024-12-04 23:12:57,55.86,15.17,1.84
535,2024-12-04 23:12:57,55.96,15.17,1.84
536,2024-12-04 23:12:57,56.07,15.17,1.84
537,2024-12-04 23:12:58,56.17,15.17,1.84
538,2024-12-04 23:12:58,56.27,15.17,1.84
539,2024-12-04 23:12:58,56.38,15.17,1.84
540,2024-12-04 23:12:58,56.48,15.17,1.84
541,2024-12-04 23:12:58,56.59,15.17,1.84
542,2024-12-04 23:12:58,56.69,15.17,1.84
543,2024-12-04 23:12:58,56.80,15.17,1.84
544,2024-12-04 23:12:58,56.91,15.17,1.84
545,2024-12-04 23:12:58,57.01,15.17,1.84
546,2024-12-04 23:12:58,57.11,15.17,1.84
547,2024-12-04 23:12:59,57.22,15.17,1.84
548,2024-12-04 23:12:59,57.33,15.17,1.84
549,2024-12-04 23:12:59,57.43,15.17,1.84
550,2024-12-04 23:12:59,57.53,15.17,1.84
551,2024-12-04 23:12:59,57.63,15.17,1.84
552,2024-12-04 23:12:59,57.72,15.17,1.84
553,2024-12-04 23:12:59,57.82,15.17,1.84
554,2024-12-04 23:12:59,57.92,15.17,1.84
555,2024-12-04 23:12:59,58.02,15.17,1.84
556,2024-12-04 23:12:59,58.13,15.17,1.84
557,2024-12-04 23:13:00,58.23,15.17,1.84
558,2024-12-04 23:13:00,58.33,15.17,1.84
559,2024-12-04 23:13:00,58.43,15.17,1.84
560,2024-12-04 23:13:00,58.53,15.17,1.84
561,2024-12-04 23:13:00,58.63,15.17,1.84
562,2024-12-04 23:13:00,58.73,15.17,1.84
563,2024-12-04 23:13:00,58.84,15.17,1.84
564,2024-12-04 23:13:00,58.93,15.17,1.84
565,2024-12-04 23:13:00,59.03,15.17,1.84
566,2024-12-04 23:13:00,59.13,15.17,1.84
567,2024-12-04 23:13:01,59.23,15.17,1.84
568,2024-12-04 23:13:01,59.35,15.17,1.84
569,2024-12-04 23:13:01,59.45,15.17,1.84
570,2024-12-04 23:13:01,59.55,15.17,1.84
571,2024-12-04 23:13:01,59.65,15.17,1.84
572,2024-12-04 23:13:01,59.75,15.17,1.84
573,2024-12-04 23:13:01,59.85,15.17,1.84
574,2024-12-04 23:13:01,59.96,15.17,1.84
575,2024-12-04 23:13:01,60.06,15.17,1.84
576,2024-12-04 23:13:02,60.17,15.17,1.84
577,2024-12-04 23:13:02,60.27,15.17,1.84
578,2024-12-04 23:13:02,60.38,15.17,1.84
579,2024-12-04 23:13:02,60.48,15.17,1.84
580,2024-12-04 23:13:02,60.58,15.17,1.84
581,2024-12-04 23:13:02,60.68,15.17,1.84
582,2024-12-04 23:13:02,60.78,15.17,1.84
583,2024-12-04 23:13:02,60.89,15.17,1.84
584,2024-12-04 23:13:02,60.99,15.17,1.84
585,2024-12-04 23:13:02,61.09,15.17,1.84
586,2024-12-04 23:13:03,61.20,15.17,1.84
587,2024-12-04 23:13:03,61.32,15.17,1.84
588,2024-12-04 23:13:03,61.45,15.17,1.84
589,2024-12-04 23:13:03,61.55,15.17,1.84
590,2024-12-04 23:13:03,61.66,15.17,1.84
591,2024-12-04 23:13:03,61.76,15.17,1.84
592,2024-12-04 23:13:03,61.86,15.17,1.84
593,2024-12-04 23:13:03,61.97,15.17,1.84
594,2024-12-04 23:13:03,62.07,15.17,1.84
595,2024-12-04 23:13:04,62.18,15.17,1.84
596,2024-12-04 23:13:04,62.30,15.17,1.84
597,2024-12-04 23:13:04,62.39,15.17,1.84
598,2024-12-04 23:13:04,62.50,15.17,1.84
599,2024-12-04 23:13:04,62.60,15.17,1.84
600,2024-12-04 23:13:04,62.70,15.17,1.84
601,2024-12-04 23:13:04,62.81,15.17,1.84
602,2024-12-04 23:13:04,62.92,15.17,1.84
603,2024-12-04 23:13:04,63.03,15.17,1.84
604,2024-12-04 23:13:04,63.13,15.17,1.84
605,2024-12-04 23:13:05,63.24,15.17,1.84
606,2024-12-04 23:13:05,63.34,15.17,1.84
607,2024-12-04 23:13:05,63.44,15.17,1.84
608,2024-12-04 23:13:05,63.56,15.17,1.84
609,2024-12-04 23:13:05,63.66,15.17,1.84
610,2024-12-04 23:13:05,63.76,15.17,1.84
611,2024-12-04 23:13:05,63.87,15.17,1.84
612,2024-12-04 23:13:05,63.97,15.17,1.84
613,2024-12-04 23:13:05,64.07,15.17,1.84
614,2024-12-04 23:13:06,64.17,15.17,1.84
615,2024-12-04 23:13:06,64.27,15.17,1.84
616,2024-12-04 23:13:06,64.38,15.17,1.84
617,2024-12-04 23:13:06,64.48,15.17,1.84
618,2024-12-04 23:13:06,64.58,15.17,1.84
619,2024-12-04 23:13:06,64.68,15.17,1.84
620,2024-12-04 23:13:06,64.78,15.17,1.84
621,2024-12-04 23:13:06,64.88,15.17,1.84
622,2024-12-04 23:13:06,64.98,15.17,1.84
623,2024-12-04 23:13:06,65.09,15.17,1.84
624,2024-12-04 23:13:07,65.19,15.17,1.84
625,2024-12-04 23:13:07,65.30,15.17,1.84
626,2024-12-04 23:13:07,65.40,15.17,1.84
627,2024-12-04 23:13:07,65.50,15.17,1.84
628,2024-12-04 23:13:07,65.61,15.17,1.84
629,2024-12-04 23:13:07,65.71,15.17,1.84
630,2024-12-04 23:13:07,65.80,15.17,1.84
631,2024-12-04 23:13:07,65.91,15.17,1.84
632,2024-12-04 23:13:07,66.01,15.17,1.84
633,2024-12-04 23:13:07,66.11,15.17,1.84
634,2024-12-04 23:13:08,66.20,15.17,1.84
635,2024-12-04 23:13:08,66.31,15.17,1.84
636,2024-12-04 23:13:08,66.42,15.17,1.84
637,2024-12-04 23:13:08,66.52,15.17,1.84
638,2024-12-04 23:13:08,66.62,15.17,1.84
639,2024-12-04 23:13:08,66.72,15.17,1.84
640,2024-12-04 23:13:08,66.81,15.17,1.84
641,2024-12-04 23:13:08,66.91,15.17,1.84
642,2024-12-04 23:13:08,67.07,15.17,1.84
643,2024-12-04 23:13:09,67.18,15.17,1.84
644,2024-12-04 23:13:09,67.27,15.17,1.84
645,2024-12-04 23:13:09,67.38,15.17,1.84
646,2024-12-04 23:13:09,67.49,15.17,1.84
647,2024-12-04 23:13:09,67.59,15.17,1.84
648,2024-12-04 23:13:09,67.71,15.17,1.84
649,2024-12-04 23:13:09,67.82,15.17,1.84
650,2024-12-04 23:13:09,67.93,15.17,1.84
651,2024-12-04 23:13:09,68.03,15.17,1.84
652,2024-12-04 23:13:09,68.13,15.17,1.84
653,2024-12-04 23:13:10,68.24,15.17,1.84
654,2024-12-04 23:13:10,68.35,15.17,1.84
655,2024-12-04 23:13:10,68.45,15.17,1.84
656,2024-12-04 23:13:10,68.56,15.17,1.84
657,2024-12-04 23:13:10,68.65,15.17,1.84
658,2024-12-04 23:13:10,68.75,15.17,1.84
659,2024-12-04 23:13:10,68.86,15.17,1.84
660,2024-12-04 23:13:10,68.95,15.17,1.84
661,2024-12-04 23:13:10,69.06,15.17,1.84
662,2024-12-04 23:13:10,69.16,15.17,1.84
663,2024-12-04 23:13:11,69.26,15.17,1.84
664,2024-12-04 23:13:11,69.37,15.17,1.84
665,2024-12-04 23:13:11,69.47,15.17,1.84
666,2024-12-04 23:13:11,69.57,15.17,1.84
667,2024-12-04 23:13:11,69.68,15.17,1.84
668,2024-12-04 23:13:11,69.80,15.17,1.84
669,2024-12-04 23:13:11,69.90,15.17,1.84
670,2024-12-04 23:13:11,70.01,15.17,1.84
671,2024-12-04 23:13:11,70.11,15.17,1.84
672,2024-12-04 23:13:12,70.21,15.17,1.84
673,2024-12-04 23:13:12,70.31,15.17,1.84
674,2024-12-04 23:13:12,70.41,15.17,1.84
675,2024-12-04 23:13:12,70.51,15.17,1.84
676,2024-12-04 23:13:12,70.61,15.17,1.84
677,2024-12-04 23:13:12,70.72,15.17,1.84
678,2024-12-04 23:13:12,70.82,15.17,1.84
679,2024-12-04 23:13:12,70.92,15.17,1.84
680,2024-12-04 23:13:12,71.02,15.17,1.84
681,2024-12-04 23:13:12,71.13,15.17,1.84
682,2024-12-04 23:13:13,71.23,15.17,1.84
683,2024-12-04 23:13:13,71.34,15.17,1.84
684,2024-12-04 23:13:13,71.44,15.17,1.84
685,2024-12-04 23:13:13,71.53,15.17,1.84
686,2024-12-04 23:13:13,71.63,15.17,1.84
687,2024-12-04 23:13:13,71.73,15.17,1.84
688,2024-12-04 23:13:13,71.85,15.17,1.84
689,2024-12-04 23:13:13,71.95,15.17,1.84
690,2024-12-04 23:13:13,72.05,15.17,1.84
691,2024-12-04 23:13:13,72.15,15.17,1.84
692,2024-12-04 23:13:14,72.26,15.17,1.84
693,2024-12-04 23:13:14,72.36,15.17,1.84
694,2024-12-04 23:13:14,72.46,15.17,1.84
695,2024-12-04 23:13:14,72.56,15.17,1.84
696,2024-12-04 23:13:14,72.66,15.17,1.84
697,2024-12-04 23:13:14,72.76,15.17,1.84
698,2024-12-04 23:13:14,72.85,15.17,1.84
699,2024-12-04 23:13:14,72.95,15.17,1.84
700,2024-12-04 23:13:14,73.05,15.17,1.84
701,2024-12-04 23:13:14,73.15,15.17,1.84
702,2024-12-04 23:13:15,73.25,15.17,1.84
703,2024-12-04 23:13:15,73.36,15.17,1.84
704,2024-12-04 23:13:15,73.46,15.17,1.84
705,2024-12-04 23:13:15,73.57,15.17,1.84
706,2024-12-04 23:13:15,73.68,15.17,1.84
707,2024-12-04 23:13:15,73.78,15.17,1.84
708,2024-12-04 23:13:15,73.89,15.17,1.84
709,2024-12-04 23:13:15,73.99,15.17,1.84
710,2024-12-04 23:13:15,74.09,15.17,1.84
711,2024-12-04 23:13:16,74.19,15.17,1.84
712,2024-12-04 23:13:16,74.31,15.17,1.84
713,2024-12-04 23:13:16,74.41,15.17,1.84
714,2024-12-04 23:13:16,74.52,15.17,1.84
715,2024-12-04 23:13:16,74.62,15.17,1.84
716,2024-12-04 23:13:16,74.73,15.17,1.84
717,2024-12-04 23:13:16,74.83,15.17,1.84
718,2024-12-04 23:13:16,74.94,15.17,1.84
719,2024-12-04 23:13:16,75.04,15.17,1.84
720,2024-12-04 23:13:16,75.15,15.17,1.84
721,2024-12-04 23:13:17,75.26,15.17,1.84
722,2024-12-04 23:13:17,75.36,15.17,1.84
723,2024-12-04 23:13:17,75.47,15.17,1.84
724,2024-12-04 23:13:17,75.57,15.17,1.84
725,2024-12-04 23:13:17,75.67,15.17,1.84
726,2024-12-04 23:13:17,75.77,15.17,1.84
727,2024-12-04 23:13:17,75.87,15.17,1.85
728,2024-12-04 23:13:17,75.98,15.17,1.84
729,2024-12-04 23:13:17,76.08,15.17,1.84
730,2024-12-04 23:13:18,76.18,15.17,1.84
731,2024-12-04 23:13:18,76.27,15.17,1.84
732,2024-12-04 23:13:18,76.37,15.17,1.84
733,2024-12-04 23:13:18,76.47,15.17,1.84
734,2024-12-04 23:13:18,76.57,15.17,1.84
735,2024-12-04 23:13:18,76.67,15.17,1.84
736,2024-12-04 23:13:18,76.78,15.17,1.84
737,2024-12-04 23:13:18,76.88,15.17,1.84
738,2024-12-04 23:13:18,76.98,15.17,1.84
739,2024-12-04 23:13:18,77.07,15.17,1.84
740,2024-12-04 23:13:19,77.18,15.17,1.84
741,2024-12-04 23:13:19,77.28,15.17,1.84
742,2024-12-04 23:13:19,77.38,15.17,1.84
743,2024-12-04 23:13:19,77.49,15.17,1.84
744,2024-12-04 23:13:19,77.59,15.17,1.84
745,2024-12-04 23:13:19,77.69,15.17,1.84
746,2024-12-04 23:13:19,77.79,15.17,1.84
747,2024-12-04 23:13:19,77.89,15.17,1.84
748,2024-12-04 23:13:19,78.01,15.17,1.84
749,2024-12-04 23:13:19,78.11,15.17,1.84
750,2024-12-04 23:13:20,78.21,15.17,1.84
751,2024-12-04 23:13:20,78.31,15.17,1.84
752,2024-12-04 23:13:20,78.41,15.17,1.84
753,2024-12-04 23:13:20,78.51,15.17,1.84
754,2024-12-04 23:13:20,78.62,15.17,1.84
755,2024-12-04 23:13:20,78.72,15.17,1.84
756,2024-12-04 23:13:20,78.82,15.17,1.84
757,2024-12-04 23:13:20,78.93,15.17,1.84
758,2024-12-04 23:13:20,79.03,15.17,1.84
759,2024-12-04 23:13:20,79.13,15.17,1.84
760,2024-12-04 23:13:21,79.23,15.17,1.84
761,2024-12-04 23:13:21,79.33,15.17,1.84
762,2024-12-04 23:13:21,79.43,15.17,1.84
763,2024-12-04 23:13:21,79.53,15.17,1.84
764,2024-12-04 23:13:21,79.63,15.17,1.84
765,2024-12-04 23:13:21,79.74,15.17,1.84
766,2024-12-04 23:13:21,79.84,15.17,1.84
767,2024-12-04 23:13:21,79.94,15.17,1.84
768,2024-12-04 23:13:21,80.05,15.17,1.84
769,2024-12-04 23:13:21,80.16,15.17,1.84
770,2024-12-04 23:13:22,80.26,15.17,1.84
771,2024-12-04 23:13:22,80.36,15.17,1.84
772,2024-12-04 23:13:22,80.47,15.17,1.84
773,2024-12-04 23:13:22,80.56,15.17,1.84
774,2024-12-04 23:13:22,80.67,15.17,1.84
775,2024-12-04 23:13:22,80.77,15.17,1.84
776,2024-12-04 23:13:22,80.88,15.17,1.84
777,2024-12-04 23:13:22,80.97,15.17,1.84
778,2024-12-04 23:13:22,81.07,15.17,1.84
779,2024-12-04 23:13:22,81.16,15.17,1.84
780,2024-12-04 23:13:23,81.26,15.17,1.84
781,2024-12-04 23:13:23,81.36,15.17,1.84
782,2024-12-04 23:13:23,81.46,15.17,1.84
783,2024-12-04 23:13:23,81.56,15.17,1.84
784,2024-12-04 23:13:23,81.66,15.17,1.84
785,2024-12-04 23:13:23,81.76,15.17,1.84
786,2024-12-04 23:13:23,81.86,15.17,1.84
787,2024-12-04 23:13:23,81.97,15.17,1.84
788,2024-12-04 23:13:23,82.08,15.17,1.84
789,2024-12-04 23:13:24,82.17,15.17,1.84
790,2024-12-04 23:13:24,82.28,15.17,1.84
791,2024-12-04 23:13:24,82.38,15.17,1.84
792,2024-12-04 23:13:24,82.48,15.17,1.84
793,2024-12-04 23:13:24,82.58,15.17,1.84
794,2024-12-04 23:13:24,82.68,15.17,1.84
795,2024-12-04 23:13:24,82.78,15.17,1.84
796,2024-12-04 23:13:24,82.89,15.17,1.84
797,2024-12-04 23:13:24,82.99,15.17,1.84
798,2024-12-04 23:13:24,83.09,15.17,1.84
799,2024-12-04 23:13:25,83.19,15.17,1.84
800,2024-12-04 23:13:25,83.29,15.17,1.84
801,2024-12-04 23:13:25,83.40,15.17,1.84
802,2024-12-04 23:13:25,83.50,15.17,1.84
803,2024-12-04 23:13:25,83.60,15.17,1.84
804,2024-12-04 23:13:25,83.70,15.17,1.84
805,2024-12-04 23:13:25,83.80,15.17,1.84
806,2024-12-04 23:13:25,83.90,15.17,1.84
807,2024-12-04 23:13:25,84.00,15.17,1.84
808,2024-12-04 23:13:25,84.12,15.17,1.84
809,2024-12-04 23:13:26,84.22,15.17,1.84
810,2024-12-04 23:13:26,84.32,15.17,1.84
811,2024-12-04 23:13:26,84.43,15.17,1.84
812,2024-12-04 23:13:26,84.53,15.17,1.84
813,2024-12-04 23:13:26,84.63,15.17,1.84
814,2024-12-04 23:13:26,84.73,15.17,1.84
815,2024-12-04 23:13:26,84.82,15.17,1.84
816,2024-12-04 23:13:26,84.93,15.17,1.84
817,2024-12-04 23:13:26,85.03,15.17,1.84
818,2024-12-04 23:13:26,85.11,15.17,1.84
819,2024-12-04 23:13:27,85.22,15.17,1.84
820,2024-12-04 23:13:27,85.32,15.17,1.84
821,2024-12-04 23:13:27,85.42,15.17,1.84
822,2024-12-04 23:13:27,85.52,15.17,1.84
823,2024-12-04 23:13:27,85.63,15.17,1.84
824,2024-12-04 23:13:27,85.72,15.17,1.84
825,2024-12-04 23:13:27,85.82,15.17,1.84
826,2024-12-04 23:13:27,85.92,15.17,1.84
827,2024-12-04 23:13:27,86.04,15.17,1.84
828,2024-12-04 23:13:27,86.15,15.17,1.84
829,2024-12-04 23:13:28,86.26,15.17,1.84
830,2024-12-04 23:13:28,86.37,15.17,1.84
831,2024-12-04 23:13:28,86.47,15.17,1.84
832,2024-12-04 23:13:28,86.57,15.17,1.84
833,2024-12-04 23:13:28,86.68,15.17,1.84
834,2024-12-04 23:13:28,86.79,15.17,1.84
835,2024-12-04 23:13:28,86.90,15.17,1.84
836,2024-12-04 23:13:28,87.00,15.17,1.84
837,2024-12-04 23:13:28,87.10,15.17,1.84
838,2024-12-04 23:13:29,87.21,15.17,1.84
839,2024-12-04 23:13:29,87.32,15.17,1.84
840,2024-12-04 23:13:29,87.42,15.17,1.84
841,2024-12-04 23:13:29,87.52,15.17,1.84
842,2024-12-04 23:13:29,87.63,15.17,1.84
843,2024-12-04 23:13:29,87.73,15.17,1.84
844,2024-12-04 23:13:29,87.84,15.17,1.84
845,2024-12-04 23:13:29,87.95,15.17,1.84
846,2024-12-04 23:13:29,88.06,15.17,1.84
847,2024-12-04 23:13:30,88.16,15.17,1.84
848,2024-12-04 23:13:30,88.28,15.17,1.84
849,2024-12-04 23:13:30,88.40,15.17,1.84
850,2024-12-04 23:13:30,88.50,15.17,1.84
851,2024-12-04 23:13:30,88.60,15.17,1.84
852,2024-12-04 23:13:30,88.69,15.17,1.84
853,2024-12-04 23:13:30,88.79,15.17,1.84
854,2024-12-04 23:13:30,88.89,15.17,1.84
855,2024-12-04 23:13:30,88.99,15.17,1.84
856,2024-12-04 23:13:30,89.09,15.17,1.84
857,2024-12-04 23:13:31,89.20,15.17,1.84
858,2024-12-04 23:13:31,89.30,15.17,1.84
859,2024-12-04 23:13:31,89.40,15.17,1.84
860,2024-12-04 23:13:31,89.50,15.17,1.84
861,2024-12-04 23:13:31,89.60,15.17,1.84
862,2024-12-04 23:13:31,89.69,15.17,1.84
863,2024-12-04 23:13:31,89.80,15.17,1.84
864,2024-12-04 23:13:31,89.90,15.17,1.84
865,2024-12-04 23:13:31,90.01,15.17,1.84
866,2024-12-04 23:13:31,90.11,15.17,1.84
867,2024-12-04 23:13:32,90.22,15.17,1.84
868,2024-12-04 23:13:32,90.33,15.17,1.84
869,2024-12-04 23:13:32,90.44,15.17,1.84
870,2024-12-04 23:13:32,90.55,15.17,1.84
871,2024-12-04 23:13:32,90.65,15.17,1.84
872,2024-12-04 23:13:32,90.76,15.17,1.84
873,2024-12-04 23:13:32,90.86,15.17,1.84
874,2024-12-04 23:13:32,90.96,15.17,1.84
875,2024-12-04 23:13:32,91.07,15.17,1.84
876,2024-12-04 23:13:33,91.17,15.17,1.84
877,2024-12-04 23:13:33,91.28,15.17,1.84
878,2024-12-04 23:13:33,91.38,15.17,1.84
879,2024-12-04 23:13:33,91.48,15.17,1.84
880,2024-12-04 23:13:33,91.59,15.17,1.84
881,2024-12-04 23:13:33,91.70,15.17,1.84
882,2024-12-04 23:13:33,91.80,15.17,1.84
883,2024-12-04 23:13:33,91.90,15.17,1.84
884,2024-12-04 23:13:33,92.00,15.17,1.84
885,2024-12-04 23:13:33,92.10,15.17,1.84
886,2024-12-04 23:13:34,92.20,15.17,1.84
887,2024-12-04 23:13:34,92.31,15.17,1.84
888,2024-12-04 23:13:34,92.42,15.17,1.84
889,2024-12-04 23:13:34,92.52,15.17,1.84
890,2024-12-04 23:13:34,92.61,15.17,1.84
891,2024-12-04 23:13:34,92.72,15.17,1.84
892,2024-12-04 23:13:34,92.82,15.17,1.84
893,2024-12-04 23:13:34,92.92,15.17,1.84
894,2024-12-04 23:13:34,93.01,15.17,1.84
895,2024-12-04 23:13:34,93.12,15.17,1.84
896,2024-12-04 23:13:35,93.22,15.17,1.84
897,2024-12-04 23:13:35,93.33,15.17,1.84
898,2024-12-04 23:13:35,93.42,15.17,1.84
899,2024-12-04 23:13:35,93.53,15.17,1.84
900,2024-12-04 23:13:35,93.63,15.17,1.84
901,2024-12-04 23:13:35,93.73,15.17,1.84
902,2024-12-04 23:13:35,93.83,15.17,1.84
903,2024-12-04 23:13:35,93.93,15.17,1.84
904,2024-12-04 23:13:35,94.04,15.17,1.84
905,2024-12-04 23:13:35,94.14,15.17,1.84
906,2024-12-04 23:13:36,94.25,15.17,1.84
907,2024-12-04 23:13:36,94.35,15.17,1.84
908,2024-12-04 23:13:36,94.46,15.17,1.84
909,2024-12-04 23:13:36,94.56,15.17,1.84
910,2024-12-04 23:13:36,94.66,15.17,1.84
911,2024-12-04 23:13:36,94.76,15.17,1.84
912,2024-12-04 23:13:36,94.86,15.17,1.84
913,2024-12-04 23:13:36,94.96,15.17,1.84
914,2024-12-04 23:13:36,95.07,15.17,1.84
915,2024-12-04 23:13:37,95.16,15.17,1.84
916,2024-12-04 23:13:37,95.27,15.17,1.84
917,2024-12-04 23:13:37,95.37,15.17,1.84
918,2024-12-04 23:13:37,95.47,15.17,1.84
919,2024-12-04 23:13:37,95.56,15.17,1.84
920,2024-12-04 23:13:37,95.66,15.17,1.84
921,2024-12-04 23:13:37,95.76,15.17,1.84
922,2024-12-04 23:13:37,95.87,15.17,1.84
923,2024-12-04 23:13:37,95.97,15.17,1.84
924,2024-12-04 23:13:37,96.07,15.17,1.84
925,2024-12-04 23:13:38,96.17,15.17,1.84
926,2024-12-04 23:13:38,96.27,15.17,1.84
927,2024-12-04 23:13:38,96.38,15.17,1.84
928,2024-12-04 23:13:38,96.49,15.17,1.84
929,2024-12-04 23:13:38,96.60,15.17,1.84
930,2024-12-04 23:13:38,96.70,15.17,1.84
931,2024-12-04 23:13:38,96.79,15.17,1.84
932,2024-12-04 23:13:38,96.90,15.17,1.84
933,2024-12-04 23:13:38,97.00,15.17,1.84
934,2024-12-04 23:13:38,97.11,15.17,1.84
935,2024-12-04 23:13:39,97.21,15.17,1.84
936,2024-12-04 23:13:39,97.32,15.17,1.84
937,2024-12-04 23:13:39,97.42,15.17,1.84
938,2024-12-04 23:13:39,97.53,15.17,1.84
939,2024-12-04 23:13:39,97.62,15.17,1.84
940,2024-12-04 23:13:39,97.72,15.17,1.84
941,2024-12-04 23:13:39,97.82,15.17,1.84
942,2024-12-04 23:13:39,97.92,15.17,1.84
943,2024-12-04 23:13:39,98.02,15.17,1.84
944,2024-12-04 23:13:39,98.13,15.17,1.84
945,2024-12-04 23:13:40,98.22,15.17,1.84
946,2024-12-04 23:13:40,98.33,15.17,1.84
947,2024-12-04 23:13:40,98.44,15.17,1.84
948,2024-12-04 23:13:40,98.56,15.17,1.84
949,2024-12-04 23:13:40,98.67,15.17,1.84
950,2024-12-04 23:13:40,98.77,15.17,1.84
951,2024-12-04 23:13:40,98.87,15.17,1.84
952,2024-12-04 23:13:40,98.98,15.17,1.84
953,2024-12-04 23:13:40,99.09,15.17,1.84
954,2024-12-04 23:13:41,99.20,15.17,1.84
955,2024-12-04 23:13:41,99.31,15.17,1.84
956,2024-12-04 23:13:41,99.41,15.17,1.84
957,2024-12-04 23:13:41,99.52,15.17,1.84
958,2024-12-04 23:13:41,99.62,15.17,1.84
959,2024-12-04 23:13:41,99.72,15.17,1.84
960,2024-12-04 23:13:41,99.82,15.17,1.84
961,2024-12-04 23:13:41,99.93,15.17,1.84
962,2024-12-04 23:13:41,100.04,15.17,1.84
963,2024-12-04 23:13:41,100.14,15.17,1.84
964,2024-12-04 23:13:42,100.23,15.17,1.84
965,2024-12-04 23:13:42,100.35,15.17,1.84
966,2024-12-04 23:13:42,100.45,15.17,1.84
967,2024-12-04 23:13:42,100.55,15.17,1.84
968,2024-12-04 23:13:42,100.66,15.17,1.84
969,2024-12-04 23:13:42,100.77,15.17,1.84
970,2024-12-04 23:13:42,100.87,15.17,1.84
971,2024-12-04 23:13:42,100.97,15.17,1.84
972,2024-12-04 23:13:42,101.07,15.17,1.84
973,2024-12-04 23:13:43,101.17,15.17,1.84
974,2024-12-04 23:13:43,101.27,15.17,1.84
975,2024-12-04 23:13:43,101.37,15.17,1.84
976,2024-12-04 23:13:43,101.47,15.17,1.84
977,2024-12-04 23:13:43,101.57,15.17,1.84
978,2024-12-04 23:13:43,101.66,15.17,1.84
979,2024-12-04 23:13:43,101.76,15.17,1.84
980,2024-12-04 23:13:43,101.86,15.17,1.84
981,2024-12-04 23:13:43,101.97,15.17,1.84
982,2024-12-04 23:13:43,102.07,15.17,1.84
983,2024-12-04 23:13:44,102.17,15.17,1.84
984,2024-12-04 23:13:44,102.27,15.17,1.84
985,2024-12-04 23:13:44,102.37,15.17,1.84
986,2024-12-04 23:13:44,102.48,15.17,1.84
987,2024-12-04 23:13:44,102.58,15.17,1.84
988,2024-12-04 23:13:44,102.68,15.17,1.84
989,2024-12-04 23:13:44,102.78,15.17,1.84
990,2024-12-04 23:13:44,102.89,15.17,1.84
991,2024-12-04 23:13:44,103.00,15.17,1.84
992,2024-12-04 23:13:44,103.10,15.17,1.84
993,2024-12-04 23:13:45,103.20,15.17,1.84
994,2024-12-04 23:13:45,103.31,15.17,1.84
995,2024-12-04 23:13:45,103.41,15.17,1.84
996,2024-12-04 23:13:45,103.51,15.17,1.84
997,2024-12-04 23:13:45,103.61,15.17,1.84
998,2024-12-04 23:13:45,103.71,15.17,1.84
999,2024-12-04 23:13:45,103.81,15.17,1.84
1000,2024-12-04 23:13:45,103.92,15.17,1.84
1001,2024-12-04 23:13:45,104.02,15.17,1.84
1002,2024-12-04 23:13:45,104.12,15.17,1.84
1003,2024-12-04 23:13:46,104.23,15.17,1.84
1004,2024-12-04 23:13:46,104.34,15.17,1.84
1005,2024-12-04 23:13:46,104.44,15.17,1.84
1006,2024-12-04 23:13:46,104.54,15.17,1.84
1007,2024-12-04 23:13:46,104.63,15.17,1.84
1008,2024-12-04 23:13:46,104.73,15.17,1.84
1009,2024-12-04 23:13:46,104.83,15.17,1.84
1010,2024-12-04 23:13:46,104.93,15.17,1.84
1011,2024-12-04 23:13:46,105.03,15.17,1.84
1012,2024-12-04 23:13:46,105.13,15.17,1.84
1013,2024-12-04 23:13:47,105.23,15.17,1.84
1014,2024-12-04 23:13:47,105.34,15.17,1.84
1015,2024-12-04 23:13:47,105.44,15.17,1.84
1016,2024-12-04 23:13:47,105.54,15.17,1.84
1017,2024-12-04 23:13:47,105.65,15.17,1.84
1018,2024-12-04 23:13:47,105.75,15.17,1.84
1019,2024-12-04 23:13:47,105.85,15.17,1.84
1020,2024-12-04 23:13:47,105.95,15.17,1.84
1021,2024-12-04 23:13:47,106.05,15.17,1.84
1022,2024-12-04 23:13:47,106.15,15.17,1.84
1023,2024-12-04 23:13:48,106.25,15.17,1.84
1024,2024-12-04 23:13:48,106.36,15.17,1.84
1025,2024-12-04 23:13:48,106.45,15.17,1.84
1026,2024-12-04 23:13:48,106.55,15.17,1.84
1027,2024-12-04 23:13:48,106.65,15.17,1.84
1028,2024-12-04 23:13:48,106.76,15.17,1.84
1029,2024-12-04 23:13:48,106.86,15.17,1.84
1030,2024-12-04 23:13:48,106.96,15.17,1.84
1031,2024-12-04 23:13:48,107.06,15.17,1.84
1032,2024-12-04 23:13:49,107.17,15.17,1.84
1033,2024-12-04 23:13:49,107.26,15.17,1.84
1034,2024-12-04 23:13:49,107.37,15.17,1.84
1035,2024-12-04 23:13:49,107.47,15.17,1.84
1036,2024-12-04 23:13:49,107.57,15.17,1.84
1037,2024-12-04 23:13:49,107.67,15.17,1.84
1038,2024-12-04 23:13:49,107.78,15.17,1.84
1039,2024-12-04 23:13:49,107.88,15.17,1.84
1040,2024-12-04 23:13:49,107.99,15.17,1.84
1041,2024-12-04 23:13:49,108.08,15.17,1.84
1042,2024-12-04 23:13:50,108.18,15.17,1.84
1043,2024-12-04 23:13:50,108.28,15.17,1.84
1044,2024-12-04 23:13:50,108.38,15.17,1.84
1045,2024-12-04 23:13:50,108.48,15.17,1.84
1046,2024-12-04 23:13:50,108.58,15.17,1.84
1047,2024-12-04 23:13:50,108.68,15.17,1.84
1048,2024-12-04 23:13:50,108.79,15.17,1.84
1049,2024-12-04 23:13:50,108.89,15.17,1.84
1050,2024-12-04 23:13:50,108.98,15.17,1.84
1051,2024-12-04 23:13:50,109.09,15.17,1.84
1052,2024-12-04 23:13:51,109.19,15.17,1.84
1053,2024-12-04 23:13:51,109.29,15.17,1.84
1054,2024-12-04 23:13:51,109.40,15.17,1.84
1055,2024-12-04 23:13:51,109.49,15.17,1.84
1056,2024-12-04 23:13:51,109.59,15.17,1.84
1057,2024-12-04 23:13:51,109.69,15.17,1.84
1058,2024-12-04 23:13:51,109.79,15.17,1.84
1059,2024-12-04 23:13:51,109.89,15.17,1.84
1060,2024-12-04 23:13:51,109.99,15.17,1.84
1061,2024-12-04 23:13:51,110.10,15.17,1.84
1062,2024-12-04 23:13:52,110.20,15.17,1.84
1063,2024-12-04 23:13:52,110.30,15.17,1.84
1064,2024-12-04 23:13:52,110.40,15.17,1.84
1065,2024-12-04 23:13:52,110.50,15.17,1.84
1066,2024-12-04 23:13:52,110.60,15.17,1.84
1067,2024-12-04 23:13:52,110.71,15.17,1.84
1068,2024-12-04 23:13:52,110.82,15.17,1.84
1069,2024-12-04 23:13:52,110.92,15.17,1.84
1070,2024-12-04 23:13:52,111.02,15.17,1.84
1071,2024-12-04 23:13:52,111.13,15.17,1.84
1072,2024-12-04 23:13:53,111.23,15.17,1.84
1073,2024-12-04 23:13:53,111.33,15.17,1.84
1074,2024-12-04 23:13:53,111.45,15.17,1.84
1075,2024-12-04 23:13:53,111.55,15.17,1.84
1076,2024-12-04 23:13:53,111.65,15.17,1.84
1077,2024-12-04 23:13:53,111.75,15.17,1.84
1078,2024-12-04 23:13:53,111.85,15.17,1.84
1079,2024-12-04 23:13:53,111.95,15.17,1.84
1080,2024-12-04 23:13:53,112.06,15.17,1.84
1081,2024-12-04 23:13:53,112.15,15.17,1.84
1082,2024-12-04 23:13:54,112.25,15.17,1.84
1083,2024-12-04 23:13:54,112.35,15.17,1.84
1084,2024-12-04 23:13:54,112.46,15.17,1.84
1085,2024-12-04 23:13:54,112.57,15.17,1.84
1086,2024-12-04 23:13:54,112.67,15.17,1.84
1087,2024-12-04 23:13:54,112.80,15.17,1.84
1088,2024-12-04 23:13:54,112.90,15.17,1.84
1089,2024-12-04 23:13:54,113.01,15.17,1.84
1090,2024-12-04 23:13:54,113.12,15.17,1.84
1091,2024-12-04 23:13:55,113.22,15.17,1.84
1092,2024-12-04 23:13:55,113.33,15.17,1.84
1093,2024-12-04 23:13:55,113.43,15.17,1.84
1094,2024-12-04 23:13:55,113.53,15.17,1.84
1095,2024-12-04 23:13:55,113.62,15.17,1.84
1096,2024-12-04 23:13:55,113.72,15.17,1.84
1097,2024-12-04 23:13:55,113.83,15.17,1.84
1098,2024-12-04 23:13:55,113.93,15.17,1.84
1099,2024-12-04 23:13:55,114.03,15.17,1.84
1100,2024-12-04 23:13:55,114.13,15.17,1.84
1101,2024-12-04 23:13:56,114.23,15.17,1.84
1102,2024-12-04 23:13:56,114.35,15.17,1.84
1103,2024-12-04 23:13:56,114.45,15.17,1.84
1104,2024-12-04 23:13:56,114.54,15.17,1.84
1105,2024-12-04 23:13:56,114.64,15.17,1.84
1106,2024-12-04 23:13:56,114.74,15.17,1.84
1107,2024-12-04 23:13:56,114.84,15.17,1.84
1108,2024-12-04 23:13:56,114.94,15.17,1.84
1109,2024-12-04 23:13:56,115.05,15.17,1.84
1110,2024-12-04 23:13:56,115.15,15.17,1.84
1111,2024-12-04 23:13:57,115.26,15.17,1.84
1112,2024-12-04 23:13:57,115.36,15.17,1.84
1113,2024-12-04 23:13:57,115.47,15.17,1.84
1114,2024-12-04 23:13:57,115.57,15.17,1.84
1115,2024-12-04 23:13:57,115.67,15.17,1.84
1116,2024-12-04 23:13:57,115.78,15.17,1.84
1117,2024-12-04 23:13:57,115.88,15.17,1.84
1118,2024-12-04 23:13:57,115.98,15.17,1.84
1119,2024-12-04 23:13:57,116.07,15.17,1.84
1120,2024-12-04 23:13:58,116.17,15.17,1.84
1121,2024-12-04 23:13:58,116.28,15.17,1.84
1122,2024-12-04 23:13:58,116.38,15.17,1.84
1123,2024-12-04 23:13:58,116.49,15.17,1.84
1124,2024-12-04 23:13:58,116.59,15.17,1.84
1125,2024-12-04 23:13:58,116.69,15.17,1.84
1126,2024-12-04 23:13:58,116.78,15.17,1.84
1127,2024-12-04 23:13:58,116.88,15.17,1.84
1128,2024-12-04 23:13:58,116.99,15.17,1.84
1129,2024-12-04 23:13:58,117.09,15.17,1.84
1130,2024-12-04 23:13:59,117.19,15.17,1.84
1131,2024-12-04 23:13:59,117.30,15.17,1.84
1132,2024-12-04 23:13:59,117.40,15.17,1.84
1133,2024-12-04 23:13:59,117.50,15.17,1.84
1134,2024-12-04 23:13:59,117.60,15.17,1.84
1135,2024-12-04 23:13:59,117.70,15.17,1.84
1136,2024-12-04 23:13:59,117.81,15.17,1.84
1137,2024-12-04 23:13:59,117.91,15.17,1.84
1138,2024-12-04 23:13:59,118.02,15.17,1.84
1139,2024-12-04 23:13:59,118.12,15.17,1.84
1140,2024-12-04 23:14:00,118.22,15.17,1.84
1141,2024-12-04 23:14:00,118.32,15.17,1.84
1142,2024-12-04 23:14:00,118.43,15.17,1.84
1143,2024-12-04 23:14:00,118.53,15.17,1.84
1144,2024-12-04 23:14:00,118.63,15.17,1.84
1145,2024-12-04 23:14:00,118.73,15.17,1.84
1146,2024-12-04 23:14:00,118.83,15.17,1.84
1147,2024-12-04 23:14:00,118.93,15.17,1.84
1148,2024-12-04 23:14:00,119.03,15.17,1.84
1149,2024-12-04 23:14:00,119.13,15.17,1.84
1150,2024-12-04 23:14:01,119.23,15.17,1.84
1151,2024-12-04 23:14:01,119.33,15.17,1.84
1152,2024-12-04 23:14:01,119.43,15.17,1.84
1153,2024-12-04 23:14:01,119.53,15.17,1.84
1154,2024-12-04 23:14:01,119.63,15.17,1.84
1155,2024-12-04 23:14:01,119.72,15.17,1.84
1156,2024-12-04 23:14:01,119.83,15.17,1.84
1157,2024-12-04 23:14:01,119.94,15.17,1.84
1158,2024-12-04 23:14:01,120.04,15.17,1.84
1159,2024-12-04 23:14:01,120.13,15.17,1.84
1160,2024-12-04 23:14:02,120.23,15.17,1.84
1161,2024-12-04 23:14:02,120.34,15.17,1.84
1162,2024-12-04 23:14:02,120.44,15.17,1.84
1163,2024-12-04 23:14:02,120.54,15.17,1.84
1164,2024-12-04 23:14:02,120.64,15.17,1.84
1165,2024-12-04 23:14:02,120.73,15.17,1.84
1166,2024-12-04 23:14:02,120.84,15.17,1.84
1167,2024-12-04 23:14:02,120.94,15.17,1.84
1168,2024-12-04 23:14:02,121.05,15.17,1.84
1169,2024-12-04 23:14:02,121.14,15.17,1.84
1170,2024-12-04 23:14:03,121.23,15.17,1.84
1171,2024-12-04 23:14:03,121.33,15.17,1.84
1172,2024-12-04 23:14:03,121.44,15.17,1.84
1173,2024-12-04 23:14:03,121.54,15.17,1.84
1174,2024-12-04 23:14:03,121.65,15.17,1.84
1175,2024-12-04 23:14:03,121.75,15.17,1.84
1176,2024-12-04 23:14:03,121.84,15.17,1.84
1177,2024-12-04 23:14:03,121.94,15.17,1.84
1178,2024-12-04 23:14:03,122.05,15.17,1.84
1179,2024-12-04 23:14:03,122.14,15.17,1.84
1180,2024-12-04 23:14:04,122.24,15.17,1.84
1181,2024-12-04 23:14:04,122.34,15.17,1.84
1182,2024-12-04 23:14:04,122.43,15.17,1.84
1183,2024-12-04 23:14:04,122.53,15.17,1.84
1184,2024-12-04 23:14:04,122.63,15.17,1.84
1185,2024-12-04 23:14:04,122.73,15.17,1.84
1186,2024-12-04 23:14:04,122.83,15.17,1.84
1187,2024-12-04 23:14:04,122.93,15.17,1.84
1188,2024-12-04 23:14:04,123.04,15.17,1.84
1189,2024-12-04 23:14:04,123.14,15.17,1.84
1190,2024-12-04 23:14:05,123.26,15.17,1.84
1191,2024-12-04 23:14:05,123.36,15.17,1.84
1192,2024-12-04 23:14:05,123.47,15.17,1.84
1193,2024-12-04 23:14:05,123.57,15.17,1.84
1194,2024-12-04 23:14:05,123.67,15.17,1.84
1195,2024-12-04 23:14:05,123.77,15.17,1.84
1196,2024-12-04 23:14:05,123.87,15.17,1.84
1197,2024-12-04 23:14:05,123.98,15.17,1.84
1198,2024-12-04 23:14:05,124.08,15.17,1.84
1199,2024-12-04 23:14:06,124.18,15.17,1.84
1200,2024-12-04 23:14:06,124.28,15.17,1.84
1201,2024-12-04 23:14:06,124.38,15.17,1.84
1202,2024-12-04 23:14:06,124.49,15.17,1.84
1203,2024-12-04 23:14:06,124.59,15.17,1.84
1204,2024-12-04 23:14:06,124.70,15.17,1.84
1205,2024-12-04 23:14:06,124.81,15.17,1.84
1206,2024-12-04 23:14:06,124.91,15.17,1.84
1207,2024-12-04 23:14:06,125.02,15.17,1.84
1208,2024-12-04 23:14:06,125.12,15.17,1.84
1209,2024-12-04 23:14:07,125.22,15.17,1.84
1210,2024-12-04 23:14:07,125.34,15.17,1.84
1211,2024-12-04 23:14:07,125.44,15.17,1.84
1212,2024-12-04 23:14:07,125.55,15.17,1.84
1213,2024-12-04 23:14:07,125.66,15.17,1.84
1214,2024-12-04 23:14:07,125.76,15.17,1.84
1215,2024-12-04 23:14:07,125.85,15.17,1.84
1216,2024-12-04 23:14:07,125.95,15.17,1.84
1217,2024-12-04 23:14:07,126.05,15.17,1.84
1218,2024-12-04 23:14:07,126.16,15.17,1.84
1219,2024-12-04 23:14:08,126.27,15.17,1.84
1220,2024-12-04 23:14:08,126.37,15.17,1.84
1221,2024-12-04 23:14:08,126.47,15.17,1.84
1222,2024-12-04 23:14:08,126.57,15.17,1.84
1223,2024-12-04 23:14:08,126.68,15.17,1.84
1224,2024-12-04 23:14:08,126.79,15.17,1.84
1225,2024-12-04 23:14:08,126.89,15.17,1.84
1226,2024-12-04 23:14:08,126.99,15.17,1.84
1227,2024-12-04 23:14:08,127.09,15.17,1.84
1228,2024-12-04 23:14:09,127.20,15.17,1.84
1229,2024-12-04 23:14:09,127.28,15.17,1.84
1230,2024-12-04 23:14:09,127.39,15.17,1.84
1231,2024-12-04 23:14:09,127.48,15.17,1.84
1232,2024-12-04 23:14:09,127.58,15.17,1.84
1233,2024-12-04 23:14:09,127.68,15.17,1.84
1234,2024-12-04 23:14:09,127.77,15.17,1.84
1235,2024-12-04 23:14:09,127.88,15.17,1.84
1236,2024-12-04 23:14:09,127.98,15.17,1.84
1237,2024-12-04 23:14:09,128.08,15.17,1.84
1238,2024-12-04 23:14:10,128.17,15.17,1.84
1239,2024-12-04 23:14:10,128.27,15.17,1.84
1240,2024-12-04 23:14:10,128.38,15.17,1.84
1241,2024-12-04 23:14:10,128.53,15.17,1.84
1242,2024-12-04 23:14:10,128.63,15.17,1.84
1243,2024-12-04 23:14:10,128.73,15.17,1.84
1244,2024-12-04 23:14:10,128.83,15.17,1.84
1245,2024-12-04 23:14:10,128.93,15.17,1.84
1246,2024-12-04 23:14:10,129.03,15.17,1.84
1247,2024-12-04 23:14:10,129.14,15.17,1.84
1248,2024-12-04 23:14:11,129.24,15.17,1.84
1249,2024-12-04 23:14:11,129.34,15.17,1.84
1250,2024-12-04 23:14:11,129.45,15.17,1.84
1251,2024-12-04 23:14:11,129.53,15.17,1.84
1252,2024-12-04 23:14:11,129.62,15.17,1.84
1253,2024-12-04 23:14:11,129.72,15.17,1.84
1254,2024-12-04 23:14:11,129.82,15.17,1.84
1255,2024-12-04 23:14:11,129.93,15.17,1.84
1256,2024-12-04 23:14:11,130.03,15.17,1.84
1257,2024-12-04 23:14:11,130.13,15.17,1.84
1258,2024-12-04 23:14:12,130.22,15.17,1.84
1259,2024-12-04 23:14:12,130.34,15.17,1.84
1260,2024-12-04 23:14:12,130.44,15.17,1.84
1261,2024-12-04 23:14:12,130.53,15.17,1.84
1262,2024-12-04 23:14:12,130.63,15.17,1.84
1263,2024-12-04 23:14:12,130.73,15.17,1.84
1264,2024-12-04 23:14:12,130.83,15.17,1.84
1265,2024-12-04 23:14:12,130.93,15.17,1.84
1266,2024-12-04 23:14:12,131.02,15.17,1.84
1267,2024-12-04 23:14:12,131.12,15.17,1.84
1268,2024-12-04 23:14:13,131.23,15.17,1.84
1269,2024-12-04 23:14:13,131.33,15.17,1.84
1270,2024-12-04 23:14:13,131.43,15.17,1.84
1271,2024-12-04 23:14:13,131.53,15.17,1.84
1272,2024-12-04 23:14:13,131.63,15.17,1.84
1273,2024-12-04 23:14:13,131.73,15.17,1.84
1274,2024-12-04 23:14:13,131.83,15.17,1.84
1275,2024-12-04 23:14:13,131.93,15.17,1.84
1276,2024-12-04 23:14:13,132.03,15.17,1.84
1277,2024-12-04 23:14:13,132.13,15.17,1.84
1278,2024-12-04 23:14:14,132.23,15.17,1.84
1279,2024-12-04 23:14:14,132.34,15.17,1.84
1280,2024-12-04 23:14:14,132.43,15.17,1.84
1281,2024-12-04 23:14:14,132.53,15.17,1.84
1282,2024-12-04 23:14:14,132.63,15.17,1.84
1283,2024-12-04 23:14:14,132.74,15.17,1.84
1284,2024-12-04 23:14:14,132.84,15.17,1.84
1285,2024-12-04 23:14:14,132.95,15.17,1.84
1286,2024-12-04 23:14:14,133.05,15.17,1.84
1287,2024-12-04 23:14:14,133.15,15.17,1.84
1288,2024-12-04 23:14:15,133.25,15.17,1.84
1289,2024-12-04 23:14:15,133.35,15.17,1.84
1290,2024-12-04 23:14:15,133.46,15.17,1.84
1291,2024-12-04 23:14:15,133.56,15.17,1.84
1292,2024-12-04 23:14:15,133.67,15.17,1.84
1293,2024-12-04 23:14:15,133.77,15.17,1.84
1294,2024-12-04 23:14:15,133.87,15.17,1.84
1295,2024-12-04 23:14:15,133.97,15.17,1.84
1296,2024-12-04 23:14:15,134.07,15.17,1.84
1297,2024-12-04 23:14:16,134.17,15.17,1.84
1298,2024-12-04 23:14:16,134.27,15.17,1.84
1299,2024-12-04 23:14:16,134.37,15.17,1.84
1300,2024-12-04 23:14:16,134.47,15.17,1.84
1301,2024-12-04 23:14:16,134.57,15.17,1.84
1302,2024-12-04 23:14:16,134.67,15.17,1.84
1303,2024-12-04 23:14:16,134.77,15.17,1.84
1304,2024-12-04 23:14:16,134.88,15.17,1.84
1305,2024-12-04 23:14:16,134.98,15.17,1.84
1306,2024-12-04 23:14:16,135.08,15.17,1.84
1307,2024-12-04 23:14:17,135.19,15.17,1.84
1308,2024-12-04 23:14:17,135.29,15.17,1.84
1309,2024-12-04 23:14:17,135.39,15.17,1.84
1310,2024-12-04 23:14:17,135.49,15.17,1.84
1311,2024-12-04 23:14:17,135.60,15.17,1.84
1312,2024-12-04 23:14:17,135.71,15.17,1.84
1313,2024-12-04 23:14:17,135.82,15.17,1.84
1314,2024-12-04 23:14:17,135.93,15.17,1.84
1315,2024-12-04 23:14:17,136.03,15.17,1.84
1316,2024-12-04 23:14:17,136.13,15.17,1.84
1317,2024-12-04 23:14:18,136.24,15.17,1.84
1318,2024-12-04 23:14:18,136.34,15.17,1.84
1319,2024-12-04 23:14:18,136.45,15.17,1.84
1320,2024-12-04 23:14:18,136.56,15.17,1.84
1321,2024-12-04 23:14:18,136.66,15.17,1.84
1322,2024-12-04 23:14:18,136.76,15.17,1.84
1323,2024-12-04 23:14:18,136.86,15.17,1.84
1324,2024-12-04 23:14:18,136.96,15.17,1.84
1325,2024-12-04 23:14:18,137.06,15.17,1.84
1326,2024-12-04 23:14:19,137.17,15.17,1.84
1327,2024-12-04 23:14:19,137.28,15.17,1.84
1328,2024-12-04 23:14:19,137.38,15.17,1.84
1329,2024-12-04 23:14:19,137.49,15.17,1.84
1330,2024-12-04 23:14:19,137.59,15.17,1.84
1331,2024-12-04 23:14:19,137.69,15.17,1.84
1332,2024-12-04 23:14:19,137.80,15.17,1.84
1333,2024-12-04 23:14:19,137.91,15.17,1.84
1334,2024-12-04 23:14:19,138.01,15.17,1.84
1335,2024-12-04 23:14:19,138.12,15.17,1.84
1336,2024-12-04 23:14:20,138.22,15.17,1.84
1337,2024-12-04 23:14:20,138.33,15.17,1.84
1338,2024-12-04 23:14:20,138.43,15.17,1.84
1339,2024-12-04 23:14:20,138.52,15.17,1.84
1340,2024-12-04 23:14:20,138.62,15.17,1.84
1341,2024-12-04 23:14:20,138.72,15.17,1.84
1342,2024-12-04 23:14:20,138.83,15.17,1.84
1343,2024-12-04 23:14:20,138.93,15.17,1.84
1344,2024-12-04 23:14:20,139.02,15.17,1.84
1345,2024-12-04 23:14:20,139.12,15.17,1.84
1346,2024-12-04 23:14:21,139.23,15.17,1.84
1347,2024-12-04 23:14:21,139.34,15.17,1.84
1348,2024-12-04 23:14:21,139.44,15.17,1.84
1349,2024-12-04 23:14:21,139.54,15.17,1.84
1350,2024-12-04 23:14:21,139.64,15.17,1.84
1351,2024-12-04 23:14:21,139.75,15.17,1.84
1352,2024-12-04 23:14:21,139.86,15.17,1.84
1353,2024-12-04 23:14:21,139.95,15.17,1.84
1354,2024-12-04 23:14:21,140.05,15.17,1.84
1355,2024-12-04 23:14:21,140.15,15.17,1.84
1356,2024-12-04 23:14:22,140.26,15.17,1.84
1357,2024-12-04 23:14:22,140.36,15.17,1.84
1358,2024-12-04 23:14:22,140.47,15.17,1.84
1359,2024-12-04 23:14:22,140.56,15.17,1.84
1360,2024-12-04 23:14:22,140.66,15.17,1.84
1361,2024-12-04 23:14:22,140.76,15.17,1.84
1362,2024-12-04 23:14:22,140.86,15.17,1.84
1363,2024-12-04 23:14:22,140.98,15.17,1.84
1364,2024-12-04 23:14:22,141.08,15.17,1.84
1365,2024-12-04 23:14:23,141.18,15.17,1.84
1366,2024-12-04 23:14:23,141.29,15.17,1.84
1367,2024-12-04 23:14:23,141.40,15.17,1.84
1368,2024-12-04 23:14:23,141.49,15.17,1.84
1369,2024-12-04 23:14:23,141.60,15.17,1.84
1370,2024-12-04 23:14:23,141.70,15.17,1.84
1371,2024-12-04 23:14:23,141.81,15.17,1.84
1372,2024-12-04 23:14:23,141.91,15.17,1.84
1373,2024-12-04 23:14:23,142.01,15.17,1.84
1374,2024-12-04 23:14:23,142.11,15.17,1.84
1375,2024-12-04 23:14:24,142.22,15.17,1.84
1376,2024-12-04 23:14:24,142.31,15.17,1.84
1377,2024-12-04 23:14:24,142.41,15.17,1.84
1378,2024-12-04 23:14:24,142.51,15.17,1.84
1379,2024-12-04 23:14:24,142.61,15.17,1.84
1380,2024-12-04 23:14:24,142.71,15.17,1.84
1381,2024-12-04 23:14:24,142.80,15.17,1.84
1382,2024-12-04 23:14:24,142.91,15.17,1.84
1383,2024-12-04 23:14:24,143.01,15.17,1.84
1384,2024-12-04 23:14:24,143.11,15.17,1.84
1385,2024-12-04 23:14:25,143.21,15.17,1.84
1386,2024-12-04 23:14:25,143.32,15.17,1.84
1387,2024-12-04 23:14:25,143.42,15.17,1.84
1388,2024-12-04 23:14:25,143.53,15.17,1.84
1389,2024-12-04 23:14:25,143.63,15.17,1.84
1390,2024-12-04 23:14:25,143.73,15.17,1.84
1391,2024-12-04 23:14:25,143.83,15.17,1.84
1392,2024-12-04 23:14:25,143.93,15.17,1.84
1393,2024-12-04 23:14:25,144.04,15.17,1.84
1394,2024-12-04 23:14:25,144.14,15.17,1.84
1395,2024-12-04 23:14:26,144.24,15.17,1.84
1396,2024-12-04 23:14:26,144.35,15.17,1.84
1397,2024-12-04 23:14:26,144.45,15.17,1.84
1398,2024-12-04 23:14:26,144.55,15.17,1.84
1399,2024-12-04 23:14:26,144.64,15.17,1.84
1400,2024-12-04 23:14:26,144.75,15.17,1.84
1401,2024-12-04 23:14:26,144.85,15.17,1.84
1402,2024-12-04 23:14:26,144.95,15.17,1.84
1403,2024-12-04 23:14:26,145.04,15.17,1.84
1404,2024-12-04 23:14:26,145.14,15.17,1.84
1405,2024-12-04 23:14:27,145.24,15.17,1.84
1406,2024-12-04 23:14:27,145.34,15.17,1.84
1407,2024-12-04 23:14:27,145.44,15.17,1.84
1408,2024-12-04 23:14:27,145.54,15.17,1.84
1409,2024-12-04 23:14:27,145.64,15.17,1.84
1410,2024-12-04 23:14:27,145.74,15.17,1.84
1411,2024-12-04 23:14:27,145.85,15.17,1.84
1412,2024-12-04 23:14:27,145.94,15.17,1.84
1413,2024-12-04 23:14:27,146.04,15.17,1.84
1414,2024-12-04 23:14:27,146.15,15.17,1.84
1415,2024-12-04 23:14:28,146.25,15.17,1.84
1416,2024-12-04 23:14:28,146.35,15.17,1.84
1417,2024-12-04 23:14:28,146.45,15.17,1.84
1418,2024-12-04 23:14:28,146.54,15.17,1.84
1419,2024-12-04 23:14:28,146.63,15.17,1.84
1420,2024-12-04 23:14:28,146.74,15.17,1.84
1421,2024-12-04 23:14:28,146.83,15.17,1.84
1422,2024-12-04 23:14:28,146.93,15.17,1.84
1423,2024-12-04 23:14:28,147.03,15.17,1.84
1424,2024-12-04 23:14:28,147.13,15.17,1.84
1425,2024-12-04 23:14:29,147.23,15.17,1.84
1426,2024-12-04 23:14:29,147.33,15.17,1.84
1427,2024-12-04 23:14:29,147.43,15.17,1.84
1428,2024-12-04 23:14:29,147.53,15.17,1.84
1429,2024-12-04 23:14:29,147.63,15.17,1.84
1430,2024-12-04 23:14:29,147.73,15.17,1.84
1431,2024-12-04 23:14:29,147.83,15.17,1.84
1432,2024-12-04 23:14:29,147.93,15.17,1.84
1433,2024-12-04 23:14:29,148.03,15.17,1.84
1434,2024-12-04 23:14:29,148.14,15.17,1.84
1435,2024-12-04 23:14:30,148.24,15.17,1.84
1436,2024-12-04 23:14:30,148.36,15.17,1.84
1437,2024-12-04 23:14:30,148.47,15.17,1.84
1438,2024-12-04 23:14:30,148.58,15.17,1.84
1439,2024-12-04 23:14:30,148.68,15.17,1.84
1440,2024-12-04 23:14:30,148.78,15.17,1.84
1441,2024-12-04 23:14:30,148.89,15.17,1.84
1442,2024-12-04 23:14:30,148.99,15.17,1.84
1443,2024-12-04 23:14:30,149.09,15.17,1.84
1444,2024-12-04 23:14:31,149.20,15.17,1.84
1445,2024-12-04 23:14:31,149.31,15.17,1.84
1446,2024-12-04 23:14:31,149.42,15.17,1.84
1447,2024-12-04 23:14:31,149.52,15.17,1.84
1448,2024-12-04 23:14:31,149.63,15.17,1.84
1449,2024-12-04 23:14:31,149.75,15.17,1.84
1450,2024-12-04 23:14:31,149.85,15.17,1.84
1451,2024-12-04 23:14:31,149.96,15.17,1.84
1452,2024-12-04 23:14:31,150.05,15.17,1.84
1453,2024-12-04 23:14:31,150.15,15.17,1.84
1454,2024-12-04 23:14:32,150.26,15.17,1.84
1455,2024-12-04 23:14:32,150.36,15.17,1.84
1456,2024-12-04 23:14:32,150.46,15.17,1.84
1457,2024-12-04 23:14:32,150.56,15.17,1.84
1458,2024-12-04 23:14:32,150.65,15.17,1.84
1459,2024-12-04 23:14:32,150.74,15.17,1.84
1460,2024-12-04 23:14:32,150.84,15.17,1.84
1461,2024-12-04 23:14:32,150.95,15.17,1.84
1462,2024-12-04 23:14:32,151.05,15.17,1.84
1463,2024-12-04 23:14:32,151.16,15.17,1.84
1464,2024-12-04 23:14:33,151.26,15.17,1.84
1465,2024-12-04 23:14:33,151.36,15.17,1.84
1466,2024-12-04 23:14:33,151.46,15.17,1.84
1467,2024-12-04 23:14:33,151.57,15.17,1.84
1468,2024-12-04 23:14:33,151.67,15.17,1.84
1469,2024-12-04 23:14:33,151.77,15.17,1.84
1470,2024-12-04 23:14:33,151.87,15.17,1.84
1471,2024-12-04 23:14:33,151.97,15.17,1.84
1472,2024-12-04 23:14:33,152.06,15.17,1.84
1473,2024-12-04 23:14:33,152.16,15.17,1.84
1474,2024-12-04 23:14:34,152.27,15.17,1.84
1475,2024-12-04 23:14:34,152.37,15.17,1.84
1476,2024-12-04 23:14:34,152.47,15.17,1.84
1477,2024-12-04 23:14:34,152.57,15.17,1.84
1478,2024-12-04 23:14:34,152.68,15.17,1.84
1479,2024-12-04 23:14:34,152.78,15.17,1.84
1480,2024-12-04 23:14:34,152.88,15.17,1.84
1481,2024-12-04 23:14:34,152.98,15.17,1.84
1482,2024-12-04 23:14:34,153.09,15.17,1.84
1483,2024-12-04 23:14:35,153.19,15.17,1.84
1484,2024-12-04 23:14:35,153.30,15.17,1.84
1485,2024-12-04 23:14:35,153.40,15.17,1.84
1486,2024-12-04 23:14:35,153.50,15.17,1.84
1487,2024-12-04 23:14:35,153.61,15.17,1.84
1488,2024-12-04 23:14:35,153.71,15.17,1.84
1489,2024-12-04 23:14:35,153.81,15.17,1.84
1490,2024-12-04 23:14:35,153.91,15.17,1.84
1491,2024-12-04 23:14:35,154.02,15.17,1.84
1492,2024-12-04 23:14:35,154.12,15.17,1.84
1493,2024-12-04 23:14:36,154.22,15.17,1.84
1494,2024-12-04 23:14:36,154.31,15.17,1.84
1495,2024-12-04 23:14:36,154.41,15.17,1.84
1496,2024-12-04 23:14:36,154.52,15.17,1.84
1497,2024-12-04 23:14:36,154.61,15.17,1.84
1498,2024-12-04 23:14:36,154.70,15.17,1.84
1499,2024-12-04 23:14:36,154.81,15.17,1.84
1500,2024-12-04 23:14:36,154.91,15.17,1.84
1501,2024-12-04 23:14:36,155.01,15.17,1.84
1502,2024-12-04 23:14:36,155.10,15.17,1.84
1503,2024-12-04 23:14:37,155.21,15.17,1.84
1504,2024-12-04 23:14:37,155.31,15.17,1.84
1505,2024-12-04 23:14:37,155.41,15.17,1.84
1506,2024-12-04 23:14:37,155.51,15.17,1.84
1507,2024-12-04 23:14:37,155.61,15.17,1.84
1508,2024-12-04 23:14:37,155.71,15.17,1.84
1509,2024-12-04 23:14:37,155.81,15.17,1.84
1510,2024-12-04 23:14:37,155.91,15.17,1.84
1511,2024-12-04 23:14:37,156.01,15.17,1.84
1512,2024-12-04 23:14:37,156.10,15.17,1.84
1513,2024-12-04 23:14:38,156.20,15.17,1.84
1514,2024-12-04 23:14:38,156.30,15.17,1.84
1515,2024-12-04 23:14:38,156.40,15.17,1.84
1516,2024-12-04 23:14:38,156.50,15.17,1.84
1517,2024-12-04 23:14:38,156.59,15.17,1.84
1518,2024-12-04 23:14:38,156.70,15.17,1.84
1519,2024-12-04 23:14:38,156.80,15.17,1.84
1520,2024-12-04 23:14:38,156.90,15.17,1.85
1521,2024-12-04 23:14:38,156.99,15.17,1.84
1522,2024-12-04 23:14:38,157.09,15.17,1.84
1523,2024-12-04 23:14:39,157.19,15.17,1.84
1524,2024-12-04 23:14:39,157.30,15.17,1.84
1525,2024-12-04 23:14:39,157.40,15.17,1.84
1526,2024-12-04 23:14:39,157.50,15.17,1.84
1527,2024-12-04 23:14:39,157.60,15.17,1.84
1528,2024-12-04 23:14:39,157.71,15.17,1.84
1529,2024-12-04 23:14:39,157.81,15.17,1.84
1530,2024-12-04 23:14:39,157.91,15.17,1.84
1531,2024-12-04 23:14:39,158.01,15.17,1.84
1532,2024-12-04 23:14:39,158.11,15.17,1.84
1533,2024-12-04 23:14:40,158.22,15.17,1.84
1534,2024-12-04 23:14:40,158.32,15.17,1.84
1535,2024-12-04 23:14:40,158.43,15.17,1.84
1536,2024-12-04 23:14:40,158.53,15.17,1.84
1537,2024-12-04 23:14:40,158.63,15.17,1.84
1538,2024-12-04 23:14:40,158.73,15.17,1.84
1539,2024-12-04 23:14:40,158.82,15.17,1.84
1540,2024-12-04 23:14:40,158.92,15.17,1.84
1541,2024-12-04 23:14:40,159.02,15.17,1.84
1542,2024-12-04 23:14:40,159.12,15.17,1.84
1543,2024-12-04 23:14:41,159.23,15.17,1.84
1544,2024-12-04 23:14:41,159.33,15.17,1.84
1545,2024-12-04 23:14:41,159.43,15.17,1.84
1546,2024-12-04 23:14:41,159.53,15.17,1.84
1547,2024-12-04 23:14:41,159.63,15.17,1.84
1548,2024-12-04 23:14:41,159.73,15.17,1.84
1549,2024-12-04 23:14:41,159.84,15.17,1.84
1550,2024-12-04 23:14:41,159.94,15.17,1.84
1551,2024-12-04 23:14:41,160.04,15.17,1.84
1552,2024-12-04 23:14:41,160.14,15.17,1.84
1553,2024-12-04 23:14:42,160.25,15.17,1.84
1554,2024-12-04 23:14:42,160.36,15.17,1.84
1555,2024-12-04 23:14:42,160.46,15.17,1.84
1556,2024-12-04 23:14:42,160.57,15.17,1.84
1557,2024-12-04 23:14:42,160.67,15.17,1.84
1558,2024-12-04 23:14:42,160.77,15.17,1.84
1559,2024-12-04 23:14:42,160.87,15.17,1.84
1560,2024-12-04 23:14:42,160.98,15.17,1.84
1561,2024-12-04 23:14:42,161.08,15.17,1.84
1562,2024-12-04 23:14:43,161.19,15.17,1.84
1563,2024-12-04 23:14:43,161.30,15.17,1.84
1564,2024-12-04 23:14:43,161.40,15.17,1.84
1565,2024-12-04 23:14:43,161.51,15.17,1.84
1566,2024-12-04 23:14:43,161.62,15.17,1.84
1567,2024-12-04 23:14:43,161.73,15.17,1.84
1568,2024-12-04 23:14:43,161.83,15.17,1.84
1569,2024-12-04 23:14:43,161.93,15.17,1.84
1570,2024-12-04 23:14:43,162.04,15.17,1.84
1571,2024-12-04 23:14:43,162.15,15.17,1.84
1572,2024-12-04 23:14:44,162.25,15.17,1.84
1573,2024-12-04 23:14:44,162.35,15.17,1.84
1574,2024-12-04 23:14:44,162.46,15.17,1.84
1575,2024-12-04 23:14:44,162.56,15.17,1.84
1576,2024-12-04 23:14:44,162.66,15.17,1.84
1577,2024-12-04 23:14:44,162.76,15.17,1.84
1578,2024-12-04 23:14:44,162.86,15.17,1.84
1579,2024-12-04 23:14:44,162.97,15.17,1.84
1580,2024-12-04 23:14:44,163.07,15.17,1.84
1581,2024-12-04 23:14:45,163.17,15.17,1.84
1582,2024-12-04 23:14:45,163.28,15.17,1.84
1583,2024-12-04 23:14:45,163.39,15.17,1.84
1584,2024-12-04 23:14:45,163.49,15.17,1.84
1585,2024-12-04 23:14:45,163.59,15.17,1.84
1586,2024-12-04 23:14:45,163.70,15.17,1.84
1587,2024-12-04 23:14:45,163.80,15.17,1.84
1588,2024-12-04 23:14:45,163.90,15.17,1.84
1589,2024-12-04 23:14:45,164.00,15.17,1.84
1590,2024-12-04 23:14:45,164.10,15.17,1.84
1591,2024-12-04 23:14:46,164.20,15.17,1.84
1592,2024-12-04 23:14:46,164.30,15.17,1.84
1593,2024-12-04 23:14:46,164.40,15.17,1.84
1594,2024-12-04 23:14:46,164.51,15.17,1.84
1595,2024-12-04 23:14:46,164.60,15.17,1.84
1596,2024-12-04 23:14:46,164.71,15.17,1.84
1597,2024-12-04 23:14:46,164.81,15.17,1.84
1598,2024-12-04 23:14:46,164.91,15.17,1.84
1599,2024-12-04 23:14:46,165.01,15.17,1.84
1600,2024-12-04 23:14:46,165.11,15.17,1.84
1601,2024-12-04 23:14:47,165.20,15.17,1.84
1602,2024-12-04 23:14:47,165.31,15.17,1.84
1603,2024-12-04 23:14:47,165.40,15.17,1.84
1604,2024-12-04 23:14:47,165.50,15.17,1.84
1605,2024-12-04 23:14:47,165.60,15.17,1.84
1606,2024-12-04 23:14:47,165.70,15.17,1.84
1607,2024-12-04 23:14:47,165.80,15.17,1.84
1608,2024-12-04 23:14:47,165.91,15.17,1.84
1609,2024-12-04 23:14:47,166.01,15.17,1.84
1610,2024-12-04 23:14:47,166.11,15.17,1.84
1611,2024-12-04 23:14:48,166.21,15.17,1.84
1612,2024-12-04 23:14:48,166.32,15.17,1.84
1613,2024-12-04 23:14:48,166.43,15.17,1.84
1614,2024-12-04 23:14:48,166.53,15.17,1.84
1615,2024-12-04 23:14:48,166.63,15.17,1.84
1616,2024-12-04 23:14:48,166.73,15.17,1.84
1617,2024-12-04 23:14:48,166.83,15.17,1.84
1618,2024-12-04 23:14:48,166.93,15.17,1.84
1619,2024-12-04 23:14:48,167.03,15.17,1.84
1620,2024-12-04 23:14:48,167.13,15.17,1.84
1621,2024-12-04 23:14:49,167.24,15.17,1.84
1622,2024-12-04 23:14:49,167.35,15.17,1.84
1623,2024-12-04 23:14:49,167.45,15.17,1.84
1624,2024-12-04 23:14:49,167.55,15.17,1.84
1625,2024-12-04 23:14:49,167.64,15.17,1.84
1626,2024-12-04 23:14:49,167.75,15.17,1.84
1627,2024-12-04 23:14:49,167.87,15.17,1.84
1628,2024-12-04 23:14:49,167.97,15.17,1.84
1629,2024-12-04 23:14:49,168.07,15.17,1.84
1630,2024-12-04 23:14:50,168.17,15.17,1.84
1631,2024-12-04 23:14:50,168.26,15.17,1.84
1632,2024-12-04 23:14:50,168.36,15.17,1.84
1633,2024-12-04 23:14:50,168.46,15.17,1.84
1634,2024-12-04 23:14:50,168.57,15.17,1.84
1635,2024-12-04 23:14:50,168.66,15.17,1.84
1636,2024-12-04 23:14:50,168.76,15.17,1.84
1637,2024-12-04 23:14:50,168.87,15.17,1.84
1638,2024-12-04 23:14:50,168.97,15.17,1.84
1639,2024-12-04 23:14:50,169.06,15.17,1.84
1640,2024-12-04 23:14:50,169.16,15.17,1.84
1641,2024-12-04 23:14:51,169.26,15.17,1.84
1642,2024-12-04 23:14:51,169.37,15.17,1.84
1643,2024-12-04 23:14:51,169.47,15.17,1.84
1644,2024-12-04 23:14:51,169.58,15.17,1.84
1645,2024-12-04 23:14:51,169.68,15.17,1.84
1646,2024-12-04 23:14:51,169.78,15.17,1.84
1647,2024-12-04 23:14:51,169.88,15.17,1.84
1648,2024-12-04 23:14:51,169.99,15.17,1.84
1649,2024-12-04 23:14:51,170.08,15.17,1.84
1650,2024-12-04 23:14:52,170.18,15.17,1.84
1651,2024-12-04 23:14:52,170.29,15.17,1.84
1652,2024-12-04 23:14:52,170.40,15.17,1.84
1653,2024-12-04 23:14:52,170.50,15.17,1.84
1654,2024-12-04 23:14:52,170.60,15.17,1.84
1655,2024-12-04 23:14:52,170.70,15.17,1.84
1656,2024-12-04 23:14:52,170.80,15.17,1.84
1657,2024-12-04 23:14:52,170.90,15.17,1.84
1658,2024-12-04 23:14:52,171.00,15.17,1.84
1659,2024-12-04 23:14:52,171.11,15.17,1.84
1660,2024-12-04 23:14:53,171.21,15.17,1.84
1661,2024-12-04 23:14:53,171.33,15.17,1.84
1662,2024-12-04 23:14:53,171.43,15.17,1.84
1663,2024-12-04 23:14:53,171.53,15.17,1.84
1664,2024-12-04 23:14:53,171.64,15.17,1.84
1665,2024-12-04 23:14:53,171.75,15.17,1.84
1666,2024-12-04 23:14:53,171.84,15.17,1.84
1667,2024-12-04 23:14:53,171.95,15.17,1.84
1668,2024-12-04 23:14:53,172.06,15.17,1.84
1669,2024-12-04 23:14:53,172.16,15.17,1.84
1670,2024-12-04 23:14:54,172.26,15.17,1.84
1671,2024-12-04 23:14:54,172.36,15.17,1.84
1672,2024-12-04 23:14:54,172.47,15.17,1.84
1673,2024-12-04 23:14:54,172.58,15.17,1.84
1674,2024-12-04 23:14:54,172.69,15.17,1.84
1675,2024-12-04 23:14:54,172.80,15.17,1.84
1676,2024-12-04 23:14:54,172.92,15.17,1.84
1677,2024-12-04 23:14:54,173.03,15.17,1.84
1678,2024-12-04 23:14:54,173.13,15.17,1.84
1679,2024-12-04 23:14:55,173.24,15.17,1.84
1680,2024-12-04 23:14:55,173.37,15.17,1.84
1681,2024-12-04 23:14:55,173.47,15.17,1.84
1682,2024-12-04 23:14:55,173.58,15.17,1.84
1683,2024-12-04 23:14:55,173.68,15.17,1.84
1684,2024-12-04 23:14:55,173.79,15.17,1.84
1685,2024-12-04 23:14:55,173.89,15.17,1.84
1686,2024-12-04 23:14:55,174.00,15.17,1.84
1687,2024-12-04 23:14:55,174.09,15.17,1.84
1688,2024-12-04 23:14:56,174.20,15.17,1.84
1689,2024-12-04 23:14:56,174.31,15.17,1.84
1690,2024-12-04 23:14:56,174.41,15.17,1.84
1691,2024-12-04 23:14:56,174.52,15.17,1.84
1692,2024-12-04 23:14:56,174.63,15.17,1.84
1693,2024-12-04 23:14:56,174.74,15.17,1.84
1694,2024-12-04 23:14:56,174.84,15.17,1.84
1695,2024-12-04 23:14:56,174.95,15.17,1.84
1696,2024-12-04 23:14:56,175.06,15.17,1.84
1697,2024-12-04 23:14:57,175.17,15.17,1.84
1698,2024-12-04 23:14:57,175.27,15.17,1.84
1699,2024-12-04 23:14:57,175.37,15.17,1.84
1700,2024-12-04 23:14:57,175.47,15.17,1.84
1701,2024-12-04 23:14:57,175.58,15.17,1.84
1702,2024-12-04 23:14:57,175.68,15.17,1.84
1703,2024-12-04 23:14:57,175.78,15.17,1.84
1704,2024-12-04 23:14:57,175.88,15.17,1.84
1705,2024-12-04 23:14:57,175.97,15.17,1.84
1706,2024-12-04 23:14:57,176.07,15.17,1.84
1707,2024-12-04 23:14:58,176.17,15.17,1.84
1708,2024-12-04 23:14:58,176.27,15.17,1.84
1709,2024-12-04 23:14:58,176.38,15.17,1.84
1710,2024-12-04 23:14:58,176.48,15.17,1.84
1711,2024-12-04 23:14:58,176.58,15.17,1.84
1712,2024-12-04 23:14:58,176.67,15.17,1.84
1713,2024-12-04 23:14:58,176.78,15.17,1.84
1714,2024-12-04 23:14:58,176.88,15.17,1.84
1715,2024-12-04 23:14:58,176.98,15.17,1.84
1716,2024-12-04 23:14:58,177.08,15.17,1.84
1717,2024-12-04 23:14:59,177.18,15.17,1.84
1718,2024-12-04 23:14:59,177.29,15.17,1.84
1719,2024-12-04 23:14:59,177.39,15.17,1.84
1720,2024-12-04 23:14:59,177.50,15.17,1.84
1721,2024-12-04 23:14:59,177.60,15.17,1.84
1722,2024-12-04 23:14:59,177.70,15.17,1.84
1723,2024-12-04 23:14:59,177.80,15.17,1.84
1724,2024-12-04 23:14:59,177.90,15.17,1.84
1725,2024-12-04 23:14:59,178.01,15.17,1.84
1726,2024-12-04 23:14:59,178.11,15.17,1.84
1727,2024-12-04 23:15:00,178.22,15.17,1.84
1728,2024-12-04 23:15:00,178.33,15.17,1.84
1729,2024-12-04 23:15:00,178.44,15.17,1.84
1730,2024-12-04 23:15:00,178.54,15.17,1.84
1731,2024-12-04 23:15:00,178.64,15.17,1.84
1732,2024-12-04 23:15:00,178.75,15.17,1.84
1733,2024-12-04 23:15:00,178.84,15.17,1.84
1734,2024-12-04 23:15:00,178.95,15.17,1.84
1735,2024-12-04 23:15:00,179.06,15.17,1.84
1736,2024-12-04 23:15:00,179.16,15.17,1.84
1737,2024-12-04 23:15:01,179.27,15.17,1.84
1738,2024-12-04 23:15:01,179.37,15.17,1.84
1739,2024-12-04 23:15:01,179.48,15.17,1.84
1740,2024-12-04 23:15:01,179.58,15.17,1.84
1741,2024-12-04 23:15:01,179.67,15.17,1.84
1742,2024-12-04 23:15:01,179.78,15.17,1.84
1743,2024-12-04 23:15:01,179.87,15.17,1.84
1744,2024-12-04 23:15:01,179.97,15.17,1.84
1745,2024-12-04 23:15:01,180.07,15.17,1.84
1746,2024-12-04 23:15:02,180.17,15.17,1.84
1747,2024-12-04 23:15:02,180.27,15.17,1.84
1748,2024-12-04 23:15:02,180.38,15.17,1.84
1749,2024-12-04 23:15:02,180.48,15.17,1.84
1750,2024-12-04 23:15:02,180.59,15.17,1.84
1751,2024-12-04 23:15:02,180.69,15.17,1.84
1752,2024-12-04 23:15:02,180.79,15.17,1.84
1753,2024-12-04 23:15:02,180.89,15.17,1.84
1754,2024-12-04 23:15:02,180.99,15.17,1.84
1755,2024-12-04 23:15:02,181.10,15.17,1.84
1756,2024-12-04 23:15:03,181.19,15.17,1.84
1757,2024-12-04 23:15:03,181.30,15.17,1.84
1758,2024-12-04 23:15:03,181.40,15.17,1.84
1759,2024-12-04 23:15:03,181.51,15.17,1.84
1760,2024-12-04 23:15:03,181.61,15.17,1.84
1761,2024-12-04 23:15:03,181.70,15.17,1.84
1762,2024-12-04 23:15:03,181.80,15.17,1.84
1763,2024-12-04 23:15:03,181.90,15.17,1.84
1764,2024-12-04 23:15:03,182.00,15.17,1.84
1765,2024-12-04 23:15:03,182.11,15.17,1.84
1766,2024-12-04 23:15:04,182.20,15.17,1.84
1767,2024-12-04 23:15:04,182.30,15.17,1.84
1768,2024-12-04 23:15:04,182.41,15.17,1.84
1769,2024-12-04 23:15:04,182.51,15.17,1.84
1770,2024-12-04 23:15:04,182.61,15.17,1.84
1771,2024-12-04 23:15:04,182.71,15.17,1.84
1772,2024-12-04 23:15:04,182.81,15.17,1.84
1773,2024-12-04 23:15:04,182.92,15.17,1.84
1774,2024-12-04 23:15:04,183.02,15.17,1.84
1775,2024-12-04 23:15:04,183.12,15.17,1.84
1776,2024-12-04 23:15:05,183.22,15.17,1.84
1777,2024-12-04 23:15:05,183.34,15.17,1.84
1778,2024-12-04 23:15:05,183.45,15.17,1.84
1779,2024-12-04 23:15:05,183.55,15.17,1.84
1780,2024-12-04 23:15:05,183.65,15.17,1.84
1781,2024-12-04 23:15:05,183.75,15.17,1.84
1782,2024-12-04 23:15:05,183.85,15.17,1.84
1783,2024-12-04 23:15:05,183.95,15.17,1.84
1784,2024-12-04 23:15:05,184.05,15.17,1.84
1785,2024-12-04 23:15:05,184.15,15.17,1.84
1786,2024-12-04 23:15:06,184.24,15.17,1.84
1787,2024-12-04 23:15:06,184.35,15.17,1.84
1788,2024-12-04 23:15:06,184.47,15.17,1.84
1789,2024-12-04 23:15:06,184.58,15.17,1.84
1790,2024-12-04 23:15:06,184.68,15.17,1.84
1791,2024-12-04 23:15:06,184.78,15.17,1.84
1792,2024-12-04 23:15:06,184.88,15.17,1.84
1793,2024-12-04 23:15:06,184.98,15.17,1.84
1794,2024-12-04 23:15:06,185.09,15.17,1.84
1795,2024-12-04 23:15:07,185.20,15.17,1.84
1796,2024-12-04 23:15:07,185.32,15.17,1.84
1797,2024-12-04 23:15:07,185.43,15.17,1.84
1798,2024-12-04 23:15:07,185.53,15.17,1.84
1799,2024-12-04 23:15:07,185.63,15.17,1.84
1800,2024-12-04 23:15:07,185.72,15.17,1.84
1801,2024-12-04 23:15:07,185.83,15.17,1.84
1802,2024-12-04 23:15:07,185.94,15.17,1.84
1803,2024-12-04 23:15:07,186.05,15.17,1.84
1804,2024-12-04 23:15:07,186.16,15.17,1.84
1805,2024-12-04 23:15:08,186.26,15.17,1.84
1806,2024-12-04 23:15:08,186.37,15.17,1.84
1807,2024-12-04 23:15:08,186.47,15.17,1.84
1808,2024-12-04 23:15:08,186.58,15.17,1.84
1809,2024-12-04 23:15:08,186.69,15.17,1.84
1810,2024-12-04 23:15:08,186.80,15.17,1.84
1811,2024-12-04 23:15:08,186.91,15.17,1.84
1812,2024-12-04 23:15:08,187.01,15.17,1.84
1813,2024-12-04 23:15:08,187.12,15.17,1.84
1814,2024-12-04 23:15:09,187.23,15.17,1.84
1815,2024-12-04 23:15:09,187.34,15.17,1.84
1816,2024-12-04 23:15:09,187.43,15.17,1.84
1817,2024-12-04 23:15:09,187.53,15.17,1.84
1818,2024-12-04 23:15:09,187.63,15.17,1.84
1819,2024-12-04 23:15:09,187.73,15.17,1.84
1820,2024-12-04 23:15:09,187.83,15.17,1.84
1821,2024-12-04 23:15:09,187.93,15.17,1.84
1822,2024-12-04 23:15:09,188.02,15.17,1.84
1823,2024-12-04 23:15:09,188.12,15.17,1.84
1824,2024-12-04 23:15:10,188.22,15.17,1.84
1825,2024-12-04 23:15:10,188.33,15.17,1.84
1826,2024-12-04 23:15:10,188.43,15.17,1.84
1827,2024-12-04 23:15:10,188.53,15.17,1.84
1828,2024-12-04 23:15:10,188.65,15.17,1.84
1829,2024-12-04 23:15:10,188.75,15.17,1.84
1830,2024-12-04 23:15:10,188.85,15.17,1.84
1831,2024-12-04 23:15:10,188.94,15.17,1.84
1832,2024-12-04 23:15:10,189.04,15.17,1.84
1833,2024-12-04 23:15:10,189.14,15.17,1.84
1834,2024-12-04 23:15:11,189.23,15.17,1.84
1835,2024-12-04 23:15:11,189.34,15.17,1.84
1836,2024-12-04 23:15:11,189.45,15.17,1.84
1837,2024-12-04 23:15:11,189.55,15.17,1.84
1838,2024-12-04 23:15:11,189.66,15.17,1.84
1839,2024-12-04 23:15:11,189.76,15.17,1.84
1840,2024-12-04 23:15:11,189.87,15.17,1.84
1841,2024-12-04 23:15:11,190.01,15.17,1.84
1842,2024-12-04 23:15:11,190.12,15.17,1.84
1843,2024-12-04 23:15:12,190.22,15.17,1.84
1844,2024-12-04 23:15:12,190.33,15.17,1.84
1845,2024-12-04 23:15:12,190.43,15.17,1.84
1846,2024-12-04 23:15:12,190.52,15.17,1.84
1847,2024-12-04 23:15:12,190.62,15.17,1.84
1848,2024-12-04 23:15:12,190.73,15.17,1.84
1849,2024-12-04 23:15:12,190.84,15.17,1.84
1850,2024-12-04 23:15:12,190.94,15.17,1.84
1851,2024-12-04 23:15:12,191.05,15.17,1.84
1852,2024-12-04 23:15:12,191.14,15.17,1.84
1853,2024-12-04 23:15:13,191.24,15.17,1.84
1854,2024-12-04 23:15:13,191.34,15.17,1.84
1855,2024-12-04 23:15:13,191.44,15.17,1.84
1856,2024-12-04 23:15:13,191.55,15.17,1.84
1857,2024-12-04 23:15:13,191.65,15.17,1.84
1858,2024-12-04 23:15:13,191.75,15.17,1.84
1859,2024-12-04 23:15:13,191.84,15.17,1.84
1860,2024-12-04 23:15:13,191.94,15.17,1.84
1861,2024-12-04 23:15:13,192.05,15.17,1.84
1862,2024-12-04 23:15:13,192.15,15.17,1.84
1863,2024-12-04 23:15:14,192.25,15.17,1.84
1864,2024-12-04 23:15:14,192.36,15.17,1.84
1865,2024-12-04 23:15:14,192.46,15.17,1.84
1866,2024-12-04 23:15:14,192.57,15.17,1.84
1867,2024-12-04 23:15:14,192.66,15.17,1.84
1868,2024-12-04 23:15:14,192.78,15.17,1.84
1869,2024-12-04 23:15:14,192.88,15.17,1.84
1870,2024-12-04 23:15:14,192.98,15.17,1.84
1871,2024-12-04 23:15:14,193.08,15.17,1.84
1872,2024-12-04 23:15:15,193.18,15.17,1.84
1873,2024-12-04 23:15:15,193.28,15.17,1.84
1874,2024-12-04 23:15:15,193.38,15.17,1.84
1875,2024-12-04 23:15:15,193.48,15.17,1.84
1876,2024-12-04 23:15:15,193.58,15.17,1.84
1877,2024-12-04 23:15:15,193.68,15.17,1.84
1878,2024-12-04 23:15:15,193.78,15.17,1.84
1879,2024-12-04 23:15:15,193.88,15.17,1.84
1880,2024-12-04 23:15:15,193.99,15.17,1.84
1881,2024-12-04 23:15:15,194.09,15.17,1.84
1882,2024-12-04 23:15:16,194.19,15.17,1.84
1883,2024-12-04 23:15:16,194.29,15.17,1.84
1884,2024-12-04 23:15:16,194.40,15.17,1.84
1885,2024-12-04 23:15:16,194.49,15.17,1.84
1886,2024-12-04 23:15:16,194.59,15.17,1.84
1887,2024-12-04 23:15:16,194.69,15.17,1.84
1888,2024-12-04 23:15:16,194.81,15.17,1.84
1889,2024-12-04 23:15:16,194.92,15.17,1.84
1890,2024-12-04 23:15:16,195.02,15.17,1.84
1891,2024-12-04 23:15:16,195.13,15.17,1.84
1892,2024-12-04 23:15:17,195.24,15.17,1.84
1893,2024-12-04 23:15:17,195.34,15.17,1.84
1894,2024-12-04 23:15:17,195.44,15.17,1.84
1895,2024-12-04 23:15:17,195.54,15.17,1.84
1896,2024-12-04 23:15:17,195.64,15.17,1.84
1897,2024-12-04 23:15:17,195.74,15.17,1.84
1898,2024-12-04 23:15:17,195.84,15.17,1.84
1899,2024-12-04 23:15:17,195.94,15.17,1.84
1900,2024-12-04 23:15:17,196.04,15.17,1.84
1901,2024-12-04 23:15:17,196.15,15.17,1.84
1902,2024-12-04 23:15:18,196.25,15.17,1.84
1903,2024-12-04 23:15:18,196.35,15.17,1.84
1904,2024-12-04 23:15:18,196.46,15.17,1.84
1905,2024-12-04 23:15:18,196.55,15.17,1.84
1906,2024-12-04 23:15:18,196.65,15.17,1.84
1907,2024-12-04 23:15:18,196.75,15.17,1.84
1908,2024-12-04 23:15:18,196.85,15.17,1.84
1909,2024-12-04 23:15:18,196.96,15.17,1.84
1910,2024-12-04 23:15:18,197.05,15.17,1.84
1911,2024-12-04 23:15:18,197.14,15.17,1.84
1912,2024-12-04 23:15:19,197.24,15.17,1.84
1913,2024-12-04 23:15:19,197.33,15.17,1.84
1914,2024-12-04 23:15:19,197.43,15.17,1.84
1915,2024-12-04 23:15:19,197.53,15.17,1.84
1916,2024-12-04 23:15:19,197.63,15.17,1.84
1917,2024-12-04 23:15:19,197.74,15.17,1.84
1918,2024-12-04 23:15:19,197.84,15.17,1.84
1919,2024-12-04 23:15:19,197.95,15.17,1.84
1920,2024-12-04 23:15:19,198.05,15.17,1.84
1921,2024-12-04 23:15:19,198.15,15.17,1.84
1922,2024-12-04 23:15:20,198.26,15.17,1.84
1923,2024-12-04 23:15:20,198.38,15.17,1.84
1924,2024-12-04 23:15:20,198.49,15.17,1.84
1925,2024-12-04 23:15:20,198.60,15.17,1.84
1926,2024-12-04 23:15:20,198.71,15.17,1.84
1927,2024-12-04 23:15:20,198.81,15.17,1.84
1928,2024-12-04 23:15:20,198.94,15.17,1.84
1929,2024-12-04 23:15:20,199.04,15.17,1.84
1930,2024-12-04 23:15:21,199.17,15.17,1.84
1931,2024-12-04 23:15:21,199.29,15.17,1.84
1932,2024-12-04 23:15:21,199.39,15.17,1.84
1933,2024-12-04 23:15:21,199.51,15.17,1.84
1934,2024-12-04 23:15:21,199.62,15.17,1.84
1935,2024-12-04 23:15:21,199.73,15.17,1.84
1936,2024-12-04 23:15:21,199.84,15.17,1.84
1937,2024-12-04 23:15:21,199.95,15.17,1.84
1938,2024-12-04 23:15:21,200.06,15.17,1.84
1939,2024-12-04 23:15:21,200.16,15.17,1.84
1940,2024-12-04 23:15:22,200.29,15.17,1.84
1941,2024-12-04 23:15:22,200.40,15.17,1.84
1942,2024-12-04 23:15:22,200.50,15.17,1.84
1943,2024-12-04 23:15:22,200.61,15.17,1.84
1944,2024-12-04 23:15:22,200.71,15.17,1.84
1945,2024-12-04 23:15:22,200.81,15.17,1.84
1946,2024-12-04 23:15:22,200.92,15.17,1.84
1947,2024-12-04 23:15:22,201.02,15.17,1.84
1948,2024-12-04 23:15:22,201.13,15.17,1.84
1949,2024-12-04 23:15:23,201.23,15.17,1.84
1950,2024-12-04 23:15:23,201.34,15.17,1.84
1951,2024-12-04 23:15:23,201.44,15.17,1.84
1952,2024-12-04 23:15:23,201.54,15.17,1.84
1953,2024-12-04 23:15:23,201.65,15.17,1.84
1954,2024-12-04 23:15:23,201.74,15.17,1.84
1955,2024-12-04 23:15:23,201.85,15.17,1.84
1956,2024-12-04 23:15:23,201.95,15.17,1.84
1957,2024-12-04 23:15:23,202.06,15.17,1.84
1958,2024-12-04 23:15:24,202.16,15.17,1.84
1959,2024-12-04 23:15:24,202.27,15.17,1.84
1960,2024-12-04 23:15:24,202.38,15.17,1.84
1961,2024-12-04 23:15:24,202.48,15.17,1.84
1962,2024-12-04 23:15:24,202.58,15.17,1.84
1963,2024-12-04 23:15:24,202.68,15.17,1.84
1964,2024-12-04 23:15:24,202.78,15.17,1.84
1965,2024-12-04 23:15:24,202.88,15.17,1.84
1966,2024-12-04 23:15:24,202.97,15.17,1.84
1967,2024-12-04 23:15:24,203.07,15.17,1.84
1968,2024-12-04 23:15:25,203.19,15.17,1.84
1969,2024-12-04 23:15:25,203.28,15.17,1.84
1970,2024-12-04 23:15:25,203.38,15.17,1.84
1971,2024-12-04 23:15:25,203.49,15.17,1.84
1972,2024-12-04 23:15:25,203.59,15.17,1.84
1973,2024-12-04 23:15:25,203.69,15.17,1.84
1974,2024-12-04 23:15:25,203.79,15.17,1.84
1975,2024-12-04 23:15:25,203.88,15.17,1.84
1976,2024-12-04 23:15:25,203.98,15.17,1.84
1977,2024-12-04 23:15:25,204.08,15.17,1.84
1978,2024-12-04 23:15:26,204.19,15.17,1.84
1979,2024-12-04 23:15:26,204.29,15.17,1.84
1980,2024-12-04 23:15:26,204.39,15.17,1.84
1981,2024-12-04 23:15:26,204.49,15.17,1.84
1982,2024-12-04 23:15:26,204.60,15.17,1.84
1983,2024-12-04 23:15:26,204.70,15.17,1.84
1984,2024-12-04 23:15:26,204.80,15.17,1.84
1985,2024-12-04 23:15:26,204.91,15.17,1.84
1986,2024-12-04 23:15:26,205.01,15.17,1.84
1987,2024-12-04 23:15:26,205.12,15.17,1.84
1988,2024-12-04 23:15:27,205.21,15.17,1.84
1989,2024-12-04 23:15:27,205.32,15.17,1.84
1990,2024-12-04 23:15:27,205.42,15.17,1.84
1991,2024-12-04 23:15:27,205.52,15.17,1.84
1992,2024-12-04 23:15:27,205.62,15.17,1.84
1993,2024-12-04 23:15:27,205.73,15.17,1.84
1994,2024-12-04 23:15:27,205.82,15.17,1.84
1995,2024-12-04 23:15:27,205.92,15.17,1.84
1996,2024-12-04 23:15:27,206.03,15.17,1.84
1997,2024-12-04 23:15:27,206.13,15.17,1.84
1998,2024-12-04 23:15:28,206.23,15.17,1.84
1999,2024-12-04 23:15:28,206.33,15.17,1.84
2000,2024-12-04 23:15:28,206.43,15.17,1.84
2001,2024-12-04 23:15:28,206.53,15.17,1.84
2002,2024-12-04 23:15:28,206.64,15.17,1.84
2003,2024-12-04 23:15:28,206.74,15.17,1.84
2004,2024-12-04 23:15:28,206.84,15.17,1.84
2005,2024-12-04 23:15:28,206.95,15.17,1.84
2006,2024-12-04 23:15:28,207.06,15.17,1.84
2007,2024-12-04 23:15:28,207.16,15.17,1.84
2008,2024-12-04 23:15:29,207.26,15.17,1.84
2009,2024-12-04 23:15:29,207.37,15.17,1.84
2010,2024-12-04 23:15:29,207.48,15.17,1.84
2011,2024-12-04 23:15:29,207.58,15.17,1.84
2012,2024-12-04 23:15:29,207.69,15.17,1.84
2013,2024-12-04 23:15:29,207.78,15.17,1.84
2014,2024-12-04 23:15:29,207.88,15.17,1.84
2015,2024-12-04 23:15:29,207.99,15.17,1.84
2016,2024-12-04 23:15:29,208.09,15.17,1.84
2017,2024-12-04 23:15:30,208.20,15.17,1.84
2018,2024-12-04 23:15:30,208.31,15.17,1.84
2019,2024-12-04 23:15:30,208.41,15.17,1.84
2020,2024-12-04 23:15:30,208.51,15.17,1.84
2021,2024-12-04 23:15:30,208.61,15.17,1.84
2022,2024-12-04 23:15:30,208.70,15.17,1.84
2023,2024-12-04 23:15:30,208.81,15.17,1.84
2024,2024-12-04 23:15:30,208.91,15.17,1.84
2025,2024-12-04 23:15:30,209.01,15.17,1.84
2026,2024-12-04 23:15:30,209.12,15.17,1.84
2027,2024-12-04 23:15:31,209.22,15.17,1.84
2028,2024-12-04 23:15:31,209.32,15.17,1.84
2029,2024-12-04 23:15:31,209.43,15.17,1.84
2030,2024-12-04 23:15:31,209.53,15.17,1.84
2031,2024-12-04 23:15:31,209.63,15.17,1.84
2032,2024-12-04 23:15:31,209.73,15.17,1.84
2033,2024-12-04 23:15:31,209.83,15.17,1.84
2034,2024-12-04 23:15:31,209.92,15.17,1.84
2035,2024-12-04 23:15:31,210.04,15.17,1.84
2036,2024-12-04 23:15:31,210.14,15.17,1.84
2037,2024-12-04 23:15:32,210.25,15.17,1.84
2038,2024-12-04 23:15:32,210.35,15.17,1.84
2039,2024-12-04 23:15:32,210.45,15.17,1.84
2040,2024-12-04 23:15:32,210.56,15.17,1.84
2041,2024-12-04 23:15:32,210.66,15.17,1.84
2042,2024-12-04 23:15:32,210.77,15.17,1.84
2043,2024-12-04 23:15:32,210.87,15.17,1.84
2044,2024-12-04 23:15:32,210.98,15.17,1.84
2045,2024-12-04 23:15:32,211.08,15.17,1.84
2046,2024-12-04 23:15:33,211.19,15.17,1.84
2047,2024-12-04 23:15:33,211.30,15.17,1.84
2048,2024-12-04 23:15:33,211.41,15.17,1.84
2049,2024-12-04 23:15:33,211.51,15.17,1.84
2050,2024-12-04 23:15:33,211.62,15.17,1.84
2051,2024-12-04 23:15:33,211.72,15.17,1.84
2052,2024-12-04 23:15:33,211.83,15.17,1.84
2053,2024-12-04 23:15:33,211.94,15.17,1.84
2054,2024-12-04 23:15:33,212.04,15.17,1.84
2055,2024-12-04 23:15:33,212.15,15.17,1.84
2056,2024-12-04 23:15:34,212.26,15.17,1.84
2057,2024-12-04 23:15:34,212.36,15.17,1.84
2058,2024-12-04 23:15:34,212.46,15.17,1.84
2059,2024-12-04 23:15:34,212.57,15.17,1.84
2060,2024-12-04 23:15:34,212.67,15.17,1.84
2061,2024-12-04 23:15:34,212.77,15.17,1.84
2062,2024-12-04 23:15:34,212.87,15.17,1.84
2063,2024-12-04 23:15:34,212.97,15.17,1.84
2064,2024-12-04 23:15:34,213.07,15.17,1.84
2065,2024-12-04 23:15:35,213.17,15.17,1.84
2066,2024-12-04 23:15:35,213.28,15.17,1.84
2067,2024-12-04 23:15:35,213.39,15.17,1.84
2068,2024-12-04 23:15:35,213.50,15.17,1.84
2069,2024-12-04 23:15:35,213.59,15.17,1.84
2070,2024-12-04 23:15:35,213.70,15.17,1.84
2071,2024-12-04 23:15:35,213.79,15.17,1.84
2072,2024-12-04 23:15:35,213.89,15.17,1.84
2073,2024-12-04 23:15:35,213.99,15.17,1.84
2074,2024-12-04 23:15:35,214.10,15.17,1.84
2075,2024-12-04 23:15:36,214.20,15.17,1.84
2076,2024-12-04 23:15:36,214.30,15.17,1.84
2077,2024-12-04 23:15:36,214.40,15.17,1.84
2078,2024-12-04 23:15:36,214.50,15.17,1.84
2079,2024-12-04 23:15:36,214.60,15.17,1.84
2080,2024-12-04 23:15:36,214.70,15.17,1.84
2081,2024-12-04 23:15:36,214.81,15.17,1.84
2082,2024-12-04 23:15:36,214.91,15.17,1.84
2083,2024-12-04 23:15:36,215.01,15.17,1.84
2084,2024-12-04 23:15:36,215.11,15.17,1.84
2085,2024-12-04 23:15:37,215.21,15.17,1.84
2086,2024-12-04 23:15:37,215.31,15.17,1.84
2087,2024-12-04 23:15:37,215.42,15.17,1.84
2088,2024-12-04 23:15:37,215.52,15.17,1.84
2089,2024-12-04 23:15:37,215.63,15.17,1.84
2090,2024-12-04 23:15:37,215.73,15.17,1.84
2091,2024-12-04 23:15:37,215.82,15.17,1.84
2092,2024-12-04 23:15:37,215.93,15.17,1.84
2093,2024-12-04 23:15:37,216.03,15.17,1.84
2094,2024-12-04 23:15:37,216.13,15.17,1.84
2095,2024-12-04 23:15:38,216.23,15.17,1.84
2096,2024-12-04 23:15:38,216.34,15.17,1.84
2097,2024-12-04 23:15:38,216.44,15.17,1.84
2098,2024-12-04 23:15:38,216.55,15.17,1.84
2099,2024-12-04 23:15:38,216.65,15.17,1.84
2100,2024-12-04 23:15:38,216.75,15.17,1.84
2101,2024-12-04 23:15:38,216.85,15.17,1.84
2102,2024-12-04 23:15:38,216.95,15.17,1.84
2103,2024-12-04 23:15:38,217.05,15.17,1.84
2104,2024-12-04 23:15:38,217.14,15.17,1.84
2105,2024-12-04 23:15:39,217.25,15.17,1.84
2106,2024-12-04 23:15:39,217.35,15.17,1.84
2107,2024-12-04 23:15:39,217.45,15.17,1.84
2108,2024-12-04 23:15:39,217.56,15.17,1.84
2109,2024-12-04 23:15:39,217.66,15.17,1.84
2110,2024-12-04 23:15:39,217.76,15.17,1.84
2111,2024-12-04 23:15:39,217.86,15.17,1.84
2112,2024-12-04 23:15:39,217.97,15.17,1.84
2113,2024-12-04 23:15:39,218.07,15.17,1.84
2114,2024-12-04 23:15:40,218.17,15.17,1.84
2115,2024-12-04 23:15:40,218.28,15.17,1.84
2116,2024-12-04 23:15:40,218.37,15.17,1.84
2117,2024-12-04 23:15:40,218.48,15.17,1.84
2118,2024-12-04 23:15:40,218.57,15.17,1.84
2119,2024-12-04 23:15:40,218.68,15.17,1.84
2120,2024-12-04 23:15:40,218.79,15.17,1.84
2121,2024-12-04 23:15:40,218.89,15.17,1.84
2122,2024-12-04 23:15:40,219.00,15.17,1.84
2123,2024-12-04 23:15:40,219.10,15.17,1.84
2124,2024-12-04 23:15:41,219.21,15.17,1.84
2125,2024-12-04 23:15:41,219.30,15.17,1.84
2126,2024-12-04 23:15:41,219.41,15.17,1.84
2127,2024-12-04 23:15:41,219.51,15.17,1.84
2128,2024-12-04 23:15:41,219.61,15.17,1.84
2129,2024-12-04 23:15:41,219.72,15.17,1.84
2130,2024-12-04 23:15:41,219.82,15.17,1.84
2131,2024-12-04 23:15:41,219.92,15.17,1.84
2132,2024-12-04 23:15:41,220.02,15.17,1.84
2133,2024-12-04 23:15:41,220.11,15.17,1.84
2134,2024-12-04 23:15:42,220.21,15.17,1.84
2135,2024-12-04 23:15:42,220.32,15.17,1.84
2136,2024-12-04 23:15:42,220.42,15.17,1.84
2137,2024-12-04 23:15:42,220.53,15.17,1.84
2138,2024-12-04 23:15:42,220.63,15.17,1.84
2139,2024-12-04 23:15:42,220.73,15.17,1.84
2140,2024-12-04 23:15:42,220.83,15.17,1.84
2141,2024-12-04 23:15:42,220.92,15.17,1.84
2142,2024-12-04 23:15:42,221.02,15.17,1.84
2143,2024-12-04 23:15:42,221.13,15.17,1.84
2144,2024-12-04 23:15:43,221.23,15.17,1.84
2145,2024-12-04 23:15:43,221.32,15.17,1.84
2146,2024-12-04 23:15:43,221.43,15.17,1.84
2147,2024-12-04 23:15:43,221.53,15.17,1.84
2148,2024-12-04 23:15:43,221.63,15.17,1.84
2149,2024-12-04 23:15:43,221.74,15.17,1.84
2150,2024-12-04 23:15:43,221.84,15.17,1.84
2151,2024-12-04 23:15:43,221.94,15.17,1.84
2152,2024-12-04 23:15:43,222.04,15.17,1.84
2153,2024-12-04 23:15:43,222.15,15.17,1.84
2154,2024-12-04 23:15:44,222.25,15.17,1.84
2155,2024-12-04 23:15:44,222.37,15.17,1.84
2156,2024-12-04 23:15:44,222.47,15.17,1.84
2157,2024-12-04 23:15:44,222.58,15.17,1.84
2158,2024-12-04 23:15:44,222.67,15.17,1.84
2159,2024-12-04 23:15:44,222.78,15.17,1.84
2160,2024-12-04 23:15:44,222.88,15.17,1.84
2161,2024-12-04 23:15:44,222.99,15.17,1.84
2162,2024-12-04 23:15:44,223.10,15.17,1.84
2163,2024-12-04 23:15:45,223.21,15.17,1.84
2164,2024-12-04 23:15:45,223.32,15.17,1.84
2165,2024-12-04 23:15:45,223.42,15.17,1.84
2166,2024-12-04 23:15:45,223.52,15.17,1.84
2167,2024-12-04 23:15:45,223.62,15.17,1.84
2168,2024-12-04 23:15:45,223.72,15.17,1.84
2169,2024-12-04 23:15:45,223.83,15.17,1.84
2170,2024-12-04 23:15:45,223.94,15.17,1.84
2171,2024-12-04 23:15:45,224.04,15.17,1.84
2172,2024-12-04 23:15:45,224.15,15.17,1.84
2173,2024-12-04 23:15:46,224.25,15.17,1.84
2174,2024-12-04 23:15:46,224.35,15.17,1.84
2175,2024-12-04 23:15:46,224.46,15.17,1.84
2176,2024-12-04 23:15:46,224.56,15.17,1.84
2177,2024-12-04 23:15:46,224.67,15.17,1.84
2178,2024-12-04 23:15:46,224.78,15.17,1.84
2179,2024-12-04 23:15:46,224.88,15.17,1.84
2180,2024-12-04 23:15:46,224.98,15.17,1.84
2181,2024-12-04 23:15:46,225.08,15.17,1.84
2182,2024-12-04 23:15:47,225.18,15.17,1.84
2183,2024-12-04 23:15:47,225.28,15.17,1.84
2184,2024-12-04 23:15:47,225.39,15.17,1.84
2185,2024-12-04 23:15:47,225.49,15.17,1.84
2186,2024-12-04 23:15:47,225.59,15.17,1.84
2187,2024-12-04 23:15:47,225.69,15.17,1.84
2188,2024-12-04 23:15:47,225.79,15.17,1.84
2189,2024-12-04 23:15:47,225.89,15.17,1.84
2190,2024-12-04 23:15:47,226.00,15.17,1.84
2191,2024-12-04 23:15:47,226.10,15.17,1.84
2192,2024-12-04 23:15:48,226.19,15.17,1.84
2193,2024-12-04 23:15:48,226.29,15.17,1.84
2194,2024-12-04 23:15:48,226.39,15.17,1.84
2195,2024-12-04 23:15:48,226.50,15.17,1.84
2196,2024-12-04 23:15:48,226.61,15.17,1.84
2197,2024-12-04 23:15:48,226.71,15.17,1.84
2198,2024-12-04 23:15:48,226.81,15.17,1.84
2199,2024-12-04 23:15:48,226.92,15.17,1.84
2200,2024-12-04 23:15:48,227.02,15.17,1.84
2201,2024-12-04 23:15:48,227.12,15.17,1.84
2202,2024-12-04 23:15:49,227.22,15.17,1.84
2203,2024-12-04 23:15:49,227.33,15.17,1.84
2204,2024-12-04 23:15:49,227.43,15.17,1.84
2205,2024-12-04 23:15:49,227.54,15.17,1.84
2206,2024-12-04 23:15:49,227.64,15.17,1.84
2207,2024-12-04 23:15:49,227.75,15.17,1.84
2208,2024-12-04 23:15:49,227.86,15.17,1.84
2209,2024-12-04 23:15:49,227.97,15.17,1.84
2210,2024-12-04 23:15:49,228.07,15.17,1.84
2211,2024-12-04 23:15:50,228.17,15.17,1.84
2212,2024-12-04 23:15:50,228.27,15.17,1.84
2213,2024-12-04 23:15:50,228.38,15.17,1.84
2214,2024-12-04 23:15:50,228.48,15.17,1.84
2215,2024-12-04 23:15:50,228.58,15.17,1.84
2216,2024-12-04 23:15:50,228.68,15.17,1.84
2217,2024-12-04 23:15:50,228.79,15.17,1.84
2218,2024-12-04 23:15:50,228.89,15.17,1.84
2219,2024-12-04 23:15:50,228.99,15.17,1.84
2220,2024-12-04 23:15:50,229.10,15.17,1.84
2221,2024-12-04 23:15:51,229.19,15.17,1.84
2222,2024-12-04 23:15:51,229.29,15.17,1.84
2223,2024-12-04 23:15:51,229.38,15.17,1.84
2224,2024-12-04 23:15:51,229.49,15.17,1.84
2225,2024-12-04 23:15:51,229.60,15.17,1.84
2226,2024-12-04 23:15:51,229.70,15.17,1.84
2227,2024-12-04 23:15:51,229.80,15.17,1.84
2228,2024-12-04 23:15:51,229.91,15.17,1.84
2229,2024-12-04 23:15:51,230.01,15.17,1.84
2230,2024-12-04 23:15:51,230.11,15.17,1.84
2231,2024-12-04 23:15:52,230.22,15.17,1.84
2232,2024-12-04 23:15:52,230.32,15.17,1.84
2233,2024-12-04 23:15:52,230.42,15.17,1.84
2234,2024-12-04 23:15:52,230.52,15.17,1.84
2235,2024-12-04 23:15:52,230.63,15.17,1.84
2236,2024-12-04 23:15:52,230.73,15.17,1.84
2237,2024-12-04 23:15:52,230.83,15.17,1.84
2238,2024-12-04 23:15:52,230.94,15.17,1.84
2239,2024-12-04 23:15:52,231.04,15.17,1.84
2240,2024-12-04 23:15:52,231.14,15.17,1.84
2241,2024-12-04 23:15:53,231.25,15.17,1.84
2242,2024-12-04 23:15:53,231.36,15.17,1.84
2243,2024-12-04 23:15:53,231.46,15.17,1.84
2244,2024-12-04 23:15:53,231.57,15.17,1.84
2245,2024-12-04 23:15:53,231.67,15.17,1.84
2246,2024-12-04 23:15:53,231.77,15.17,1.84
2247,2024-12-04 23:15:53,231.88,15.17,1.84
2248,2024-12-04 23:15:53,231.99,15.17,1.84
2249,2024-12-04 23:15:53,232.09,15.17,1.84
2250,2024-12-04 23:15:54,232.19,15.17,1.84
2251,2024-12-04 23:15:54,232.30,15.17,1.84
2252,2024-12-04 23:15:54,232.39,15.17,1.84
2253,2024-12-04 23:15:54,232.49,15.17,1.84
2254,2024-12-04 23:15:54,232.60,15.17,1.84
2255,2024-12-04 23:15:54,232.70,15.17,1.84
2256,2024-12-04 23:15:54,232.80,15.17,1.84
2257,2024-12-04 23:15:54,232.90,15.17,1.84
2258,2024-12-04 23:15:54,233.00,15.17,1.84
2259,2024-12-04 23:15:54,233.10,15.17,1.84
2260,2024-12-04 23:15:55,233.21,15.17,1.84
2261,2024-12-04 23:15:55,233.31,15.17,1.84
2262,2024-12-04 23:15:55,233.42,15.17,1.84
2263,2024-12-04 23:15:55,233.53,15.17,1.84
2264,2024-12-04 23:15:55,233.63,15.17,1.84
2265,2024-12-04 23:15:55,233.74,15.17,1.84
2266,2024-12-04 23:15:55,233.83,15.17,1.84
2267,2024-12-04 23:15:55,233.94,15.17,1.84
2268,2024-12-04 23:15:55,234.04,15.17,1.84
2269,2024-12-04 23:15:55,234.14,15.17,1.84
2270,2024-12-04 23:15:56,234.23,15.17,1.84
2271,2024-12-04 23:15:56,234.34,15.17,1.84
2272,2024-12-04 23:15:56,234.44,15.17,1.84
2273,2024-12-04 23:15:56,234.54,15.17,1.84
2274,2024-12-04 23:15:56,234.64,15.17,1.84
2275,2024-12-04 23:15:56,234.75,15.17,1.84
2276,2024-12-04 23:15:56,234.86,15.17,1.84
2277,2024-12-04 23:15:56,234.96,15.17,1.84
2278,2024-12-04 23:15:56,235.06,15.17,1.84
2279,2024-12-04 23:15:57,235.17,15.17,1.84
2280,2024-12-04 23:15:57,235.27,15.17,1.84
2281,2024-12-04 23:15:57,235.37,15.17,1.84
2282,2024-12-04 23:15:57,235.47,15.17,1.84
2283,2024-12-04 23:15:57,235.57,15.17,1.84
2284,2024-12-04 23:15:57,235.68,15.17,1.84
2285,2024-12-04 23:15:57,235.79,15.17,1.84
2286,2024-12-04 23:15:57,235.89,15.17,1.84
2287,2024-12-04 23:15:57,236.00,15.17,1.84
2288,2024-12-04 23:15:57,236.09,15.17,1.84
2289,2024-12-04 23:15:58,236.20,15.17,1.84
2290,2024-12-04 23:15:58,236.31,15.17,1.84
2291,2024-12-04 23:15:58,236.42,15.17,1.84
2292,2024-12-04 23:15:58,236.53,15.17,1.84
2293,2024-12-04 23:15:58,236.64,15.17,1.84
2294,2024-12-04 23:15:58,236.74,15.17,1.84
2295,2024-12-04 23:15:58,236.84,15.17,1.84
2296,2024-12-04 23:15:58,236.95,15.17,1.84
2297,2024-12-04 23:15:58,237.06,15.17,1.84
2298,2024-12-04 23:15:59,237.17,15.17,1.84
2299,2024-12-04 23:15:59,237.27,15.17,1.84
2300,2024-12-04 23:15:59,237.37,15.17,1.84
2301,2024-12-04 23:15:59,237.48,15.17,1.84
2302,2024-12-04 23:15:59,237.58,15.17,1.84
2303,2024-12-04 23:15:59,237.68,15.17,1.84
2304,2024-12-04 23:15:59,237.78,15.17,1.84
2305,2024-12-04 23:15:59,237.89,15.17,1.84
2306,2024-12-04 23:15:59,237.99,15.17,1.84
2307,2024-12-04 23:15:59,238.10,15.17,1.84
2308,2024-12-04 23:16:00,238.19,15.17,1.84
2309,2024-12-04 23:16:00,238.30,15.17,1.84
2310,2024-12-04 23:16:00,238.40,15.17,1.84
2311,2024-12-04 23:16:00,238.50,15.17,1.84
2312,2024-12-04 23:16:00,238.60,15.17,1.84
2313,2024-12-04 23:16:00,238.71,15.17,1.84
2314,2024-12-04 23:16:00,238.81,15.17,1.84
2315,2024-12-04 23:16:00,238.91,15.17,1.84
2316,2024-12-04 23:16:00,239.02,15.17,1.84
2317,2024-12-04 23:16:00,239.11,15.17,1.84
2318,2024-12-04 23:16:01,239.21,15.17,1.84
2319,2024-12-04 23:16:01,239.31,15.17,1.84
2320,2024-12-04 23:16:01,239.41,15.17,1.84
2321,2024-12-04 23:16:01,239.52,15.17,1.84
2322,2024-12-04 23:16:01,239.62,15.17,1.84
2323,2024-12-04 23:16:01,239.73,15.17,1.84
2324,2024-12-04 23:16:01,239.83,15.17,1.84
2325,2024-12-04 23:16:01,239.94,15.17,1.84
2326,2024-12-04 23:16:01,240.04,15.17,1.84
2327,2024-12-04 23:16:01,240.14,15.17,1.84
2328,2024-12-04 23:16:02,240.25,15.17,1.84
2329,2024-12-04 23:16:02,240.35,15.17,1.84
2330,2024-12-04 23:16:02,240.46,15.17,1.84
2331,2024-12-04 23:16:02,240.56,15.17,1.84
2332,2024-12-04 23:16:02,240.67,15.17,1.84
2333,2024-12-04 23:16:02,240.77,15.17,1.84
2334,2024-12-04 23:16:02,240.87,15.17,1.84
2335,2024-12-04 23:16:02,240.97,15.17,1.84
2336,2024-12-04 23:16:02,241.07,15.17,1.84
2337,2024-12-04 23:16:03,241.17,15.17,1.84
2338,2024-12-04 23:16:03,241.28,15.17,1.84
2339,2024-12-04 23:16:03,241.39,15.17,1.84
2340,2024-12-04 23:16:03,241.48,15.17,1.84
2341,2024-12-04 23:16:03,241.58,15.17,1.84
2342,2024-12-04 23:16:03,241.67,15.17,1.84
2343,2024-12-04 23:16:03,241.77,15.17,1.84
2344,2024-12-04 23:16:03,241.88,15.17,1.84
2345,2024-12-04 23:16:03,241.98,15.17,1.84
2346,2024-12-04 23:16:03,242.08,15.17,1.84
2347,2024-12-04 23:16:04,242.19,15.17,1.84
2348,2024-12-04 23:16:04,242.29,15.17,1.84
2349,2024-12-04 23:16:04,242.39,15.17,1.84
2350,2024-12-04 23:16:04,242.50,15.17,1.84
2351,2024-12-04 23:16:04,242.60,15.17,1.84
2352,2024-12-04 23:16:04,242.70,15.17,1.84
2353,2024-12-04 23:16:04,242.81,15.17,1.84
2354,2024-12-04 23:16:04,242.91,15.17,1.84
2355,2024-12-04 23:16:04,243.01,15.17,1.84
2356,2024-12-04 23:16:04,243.11,15.17,1.84
2357,2024-12-04 23:16:05,243.21,15.17,1.84
2358,2024-12-04 23:16:05,243.32,15.17,1.84
2359,2024-12-04 23:16:05,243.42,15.17,1.84
2360,2024-12-04 23:16:05,243.52,15.17,1.84
2361,2024-12-04 23:16:05,243.62,15.17,1.84
2362,2024-12-04 23:16:05,243.72,15.17,1.84
2363,2024-12-04 23:16:05,243.82,15.17,1.84
2364,2024-12-04 23:16:05,243.91,15.17,1.84
2365,2024-12-04 23:16:05,244.01,15.17,1.84
2366,2024-12-04 23:16:05,244.11,15.17,1.84
2367,2024-12-04 23:16:06,244.22,15.17,1.84
2368,2024-12-04 23:16:06,244.32,15.17,1.84
2369,2024-12-04 23:16:06,244.42,15.17,1.84
2370,2024-12-04 23:16:06,244.52,15.17,1.84
2371,2024-12-04 23:16:06,244.62,15.17,1.84
2372,2024-12-04 23:16:06,244.72,15.17,1.84
2373,2024-12-04 23:16:06,244.81,15.17,1.84
2374,2024-12-04 23:16:06,244.91,15.17,1.84
2375,2024-12-04 23:16:06,245.01,15.17,1.84
2376,2024-12-04 23:16:06,245.11,15.17,1.84
2377,2024-12-04 23:16:07,245.22,15.17,1.84
2378,2024-12-04 23:16:07,245.33,15.17,1.84
2379,2024-12-04 23:16:07,245.43,15.17,1.84
2380,2024-12-04 23:16:07,245.53,15.17,1.84
2381,2024-12-04 23:16:07,245.63,15.17,1.84
2382,2024-12-04 23:16:07,245.73,15.17,1.84
2383,2024-12-04 23:16:07,245.84,15.17,1.84
2384,2024-12-04 23:16:07,245.94,15.17,1.84
2385,2024-12-04 23:16:07,246.04,15.17,1.84
2386,2024-12-04 23:16:07,246.14,15.17,1.84
2387,2024-12-04 23:16:08,246.25,15.17,1.84
2388,2024-12-04 23:16:08,246.34,15.17,1.84
2389,2024-12-04 23:16:08,246.45,15.17,1.84
2390,2024-12-04 23:16:08,246.55,15.17,1.84
2391,2024-12-04 23:16:08,246.65,15.17,1.84
2392,2024-12-04 23:16:08,246.76,15.17,1.84
2393,2024-12-04 23:16:08,246.86,15.17,1.84
2394,2024-12-04 23:16:08,246.95,15.17,1.84
2395,2024-12-04 23:16:08,247.05,15.17,1.84
2396,2024-12-04 23:16:08,247.16,15.17,1.84
2397,2024-12-04 23:16:09,247.27,15.17,1.84
2398,2024-12-04 23:16:09,247.37,15.17,1.84
2399,2024-12-04 23:16:09,247.47,15.17,1.84
2400,2024-12-04 23:16:09,247.57,15.17,1.84
2401,2024-12-04 23:16:09,247.67,15.17,1.84
2402,2024-12-04 23:16:09,247.77,15.17,1.84
2403,2024-12-04 23:16:09,247.88,15.17,1.84
2404,2024-12-04 23:16:09,247.99,15.17,1.84
2405,2024-12-04 23:16:09,248.09,15.17,1.84
2406,2024-12-04 23:16:10,248.19,15.17,1.84
2407,2024-12-04 23:16:10,248.29,15.17,1.84
2408,2024-12-04 23:16:10,248.40,15.17,1.84
2409,2024-12-04 23:16:10,248.50,15.17,1.84
2410,2024-12-04 23:16:10,248.60,15.17,1.84
2411,2024-12-04 23:16:10,248.70,15.17,1.84
2412,2024-12-04 23:16:10,248.81,15.17,1.84
2413,2024-12-04 23:16:10,248.92,15.17,1.84
2414,2024-12-04 23:16:10,249.03,15.17,1.84
2415,2024-12-04 23:16:10,249.12,15.17,1.84
2416,2024-12-04 23:16:11,249.25,15.17,1.84
2417,2024-12-04 23:16:11,249.37,15.17,1.84
2418,2024-12-04 23:16:11,249.47,15.17,1.84
2419,2024-12-04 23:16:11,249.57,15.17,1.84
2420,2024-12-04 23:16:11,249.66,15.17,1.84
2421,2024-12-04 23:16:11,249.77,15.17,1.84
2422,2024-12-04 23:16:11,249.88,15.17,1.84
2423,2024-12-04 23:16:11,249.97,15.17,1.84
2424,2024-12-04 23:16:11,250.07,15.17,1.84
2425,2024-12-04 23:16:12,250.17,15.17,1.84
2426,2024-12-04 23:16:12,250.27,15.17,1.84
2427,2024-12-04 23:16:12,250.37,15.17,1.84
2428,2024-12-04 23:16:12,250.48,15.17,1.84
2429,2024-12-04 23:16:12,250.58,15.17,1.84
2430,2024-12-04 23:16:12,250.68,15.17,1.84
2431,2024-12-04 23:16:12,250.78,15.17,1.84
2432,2024-12-04 23:16:12,250.89,15.17,1.84
2433,2024-12-04 23:16:12,250.99,15.17,1.84
2434,2024-12-04 23:16:12,251.10,15.17,1.84
2435,2024-12-04 23:16:13,251.20,15.17,1.84
2436,2024-12-04 23:16:13,251.30,15.17,1.84
2437,2024-12-04 23:16:13,251.46,15.17,1.84
2438,2024-12-04 23:16:13,251.55,15.17,1.84
2439,2024-12-04 23:16:13,251.65,15.17,1.84
2440,2024-12-04 23:16:13,251.75,15.17,1.84
2441,2024-12-04 23:16:13,251.86,15.17,1.84
2442,2024-12-04 23:16:13,251.97,15.17,1.84
2443,2024-12-04 23:16:13,252.06,15.17,1.84
2444,2024-12-04 23:16:13,252.15,15.17,1.84
2445,2024-12-04 23:16:14,252.25,15.17,1.84
2446,2024-12-04 23:16:14,252.35,15.17,1.84
2447,2024-12-04 23:16:14,252.46,15.17,1.84
2448,2024-12-04 23:16:14,252.56,15.17,1.84
2449,2024-12-04 23:16:14,252.66,15.17,1.84
2450,2024-12-04 23:16:14,252.77,15.17,1.84
2451,2024-12-04 23:16:14,252.87,15.17,1.84
2452,2024-12-04 23:16:14,252.98,15.17,1.84
2453,2024-12-04 23:16:14,253.08,15.17,1.84
2454,2024-12-04 23:16:15,253.19,15.17,1.84
2455,2024-12-04 23:16:15,253.27,15.17,1.84
2456,2024-12-04 23:16:15,253.38,15.17,1.84
2457,2024-12-04 23:16:15,253.48,15.17,1.84
2458,2024-12-04 23:16:15,253.58,15.17,1.84
2459,2024-12-04 23:16:15,253.68,15.17,1.84
2460,2024-12-04 23:16:15,253.79,15.17,1.84
2461,2024-12-04 23:16:15,253.90,15.17,1.84
2462,2024-12-04 23:16:15,254.00,15.17,1.84
2463,2024-12-04 23:16:15,254.11,15.17,1.84
2464,2024-12-04 23:16:16,254.21,15.17,1.84
2465,2024-12-04 23:16:16,254.32,15.17,1.84
2466,2024-12-04 23:16:16,254.43,15.17,1.84
2467,2024-12-04 23:16:16,254.53,15.17,1.84
2468,2024-12-04 23:16:16,254.62,15.17,1.84
2469,2024-12-04 23:16:16,254.73,15.17,1.84
2470,2024-12-04 23:16:16,254.83,15.17,1.84
2471,2024-12-04 23:16:16,254.94,15.17,1.84
2472,2024-12-04 23:16:16,255.04,15.17,1.84
2473,2024-12-04 23:16:16,255.14,15.17,1.84
2474,2024-12-04 23:16:17,255.25,15.17,1.84
2475,2024-12-04 23:16:17,255.35,15.17,1.84
2476,2024-12-04 23:16:17,255.46,15.17,1.84
2477,2024-12-04 23:16:17,255.56,15.17,1.84
2478,2024-12-04 23:16:17,255.66,15.17,1.84
2479,2024-12-04 23:16:17,255.77,15.17,1.84
2480,2024-12-04 23:16:17,255.87,15.17,1.84
2481,2024-12-04 23:16:17,255.97,15.17,1.84
2482,2024-12-04 23:16:17,256.07,15.17,1.84
2483,2024-12-04 23:16:18,256.17,15.17,1.84
2484,2024-12-04 23:16:18,256.27,15.17,1.84
2485,2024-12-04 23:16:18,256.37,15.17,1.84
2486,2024-12-04 23:16:18,256.48,15.17,1.84
2487,2024-12-04 23:16:18,256.57,15.17,1.84
2488,2024-12-04 23:16:18,256.67,15.17,1.84
2489,2024-12-04 23:16:18,256.77,15.17,1.84
2490,2024-12-04 23:16:18,256.86,15.17,1.84
2491,2024-12-04 23:16:18,256.96,15.17,1.84
2492,2024-12-04 23:16:18,257.07,15.17,1.84
2493,2024-12-04 23:16:19,257.16,15.17,1.84
2494,2024-12-04 23:16:19,257.27,15.17,1.84
2495,2024-12-04 23:16:19,257.37,15.17,1.84
2496,2024-12-04 23:16:19,257.48,15.17,1.84
2497,2024-12-04 23:16:19,257.57,15.17,1.84
2498,2024-12-04 23:16:19,257.68,15.17,1.84
2499,2024-12-04 23:16:19,257.78,15.17,1.84
2500,2024-12-04 23:16:19,257.87,15.17,1.84
