Step,Timestamp,Time (s),RAM Usage (GB),GPU Memory Usage (GB)
1,2024-12-04 23:18:31,1.03,15.17,3.68
2,2024-12-04 23:18:31,1.14,15.17,3.68
3,2024-12-04 23:18:31,1.24,15.17,3.68
4,2024-12-04 23:18:31,1.35,15.17,3.68
5,2024-12-04 23:18:31,1.46,15.17,3.68
6,2024-12-04 23:18:31,1.55,15.17,3.68
7,2024-12-04 23:18:32,1.65,15.17,3.68
8,2024-12-04 23:18:32,1.75,15.17,3.68
9,2024-12-04 23:18:32,1.85,15.17,3.68
10,2024-12-04 23:18:32,1.94,15.17,3.68
11,2024-12-04 23:18:32,2.03,15.17,3.68
12,2024-12-04 23:18:32,2.12,15.17,3.68
13,2024-12-04 23:18:32,2.21,15.17,3.68
14,2024-12-04 23:18:32,2.31,15.17,3.68
15,2024-12-04 23:18:32,2.40,15.17,3.68
16,2024-12-04 23:18:32,2.50,15.17,3.68
17,2024-12-04 23:18:33,2.59,15.17,3.68
18,2024-12-04 23:18:33,2.68,15.17,3.68
19,2024-12-04 23:18:33,2.78,15.17,3.68
20,2024-12-04 23:18:33,2.87,15.17,3.68
21,2024-12-04 23:18:33,2.97,15.17,3.68
22,2024-12-04 23:18:33,3.06,15.17,3.68
23,2024-12-04 23:18:33,3.16,15.17,3.68
24,2024-12-04 23:18:33,3.25,15.17,3.68
25,2024-12-04 23:18:33,3.35,15.17,3.68
26,2024-12-04 23:18:33,3.44,15.17,3.68
27,2024-12-04 23:18:33,3.53,15.17,3.68
28,2024-12-04 23:18:34,3.63,15.17,3.68
29,2024-12-04 23:18:34,3.72,15.17,3.68
30,2024-12-04 23:18:34,3.82,15.17,3.68
31,2024-12-04 23:18:34,3.91,15.17,3.68
32,2024-12-04 23:18:34,4.00,15.17,3.68
33,2024-12-04 23:18:34,4.10,15.17,3.68
34,2024-12-04 23:18:34,4.19,15.17,3.68
35,2024-12-04 23:18:34,4.29,15.17,3.68
36,2024-12-04 23:18:34,4.38,15.17,3.68
37,2024-12-04 23:18:34,4.48,15.17,3.68
38,2024-12-04 23:18:35,4.57,15.17,3.68
39,2024-12-04 23:18:35,4.67,15.17,3.68
40,2024-12-04 23:18:35,4.76,15.17,3.68
41,2024-12-04 23:18:35,4.86,15.17,3.68
42,2024-12-04 23:18:35,4.95,15.17,3.68
43,2024-12-04 23:18:35,5.05,15.17,3.68
44,2024-12-04 23:18:35,5.15,15.17,3.68
45,2024-12-04 23:18:35,5.24,15.17,3.68
46,2024-12-04 23:18:35,5.34,15.17,3.68
47,2024-12-04 23:18:35,5.43,15.17,3.68
48,2024-12-04 23:18:35,5.52,15.17,3.68
49,2024-12-04 23:18:36,5.62,15.17,3.68
50,2024-12-04 23:18:36,5.72,15.17,3.68
51,2024-12-04 23:18:36,5.82,15.17,3.68
52,2024-12-04 23:18:36,5.91,15.17,3.68
53,2024-12-04 23:18:36,6.00,15.17,3.68
54,2024-12-04 23:18:36,6.10,15.17,3.68
55,2024-12-04 23:18:36,6.19,15.17,3.68
56,2024-12-04 23:18:36,6.29,15.17,3.68
57,2024-12-04 23:18:36,6.39,15.17,3.68
58,2024-12-04 23:18:36,6.48,15.17,3.68
59,2024-12-04 23:18:37,6.58,15.17,3.68
60,2024-12-04 23:18:37,6.67,15.17,3.68
61,2024-12-04 23:18:37,6.77,15.17,3.68
62,2024-12-04 23:18:37,6.87,15.17,3.68
63,2024-12-04 23:18:37,6.96,15.17,3.68
64,2024-12-04 23:18:37,7.06,15.17,3.68
65,2024-12-04 23:18:37,7.16,15.17,3.68
66,2024-12-04 23:18:37,7.25,15.17,3.68
67,2024-12-04 23:18:37,7.35,15.17,3.68
68,2024-12-04 23:18:37,7.45,15.17,3.68
69,2024-12-04 23:18:37,7.54,15.17,3.68
70,2024-12-04 23:18:38,7.64,15.17,3.68
71,2024-12-04 23:18:38,7.74,15.17,3.68
72,2024-12-04 23:18:38,7.84,15.17,3.68
73,2024-12-04 23:18:38,7.93,15.17,3.68
74,2024-12-04 23:18:38,8.02,15.17,3.68
75,2024-12-04 23:18:38,8.11,15.17,3.68
76,2024-12-04 23:18:38,8.21,15.17,3.68
77,2024-12-04 23:18:38,8.31,15.17,3.68
78,2024-12-04 23:18:38,8.40,15.17,3.68
79,2024-12-04 23:18:38,8.50,15.17,3.68
80,2024-12-04 23:18:39,8.60,15.17,3.68
81,2024-12-04 23:18:39,8.69,15.17,3.68
82,2024-12-04 23:18:39,8.79,15.17,3.68
83,2024-12-04 23:18:39,8.89,15.17,3.68
84,2024-12-04 23:18:39,8.98,15.17,3.68
85,2024-12-04 23:18:39,9.08,15.17,3.68
86,2024-12-04 23:18:39,9.17,15.17,3.68
87,2024-12-04 23:18:39,9.27,15.17,3.68
88,2024-12-04 23:18:39,9.36,15.17,3.68
89,2024-12-04 23:18:39,9.46,15.17,3.68
90,2024-12-04 23:18:39,9.55,15.17,3.68
91,2024-12-04 23:18:40,9.64,15.17,3.68
92,2024-12-04 23:18:40,9.74,15.17,3.68
93,2024-12-04 23:18:40,9.83,15.17,3.68
94,2024-12-04 23:18:40,9.93,15.17,3.68
95,2024-12-04 23:18:40,10.02,15.17,3.68
96,2024-12-04 23:18:40,10.11,15.17,3.68
97,2024-12-04 23:18:40,10.21,15.17,3.68
98,2024-12-04 23:18:40,10.30,15.17,3.68
99,2024-12-04 23:18:40,10.40,15.17,3.68
100,2024-12-04 23:18:40,10.49,15.17,3.68
101,2024-12-04 23:18:41,10.59,15.17,3.68
102,2024-12-04 23:18:41,10.68,15.17,3.68
103,2024-12-04 23:18:41,10.78,15.17,3.68
104,2024-12-04 23:18:41,10.87,15.17,3.68
105,2024-12-04 23:18:41,10.97,15.17,3.68
106,2024-12-04 23:18:41,11.07,15.17,3.68
107,2024-12-04 23:18:41,11.16,15.17,3.68
108,2024-12-04 23:18:41,11.26,15.17,3.68
109,2024-12-04 23:18:41,11.36,15.17,3.68
110,2024-12-04 23:18:41,11.45,15.17,3.68
111,2024-12-04 23:18:41,11.55,15.17,3.68
112,2024-12-04 23:18:42,11.64,15.17,3.68
113,2024-12-04 23:18:42,11.74,15.17,3.68
114,2024-12-04 23:18:42,11.83,15.17,3.68
115,2024-12-04 23:18:42,11.93,15.17,3.68
116,2024-12-04 23:18:42,12.02,15.17,3.68
117,2024-12-04 23:18:42,12.12,15.17,3.68
118,2024-12-04 23:18:42,12.22,15.17,3.68
119,2024-12-04 23:18:42,12.32,15.17,3.68
120,2024-12-04 23:18:42,12.41,15.17,3.68
121,2024-12-04 23:18:42,12.50,15.17,3.68
122,2024-12-04 23:18:43,12.60,15.17,3.68
123,2024-12-04 23:18:43,12.70,15.17,3.68
124,2024-12-04 23:18:43,12.79,15.17,3.68
125,2024-12-04 23:18:43,12.89,15.17,3.68
126,2024-12-04 23:18:43,12.98,15.17,3.68
127,2024-12-04 23:18:43,13.07,15.17,3.68
128,2024-12-04 23:18:43,13.16,15.17,3.68
129,2024-12-04 23:18:43,13.26,15.17,3.68
130,2024-12-04 23:18:43,13.36,15.17,3.68
131,2024-12-04 23:18:43,13.45,15.17,3.68
132,2024-12-04 23:18:43,13.54,15.17,3.68
133,2024-12-04 23:18:44,13.64,15.17,3.68
134,2024-12-04 23:18:44,13.74,15.17,3.68
135,2024-12-04 23:18:44,13.83,15.17,3.68
136,2024-12-04 23:18:44,13.92,15.17,3.68
137,2024-12-04 23:18:44,14.02,15.17,3.68
138,2024-12-04 23:18:44,14.12,15.17,3.68
139,2024-12-04 23:18:44,14.21,15.17,3.68
140,2024-12-04 23:18:44,14.31,15.17,3.68
141,2024-12-04 23:18:44,14.40,15.17,3.68
142,2024-12-04 23:18:44,14.50,15.17,3.68
143,2024-12-04 23:18:45,14.60,15.17,3.68
144,2024-12-04 23:18:45,14.70,15.17,3.68
145,2024-12-04 23:18:45,14.79,15.17,3.68
146,2024-12-04 23:18:45,14.88,15.17,3.68
147,2024-12-04 23:18:45,14.98,15.17,3.68
148,2024-12-04 23:18:45,15.08,15.17,3.68
149,2024-12-04 23:18:45,15.17,15.17,3.68
150,2024-12-04 23:18:45,15.27,15.17,3.68
151,2024-12-04 23:18:45,15.36,15.17,3.68
152,2024-12-04 23:18:45,15.46,15.17,3.68
153,2024-12-04 23:18:45,15.56,15.17,3.68
154,2024-12-04 23:18:46,15.65,15.17,3.68
155,2024-12-04 23:18:46,15.75,15.17,3.68
156,2024-12-04 23:18:46,15.85,15.17,3.68
157,2024-12-04 23:18:46,15.94,15.17,3.68
158,2024-12-04 23:18:46,16.04,15.17,3.68
159,2024-12-04 23:18:46,16.13,15.17,3.68
160,2024-12-04 23:18:46,16.23,15.17,3.68
161,2024-12-04 23:18:46,16.33,15.17,3.68
162,2024-12-04 23:18:46,16.42,15.17,3.68
163,2024-12-04 23:18:46,16.52,15.17,3.68
164,2024-12-04 23:18:47,16.61,15.17,3.68
165,2024-12-04 23:18:47,16.71,15.17,3.68
166,2024-12-04 23:18:47,16.81,15.17,3.68
167,2024-12-04 23:18:47,16.90,15.17,3.68
168,2024-12-04 23:18:47,16.99,15.17,3.68
169,2024-12-04 23:18:47,17.09,15.17,3.68
170,2024-12-04 23:18:47,17.18,15.17,3.68
171,2024-12-04 23:18:47,17.27,15.17,3.68
172,2024-12-04 23:18:47,17.37,15.17,3.68
173,2024-12-04 23:18:47,17.47,15.17,3.68
174,2024-12-04 23:18:48,17.56,15.17,3.68
175,2024-12-04 23:18:48,17.66,15.17,3.68
176,2024-12-04 23:18:48,17.75,15.17,3.68
177,2024-12-04 23:18:48,17.85,15.17,3.68
178,2024-12-04 23:18:48,17.94,15.17,3.68
179,2024-12-04 23:18:48,18.04,15.17,3.68
180,2024-12-04 23:18:48,18.13,15.17,3.68
181,2024-12-04 23:18:48,18.23,15.17,3.68
182,2024-12-04 23:18:48,18.32,15.17,3.68
183,2024-12-04 23:18:48,18.41,15.17,3.68
184,2024-12-04 23:18:48,18.50,15.17,3.68
185,2024-12-04 23:18:49,18.59,15.17,3.68
186,2024-12-04 23:18:49,18.69,15.17,3.68
187,2024-12-04 23:18:49,18.77,15.17,3.68
188,2024-12-04 23:18:49,18.86,15.17,3.68
189,2024-12-04 23:18:49,18.96,15.17,3.68
190,2024-12-04 23:18:49,19.06,15.17,3.68
191,2024-12-04 23:18:49,19.16,15.17,3.68
192,2024-12-04 23:18:49,19.26,15.17,3.68
193,2024-12-04 23:18:49,19.36,15.17,3.68
194,2024-12-04 23:18:49,19.45,15.17,3.68
195,2024-12-04 23:18:49,19.55,15.17,3.68
196,2024-12-04 23:18:50,19.65,15.17,3.68
197,2024-12-04 23:18:50,19.75,15.17,3.68
198,2024-12-04 23:18:50,19.84,15.17,3.68
199,2024-12-04 23:18:50,19.93,15.17,3.68
200,2024-12-04 23:18:50,20.02,15.17,3.68
201,2024-12-04 23:18:50,20.12,15.17,3.68
202,2024-12-04 23:18:50,20.21,15.17,3.68
203,2024-12-04 23:18:50,20.31,15.17,3.68
204,2024-12-04 23:18:50,20.40,15.17,3.68
205,2024-12-04 23:18:50,20.49,15.17,3.68
206,2024-12-04 23:18:51,20.59,15.17,3.68
207,2024-12-04 23:18:51,20.69,15.17,3.68
208,2024-12-04 23:18:51,20.78,15.17,3.68
209,2024-12-04 23:18:51,20.87,15.17,3.68
210,2024-12-04 23:18:51,20.97,15.17,3.68
211,2024-12-04 23:18:51,21.07,15.17,3.68
212,2024-12-04 23:18:51,21.17,15.17,3.68
213,2024-12-04 23:18:51,21.27,15.17,3.68
214,2024-12-04 23:18:51,21.36,15.17,3.68
215,2024-12-04 23:18:51,21.45,15.17,3.68
216,2024-12-04 23:18:51,21.55,15.17,3.68
217,2024-12-04 23:18:52,21.64,15.17,3.68
218,2024-12-04 23:18:52,21.73,15.17,3.68
219,2024-12-04 23:18:52,21.83,15.17,3.68
220,2024-12-04 23:18:52,21.93,15.17,3.68
221,2024-12-04 23:18:52,22.02,15.17,3.68
222,2024-12-04 23:18:52,22.11,15.17,3.68
223,2024-12-04 23:18:52,22.20,15.17,3.68
224,2024-12-04 23:18:52,22.30,15.17,3.68
225,2024-12-04 23:18:52,22.39,15.17,3.68
226,2024-12-04 23:18:52,22.49,15.17,3.68
227,2024-12-04 23:18:53,22.57,15.17,3.68
228,2024-12-04 23:18:53,22.67,15.17,3.68
229,2024-12-04 23:18:53,22.75,15.17,3.68
230,2024-12-04 23:18:53,22.85,15.17,3.68
231,2024-12-04 23:18:53,22.95,15.17,3.68
232,2024-12-04 23:18:53,23.04,15.17,3.68
233,2024-12-04 23:18:53,23.14,15.17,3.68
234,2024-12-04 23:18:53,23.24,15.17,3.68
235,2024-12-04 23:18:53,23.33,15.17,3.68
236,2024-12-04 23:18:53,23.42,15.17,3.68
237,2024-12-04 23:18:53,23.52,15.17,3.68
238,2024-12-04 23:18:54,23.61,15.17,3.68
239,2024-12-04 23:18:54,23.71,15.17,3.68
240,2024-12-04 23:18:54,23.80,15.17,3.68
241,2024-12-04 23:18:54,23.89,15.17,3.68
242,2024-12-04 23:18:54,23.99,15.17,3.68
243,2024-12-04 23:18:54,24.08,15.17,3.68
244,2024-12-04 23:18:54,24.18,15.17,3.68
245,2024-12-04 23:18:54,24.28,15.17,3.68
246,2024-12-04 23:18:54,24.37,15.17,3.68
247,2024-12-04 23:18:54,24.47,15.17,3.68
248,2024-12-04 23:18:55,24.56,15.17,3.68
249,2024-12-04 23:18:55,24.66,15.17,3.68
250,2024-12-04 23:18:55,24.75,15.17,3.68
251,2024-12-04 23:18:55,24.83,15.17,3.68
252,2024-12-04 23:18:55,24.93,15.17,3.68
253,2024-12-04 23:18:55,25.04,15.17,3.68
254,2024-12-04 23:18:55,25.13,15.17,3.68
255,2024-12-04 23:18:55,25.23,15.17,3.68
256,2024-12-04 23:18:55,25.32,15.17,3.68
257,2024-12-04 23:18:55,25.41,15.17,3.68
258,2024-12-04 23:18:55,25.51,15.17,3.68
259,2024-12-04 23:18:56,25.61,15.17,3.68
260,2024-12-04 23:18:56,25.69,15.17,3.68
261,2024-12-04 23:18:56,25.79,15.17,3.68
262,2024-12-04 23:18:56,25.88,15.17,3.68
263,2024-12-04 23:18:56,25.98,15.17,3.68
264,2024-12-04 23:18:56,26.08,15.17,3.68
265,2024-12-04 23:18:56,26.17,15.17,3.68
266,2024-12-04 23:18:56,26.26,15.17,3.68
267,2024-12-04 23:18:56,26.36,15.17,3.68
268,2024-12-04 23:18:56,26.46,15.17,3.68
269,2024-12-04 23:18:56,26.55,15.17,3.68
270,2024-12-04 23:18:57,26.65,15.17,3.68
271,2024-12-04 23:18:57,26.74,15.17,3.68
272,2024-12-04 23:18:57,26.84,15.17,3.68
273,2024-12-04 23:18:57,26.94,15.17,3.68
274,2024-12-04 23:18:57,27.03,15.17,3.68
275,2024-12-04 23:18:57,27.13,15.17,3.68
276,2024-12-04 23:18:57,27.22,15.17,3.68
277,2024-12-04 23:18:57,27.32,15.17,3.68
278,2024-12-04 23:18:57,27.41,15.17,3.68
279,2024-12-04 23:18:57,27.51,15.17,3.68
280,2024-12-04 23:18:58,27.61,15.17,3.68
281,2024-12-04 23:18:58,27.71,15.17,3.68
282,2024-12-04 23:18:58,27.80,15.17,3.68
283,2024-12-04 23:18:58,27.90,15.17,3.68
284,2024-12-04 23:18:58,28.00,15.17,3.68
285,2024-12-04 23:18:58,28.09,15.17,3.68
286,2024-12-04 23:18:58,28.19,15.17,3.68
287,2024-12-04 23:18:58,28.29,15.17,3.68
288,2024-12-04 23:18:58,28.39,15.17,3.68
289,2024-12-04 23:18:58,28.49,15.17,3.68
290,2024-12-04 23:18:59,28.59,15.17,3.68
291,2024-12-04 23:18:59,28.68,15.17,3.68
292,2024-12-04 23:18:59,28.78,15.17,3.68
293,2024-12-04 23:18:59,28.88,15.17,3.68
294,2024-12-04 23:18:59,28.97,15.17,3.68
295,2024-12-04 23:18:59,29.07,15.17,3.68
296,2024-12-04 23:18:59,29.16,15.17,3.68
297,2024-12-04 23:18:59,29.26,15.17,3.68
298,2024-12-04 23:18:59,29.35,15.17,3.68
299,2024-12-04 23:18:59,29.45,15.17,3.68
300,2024-12-04 23:18:59,29.55,15.17,3.68
301,2024-12-04 23:19:00,29.65,15.17,3.68
302,2024-12-04 23:19:00,29.74,15.17,3.68
303,2024-12-04 23:19:00,29.84,15.17,3.68
304,2024-12-04 23:19:00,29.93,15.17,3.68
305,2024-12-04 23:19:00,30.03,15.17,3.68
306,2024-12-04 23:19:00,30.13,15.17,3.68
307,2024-12-04 23:19:00,30.23,15.17,3.68
308,2024-12-04 23:19:00,30.32,15.17,3.68
309,2024-12-04 23:19:00,30.42,15.17,3.68
310,2024-12-04 23:19:00,30.51,15.17,3.68
311,2024-12-04 23:19:01,30.61,15.17,3.68
312,2024-12-04 23:19:01,30.71,15.17,3.68
313,2024-12-04 23:19:01,30.80,15.17,3.68
314,2024-12-04 23:19:01,30.90,15.17,3.68
315,2024-12-04 23:19:01,31.00,15.17,3.68
316,2024-12-04 23:19:01,31.09,15.17,3.68
317,2024-12-04 23:19:01,31.18,15.17,3.68
318,2024-12-04 23:19:01,31.28,15.17,3.68
319,2024-12-04 23:19:01,31.38,15.17,3.68
320,2024-12-04 23:19:01,31.47,15.17,3.68
321,2024-12-04 23:19:02,31.56,15.17,3.68
322,2024-12-04 23:19:02,31.65,15.17,3.68
323,2024-12-04 23:19:02,31.74,15.17,3.68
324,2024-12-04 23:19:02,31.84,15.17,3.68
325,2024-12-04 23:19:02,31.94,15.17,3.68
326,2024-12-04 23:19:02,32.03,15.17,3.68
327,2024-12-04 23:19:02,32.13,15.17,3.68
328,2024-12-04 23:19:02,32.23,15.17,3.68
329,2024-12-04 23:19:02,32.32,15.17,3.68
330,2024-12-04 23:19:02,32.42,15.17,3.68
331,2024-12-04 23:19:02,32.52,15.17,3.68
332,2024-12-04 23:19:03,32.62,15.17,3.68
333,2024-12-04 23:19:03,32.71,15.17,3.68
334,2024-12-04 23:19:03,32.80,15.17,3.68
335,2024-12-04 23:19:03,32.90,15.17,3.68
336,2024-12-04 23:19:03,32.98,15.17,3.68
337,2024-12-04 23:19:03,33.08,15.17,3.68
338,2024-12-04 23:19:03,33.17,15.17,3.68
339,2024-12-04 23:19:03,33.27,15.17,3.68
340,2024-12-04 23:19:03,33.37,15.17,3.68
341,2024-12-04 23:19:03,33.46,15.17,3.68
342,2024-12-04 23:19:03,33.56,15.17,3.68
343,2024-12-04 23:19:04,33.65,15.17,3.68
344,2024-12-04 23:19:04,33.75,15.17,3.68
345,2024-12-04 23:19:04,33.85,15.17,3.68
346,2024-12-04 23:19:04,33.95,15.17,3.68
347,2024-12-04 23:19:04,34.04,15.17,3.68
348,2024-12-04 23:19:04,34.14,15.17,3.68
349,2024-12-04 23:19:04,34.24,15.17,3.68
350,2024-12-04 23:19:04,34.33,15.17,3.68
351,2024-12-04 23:19:04,34.43,15.17,3.68
352,2024-12-04 23:19:04,34.52,15.17,3.68
353,2024-12-04 23:19:05,34.62,15.17,3.68
354,2024-12-04 23:19:05,34.72,15.17,3.68
355,2024-12-04 23:19:05,34.81,15.17,3.68
356,2024-12-04 23:19:05,34.91,15.17,3.68
357,2024-12-04 23:19:05,35.00,15.17,3.68
358,2024-12-04 23:19:05,35.10,15.17,3.68
359,2024-12-04 23:19:05,35.19,15.17,3.68
360,2024-12-04 23:19:05,35.29,15.17,3.68
361,2024-12-04 23:19:05,35.38,15.17,3.68
362,2024-12-04 23:19:05,35.47,15.17,3.68
363,2024-12-04 23:19:06,35.57,15.17,3.68
364,2024-12-04 23:19:06,35.67,15.17,3.68
365,2024-12-04 23:19:06,35.76,15.17,3.68
366,2024-12-04 23:19:06,35.86,15.17,3.68
367,2024-12-04 23:19:06,35.95,15.17,3.68
368,2024-12-04 23:19:06,36.05,15.17,3.68
369,2024-12-04 23:19:06,36.14,15.17,3.68
370,2024-12-04 23:19:06,36.23,15.17,3.68
371,2024-12-04 23:19:06,36.33,15.17,3.68
372,2024-12-04 23:19:06,36.43,15.17,3.68
373,2024-12-04 23:19:06,36.52,15.17,3.68
374,2024-12-04 23:19:07,36.61,15.17,3.68
375,2024-12-04 23:19:07,36.71,15.17,3.68
376,2024-12-04 23:19:07,36.81,15.17,3.68
377,2024-12-04 23:19:07,36.90,15.17,3.68
378,2024-12-04 23:19:07,37.00,15.17,3.68
379,2024-12-04 23:19:07,37.09,15.17,3.68
380,2024-12-04 23:19:07,37.19,15.17,3.68
381,2024-12-04 23:19:07,37.29,15.17,3.68
382,2024-12-04 23:19:07,37.39,15.17,3.68
383,2024-12-04 23:19:07,37.48,15.17,3.68
384,2024-12-04 23:19:08,37.58,15.17,3.68
385,2024-12-04 23:19:08,37.68,15.17,3.68
386,2024-12-04 23:19:08,37.77,15.17,3.68
387,2024-12-04 23:19:08,37.86,15.17,3.68
388,2024-12-04 23:19:08,37.96,15.17,3.68
389,2024-12-04 23:19:08,38.05,15.17,3.68
390,2024-12-04 23:19:08,38.15,15.17,3.68
391,2024-12-04 23:19:08,38.25,15.17,3.68
392,2024-12-04 23:19:08,38.34,15.17,3.68
393,2024-12-04 23:19:08,38.44,15.17,3.68
394,2024-12-04 23:19:08,38.52,15.17,3.68
395,2024-12-04 23:19:09,38.61,15.17,3.68
396,2024-12-04 23:19:09,38.71,15.17,3.68
397,2024-12-04 23:19:09,38.81,15.17,3.68
398,2024-12-04 23:19:09,38.91,15.17,3.68
399,2024-12-04 23:19:09,39.00,15.17,3.68
400,2024-12-04 23:19:09,39.10,15.17,3.68
401,2024-12-04 23:19:09,39.20,15.17,3.68
402,2024-12-04 23:19:09,39.29,15.17,3.68
403,2024-12-04 23:19:09,39.38,15.17,3.68
404,2024-12-04 23:19:09,39.48,15.17,3.68
405,2024-12-04 23:19:10,39.57,15.17,3.68
406,2024-12-04 23:19:10,39.67,15.17,3.68
407,2024-12-04 23:19:10,39.77,15.17,3.68
408,2024-12-04 23:19:10,39.86,15.17,3.68
409,2024-12-04 23:19:10,39.95,15.17,3.68
410,2024-12-04 23:19:10,40.05,15.17,3.68
411,2024-12-04 23:19:10,40.13,15.17,3.68
412,2024-12-04 23:19:10,40.23,15.17,3.68
413,2024-12-04 23:19:10,40.32,15.17,3.68
414,2024-12-04 23:19:10,40.41,15.17,3.68
415,2024-12-04 23:19:10,40.51,15.17,3.68
416,2024-12-04 23:19:11,40.60,15.17,3.68
417,2024-12-04 23:19:11,40.70,15.17,3.68
418,2024-12-04 23:19:11,40.79,15.17,3.68
419,2024-12-04 23:19:11,40.89,15.17,3.68
420,2024-12-04 23:19:11,40.99,15.17,3.68
421,2024-12-04 23:19:11,41.08,15.17,3.68
422,2024-12-04 23:19:11,41.18,15.17,3.68
423,2024-12-04 23:19:11,41.27,15.17,3.68
424,2024-12-04 23:19:11,41.37,15.17,3.68
425,2024-12-04 23:19:11,41.46,15.17,3.68
426,2024-12-04 23:19:12,41.56,15.17,3.68
427,2024-12-04 23:19:12,41.65,15.17,3.68
428,2024-12-04 23:19:12,41.74,15.17,3.68
429,2024-12-04 23:19:12,41.83,15.17,3.68
430,2024-12-04 23:19:12,41.92,15.17,3.68
431,2024-12-04 23:19:12,42.02,15.17,3.68
432,2024-12-04 23:19:12,42.11,15.17,3.68
433,2024-12-04 23:19:12,42.21,15.17,3.68
434,2024-12-04 23:19:12,42.30,15.17,3.68
435,2024-12-04 23:19:12,42.39,15.17,3.68
436,2024-12-04 23:19:12,42.48,15.17,3.68
437,2024-12-04 23:19:13,42.57,15.17,3.68
438,2024-12-04 23:19:13,42.66,15.17,3.68
439,2024-12-04 23:19:13,42.77,15.17,3.68
440,2024-12-04 23:19:13,42.86,15.17,3.68
441,2024-12-04 23:19:13,42.96,15.17,3.68
442,2024-12-04 23:19:13,43.05,15.17,3.68
443,2024-12-04 23:19:13,43.14,15.17,3.68
444,2024-12-04 23:19:13,43.24,15.17,3.68
445,2024-12-04 23:19:13,43.33,15.17,3.68
446,2024-12-04 23:19:13,43.42,15.17,3.68
447,2024-12-04 23:19:13,43.52,15.17,3.68
448,2024-12-04 23:19:14,43.62,15.17,3.68
449,2024-12-04 23:19:14,43.71,15.17,3.68
450,2024-12-04 23:19:14,43.80,15.17,3.68
451,2024-12-04 23:19:14,43.90,15.17,3.68
452,2024-12-04 23:19:14,44.00,15.17,3.68
453,2024-12-04 23:19:14,44.09,15.17,3.68
454,2024-12-04 23:19:14,44.18,15.17,3.68
455,2024-12-04 23:19:14,44.28,15.17,3.68
456,2024-12-04 23:19:14,44.37,15.17,3.68
457,2024-12-04 23:19:14,44.47,15.17,3.68
458,2024-12-04 23:19:15,44.57,15.17,3.68
459,2024-12-04 23:19:15,44.67,15.17,3.68
460,2024-12-04 23:19:15,44.77,15.17,3.68
461,2024-12-04 23:19:15,44.86,15.17,3.68
462,2024-12-04 23:19:15,44.95,15.17,3.68
463,2024-12-04 23:19:15,45.05,15.17,3.68
464,2024-12-04 23:19:15,45.14,15.17,3.68
465,2024-12-04 23:19:15,45.24,15.17,3.68
466,2024-12-04 23:19:15,45.34,15.17,3.68
467,2024-12-04 23:19:15,45.44,15.17,3.68
468,2024-12-04 23:19:15,45.53,15.17,3.68
469,2024-12-04 23:19:16,45.62,15.17,3.68
470,2024-12-04 23:19:16,45.72,15.17,3.68
471,2024-12-04 23:19:16,45.82,15.17,3.68
472,2024-12-04 23:19:16,45.92,15.17,3.68
473,2024-12-04 23:19:16,46.01,15.17,3.68
474,2024-12-04 23:19:16,46.12,15.17,3.68
475,2024-12-04 23:19:16,46.22,15.17,3.68
476,2024-12-04 23:19:16,46.31,15.17,3.68
477,2024-12-04 23:19:16,46.42,15.17,3.68
478,2024-12-04 23:19:16,46.51,15.17,3.68
479,2024-12-04 23:19:17,46.60,15.17,3.68
480,2024-12-04 23:19:17,46.69,15.17,3.68
481,2024-12-04 23:19:17,46.79,15.17,3.68
482,2024-12-04 23:19:17,46.89,15.17,3.68
483,2024-12-04 23:19:17,46.98,15.17,3.68
484,2024-12-04 23:19:17,47.13,15.17,3.68
485,2024-12-04 23:19:17,47.23,15.17,3.68
486,2024-12-04 23:19:17,47.32,15.17,3.68
487,2024-12-04 23:19:17,47.41,15.17,3.68
488,2024-12-04 23:19:17,47.51,15.17,3.68
489,2024-12-04 23:19:18,47.60,15.17,3.68
490,2024-12-04 23:19:18,47.69,15.17,3.68
491,2024-12-04 23:19:18,47.78,15.17,3.68
492,2024-12-04 23:19:18,47.88,15.17,3.68
493,2024-12-04 23:19:18,47.97,15.17,3.68
494,2024-12-04 23:19:18,48.06,15.17,3.68
495,2024-12-04 23:19:18,48.16,15.17,3.68
496,2024-12-04 23:19:18,48.26,15.17,3.68
497,2024-12-04 23:19:18,48.36,15.17,3.68
498,2024-12-04 23:19:18,48.45,15.17,3.68
499,2024-12-04 23:19:18,48.55,15.17,3.68
500,2024-12-04 23:19:19,48.64,15.17,3.68
501,2024-12-04 23:19:19,48.74,15.17,3.68
502,2024-12-04 23:19:19,48.83,15.17,3.68
503,2024-12-04 23:19:19,48.93,15.17,3.68
504,2024-12-04 23:19:19,49.02,15.17,3.68
505,2024-12-04 23:19:19,49.11,15.17,3.68
506,2024-12-04 23:19:19,49.21,15.17,3.68
507,2024-12-04 23:19:19,49.30,15.17,3.68
508,2024-12-04 23:19:19,49.40,15.17,3.68
509,2024-12-04 23:19:19,49.49,15.17,3.68
510,2024-12-04 23:19:20,49.59,15.17,3.68
511,2024-12-04 23:19:20,49.68,15.17,3.68
512,2024-12-04 23:19:20,49.78,15.17,3.68
513,2024-12-04 23:19:20,49.87,15.17,3.68
514,2024-12-04 23:19:20,49.97,15.17,3.68
515,2024-12-04 23:19:20,50.07,15.17,3.68
516,2024-12-04 23:19:20,50.17,15.17,3.68
517,2024-12-04 23:19:20,50.26,15.17,3.68
518,2024-12-04 23:19:20,50.36,15.17,3.68
519,2024-12-04 23:19:20,50.45,15.17,3.68
520,2024-12-04 23:19:20,50.54,15.17,3.68
521,2024-12-04 23:19:21,50.64,15.17,3.68
522,2024-12-04 23:19:21,50.73,15.17,3.68
523,2024-12-04 23:19:21,50.83,15.17,3.68
524,2024-12-04 23:19:21,50.93,15.17,3.68
525,2024-12-04 23:19:21,51.02,15.17,3.68
526,2024-12-04 23:19:21,51.11,15.17,3.68
527,2024-12-04 23:19:21,51.20,15.17,3.68
528,2024-12-04 23:19:21,51.30,15.17,3.68
529,2024-12-04 23:19:21,51.39,15.17,3.68
530,2024-12-04 23:19:21,51.49,15.17,3.68
531,2024-12-04 23:19:22,51.58,15.17,3.68
532,2024-12-04 23:19:22,51.68,15.17,3.68
533,2024-12-04 23:19:22,51.77,15.17,3.68
534,2024-12-04 23:19:22,51.87,15.17,3.68
535,2024-12-04 23:19:22,51.96,15.17,3.68
536,2024-12-04 23:19:22,52.06,15.17,3.68
537,2024-12-04 23:19:22,52.16,15.17,3.68
538,2024-12-04 23:19:22,52.25,15.17,3.68
539,2024-12-04 23:19:22,52.35,15.17,3.68
540,2024-12-04 23:19:22,52.44,15.17,3.68
541,2024-12-04 23:19:22,52.54,15.17,3.68
542,2024-12-04 23:19:23,52.64,15.17,3.68
543,2024-12-04 23:19:23,52.74,15.17,3.68
544,2024-12-04 23:19:23,52.83,15.17,3.68
545,2024-12-04 23:19:23,52.93,15.17,3.68
546,2024-12-04 23:19:23,53.02,15.17,3.68
547,2024-12-04 23:19:23,53.12,15.17,3.68
548,2024-12-04 23:19:23,53.21,15.17,3.68
549,2024-12-04 23:19:23,53.30,15.17,3.68
550,2024-12-04 23:19:23,53.40,15.17,3.68
551,2024-12-04 23:19:23,53.49,15.17,3.68
552,2024-12-04 23:19:24,53.58,15.17,3.68
553,2024-12-04 23:19:24,53.68,15.17,3.68
554,2024-12-04 23:19:24,53.78,15.17,3.68
555,2024-12-04 23:19:24,53.87,15.17,3.68
556,2024-12-04 23:19:24,53.97,15.17,3.68
557,2024-12-04 23:19:24,54.07,15.17,3.68
558,2024-12-04 23:19:24,54.16,15.17,3.68
559,2024-12-04 23:19:24,54.25,15.17,3.68
560,2024-12-04 23:19:24,54.34,15.17,3.68
561,2024-12-04 23:19:24,54.43,15.17,3.68
562,2024-12-04 23:19:24,54.53,15.17,3.68
563,2024-12-04 23:19:25,54.63,15.17,3.68
564,2024-12-04 23:19:25,54.73,15.17,3.68
565,2024-12-04 23:19:25,54.82,15.17,3.68
566,2024-12-04 23:19:25,54.90,15.17,3.68
567,2024-12-04 23:19:25,55.00,15.17,3.68
568,2024-12-04 23:19:25,55.09,15.17,3.68
569,2024-12-04 23:19:25,55.19,15.17,3.68
570,2024-12-04 23:19:25,55.29,15.17,3.68
571,2024-12-04 23:19:25,55.38,15.17,3.68
572,2024-12-04 23:19:25,55.48,15.17,3.68
573,2024-12-04 23:19:26,55.58,15.17,3.68
574,2024-12-04 23:19:26,55.68,15.17,3.68
575,2024-12-04 23:19:26,55.77,15.17,3.68
576,2024-12-04 23:19:26,55.87,15.17,3.68
577,2024-12-04 23:19:26,55.96,15.17,3.68
578,2024-12-04 23:19:26,56.06,15.17,3.68
579,2024-12-04 23:19:26,56.16,15.17,3.68
580,2024-12-04 23:19:26,56.25,15.17,3.68
581,2024-12-04 23:19:26,56.34,15.17,3.68
582,2024-12-04 23:19:26,56.44,15.17,3.68
583,2024-12-04 23:19:26,56.55,15.17,3.68
584,2024-12-04 23:19:27,56.64,15.17,3.68
585,2024-12-04 23:19:27,56.73,15.17,3.68
586,2024-12-04 23:19:27,56.83,15.17,3.68
587,2024-12-04 23:19:27,56.93,15.17,3.68
588,2024-12-04 23:19:27,57.02,15.17,3.68
589,2024-12-04 23:19:27,57.12,15.17,3.68
590,2024-12-04 23:19:27,57.21,15.17,3.68
591,2024-12-04 23:19:27,57.32,15.17,3.68
592,2024-12-04 23:19:27,57.41,15.17,3.68
593,2024-12-04 23:19:27,57.50,15.17,3.68
594,2024-12-04 23:19:28,57.59,15.17,3.68
595,2024-12-04 23:19:28,57.69,15.17,3.68
596,2024-12-04 23:19:28,57.79,15.17,3.68
597,2024-12-04 23:19:28,57.88,15.17,3.68
598,2024-12-04 23:19:28,57.97,15.17,3.68
599,2024-12-04 23:19:28,58.07,15.17,3.68
600,2024-12-04 23:19:28,58.17,15.17,3.68
601,2024-12-04 23:19:28,58.27,15.17,3.68
602,2024-12-04 23:19:28,58.37,15.17,3.68
603,2024-12-04 23:19:28,58.47,15.17,3.68
604,2024-12-04 23:19:29,58.56,15.17,3.68
605,2024-12-04 23:19:29,58.66,15.17,3.68
606,2024-12-04 23:19:29,58.75,15.17,3.68
607,2024-12-04 23:19:29,58.84,15.17,3.68
608,2024-12-04 23:19:29,58.94,15.17,3.68
609,2024-12-04 23:19:29,59.03,15.17,3.68
610,2024-12-04 23:19:29,59.13,15.17,3.68
611,2024-12-04 23:19:29,59.23,15.17,3.68
612,2024-12-04 23:19:29,59.33,15.17,3.68
613,2024-12-04 23:19:29,59.42,15.17,3.68
614,2024-12-04 23:19:29,59.52,15.17,3.68
615,2024-12-04 23:19:30,59.61,15.17,3.68
616,2024-12-04 23:19:30,59.71,15.17,3.68
617,2024-12-04 23:19:30,59.81,15.17,3.68
618,2024-12-04 23:19:30,59.90,15.17,3.68
619,2024-12-04 23:19:30,59.99,15.17,3.68
620,2024-12-04 23:19:30,60.09,15.17,3.68
621,2024-12-04 23:19:30,60.18,15.17,3.68
622,2024-12-04 23:19:30,60.28,15.17,3.68
623,2024-12-04 23:19:30,60.37,15.17,3.68
624,2024-12-04 23:19:30,60.47,15.17,3.68
625,2024-12-04 23:19:31,60.57,15.17,3.68
626,2024-12-04 23:19:31,60.66,15.17,3.68
627,2024-12-04 23:19:31,60.76,15.17,3.68
628,2024-12-04 23:19:31,60.85,15.17,3.68
629,2024-12-04 23:19:31,60.96,15.17,3.68
630,2024-12-04 23:19:31,61.05,15.17,3.68
631,2024-12-04 23:19:31,61.15,15.17,3.68
632,2024-12-04 23:19:31,61.24,15.17,3.68
633,2024-12-04 23:19:31,61.33,15.17,3.68
634,2024-12-04 23:19:31,61.43,15.17,3.68
635,2024-12-04 23:19:31,61.52,15.17,3.68
636,2024-12-04 23:19:32,61.62,15.17,3.68
637,2024-12-04 23:19:32,61.72,15.17,3.68
638,2024-12-04 23:19:32,61.82,15.17,3.68
639,2024-12-04 23:19:32,61.91,15.17,3.68
640,2024-12-04 23:19:32,62.00,15.17,3.68
641,2024-12-04 23:19:32,62.10,15.17,3.68
642,2024-12-04 23:19:32,62.19,15.17,3.68
643,2024-12-04 23:19:32,62.29,15.17,3.68
644,2024-12-04 23:19:32,62.38,15.17,3.68
645,2024-12-04 23:19:32,62.47,15.17,3.68
646,2024-12-04 23:19:33,62.57,15.17,3.68
647,2024-12-04 23:19:33,62.67,15.17,3.68
648,2024-12-04 23:19:33,62.77,15.17,3.68
649,2024-12-04 23:19:33,62.87,15.17,3.68
650,2024-12-04 23:19:33,62.97,15.17,3.68
651,2024-12-04 23:19:33,63.06,15.17,3.68
652,2024-12-04 23:19:33,63.16,15.17,3.68
653,2024-12-04 23:19:33,63.25,15.17,3.68
654,2024-12-04 23:19:33,63.35,15.17,3.68
655,2024-12-04 23:19:33,63.44,15.17,3.68
656,2024-12-04 23:19:33,63.54,15.17,3.68
657,2024-12-04 23:19:34,63.63,15.17,3.68
658,2024-12-04 23:19:34,63.73,15.17,3.68
659,2024-12-04 23:19:34,63.82,15.17,3.68
660,2024-12-04 23:19:34,63.91,15.17,3.68
661,2024-12-04 23:19:34,64.01,15.17,3.68
662,2024-12-04 23:19:34,64.10,15.17,3.68
663,2024-12-04 23:19:34,64.20,15.17,3.68
664,2024-12-04 23:19:34,64.29,15.17,3.68
665,2024-12-04 23:19:34,64.39,15.17,3.68
666,2024-12-04 23:19:34,64.48,15.17,3.68
667,2024-12-04 23:19:35,64.58,15.17,3.68
668,2024-12-04 23:19:35,64.68,15.17,3.68
669,2024-12-04 23:19:35,64.78,15.17,3.68
670,2024-12-04 23:19:35,64.87,15.17,3.68
671,2024-12-04 23:19:35,64.97,15.17,3.68
672,2024-12-04 23:19:35,65.06,15.17,3.68
673,2024-12-04 23:19:35,65.15,15.17,3.68
674,2024-12-04 23:19:35,65.25,15.17,3.68
675,2024-12-04 23:19:35,65.34,15.17,3.68
676,2024-12-04 23:19:35,65.44,15.17,3.68
677,2024-12-04 23:19:35,65.53,15.17,3.68
678,2024-12-04 23:19:36,65.63,15.17,3.68
679,2024-12-04 23:19:36,65.72,15.17,3.68
680,2024-12-04 23:19:36,65.82,15.17,3.68
681,2024-12-04 23:19:36,65.91,15.17,3.68
682,2024-12-04 23:19:36,66.01,15.17,3.68
683,2024-12-04 23:19:36,66.10,15.17,3.68
684,2024-12-04 23:19:36,66.20,15.17,3.68
685,2024-12-04 23:19:36,66.29,15.17,3.68
686,2024-12-04 23:19:36,66.38,15.17,3.68
687,2024-12-04 23:19:36,66.47,15.17,3.68
688,2024-12-04 23:19:37,66.56,15.17,3.68
689,2024-12-04 23:19:37,66.66,15.17,3.68
690,2024-12-04 23:19:37,66.76,15.17,3.68
691,2024-12-04 23:19:37,66.86,15.17,3.68
692,2024-12-04 23:19:37,66.95,15.17,3.68
693,2024-12-04 23:19:37,67.04,15.17,3.68
694,2024-12-04 23:19:37,67.13,15.17,3.68
695,2024-12-04 23:19:37,67.23,15.17,3.68
696,2024-12-04 23:19:37,67.33,15.17,3.68
697,2024-12-04 23:19:37,67.42,15.17,3.68
698,2024-12-04 23:19:37,67.51,15.17,3.68
699,2024-12-04 23:19:38,67.60,15.17,3.68
700,2024-12-04 23:19:38,67.71,15.17,3.68
701,2024-12-04 23:19:38,67.80,15.17,3.68
702,2024-12-04 23:19:38,67.89,15.17,3.68
703,2024-12-04 23:19:38,67.99,15.17,3.68
704,2024-12-04 23:19:38,68.09,15.17,3.68
705,2024-12-04 23:19:38,68.18,15.17,3.68
706,2024-12-04 23:19:38,68.28,15.17,3.68
707,2024-12-04 23:19:38,68.37,15.17,3.68
708,2024-12-04 23:19:38,68.46,15.17,3.68
709,2024-12-04 23:19:39,68.56,15.17,3.68
710,2024-12-04 23:19:39,68.66,15.17,3.68
711,2024-12-04 23:19:39,68.76,15.17,3.68
712,2024-12-04 23:19:39,68.86,15.17,3.68
713,2024-12-04 23:19:39,68.95,15.17,3.68
714,2024-12-04 23:19:39,69.05,15.17,3.68
715,2024-12-04 23:19:39,69.15,15.17,3.68
716,2024-12-04 23:19:39,69.24,15.17,3.68
717,2024-12-04 23:19:39,69.34,15.17,3.68
718,2024-12-04 23:19:39,69.43,15.17,3.68
719,2024-12-04 23:19:39,69.53,15.17,3.68
720,2024-12-04 23:19:40,69.62,15.17,3.68
721,2024-12-04 23:19:40,69.72,15.17,3.68
722,2024-12-04 23:19:40,69.82,15.17,3.68
723,2024-12-04 23:19:40,69.91,15.17,3.68
724,2024-12-04 23:19:40,70.01,15.17,3.68
725,2024-12-04 23:19:40,70.10,15.17,3.68
726,2024-12-04 23:19:40,70.20,15.17,3.68
727,2024-12-04 23:19:40,70.29,15.17,3.68
728,2024-12-04 23:19:40,70.38,15.17,3.68
729,2024-12-04 23:19:40,70.48,15.17,3.68
730,2024-12-04 23:19:41,70.57,15.17,3.68
731,2024-12-04 23:19:41,70.67,15.17,3.68
732,2024-12-04 23:19:41,70.76,15.17,3.68
733,2024-12-04 23:19:41,70.85,15.17,3.68
734,2024-12-04 23:19:41,70.95,15.17,3.68
735,2024-12-04 23:19:41,71.05,15.17,3.68
736,2024-12-04 23:19:41,71.14,15.17,3.68
737,2024-12-04 23:19:41,71.24,15.17,3.68
738,2024-12-04 23:19:41,71.33,15.17,3.68
739,2024-12-04 23:19:41,71.43,15.17,3.68
740,2024-12-04 23:19:41,71.52,15.17,3.68
741,2024-12-04 23:19:42,71.62,15.17,3.68
742,2024-12-04 23:19:42,71.71,15.17,3.68
743,2024-12-04 23:19:42,71.82,15.17,3.68
744,2024-12-04 23:19:42,71.91,15.17,3.68
745,2024-12-04 23:19:42,72.00,15.17,3.68
746,2024-12-04 23:19:42,72.09,15.17,3.68
747,2024-12-04 23:19:42,72.19,15.17,3.68
748,2024-12-04 23:19:42,72.29,15.17,3.68
749,2024-12-04 23:19:42,72.39,15.17,3.68
750,2024-12-04 23:19:42,72.48,15.17,3.68
751,2024-12-04 23:19:43,72.57,15.17,3.68
752,2024-12-04 23:19:43,72.66,15.17,3.68
753,2024-12-04 23:19:43,72.76,15.17,3.68
754,2024-12-04 23:19:43,72.86,15.17,3.68
755,2024-12-04 23:19:43,72.95,15.17,3.68
756,2024-12-04 23:19:43,73.05,15.17,3.68
757,2024-12-04 23:19:43,73.14,15.17,3.68
758,2024-12-04 23:19:43,73.24,15.17,3.68
759,2024-12-04 23:19:43,73.33,15.17,3.68
760,2024-12-04 23:19:43,73.42,15.17,3.68
761,2024-12-04 23:19:43,73.52,15.17,3.68
762,2024-12-04 23:19:44,73.61,15.17,3.68
763,2024-12-04 23:19:44,73.71,15.17,3.68
764,2024-12-04 23:19:44,73.80,15.17,3.68
765,2024-12-04 23:19:44,73.90,15.17,3.68
766,2024-12-04 23:19:44,73.99,15.17,3.68
767,2024-12-04 23:19:44,74.08,15.17,3.68
768,2024-12-04 23:19:44,74.18,15.17,3.68
769,2024-12-04 23:19:44,74.27,15.17,3.68
770,2024-12-04 23:19:44,74.37,15.17,3.68
771,2024-12-04 23:19:44,74.46,15.17,3.68
772,2024-12-04 23:19:45,74.56,15.17,3.68
773,2024-12-04 23:19:45,74.65,15.17,3.68
774,2024-12-04 23:19:45,74.74,15.17,3.68
775,2024-12-04 23:19:45,74.84,15.17,3.68
776,2024-12-04 23:19:45,74.94,15.17,3.68
777,2024-12-04 23:19:45,75.03,15.17,3.68
778,2024-12-04 23:19:45,75.12,15.17,3.68
779,2024-12-04 23:19:45,75.21,15.17,3.68
780,2024-12-04 23:19:45,75.30,15.17,3.68
781,2024-12-04 23:19:45,75.39,15.17,3.68
782,2024-12-04 23:19:45,75.48,15.17,3.68
783,2024-12-04 23:19:46,75.58,15.17,3.68
784,2024-12-04 23:19:46,75.67,15.17,3.68
785,2024-12-04 23:19:46,75.76,15.17,3.68
786,2024-12-04 23:19:46,75.86,15.17,3.68
787,2024-12-04 23:19:46,75.95,15.17,3.68
788,2024-12-04 23:19:46,76.05,15.17,3.68
789,2024-12-04 23:19:46,76.14,15.17,3.68
790,2024-12-04 23:19:46,76.23,15.17,3.68
791,2024-12-04 23:19:46,76.32,15.17,3.68
792,2024-12-04 23:19:46,76.42,15.17,3.68
793,2024-12-04 23:19:46,76.51,15.17,3.68
794,2024-12-04 23:19:47,76.60,15.17,3.68
795,2024-12-04 23:19:47,76.70,15.17,3.68
796,2024-12-04 23:19:47,76.80,15.17,3.68
797,2024-12-04 23:19:47,76.89,15.17,3.68
798,2024-12-04 23:19:47,76.99,15.17,3.68
799,2024-12-04 23:19:47,77.08,15.17,3.68
800,2024-12-04 23:19:47,77.18,15.17,3.68
801,2024-12-04 23:19:47,77.27,15.17,3.68
802,2024-12-04 23:19:47,77.36,15.17,3.68
803,2024-12-04 23:19:47,77.45,15.17,3.68
804,2024-12-04 23:19:47,77.55,15.17,3.68
805,2024-12-04 23:19:48,77.64,15.17,3.68
806,2024-12-04 23:19:48,77.74,15.17,3.68
807,2024-12-04 23:19:48,77.83,15.17,3.68
808,2024-12-04 23:19:48,77.93,15.17,3.68
809,2024-12-04 23:19:48,78.02,15.17,3.68
810,2024-12-04 23:19:48,78.11,15.17,3.68
811,2024-12-04 23:19:48,78.21,15.17,3.68
812,2024-12-04 23:19:48,78.30,15.17,3.68
813,2024-12-04 23:19:48,78.40,15.17,3.68
814,2024-12-04 23:19:48,78.49,15.17,3.68
815,2024-12-04 23:19:49,78.59,15.17,3.68
816,2024-12-04 23:19:49,78.68,15.17,3.68
817,2024-12-04 23:19:49,78.78,15.17,3.68
818,2024-12-04 23:19:49,78.86,15.17,3.68
819,2024-12-04 23:19:49,78.96,15.17,3.68
820,2024-12-04 23:19:49,79.05,15.17,3.68
821,2024-12-04 23:19:49,79.15,15.17,3.68
822,2024-12-04 23:19:49,79.24,15.17,3.68
823,2024-12-04 23:19:49,79.34,15.17,3.68
824,2024-12-04 23:19:49,79.43,15.17,3.68
825,2024-12-04 23:19:49,79.52,15.17,3.68
826,2024-12-04 23:19:50,79.61,15.17,3.68
827,2024-12-04 23:19:50,79.71,15.17,3.68
828,2024-12-04 23:19:50,79.80,15.17,3.68
829,2024-12-04 23:19:50,79.90,15.17,3.68
830,2024-12-04 23:19:50,80.00,15.17,3.68
831,2024-12-04 23:19:50,80.09,15.17,3.68
832,2024-12-04 23:19:50,80.19,15.17,3.68
833,2024-12-04 23:19:50,80.28,15.17,3.68
834,2024-12-04 23:19:50,80.38,15.17,3.68
835,2024-12-04 23:19:50,80.48,15.17,3.68
836,2024-12-04 23:19:51,80.57,15.17,3.68
837,2024-12-04 23:19:51,80.67,15.17,3.68
838,2024-12-04 23:19:51,80.77,15.17,3.68
839,2024-12-04 23:19:51,80.86,15.17,3.68
840,2024-12-04 23:19:51,80.96,15.17,3.68
841,2024-12-04 23:19:51,81.06,15.17,3.68
842,2024-12-04 23:19:51,81.15,15.17,3.68
843,2024-12-04 23:19:51,81.25,15.17,3.68
844,2024-12-04 23:19:51,81.35,15.17,3.68
845,2024-12-04 23:19:51,81.45,15.17,3.68
846,2024-12-04 23:19:51,81.55,15.17,3.68
847,2024-12-04 23:19:52,81.64,15.17,3.68
848,2024-12-04 23:19:52,81.74,15.17,3.68
849,2024-12-04 23:19:52,81.84,15.17,3.68
850,2024-12-04 23:19:52,81.93,15.17,3.68
851,2024-12-04 23:19:52,82.03,15.17,3.68
852,2024-12-04 23:19:52,82.12,15.17,3.68
853,2024-12-04 23:19:52,82.21,15.17,3.68
854,2024-12-04 23:19:52,82.31,15.17,3.68
855,2024-12-04 23:19:52,82.40,15.17,3.68
856,2024-12-04 23:19:52,82.50,15.17,3.68
857,2024-12-04 23:19:53,82.59,15.17,3.68
858,2024-12-04 23:19:53,82.69,15.17,3.68
859,2024-12-04 23:19:53,82.79,15.17,3.68
860,2024-12-04 23:19:53,82.88,15.17,3.68
861,2024-12-04 23:19:53,82.97,15.17,3.68
862,2024-12-04 23:19:53,83.07,15.17,3.68
863,2024-12-04 23:19:53,83.16,15.17,3.68
864,2024-12-04 23:19:53,83.26,15.17,3.68
865,2024-12-04 23:19:53,83.36,15.17,3.68
866,2024-12-04 23:19:53,83.45,15.17,3.68
867,2024-12-04 23:19:53,83.55,15.17,3.68
868,2024-12-04 23:19:54,83.65,15.17,3.68
869,2024-12-04 23:19:54,83.74,15.17,3.68
870,2024-12-04 23:19:54,83.84,15.17,3.68
871,2024-12-04 23:19:54,83.94,15.17,3.68
872,2024-12-04 23:19:54,84.03,15.17,3.68
873,2024-12-04 23:19:54,84.13,15.17,3.68
874,2024-12-04 23:19:54,84.23,15.17,3.68
875,2024-12-04 23:19:54,84.32,15.17,3.68
876,2024-12-04 23:19:54,84.42,15.17,3.68
877,2024-12-04 23:19:54,84.52,15.17,3.68
878,2024-12-04 23:19:55,84.61,15.17,3.68
879,2024-12-04 23:19:55,84.71,15.17,3.68
880,2024-12-04 23:19:55,84.81,15.17,3.68
881,2024-12-04 23:19:55,84.90,15.17,3.68
882,2024-12-04 23:19:55,85.00,15.17,3.68
883,2024-12-04 23:19:55,85.09,15.17,3.68
884,2024-12-04 23:19:55,85.18,15.17,3.68
885,2024-12-04 23:19:55,85.28,15.17,3.68
886,2024-12-04 23:19:55,85.38,15.17,3.68
887,2024-12-04 23:19:55,85.48,15.17,3.68
888,2024-12-04 23:19:56,85.57,15.17,3.68
889,2024-12-04 23:19:56,85.67,15.17,3.68
890,2024-12-04 23:19:56,85.76,15.17,3.68
891,2024-12-04 23:19:56,85.85,15.17,3.68
892,2024-12-04 23:19:56,85.95,15.17,3.68
893,2024-12-04 23:19:56,86.05,15.17,3.68
894,2024-12-04 23:19:56,86.14,15.17,3.68
895,2024-12-04 23:19:56,86.24,15.17,3.68
896,2024-12-04 23:19:56,86.34,15.17,3.68
897,2024-12-04 23:19:56,86.43,15.17,3.68
898,2024-12-04 23:19:56,86.52,15.17,3.68
899,2024-12-04 23:19:57,86.62,15.17,3.68
900,2024-12-04 23:19:57,86.72,15.17,3.68
901,2024-12-04 23:19:57,86.82,15.17,3.68
902,2024-12-04 23:19:57,86.91,15.17,3.68
903,2024-12-04 23:19:57,87.01,15.17,3.68
904,2024-12-04 23:19:57,87.10,15.17,3.68
905,2024-12-04 23:19:57,87.20,15.17,3.68
906,2024-12-04 23:19:57,87.30,15.17,3.68
907,2024-12-04 23:19:57,87.39,15.17,3.68
908,2024-12-04 23:19:57,87.48,15.17,3.68
909,2024-12-04 23:19:58,87.58,15.17,3.68
910,2024-12-04 23:19:58,87.67,15.17,3.68
911,2024-12-04 23:19:58,87.77,15.17,3.68
912,2024-12-04 23:19:58,87.87,15.17,3.68
913,2024-12-04 23:19:58,87.96,15.17,3.68
914,2024-12-04 23:19:58,88.06,15.17,3.68
915,2024-12-04 23:19:58,88.15,15.17,3.68
916,2024-12-04 23:19:58,88.24,15.17,3.68
917,2024-12-04 23:19:58,88.34,15.17,3.68
918,2024-12-04 23:19:58,88.43,15.17,3.68
919,2024-12-04 23:19:58,88.52,15.17,3.68
920,2024-12-04 23:19:59,88.62,15.17,3.68
921,2024-12-04 23:19:59,88.72,15.17,3.68
922,2024-12-04 23:19:59,88.81,15.17,3.68
923,2024-12-04 23:19:59,88.91,15.17,3.68
924,2024-12-04 23:19:59,89.01,15.17,3.68
925,2024-12-04 23:19:59,89.10,15.17,3.68
926,2024-12-04 23:19:59,89.20,15.17,3.68
927,2024-12-04 23:19:59,89.29,15.17,3.68
928,2024-12-04 23:19:59,89.39,15.17,3.68
929,2024-12-04 23:19:59,89.49,15.17,3.68
930,2024-12-04 23:20:00,89.58,15.17,3.68
931,2024-12-04 23:20:00,89.67,15.17,3.68
932,2024-12-04 23:20:00,89.77,15.17,3.68
933,2024-12-04 23:20:00,89.87,15.17,3.68
934,2024-12-04 23:20:00,89.96,15.17,3.68
935,2024-12-04 23:20:00,90.06,15.17,3.68
936,2024-12-04 23:20:00,90.16,15.17,3.68
937,2024-12-04 23:20:00,90.25,15.17,3.68
938,2024-12-04 23:20:00,90.35,15.17,3.68
939,2024-12-04 23:20:00,90.44,15.17,3.68
940,2024-12-04 23:20:00,90.54,15.17,3.68
941,2024-12-04 23:20:01,90.64,15.17,3.68
942,2024-12-04 23:20:01,90.73,15.17,3.68
943,2024-12-04 23:20:01,90.82,15.17,3.68
944,2024-12-04 23:20:01,90.92,15.17,3.68
945,2024-12-04 23:20:01,91.01,15.17,3.68
946,2024-12-04 23:20:01,91.11,15.17,3.68
947,2024-12-04 23:20:01,91.21,15.17,3.68
948,2024-12-04 23:20:01,91.30,15.17,3.68
949,2024-12-04 23:20:01,91.39,15.17,3.68
950,2024-12-04 23:20:01,91.49,15.17,3.68
951,2024-12-04 23:20:02,91.59,15.17,3.68
952,2024-12-04 23:20:02,91.68,15.17,3.68
953,2024-12-04 23:20:02,91.78,15.17,3.68
954,2024-12-04 23:20:02,91.87,15.17,3.68
955,2024-12-04 23:20:02,91.97,15.17,3.68
956,2024-12-04 23:20:02,92.07,15.17,3.68
957,2024-12-04 23:20:02,92.16,15.17,3.68
958,2024-12-04 23:20:02,92.26,15.17,3.68
959,2024-12-04 23:20:02,92.35,15.17,3.68
960,2024-12-04 23:20:02,92.44,15.17,3.68
961,2024-12-04 23:20:02,92.54,15.17,3.68
962,2024-12-04 23:20:03,92.63,15.17,3.68
963,2024-12-04 23:20:03,92.72,15.17,3.68
964,2024-12-04 23:20:03,92.81,15.17,3.68
965,2024-12-04 23:20:03,92.91,15.17,3.68
966,2024-12-04 23:20:03,93.00,15.17,3.68
967,2024-12-04 23:20:03,93.09,15.17,3.68
968,2024-12-04 23:20:03,93.18,15.17,3.68
969,2024-12-04 23:20:03,93.28,15.17,3.68
970,2024-12-04 23:20:03,93.38,15.17,3.68
971,2024-12-04 23:20:03,93.47,15.17,3.68
972,2024-12-04 23:20:04,93.57,15.17,3.68
973,2024-12-04 23:20:04,93.66,15.17,3.68
974,2024-12-04 23:20:04,93.76,15.17,3.68
975,2024-12-04 23:20:04,93.85,15.17,3.68
976,2024-12-04 23:20:04,93.95,15.17,3.68
977,2024-12-04 23:20:04,94.04,15.17,3.68
978,2024-12-04 23:20:04,94.13,15.17,3.68
979,2024-12-04 23:20:04,94.23,15.17,3.68
980,2024-12-04 23:20:04,94.32,15.17,3.68
981,2024-12-04 23:20:04,94.41,15.17,3.68
982,2024-12-04 23:20:04,94.51,15.17,3.68
983,2024-12-04 23:20:05,94.61,15.17,3.68
984,2024-12-04 23:20:05,94.71,15.17,3.68
985,2024-12-04 23:20:05,94.80,15.17,3.68
986,2024-12-04 23:20:05,94.90,15.17,3.68
987,2024-12-04 23:20:05,94.99,15.17,3.68
988,2024-12-04 23:20:05,95.09,15.17,3.68
989,2024-12-04 23:20:05,95.19,15.17,3.68
990,2024-12-04 23:20:05,95.29,15.17,3.68
991,2024-12-04 23:20:05,95.38,15.17,3.68
992,2024-12-04 23:20:05,95.48,15.17,3.68
993,2024-12-04 23:20:06,95.57,15.17,3.68
994,2024-12-04 23:20:06,95.67,15.17,3.68
995,2024-12-04 23:20:06,95.77,15.17,3.68
996,2024-12-04 23:20:06,95.87,15.17,3.68
997,2024-12-04 23:20:06,95.96,15.17,3.68
998,2024-12-04 23:20:06,96.05,15.17,3.68
999,2024-12-04 23:20:06,96.15,15.17,3.68
1000,2024-12-04 23:20:06,96.25,15.17,3.68
1001,2024-12-04 23:20:06,96.35,15.17,3.68
1002,2024-12-04 23:20:06,96.45,15.17,3.68
1003,2024-12-04 23:20:06,96.54,15.17,3.68
1004,2024-12-04 23:20:07,96.64,15.17,3.68
1005,2024-12-04 23:20:07,96.73,15.17,3.68
1006,2024-12-04 23:20:07,96.83,15.17,3.68
1007,2024-12-04 23:20:07,96.92,15.17,3.68
1008,2024-12-04 23:20:07,97.01,15.17,3.68
1009,2024-12-04 23:20:07,97.11,15.17,3.68
1010,2024-12-04 23:20:07,97.20,15.17,3.68
1011,2024-12-04 23:20:07,97.30,15.17,3.68
1012,2024-12-04 23:20:07,97.39,15.17,3.68
1013,2024-12-04 23:20:07,97.49,15.17,3.68
1014,2024-12-04 23:20:08,97.59,15.17,3.68
1015,2024-12-04 23:20:08,97.68,15.17,3.68
1016,2024-12-04 23:20:08,97.78,15.17,3.68
1017,2024-12-04 23:20:08,97.88,15.17,3.68
1018,2024-12-04 23:20:08,97.97,15.17,3.68
1019,2024-12-04 23:20:08,98.07,15.17,3.68
1020,2024-12-04 23:20:08,98.16,15.17,3.68
1021,2024-12-04 23:20:08,98.25,15.17,3.68
1022,2024-12-04 23:20:08,98.35,15.17,3.68
1023,2024-12-04 23:20:08,98.44,15.17,3.68
1024,2024-12-04 23:20:08,98.54,15.17,3.68
1025,2024-12-04 23:20:09,98.63,15.17,3.68
1026,2024-12-04 23:20:09,98.73,15.17,3.68
1027,2024-12-04 23:20:09,98.82,15.17,3.68
1028,2024-12-04 23:20:09,98.92,15.17,3.68
1029,2024-12-04 23:20:09,99.01,15.17,3.68
1030,2024-12-04 23:20:09,99.11,15.17,3.68
1031,2024-12-04 23:20:09,99.20,15.17,3.68
1032,2024-12-04 23:20:09,99.30,15.17,3.68
1033,2024-12-04 23:20:09,99.40,15.17,3.68
1034,2024-12-04 23:20:09,99.49,15.17,3.68
1035,2024-12-04 23:20:10,99.59,15.17,3.68
1036,2024-12-04 23:20:10,99.68,15.17,3.68
1037,2024-12-04 23:20:10,99.78,15.17,3.68
1038,2024-12-04 23:20:10,99.87,15.17,3.68
1039,2024-12-04 23:20:10,99.97,15.17,3.68
1040,2024-12-04 23:20:10,100.06,15.17,3.68
1041,2024-12-04 23:20:10,100.15,15.17,3.68
1042,2024-12-04 23:20:10,100.24,15.17,3.68
1043,2024-12-04 23:20:10,100.34,15.17,3.68
1044,2024-12-04 23:20:10,100.43,15.17,3.68
1045,2024-12-04 23:20:10,100.53,15.17,3.68
1046,2024-12-04 23:20:11,100.62,15.17,3.68
1047,2024-12-04 23:20:11,100.71,15.17,3.68
1048,2024-12-04 23:20:11,100.81,15.17,3.68
1049,2024-12-04 23:20:11,100.91,15.17,3.68
1050,2024-12-04 23:20:11,101.00,15.17,3.68
1051,2024-12-04 23:20:11,101.10,15.17,3.68
1052,2024-12-04 23:20:11,101.19,15.17,3.68
1053,2024-12-04 23:20:11,101.29,15.17,3.68
1054,2024-12-04 23:20:11,101.39,15.17,3.68
1055,2024-12-04 23:20:11,101.48,15.17,3.68
1056,2024-12-04 23:20:12,101.57,15.17,3.68
1057,2024-12-04 23:20:12,101.67,15.17,3.68
1058,2024-12-04 23:20:12,101.77,15.17,3.68
1059,2024-12-04 23:20:12,101.87,15.17,3.68
1060,2024-12-04 23:20:12,101.96,15.17,3.68
1061,2024-12-04 23:20:12,102.06,15.17,3.68
1062,2024-12-04 23:20:12,102.15,15.17,3.68
1063,2024-12-04 23:20:12,102.25,15.17,3.68
1064,2024-12-04 23:20:12,102.34,15.17,3.68
1065,2024-12-04 23:20:12,102.44,15.17,3.68
1066,2024-12-04 23:20:12,102.54,15.17,3.68
1067,2024-12-04 23:20:13,102.63,15.17,3.68
1068,2024-12-04 23:20:13,102.73,15.17,3.68
1069,2024-12-04 23:20:13,102.82,15.17,3.68
1070,2024-12-04 23:20:13,102.92,15.17,3.68
1071,2024-12-04 23:20:13,103.02,15.17,3.68
1072,2024-12-04 23:20:13,103.11,15.17,3.68
1073,2024-12-04 23:20:13,103.20,15.17,3.68
1074,2024-12-04 23:20:13,103.30,15.17,3.68
1075,2024-12-04 23:20:13,103.39,15.17,3.68
1076,2024-12-04 23:20:13,103.49,15.17,3.68
1077,2024-12-04 23:20:14,103.58,15.17,3.68
1078,2024-12-04 23:20:14,103.68,15.17,3.68
1079,2024-12-04 23:20:14,103.77,15.17,3.68
1080,2024-12-04 23:20:14,103.87,15.17,3.68
1081,2024-12-04 23:20:14,103.96,15.17,3.68
1082,2024-12-04 23:20:14,104.05,15.17,3.68
1083,2024-12-04 23:20:14,104.15,15.17,3.68
1084,2024-12-04 23:20:14,104.24,15.17,3.68
1085,2024-12-04 23:20:14,104.33,15.17,3.68
1086,2024-12-04 23:20:14,104.43,15.17,3.68
1087,2024-12-04 23:20:14,104.52,15.17,3.68
1088,2024-12-04 23:20:15,104.62,15.17,3.68
1089,2024-12-04 23:20:15,104.71,15.17,3.68
1090,2024-12-04 23:20:15,104.81,15.17,3.68
1091,2024-12-04 23:20:15,104.90,15.17,3.68
1092,2024-12-04 23:20:15,105.00,15.17,3.68
1093,2024-12-04 23:20:15,105.09,15.17,3.68
1094,2024-12-04 23:20:15,105.19,15.17,3.68
1095,2024-12-04 23:20:15,105.28,15.17,3.68
1096,2024-12-04 23:20:15,105.37,15.17,3.68
1097,2024-12-04 23:20:15,105.47,15.17,3.68
1098,2024-12-04 23:20:16,105.56,15.17,3.68
1099,2024-12-04 23:20:16,105.66,15.17,3.68
1100,2024-12-04 23:20:16,105.75,15.17,3.68
1101,2024-12-04 23:20:16,105.85,15.17,3.68
1102,2024-12-04 23:20:16,105.95,15.17,3.68
1103,2024-12-04 23:20:16,106.05,15.17,3.68
1104,2024-12-04 23:20:16,106.14,15.17,3.68
1105,2024-12-04 23:20:16,106.23,15.17,3.68
1106,2024-12-04 23:20:16,106.32,15.17,3.68
1107,2024-12-04 23:20:16,106.42,15.17,3.68
1108,2024-12-04 23:20:16,106.51,15.17,3.68
1109,2024-12-04 23:20:17,106.61,15.17,3.68
1110,2024-12-04 23:20:17,106.71,15.17,3.68
1111,2024-12-04 23:20:17,106.81,15.17,3.68
1112,2024-12-04 23:20:17,106.90,15.17,3.68
1113,2024-12-04 23:20:17,107.00,15.17,3.68
1114,2024-12-04 23:20:17,107.10,15.17,3.68
1115,2024-12-04 23:20:17,107.19,15.17,3.68
1116,2024-12-04 23:20:17,107.29,15.17,3.68
1117,2024-12-04 23:20:17,107.38,15.17,3.68
1118,2024-12-04 23:20:17,107.48,15.17,3.68
1119,2024-12-04 23:20:18,107.57,15.17,3.68
1120,2024-12-04 23:20:18,107.67,15.17,3.68
1121,2024-12-04 23:20:18,107.77,15.17,3.68
1122,2024-12-04 23:20:18,107.86,15.17,3.68
1123,2024-12-04 23:20:18,107.96,15.17,3.68
1124,2024-12-04 23:20:18,108.06,15.17,3.68
1125,2024-12-04 23:20:18,108.15,15.17,3.68
1126,2024-12-04 23:20:18,108.24,15.17,3.68
1127,2024-12-04 23:20:18,108.33,15.17,3.68
1128,2024-12-04 23:20:18,108.43,15.17,3.68
1129,2024-12-04 23:20:19,108.57,15.17,3.68
1130,2024-12-04 23:20:19,108.66,15.17,3.68
1131,2024-12-04 23:20:19,108.76,15.17,3.68
1132,2024-12-04 23:20:19,108.86,15.17,3.68
1133,2024-12-04 23:20:19,108.95,15.17,3.68
1134,2024-12-04 23:20:19,109.05,15.17,3.68
1135,2024-12-04 23:20:19,109.14,15.17,3.68
1136,2024-12-04 23:20:19,109.24,15.17,3.68
1137,2024-12-04 23:20:19,109.34,15.17,3.68
1138,2024-12-04 23:20:19,109.44,15.17,3.68
1139,2024-12-04 23:20:19,109.53,15.17,3.68
1140,2024-12-04 23:20:20,109.62,15.17,3.68
1141,2024-12-04 23:20:20,109.72,15.17,3.68
1142,2024-12-04 23:20:20,109.82,15.17,3.68
1143,2024-12-04 23:20:20,109.92,15.17,3.68
1144,2024-12-04 23:20:20,110.01,15.17,3.68
1145,2024-12-04 23:20:20,110.10,15.17,3.68
1146,2024-12-04 23:20:20,110.20,15.17,3.68
1147,2024-12-04 23:20:20,110.29,15.17,3.68
1148,2024-12-04 23:20:20,110.38,15.17,3.68
1149,2024-12-04 23:20:20,110.47,15.17,3.68
1150,2024-12-04 23:20:21,110.57,15.17,3.68
1151,2024-12-04 23:20:21,110.66,15.17,3.68
1152,2024-12-04 23:20:21,110.75,15.17,3.68
1153,2024-12-04 23:20:21,110.84,15.17,3.68
1154,2024-12-04 23:20:21,110.94,15.17,3.68
1155,2024-12-04 23:20:21,111.03,15.17,3.68
1156,2024-12-04 23:20:21,111.13,15.17,3.68
1157,2024-12-04 23:20:21,111.23,15.17,3.68
1158,2024-12-04 23:20:21,111.32,15.17,3.68
1159,2024-12-04 23:20:21,111.41,15.17,3.68
1160,2024-12-04 23:20:21,111.51,15.17,3.68
1161,2024-12-04 23:20:22,111.61,15.17,3.68
1162,2024-12-04 23:20:22,111.71,15.17,3.68
1163,2024-12-04 23:20:22,111.80,15.17,3.68
1164,2024-12-04 23:20:22,111.89,15.17,3.68
1165,2024-12-04 23:20:22,111.99,15.17,3.68
1166,2024-12-04 23:20:22,112.08,15.17,3.68
1167,2024-12-04 23:20:22,112.17,15.17,3.68
1168,2024-12-04 23:20:22,112.27,15.17,3.68
1169,2024-12-04 23:20:22,112.36,15.17,3.68
1170,2024-12-04 23:20:22,112.44,15.17,3.68
1171,2024-12-04 23:20:22,112.54,15.17,3.68
1172,2024-12-04 23:20:23,112.63,15.17,3.68
1173,2024-12-04 23:20:23,112.73,15.17,3.68
1174,2024-12-04 23:20:23,112.82,15.17,3.68
1175,2024-12-04 23:20:23,112.91,15.17,3.68
1176,2024-12-04 23:20:23,113.00,15.17,3.68
1177,2024-12-04 23:20:23,113.10,15.17,3.68
1178,2024-12-04 23:20:23,113.19,15.17,3.68
1179,2024-12-04 23:20:23,113.28,15.17,3.68
1180,2024-12-04 23:20:23,113.38,15.17,3.68
1181,2024-12-04 23:20:23,113.47,15.17,3.68
1182,2024-12-04 23:20:24,113.56,15.17,3.68
1183,2024-12-04 23:20:24,113.65,15.17,3.68
1184,2024-12-04 23:20:24,113.75,15.17,3.68
1185,2024-12-04 23:20:24,113.84,15.17,3.68
1186,2024-12-04 23:20:24,113.93,15.17,3.68
1187,2024-12-04 23:20:24,114.03,15.17,3.68
1188,2024-12-04 23:20:24,114.12,15.17,3.68
1189,2024-12-04 23:20:24,114.22,15.17,3.68
1190,2024-12-04 23:20:24,114.32,15.17,3.68
1191,2024-12-04 23:20:24,114.41,15.17,3.68
1192,2024-12-04 23:20:24,114.51,15.17,3.68
1193,2024-12-04 23:20:25,114.60,15.17,3.68
1194,2024-12-04 23:20:25,114.70,15.17,3.68
1195,2024-12-04 23:20:25,114.78,15.17,3.68
1196,2024-12-04 23:20:25,114.88,15.17,3.68
1197,2024-12-04 23:20:25,114.97,15.17,3.68
1198,2024-12-04 23:20:25,115.06,15.17,3.68
1199,2024-12-04 23:20:25,115.16,15.17,3.68
1200,2024-12-04 23:20:25,115.25,15.17,3.68
1201,2024-12-04 23:20:25,115.35,15.17,3.68
1202,2024-12-04 23:20:25,115.44,15.17,3.68
1203,2024-12-04 23:20:25,115.54,15.17,3.68
1204,2024-12-04 23:20:26,115.64,15.17,3.68
1205,2024-12-04 23:20:26,115.73,15.17,3.68
1206,2024-12-04 23:20:26,115.83,15.17,3.68
1207,2024-12-04 23:20:26,115.92,15.17,3.68
1208,2024-12-04 23:20:26,116.01,15.17,3.68
1209,2024-12-04 23:20:26,116.11,15.17,3.68
1210,2024-12-04 23:20:26,116.20,15.17,3.68
1211,2024-12-04 23:20:26,116.29,15.17,3.68
1212,2024-12-04 23:20:26,116.39,15.17,3.68
1213,2024-12-04 23:20:26,116.48,15.17,3.68
1214,2024-12-04 23:20:27,116.58,15.17,3.68
1215,2024-12-04 23:20:27,116.67,15.17,3.68
1216,2024-12-04 23:20:27,116.76,15.17,3.68
1217,2024-12-04 23:20:27,116.86,15.17,3.68
1218,2024-12-04 23:20:27,116.96,15.17,3.68
1219,2024-12-04 23:20:27,117.05,15.17,3.68
1220,2024-12-04 23:20:27,117.15,15.17,3.68
1221,2024-12-04 23:20:27,117.24,15.17,3.68
1222,2024-12-04 23:20:27,117.33,15.17,3.68
1223,2024-12-04 23:20:27,117.43,15.17,3.68
1224,2024-12-04 23:20:27,117.53,15.17,3.68
1225,2024-12-04 23:20:28,117.62,15.17,3.68
1226,2024-12-04 23:20:28,117.72,15.17,3.68
1227,2024-12-04 23:20:28,117.82,15.17,3.68
1228,2024-12-04 23:20:28,117.91,15.17,3.68
1229,2024-12-04 23:20:28,118.00,15.17,3.68
1230,2024-12-04 23:20:28,118.09,15.17,3.68
1231,2024-12-04 23:20:28,118.19,15.17,3.68
1232,2024-12-04 23:20:28,118.29,15.17,3.68
1233,2024-12-04 23:20:28,118.38,15.17,3.68
1234,2024-12-04 23:20:28,118.47,15.17,3.68
1235,2024-12-04 23:20:29,118.57,15.17,3.68
1236,2024-12-04 23:20:29,118.66,15.17,3.68
1237,2024-12-04 23:20:29,118.76,15.17,3.68
1238,2024-12-04 23:20:29,118.85,15.17,3.68
1239,2024-12-04 23:20:29,118.95,15.17,3.68
1240,2024-12-04 23:20:29,119.04,15.17,3.68
1241,2024-12-04 23:20:29,119.14,15.17,3.68
1242,2024-12-04 23:20:29,119.24,15.17,3.68
1243,2024-12-04 23:20:29,119.33,15.17,3.68
1244,2024-12-04 23:20:29,119.43,15.17,3.68
1245,2024-12-04 23:20:29,119.53,15.17,3.68
1246,2024-12-04 23:20:30,119.62,15.17,3.68
1247,2024-12-04 23:20:30,119.72,15.17,3.68
1248,2024-12-04 23:20:30,119.82,15.17,3.68
1249,2024-12-04 23:20:30,119.92,15.17,3.68
1250,2024-12-04 23:20:30,120.01,15.17,3.68
1251,2024-12-04 23:20:30,120.10,15.17,3.68
1252,2024-12-04 23:20:30,120.20,15.17,3.68
1253,2024-12-04 23:20:30,120.29,15.17,3.68
1254,2024-12-04 23:20:30,120.39,15.17,3.68
1255,2024-12-04 23:20:30,120.50,15.17,3.68
1256,2024-12-04 23:20:31,120.60,15.17,3.68
1257,2024-12-04 23:20:31,120.69,15.17,3.68
1258,2024-12-04 23:20:31,120.78,15.17,3.68
1259,2024-12-04 23:20:31,120.88,15.17,3.68
1260,2024-12-04 23:20:31,120.98,15.17,3.68
1261,2024-12-04 23:20:31,121.07,15.17,3.68
1262,2024-12-04 23:20:31,121.16,15.17,3.68
1263,2024-12-04 23:20:31,121.25,15.17,3.68
1264,2024-12-04 23:20:31,121.35,15.17,3.68
1265,2024-12-04 23:20:31,121.44,15.17,3.68
1266,2024-12-04 23:20:31,121.53,15.17,3.68
1267,2024-12-04 23:20:32,121.63,15.17,3.68
1268,2024-12-04 23:20:32,121.73,15.17,3.68
1269,2024-12-04 23:20:32,121.83,15.17,3.68
1270,2024-12-04 23:20:32,121.92,15.17,3.68
1271,2024-12-04 23:20:32,122.02,15.17,3.68
1272,2024-12-04 23:20:32,122.11,15.17,3.68
1273,2024-12-04 23:20:32,122.21,15.17,3.68
1274,2024-12-04 23:20:32,122.30,15.17,3.68
1275,2024-12-04 23:20:32,122.40,15.17,3.68
1276,2024-12-04 23:20:32,122.50,15.17,3.68
1277,2024-12-04 23:20:33,122.59,15.17,3.68
1278,2024-12-04 23:20:33,122.69,15.17,3.68
1279,2024-12-04 23:20:33,122.78,15.17,3.68
1280,2024-12-04 23:20:33,122.87,15.17,3.68
1281,2024-12-04 23:20:33,122.97,15.17,3.68
1282,2024-12-04 23:20:33,123.06,15.17,3.68
1283,2024-12-04 23:20:33,123.16,15.17,3.68
1284,2024-12-04 23:20:33,123.25,15.17,3.68
1285,2024-12-04 23:20:33,123.35,15.17,3.68
1286,2024-12-04 23:20:33,123.45,15.17,3.68
1287,2024-12-04 23:20:33,123.54,15.17,3.68
1288,2024-12-04 23:20:34,123.64,15.17,3.68
1289,2024-12-04 23:20:34,123.73,15.17,3.68
1290,2024-12-04 23:20:34,123.83,15.17,3.68
1291,2024-12-04 23:20:34,123.92,15.17,3.68
1292,2024-12-04 23:20:34,124.02,15.17,3.68
1293,2024-12-04 23:20:34,124.12,15.17,3.68
1294,2024-12-04 23:20:34,124.21,15.17,3.68
1295,2024-12-04 23:20:34,124.30,15.17,3.68
1296,2024-12-04 23:20:34,124.40,15.17,3.68
1297,2024-12-04 23:20:34,124.49,15.17,3.68
1298,2024-12-04 23:20:35,124.58,15.17,3.68
1299,2024-12-04 23:20:35,124.67,15.17,3.68
1300,2024-12-04 23:20:35,124.77,15.17,3.68
1301,2024-12-04 23:20:35,124.87,15.17,3.68
1302,2024-12-04 23:20:35,124.96,15.17,3.68
1303,2024-12-04 23:20:35,125.06,15.17,3.68
1304,2024-12-04 23:20:35,125.16,15.17,3.68
1305,2024-12-04 23:20:35,125.25,15.17,3.68
1306,2024-12-04 23:20:35,125.35,15.17,3.68
1307,2024-12-04 23:20:35,125.44,15.17,3.68
1308,2024-12-04 23:20:35,125.54,15.17,3.68
1309,2024-12-04 23:20:36,125.63,15.17,3.68
1310,2024-12-04 23:20:36,125.72,15.17,3.68
1311,2024-12-04 23:20:36,125.82,15.17,3.68
1312,2024-12-04 23:20:36,125.91,15.17,3.68
1313,2024-12-04 23:20:36,126.01,15.17,3.68
1314,2024-12-04 23:20:36,126.11,15.17,3.68
1315,2024-12-04 23:20:36,126.20,15.17,3.68
1316,2024-12-04 23:20:36,126.30,15.17,3.68
1317,2024-12-04 23:20:36,126.39,15.17,3.68
1318,2024-12-04 23:20:36,126.48,15.17,3.68
1319,2024-12-04 23:20:37,126.57,15.17,3.68
1320,2024-12-04 23:20:37,126.67,15.17,3.68
1321,2024-12-04 23:20:37,126.76,15.17,3.68
1322,2024-12-04 23:20:37,126.86,15.17,3.68
1323,2024-12-04 23:20:37,126.95,15.17,3.68
1324,2024-12-04 23:20:37,127.04,15.17,3.68
1325,2024-12-04 23:20:37,127.13,15.17,3.68
1326,2024-12-04 23:20:37,127.23,15.17,3.68
1327,2024-12-04 23:20:37,127.33,15.17,3.68
1328,2024-12-04 23:20:37,127.41,15.17,3.68
1329,2024-12-04 23:20:37,127.51,15.17,3.68
1330,2024-12-04 23:20:38,127.60,15.17,3.68
1331,2024-12-04 23:20:38,127.69,15.17,3.68
1332,2024-12-04 23:20:38,127.79,15.17,3.68
1333,2024-12-04 23:20:38,127.88,15.17,3.68
1334,2024-12-04 23:20:38,127.98,15.17,3.68
1335,2024-12-04 23:20:38,128.08,15.17,3.68
1336,2024-12-04 23:20:38,128.17,15.17,3.68
1337,2024-12-04 23:20:38,128.27,15.17,3.68
1338,2024-12-04 23:20:38,128.36,15.17,3.68
1339,2024-12-04 23:20:38,128.45,15.17,3.68
1340,2024-12-04 23:20:38,128.55,15.17,3.68
1341,2024-12-04 23:20:39,128.64,15.17,3.68
1342,2024-12-04 23:20:39,128.74,15.17,3.68
1343,2024-12-04 23:20:39,128.83,15.17,3.68
1344,2024-12-04 23:20:39,128.92,15.17,3.68
1345,2024-12-04 23:20:39,129.01,15.17,3.68
1346,2024-12-04 23:20:39,129.11,15.17,3.68
1347,2024-12-04 23:20:39,129.21,15.17,3.68
1348,2024-12-04 23:20:39,129.30,15.17,3.68
1349,2024-12-04 23:20:39,129.40,15.17,3.68
1350,2024-12-04 23:20:39,129.49,15.17,3.68
1351,2024-12-04 23:20:40,129.59,15.17,3.68
1352,2024-12-04 23:20:40,129.69,15.17,3.68
1353,2024-12-04 23:20:40,129.78,15.17,3.68
1354,2024-12-04 23:20:40,129.87,15.17,3.68
1355,2024-12-04 23:20:40,129.97,15.17,3.68
1356,2024-12-04 23:20:40,130.07,15.17,3.68
1357,2024-12-04 23:20:40,130.16,15.17,3.68
1358,2024-12-04 23:20:40,130.26,15.17,3.68
1359,2024-12-04 23:20:40,130.35,15.17,3.68
1360,2024-12-04 23:20:40,130.44,15.17,3.68
1361,2024-12-04 23:20:40,130.54,15.17,3.68
1362,2024-12-04 23:20:41,130.63,15.17,3.68
1363,2024-12-04 23:20:41,130.74,15.17,3.68
1364,2024-12-04 23:20:41,130.83,15.17,3.68
1365,2024-12-04 23:20:41,130.93,15.17,3.68
1366,2024-12-04 23:20:41,131.03,15.17,3.68
1367,2024-12-04 23:20:41,131.13,15.17,3.68
1368,2024-12-04 23:20:41,131.22,15.17,3.68
1369,2024-12-04 23:20:41,131.32,15.17,3.68
1370,2024-12-04 23:20:41,131.41,15.17,3.68
1371,2024-12-04 23:20:41,131.51,15.17,3.68
1372,2024-12-04 23:20:42,131.61,15.17,3.68
1373,2024-12-04 23:20:42,131.70,15.17,3.68
1374,2024-12-04 23:20:42,131.80,15.17,3.68
1375,2024-12-04 23:20:42,131.89,15.17,3.68
1376,2024-12-04 23:20:42,131.99,15.17,3.68
1377,2024-12-04 23:20:42,132.08,15.17,3.68
1378,2024-12-04 23:20:42,132.18,15.17,3.68
1379,2024-12-04 23:20:42,132.27,15.17,3.68
1380,2024-12-04 23:20:42,132.37,15.17,3.68
1381,2024-12-04 23:20:42,132.46,15.17,3.68
1382,2024-12-04 23:20:43,132.56,15.17,3.68
1383,2024-12-04 23:20:43,132.66,15.17,3.68
1384,2024-12-04 23:20:43,132.76,15.17,3.68
1385,2024-12-04 23:20:43,132.86,15.17,3.68
1386,2024-12-04 23:20:43,132.95,15.17,3.68
1387,2024-12-04 23:20:43,133.05,15.17,3.68
1388,2024-12-04 23:20:43,133.14,15.17,3.68
1389,2024-12-04 23:20:43,133.24,15.17,3.68
1390,2024-12-04 23:20:43,133.34,15.17,3.68
1391,2024-12-04 23:20:43,133.43,15.17,3.68
1392,2024-12-04 23:20:43,133.52,15.17,3.68
1393,2024-12-04 23:20:44,133.62,15.17,3.68
1394,2024-12-04 23:20:44,133.72,15.17,3.68
1395,2024-12-04 23:20:44,133.81,15.17,3.68
1396,2024-12-04 23:20:44,133.91,15.17,3.68
1397,2024-12-04 23:20:44,134.01,15.17,3.68
1398,2024-12-04 23:20:44,134.10,15.17,3.68
1399,2024-12-04 23:20:44,134.19,15.17,3.68
1400,2024-12-04 23:20:44,134.29,15.17,3.68
1401,2024-12-04 23:20:44,134.39,15.17,3.68
1402,2024-12-04 23:20:44,134.48,15.17,3.68
1403,2024-12-04 23:20:45,134.57,15.17,3.68
1404,2024-12-04 23:20:45,134.67,15.17,3.68
1405,2024-12-04 23:20:45,134.76,15.17,3.68
1406,2024-12-04 23:20:45,134.86,15.17,3.68
1407,2024-12-04 23:20:45,134.96,15.17,3.68
1408,2024-12-04 23:20:45,135.05,15.17,3.68
1409,2024-12-04 23:20:45,135.14,15.17,3.68
1410,2024-12-04 23:20:45,135.24,15.17,3.68
1411,2024-12-04 23:20:45,135.33,15.17,3.68
1412,2024-12-04 23:20:45,135.43,15.17,3.68
1413,2024-12-04 23:20:45,135.52,15.17,3.68
1414,2024-12-04 23:20:46,135.62,15.17,3.68
1415,2024-12-04 23:20:46,135.71,15.17,3.68
1416,2024-12-04 23:20:46,135.81,15.17,3.68
1417,2024-12-04 23:20:46,135.90,15.17,3.68
1418,2024-12-04 23:20:46,135.99,15.17,3.68
1419,2024-12-04 23:20:46,136.08,15.17,3.68
1420,2024-12-04 23:20:46,136.17,15.17,3.68
1421,2024-12-04 23:20:46,136.27,15.17,3.68
1422,2024-12-04 23:20:46,136.36,15.17,3.68
1423,2024-12-04 23:20:46,136.45,15.17,3.68
1424,2024-12-04 23:20:46,136.55,15.17,3.68
1425,2024-12-04 23:20:47,136.64,15.17,3.68
1426,2024-12-04 23:20:47,136.74,15.17,3.68
1427,2024-12-04 23:20:47,136.83,15.17,3.68
1428,2024-12-04 23:20:47,136.92,15.17,3.68
1429,2024-12-04 23:20:47,137.01,15.17,3.68
1430,2024-12-04 23:20:47,137.11,15.17,3.68
1431,2024-12-04 23:20:47,137.20,15.17,3.68
1432,2024-12-04 23:20:47,137.29,15.17,3.68
1433,2024-12-04 23:20:47,137.38,15.17,3.68
1434,2024-12-04 23:20:47,137.48,15.17,3.68
1435,2024-12-04 23:20:48,137.57,15.17,3.68
1436,2024-12-04 23:20:48,137.67,15.17,3.68
1437,2024-12-04 23:20:48,137.76,15.17,3.68
1438,2024-12-04 23:20:48,137.86,15.17,3.68
1439,2024-12-04 23:20:48,137.95,15.17,3.68
1440,2024-12-04 23:20:48,138.04,15.17,3.68
1441,2024-12-04 23:20:48,138.14,15.17,3.68
1442,2024-12-04 23:20:48,138.23,15.17,3.68
1443,2024-12-04 23:20:48,138.33,15.17,3.68
1444,2024-12-04 23:20:48,138.42,15.17,3.68
1445,2024-12-04 23:20:48,138.51,15.17,3.68
1446,2024-12-04 23:20:49,138.61,15.17,3.68
1447,2024-12-04 23:20:49,138.70,15.17,3.68
1448,2024-12-04 23:20:49,138.80,15.17,3.68
1449,2024-12-04 23:20:49,138.90,15.17,3.68
1450,2024-12-04 23:20:49,138.99,15.17,3.68
1451,2024-12-04 23:20:49,139.08,15.17,3.68
1452,2024-12-04 23:20:49,139.17,15.17,3.68
1453,2024-12-04 23:20:49,139.26,15.17,3.68
1454,2024-12-04 23:20:49,139.36,15.17,3.68
1455,2024-12-04 23:20:49,139.46,15.17,3.68
1456,2024-12-04 23:20:49,139.55,15.17,3.68
1457,2024-12-04 23:20:50,139.64,15.17,3.68
1458,2024-12-04 23:20:50,139.73,15.17,3.68
1459,2024-12-04 23:20:50,139.82,15.17,3.68
1460,2024-12-04 23:20:50,139.92,15.17,3.68
1461,2024-12-04 23:20:50,140.01,15.17,3.68
1462,2024-12-04 23:20:50,140.11,15.17,3.68
1463,2024-12-04 23:20:50,140.21,15.17,3.68
1464,2024-12-04 23:20:50,140.30,15.17,3.68
1465,2024-12-04 23:20:50,140.40,15.17,3.68
1466,2024-12-04 23:20:50,140.49,15.17,3.68
1467,2024-12-04 23:20:51,140.59,15.17,3.68
1468,2024-12-04 23:20:51,140.68,15.17,3.68
1469,2024-12-04 23:20:51,140.78,15.17,3.68
1470,2024-12-04 23:20:51,140.88,15.17,3.68
1471,2024-12-04 23:20:51,140.97,15.17,3.68
1472,2024-12-04 23:20:51,141.06,15.17,3.68
1473,2024-12-04 23:20:51,141.15,15.17,3.68
1474,2024-12-04 23:20:51,141.25,15.17,3.68
1475,2024-12-04 23:20:51,141.34,15.17,3.68
1476,2024-12-04 23:20:51,141.44,15.17,3.68
1477,2024-12-04 23:20:51,141.53,15.17,3.68
1478,2024-12-04 23:20:52,141.63,15.17,3.68
1479,2024-12-04 23:20:52,141.73,15.17,3.68
1480,2024-12-04 23:20:52,141.82,15.17,3.68
1481,2024-12-04 23:20:52,141.92,15.17,3.68
1482,2024-12-04 23:20:52,142.01,15.17,3.68
1483,2024-12-04 23:20:52,142.11,15.17,3.68
1484,2024-12-04 23:20:52,142.21,15.17,3.68
1485,2024-12-04 23:20:52,142.30,15.17,3.68
1486,2024-12-04 23:20:52,142.40,15.17,3.68
1487,2024-12-04 23:20:52,142.49,15.17,3.68
1488,2024-12-04 23:20:53,142.59,15.17,3.68
1489,2024-12-04 23:20:53,142.69,15.17,3.68
1490,2024-12-04 23:20:53,142.78,15.17,3.68
1491,2024-12-04 23:20:53,142.88,15.17,3.68
1492,2024-12-04 23:20:53,142.97,15.17,3.68
1493,2024-12-04 23:20:53,143.07,15.17,3.68
1494,2024-12-04 23:20:53,143.16,15.17,3.68
1495,2024-12-04 23:20:53,143.26,15.17,3.68
1496,2024-12-04 23:20:53,143.36,15.17,3.68
1497,2024-12-04 23:20:53,143.45,15.17,3.68
1498,2024-12-04 23:20:53,143.54,15.17,3.68
1499,2024-12-04 23:20:54,143.64,15.17,3.68
1500,2024-12-04 23:20:54,143.75,15.17,3.68
1501,2024-12-04 23:20:54,143.85,15.17,3.68
1502,2024-12-04 23:20:54,143.96,15.17,3.68
1503,2024-12-04 23:20:54,144.05,15.17,3.68
1504,2024-12-04 23:20:54,144.15,15.17,3.68
1505,2024-12-04 23:20:54,144.25,15.17,3.68
1506,2024-12-04 23:20:54,144.35,15.17,3.68
1507,2024-12-04 23:20:54,144.44,15.17,3.68
1508,2024-12-04 23:20:54,144.53,15.17,3.68
1509,2024-12-04 23:20:55,144.63,15.17,3.68
1510,2024-12-04 23:20:55,144.73,15.17,3.68
1511,2024-12-04 23:20:55,144.83,15.17,3.68
1512,2024-12-04 23:20:55,144.91,15.17,3.68
1513,2024-12-04 23:20:55,145.00,15.17,3.68
1514,2024-12-04 23:20:55,145.10,15.17,3.68
1515,2024-12-04 23:20:55,145.20,15.17,3.68
1516,2024-12-04 23:20:55,145.29,15.17,3.68
1517,2024-12-04 23:20:55,145.38,15.17,3.68
1518,2024-12-04 23:20:55,145.48,15.17,3.68
1519,2024-12-04 23:20:56,145.58,15.17,3.68
1520,2024-12-04 23:20:56,145.67,15.17,3.68
1521,2024-12-04 23:20:56,145.77,15.17,3.68
1522,2024-12-04 23:20:56,145.86,15.17,3.68
1523,2024-12-04 23:20:56,145.95,15.17,3.68
1524,2024-12-04 23:20:56,146.05,15.17,3.68
1525,2024-12-04 23:20:56,146.15,15.17,3.68
1526,2024-12-04 23:20:56,146.24,15.17,3.68
1527,2024-12-04 23:20:56,146.33,15.17,3.68
1528,2024-12-04 23:20:56,146.43,15.17,3.68
1529,2024-12-04 23:20:56,146.53,15.17,3.68
1530,2024-12-04 23:20:57,146.62,15.17,3.68
1531,2024-12-04 23:20:57,146.72,15.17,3.68
1532,2024-12-04 23:20:57,146.82,15.17,3.68
1533,2024-12-04 23:20:57,146.92,15.17,3.68
1534,2024-12-04 23:20:57,147.01,15.17,3.68
1535,2024-12-04 23:20:57,147.11,15.17,3.68
1536,2024-12-04 23:20:57,147.20,15.17,3.68
1537,2024-12-04 23:20:57,147.30,15.17,3.68
1538,2024-12-04 23:20:57,147.40,15.17,3.68
1539,2024-12-04 23:20:57,147.49,15.17,3.68
1540,2024-12-04 23:20:58,147.59,15.17,3.68
1541,2024-12-04 23:20:58,147.68,15.17,3.68
1542,2024-12-04 23:20:58,147.78,15.17,3.68
1543,2024-12-04 23:20:58,147.87,15.17,3.68
1544,2024-12-04 23:20:58,147.97,15.17,3.68
1545,2024-12-04 23:20:58,148.06,15.17,3.68
1546,2024-12-04 23:20:58,148.16,15.17,3.68
1547,2024-12-04 23:20:58,148.25,15.17,3.68
1548,2024-12-04 23:20:58,148.35,15.17,3.68
1549,2024-12-04 23:20:58,148.44,15.17,3.68
1550,2024-12-04 23:20:58,148.54,15.17,3.68
1551,2024-12-04 23:20:59,148.64,15.17,3.68
1552,2024-12-04 23:20:59,148.73,15.17,3.68
1553,2024-12-04 23:20:59,148.82,15.17,3.68
1554,2024-12-04 23:20:59,148.92,15.17,3.68
1555,2024-12-04 23:20:59,149.00,15.17,3.68
1556,2024-12-04 23:20:59,149.10,15.17,3.68
1557,2024-12-04 23:20:59,149.19,15.17,3.68
1558,2024-12-04 23:20:59,149.29,15.17,3.68
1559,2024-12-04 23:20:59,149.39,15.17,3.68
1560,2024-12-04 23:20:59,149.48,15.17,3.68
1561,2024-12-04 23:21:00,149.58,15.17,3.68
1562,2024-12-04 23:21:00,149.67,15.17,3.68
1563,2024-12-04 23:21:00,149.77,15.17,3.68
1564,2024-12-04 23:21:00,149.86,15.17,3.68
1565,2024-12-04 23:21:00,149.96,15.17,3.68
1566,2024-12-04 23:21:00,150.05,15.17,3.68
1567,2024-12-04 23:21:00,150.15,15.17,3.68
1568,2024-12-04 23:21:00,150.24,15.17,3.68
1569,2024-12-04 23:21:00,150.33,15.17,3.68
1570,2024-12-04 23:21:00,150.43,15.17,3.68
1571,2024-12-04 23:21:00,150.52,15.17,3.68
1572,2024-12-04 23:21:01,150.62,15.17,3.68
1573,2024-12-04 23:21:01,150.71,15.17,3.68
1574,2024-12-04 23:21:01,150.81,15.17,3.68
1575,2024-12-04 23:21:01,150.90,15.17,3.68
1576,2024-12-04 23:21:01,151.00,15.17,3.68
1577,2024-12-04 23:21:01,151.09,15.17,3.68
1578,2024-12-04 23:21:01,151.19,15.17,3.68
1579,2024-12-04 23:21:01,151.29,15.17,3.68
1580,2024-12-04 23:21:01,151.38,15.17,3.68
1581,2024-12-04 23:21:01,151.48,15.17,3.68
1582,2024-12-04 23:21:02,151.57,15.17,3.68
1583,2024-12-04 23:21:02,151.67,15.17,3.68
1584,2024-12-04 23:21:02,151.77,15.17,3.68
1585,2024-12-04 23:21:02,151.86,15.17,3.68
1586,2024-12-04 23:21:02,151.96,15.17,3.68
1587,2024-12-04 23:21:02,152.05,15.17,3.68
1588,2024-12-04 23:21:02,152.15,15.17,3.68
1589,2024-12-04 23:21:02,152.24,15.17,3.68
1590,2024-12-04 23:21:02,152.34,15.17,3.68
1591,2024-12-04 23:21:02,152.43,15.17,3.68
1592,2024-12-04 23:21:02,152.52,15.17,3.68
1593,2024-12-04 23:21:03,152.62,15.17,3.68
1594,2024-12-04 23:21:03,152.72,15.17,3.68
1595,2024-12-04 23:21:03,152.81,15.17,3.68
1596,2024-12-04 23:21:03,152.91,15.17,3.68
1597,2024-12-04 23:21:03,153.01,15.17,3.68
1598,2024-12-04 23:21:03,153.10,15.17,3.68
1599,2024-12-04 23:21:03,153.19,15.17,3.68
1600,2024-12-04 23:21:03,153.29,15.17,3.68
1601,2024-12-04 23:21:03,153.38,15.17,3.68
1602,2024-12-04 23:21:03,153.47,15.17,3.68
1603,2024-12-04 23:21:04,153.56,15.17,3.68
1604,2024-12-04 23:21:04,153.65,15.17,3.68
1605,2024-12-04 23:21:04,153.74,15.17,3.68
1606,2024-12-04 23:21:04,153.84,15.17,3.68
1607,2024-12-04 23:21:04,153.94,15.17,3.68
1608,2024-12-04 23:21:04,154.03,15.17,3.68
1609,2024-12-04 23:21:04,154.13,15.17,3.68
1610,2024-12-04 23:21:04,154.22,15.17,3.68
1611,2024-12-04 23:21:04,154.31,15.17,3.68
1612,2024-12-04 23:21:04,154.41,15.17,3.68
1613,2024-12-04 23:21:04,154.51,15.17,3.68
1614,2024-12-04 23:21:05,154.60,15.17,3.68
1615,2024-12-04 23:21:05,154.70,15.17,3.68
1616,2024-12-04 23:21:05,154.79,15.17,3.68
1617,2024-12-04 23:21:05,154.89,15.17,3.68
1618,2024-12-04 23:21:05,154.98,15.17,3.68
1619,2024-12-04 23:21:05,155.08,15.17,3.68
1620,2024-12-04 23:21:05,155.18,15.17,3.68
1621,2024-12-04 23:21:05,155.28,15.17,3.68
1622,2024-12-04 23:21:05,155.37,15.17,3.68
1623,2024-12-04 23:21:05,155.47,15.17,3.68
1624,2024-12-04 23:21:06,155.57,15.17,3.68
1625,2024-12-04 23:21:06,155.66,15.17,3.68
1626,2024-12-04 23:21:06,155.76,15.17,3.68
1627,2024-12-04 23:21:06,155.85,15.17,3.68
1628,2024-12-04 23:21:06,155.95,15.17,3.68
1629,2024-12-04 23:21:06,156.05,15.17,3.68
1630,2024-12-04 23:21:06,156.15,15.17,3.68
1631,2024-12-04 23:21:06,156.24,15.17,3.68
1632,2024-12-04 23:21:06,156.33,15.17,3.68
1633,2024-12-04 23:21:06,156.42,15.17,3.68
1634,2024-12-04 23:21:06,156.52,15.17,3.68
1635,2024-12-04 23:21:07,156.62,15.17,3.68
1636,2024-12-04 23:21:07,156.72,15.17,3.68
1637,2024-12-04 23:21:07,156.81,15.17,3.68
1638,2024-12-04 23:21:07,156.91,15.17,3.68
1639,2024-12-04 23:21:07,157.00,15.17,3.68
1640,2024-12-04 23:21:07,157.10,15.17,3.68
1641,2024-12-04 23:21:07,157.20,15.17,3.68
1642,2024-12-04 23:21:07,157.29,15.17,3.68
1643,2024-12-04 23:21:07,157.39,15.17,3.68
1644,2024-12-04 23:21:07,157.49,15.17,3.68
1645,2024-12-04 23:21:08,157.59,15.17,3.68
1646,2024-12-04 23:21:08,157.68,15.17,3.68
1647,2024-12-04 23:21:08,157.78,15.17,3.68
1648,2024-12-04 23:21:08,157.87,15.17,3.68
1649,2024-12-04 23:21:08,157.96,15.17,3.68
1650,2024-12-04 23:21:08,158.05,15.17,3.68
1651,2024-12-04 23:21:08,158.15,15.17,3.68
1652,2024-12-04 23:21:08,158.24,15.17,3.68
1653,2024-12-04 23:21:08,158.34,15.17,3.68
1654,2024-12-04 23:21:08,158.44,15.17,3.68
1655,2024-12-04 23:21:08,158.53,15.17,3.68
1656,2024-12-04 23:21:09,158.62,15.17,3.68
1657,2024-12-04 23:21:09,158.71,15.17,3.68
1658,2024-12-04 23:21:09,158.81,15.17,3.68
1659,2024-12-04 23:21:09,158.90,15.17,3.68
1660,2024-12-04 23:21:09,159.00,15.17,3.68
1661,2024-12-04 23:21:09,159.09,15.17,3.68
1662,2024-12-04 23:21:09,159.19,15.17,3.68
1663,2024-12-04 23:21:09,159.28,15.17,3.68
1664,2024-12-04 23:21:09,159.38,15.17,3.68
1665,2024-12-04 23:21:09,159.48,15.17,3.68
1666,2024-12-04 23:21:10,159.57,15.17,3.68
1667,2024-12-04 23:21:10,159.66,15.17,3.68
1668,2024-12-04 23:21:10,159.76,15.17,3.68
1669,2024-12-04 23:21:10,159.85,15.17,3.68
1670,2024-12-04 23:21:10,159.94,15.17,3.68
1671,2024-12-04 23:21:10,160.03,15.17,3.68
1672,2024-12-04 23:21:10,160.13,15.17,3.68
1673,2024-12-04 23:21:10,160.24,15.17,3.68
1674,2024-12-04 23:21:10,160.33,15.17,3.68
1675,2024-12-04 23:21:10,160.43,15.17,3.68
1676,2024-12-04 23:21:10,160.53,15.17,3.68
1677,2024-12-04 23:21:11,160.62,15.17,3.68
1678,2024-12-04 23:21:11,160.72,15.17,3.68
1679,2024-12-04 23:21:11,160.82,15.17,3.68
1680,2024-12-04 23:21:11,160.91,15.17,3.68
1681,2024-12-04 23:21:11,161.00,15.17,3.68
1682,2024-12-04 23:21:11,161.10,15.17,3.68
1683,2024-12-04 23:21:11,161.20,15.17,3.68
1684,2024-12-04 23:21:11,161.29,15.17,3.68
1685,2024-12-04 23:21:11,161.39,15.17,3.68
1686,2024-12-04 23:21:11,161.48,15.17,3.68
1687,2024-12-04 23:21:12,161.57,15.17,3.68
1688,2024-12-04 23:21:12,161.66,15.17,3.68
1689,2024-12-04 23:21:12,161.76,15.17,3.68
1690,2024-12-04 23:21:12,161.85,15.17,3.68
1691,2024-12-04 23:21:12,161.95,15.17,3.68
1692,2024-12-04 23:21:12,162.05,15.17,3.68
1693,2024-12-04 23:21:12,162.14,15.17,3.68
1694,2024-12-04 23:21:12,162.24,15.17,3.68
1695,2024-12-04 23:21:12,162.33,15.17,3.68
1696,2024-12-04 23:21:12,162.43,15.17,3.68
1697,2024-12-04 23:21:12,162.53,15.17,3.68
1698,2024-12-04 23:21:13,162.62,15.17,3.68
1699,2024-12-04 23:21:13,162.71,15.17,3.68
1700,2024-12-04 23:21:13,162.81,15.17,3.68
1701,2024-12-04 23:21:13,162.90,15.17,3.68
1702,2024-12-04 23:21:13,163.00,15.17,3.68
1703,2024-12-04 23:21:13,163.09,15.17,3.68
1704,2024-12-04 23:21:13,163.18,15.17,3.68
1705,2024-12-04 23:21:13,163.27,15.17,3.68
1706,2024-12-04 23:21:13,163.36,15.17,3.68
1707,2024-12-04 23:21:13,163.45,15.17,3.68
1708,2024-12-04 23:21:13,163.55,15.17,3.68
1709,2024-12-04 23:21:14,163.64,15.17,3.68
1710,2024-12-04 23:21:14,163.74,15.17,3.68
1711,2024-12-04 23:21:14,163.84,15.17,3.68
1712,2024-12-04 23:21:14,163.93,15.17,3.68
1713,2024-12-04 23:21:14,164.02,15.17,3.68
1714,2024-12-04 23:21:14,164.12,15.17,3.68
1715,2024-12-04 23:21:14,164.21,15.17,3.68
1716,2024-12-04 23:21:14,164.31,15.17,3.68
1717,2024-12-04 23:21:14,164.40,15.17,3.68
1718,2024-12-04 23:21:14,164.50,15.17,3.68
1719,2024-12-04 23:21:15,164.59,15.17,3.68
1720,2024-12-04 23:21:15,164.70,15.17,3.68
1721,2024-12-04 23:21:15,164.79,15.17,3.68
1722,2024-12-04 23:21:15,164.88,15.17,3.68
1723,2024-12-04 23:21:15,164.98,15.17,3.68
1724,2024-12-04 23:21:15,165.08,15.17,3.68
1725,2024-12-04 23:21:15,165.17,15.17,3.68
1726,2024-12-04 23:21:15,165.27,15.17,3.68
1727,2024-12-04 23:21:15,165.37,15.17,3.68
1728,2024-12-04 23:21:15,165.46,15.17,3.68
1729,2024-12-04 23:21:16,165.56,15.17,3.68
1730,2024-12-04 23:21:16,165.66,15.17,3.68
1731,2024-12-04 23:21:16,165.76,15.17,3.68
1732,2024-12-04 23:21:16,165.86,15.17,3.68
1733,2024-12-04 23:21:16,165.95,15.17,3.68
1734,2024-12-04 23:21:16,166.04,15.17,3.68
1735,2024-12-04 23:21:16,166.14,15.17,3.68
1736,2024-12-04 23:21:16,166.24,15.17,3.68
1737,2024-12-04 23:21:16,166.33,15.17,3.68
1738,2024-12-04 23:21:16,166.42,15.17,3.68
1739,2024-12-04 23:21:16,166.52,15.17,3.68
1740,2024-12-04 23:21:17,166.61,15.17,3.68
1741,2024-12-04 23:21:17,166.70,15.17,3.68
1742,2024-12-04 23:21:17,166.80,15.17,3.68
1743,2024-12-04 23:21:17,166.90,15.17,3.68
1744,2024-12-04 23:21:17,166.99,15.17,3.68
1745,2024-12-04 23:21:17,167.09,15.17,3.68
1746,2024-12-04 23:21:17,167.18,15.17,3.68
1747,2024-12-04 23:21:17,167.27,15.17,3.68
1748,2024-12-04 23:21:17,167.37,15.17,3.68
1749,2024-12-04 23:21:17,167.47,15.17,3.68
1750,2024-12-04 23:21:18,167.56,15.17,3.68
1751,2024-12-04 23:21:18,167.65,15.17,3.68
1752,2024-12-04 23:21:18,167.75,15.17,3.68
1753,2024-12-04 23:21:18,167.85,15.17,3.68
1754,2024-12-04 23:21:18,167.94,15.17,3.68
1755,2024-12-04 23:21:18,168.04,15.17,3.68
1756,2024-12-04 23:21:18,168.13,15.17,3.68
1757,2024-12-04 23:21:18,168.23,15.17,3.68
1758,2024-12-04 23:21:18,168.33,15.17,3.68
1759,2024-12-04 23:21:18,168.42,15.17,3.68
1760,2024-12-04 23:21:18,168.52,15.17,3.68
1761,2024-12-04 23:21:19,168.61,15.17,3.68
1762,2024-12-04 23:21:19,168.71,15.17,3.68
1763,2024-12-04 23:21:19,168.80,15.17,3.68
1764,2024-12-04 23:21:19,168.90,15.17,3.68
1765,2024-12-04 23:21:19,169.00,15.17,3.68
1766,2024-12-04 23:21:19,169.09,15.17,3.68
1767,2024-12-04 23:21:19,169.18,15.17,3.68
1768,2024-12-04 23:21:19,169.28,15.17,3.68
1769,2024-12-04 23:21:19,169.38,15.17,3.68
1770,2024-12-04 23:21:19,169.47,15.17,3.68
1771,2024-12-04 23:21:20,169.57,15.17,3.68
1772,2024-12-04 23:21:20,169.67,15.17,3.68
1773,2024-12-04 23:21:20,169.77,15.17,3.68
1774,2024-12-04 23:21:20,169.86,15.17,3.68
1775,2024-12-04 23:21:20,170.00,15.17,3.68
1776,2024-12-04 23:21:20,170.10,15.17,3.68
1777,2024-12-04 23:21:20,170.20,15.17,3.68
1778,2024-12-04 23:21:20,170.29,15.17,3.68
1779,2024-12-04 23:21:20,170.39,15.17,3.68
1780,2024-12-04 23:21:20,170.48,15.17,3.68
1781,2024-12-04 23:21:21,170.58,15.17,3.68
1782,2024-12-04 23:21:21,170.67,15.17,3.68
1783,2024-12-04 23:21:21,170.77,15.17,3.68
1784,2024-12-04 23:21:21,170.86,15.17,3.68
1785,2024-12-04 23:21:21,170.95,15.17,3.68
1786,2024-12-04 23:21:21,171.04,15.17,3.68
1787,2024-12-04 23:21:21,171.12,15.17,3.68
1788,2024-12-04 23:21:21,171.22,15.17,3.68
1789,2024-12-04 23:21:21,171.31,15.17,3.68
1790,2024-12-04 23:21:21,171.41,15.17,3.68
1791,2024-12-04 23:21:21,171.50,15.17,3.68
1792,2024-12-04 23:21:22,171.59,15.17,3.68
1793,2024-12-04 23:21:22,171.69,15.17,3.68
1794,2024-12-04 23:21:22,171.79,15.17,3.68
1795,2024-12-04 23:21:22,171.88,15.17,3.68
1796,2024-12-04 23:21:22,171.98,15.17,3.68
1797,2024-12-04 23:21:22,172.07,15.17,3.68
1798,2024-12-04 23:21:22,172.17,15.17,3.68
1799,2024-12-04 23:21:22,172.26,15.17,3.68
1800,2024-12-04 23:21:22,172.35,15.17,3.68
1801,2024-12-04 23:21:22,172.44,15.17,3.68
1802,2024-12-04 23:21:22,172.54,15.17,3.68
1803,2024-12-04 23:21:23,172.63,15.17,3.68
1804,2024-12-04 23:21:23,172.74,15.17,3.68
1805,2024-12-04 23:21:23,172.83,15.17,3.68
1806,2024-12-04 23:21:23,172.93,15.17,3.68
1807,2024-12-04 23:21:23,173.03,15.17,3.68
1808,2024-12-04 23:21:23,173.12,15.17,3.68
1809,2024-12-04 23:21:23,173.21,15.17,3.68
1810,2024-12-04 23:21:23,173.31,15.17,3.68
1811,2024-12-04 23:21:23,173.40,15.17,3.68
1812,2024-12-04 23:21:23,173.49,15.17,3.68
1813,2024-12-04 23:21:24,173.58,15.17,3.68
1814,2024-12-04 23:21:24,173.67,15.17,3.68
1815,2024-12-04 23:21:24,173.77,15.17,3.68
1816,2024-12-04 23:21:24,173.86,15.17,3.68
1817,2024-12-04 23:21:24,173.95,15.17,3.68
1818,2024-12-04 23:21:24,174.04,15.17,3.68
1819,2024-12-04 23:21:24,174.14,15.17,3.68
1820,2024-12-04 23:21:24,174.23,15.17,3.68
1821,2024-12-04 23:21:24,174.33,15.17,3.68
1822,2024-12-04 23:21:24,174.42,15.17,3.68
1823,2024-12-04 23:21:24,174.51,15.17,3.68
1824,2024-12-04 23:21:25,174.61,15.17,3.68
1825,2024-12-04 23:21:25,174.70,15.17,3.68
1826,2024-12-04 23:21:25,174.80,15.17,3.68
1827,2024-12-04 23:21:25,174.89,15.17,3.68
1828,2024-12-04 23:21:25,174.99,15.17,3.68
1829,2024-12-04 23:21:25,175.08,15.17,3.68
1830,2024-12-04 23:21:25,175.17,15.17,3.68
1831,2024-12-04 23:21:25,175.26,15.17,3.68
1832,2024-12-04 23:21:25,175.36,15.17,3.68
1833,2024-12-04 23:21:25,175.45,15.17,3.68
1834,2024-12-04 23:21:25,175.54,15.17,3.68
1835,2024-12-04 23:21:26,175.64,15.17,3.68
1836,2024-12-04 23:21:26,175.74,15.17,3.68
1837,2024-12-04 23:21:26,175.84,15.17,3.68
1838,2024-12-04 23:21:26,175.93,15.17,3.68
1839,2024-12-04 23:21:26,176.03,15.17,3.68
1840,2024-12-04 23:21:26,176.13,15.17,3.68
1841,2024-12-04 23:21:26,176.22,15.17,3.68
1842,2024-12-04 23:21:26,176.32,15.17,3.68
1843,2024-12-04 23:21:26,176.41,15.17,3.68
1844,2024-12-04 23:21:26,176.51,15.17,3.68
1845,2024-12-04 23:21:27,176.61,15.17,3.68
1846,2024-12-04 23:21:27,176.70,15.17,3.68
1847,2024-12-04 23:21:27,176.79,15.17,3.68
1848,2024-12-04 23:21:27,176.89,15.17,3.68
1849,2024-12-04 23:21:27,176.98,15.17,3.68
1850,2024-12-04 23:21:27,177.08,15.17,3.68
1851,2024-12-04 23:21:27,177.18,15.17,3.68
1852,2024-12-04 23:21:27,177.27,15.17,3.68
1853,2024-12-04 23:21:27,177.36,15.17,3.68
1854,2024-12-04 23:21:27,177.46,15.17,3.68
1855,2024-12-04 23:21:28,177.56,15.17,3.68
1856,2024-12-04 23:21:28,177.66,15.17,3.68
1857,2024-12-04 23:21:28,177.75,15.17,3.68
1858,2024-12-04 23:21:28,177.85,15.17,3.68
1859,2024-12-04 23:21:28,177.94,15.17,3.68
1860,2024-12-04 23:21:28,178.03,15.17,3.68
1861,2024-12-04 23:21:28,178.12,15.17,3.68
1862,2024-12-04 23:21:28,178.22,15.17,3.68
1863,2024-12-04 23:21:28,178.32,15.17,3.68
1864,2024-12-04 23:21:28,178.42,15.17,3.68
1865,2024-12-04 23:21:28,178.52,15.17,3.68
1866,2024-12-04 23:21:29,178.62,15.17,3.68
1867,2024-12-04 23:21:29,178.71,15.17,3.68
1868,2024-12-04 23:21:29,178.81,15.17,3.68
1869,2024-12-04 23:21:29,178.90,15.17,3.68
1870,2024-12-04 23:21:29,178.99,15.17,3.68
1871,2024-12-04 23:21:29,179.09,15.17,3.68
1872,2024-12-04 23:21:29,179.19,15.17,3.68
1873,2024-12-04 23:21:29,179.28,15.17,3.68
1874,2024-12-04 23:21:29,179.37,15.17,3.68
1875,2024-12-04 23:21:29,179.46,15.17,3.68
1876,2024-12-04 23:21:29,179.55,15.17,3.68
1877,2024-12-04 23:21:30,179.65,15.17,3.68
1878,2024-12-04 23:21:30,179.75,15.17,3.68
1879,2024-12-04 23:21:30,179.84,15.17,3.68
1880,2024-12-04 23:21:30,179.94,15.17,3.68
1881,2024-12-04 23:21:30,180.03,15.17,3.68
1882,2024-12-04 23:21:30,180.13,15.17,3.68
1883,2024-12-04 23:21:30,180.23,15.17,3.68
1884,2024-12-04 23:21:30,180.32,15.17,3.68
1885,2024-12-04 23:21:30,180.42,15.17,3.68
1886,2024-12-04 23:21:30,180.51,15.17,3.68
1887,2024-12-04 23:21:31,180.60,15.17,3.68
1888,2024-12-04 23:21:31,180.70,15.17,3.68
1889,2024-12-04 23:21:31,180.79,15.17,3.68
1890,2024-12-04 23:21:31,180.89,15.17,3.68
1891,2024-12-04 23:21:31,180.99,15.17,3.68
1892,2024-12-04 23:21:31,181.09,15.17,3.68
1893,2024-12-04 23:21:31,181.18,15.17,3.68
1894,2024-12-04 23:21:31,181.27,15.17,3.68
1895,2024-12-04 23:21:31,181.37,15.17,3.68
1896,2024-12-04 23:21:31,181.46,15.17,3.68
1897,2024-12-04 23:21:32,181.56,15.17,3.68
1898,2024-12-04 23:21:32,181.66,15.17,3.68
1899,2024-12-04 23:21:32,181.74,15.17,3.68
1900,2024-12-04 23:21:32,181.84,15.17,3.68
1901,2024-12-04 23:21:32,181.94,15.17,3.68
1902,2024-12-04 23:21:32,182.03,15.17,3.68
1903,2024-12-04 23:21:32,182.13,15.17,3.68
1904,2024-12-04 23:21:32,182.23,15.17,3.68
1905,2024-12-04 23:21:32,182.31,15.17,3.68
1906,2024-12-04 23:21:32,182.41,15.17,3.68
1907,2024-12-04 23:21:32,182.50,15.17,3.68
1908,2024-12-04 23:21:33,182.59,15.17,3.68
1909,2024-12-04 23:21:33,182.69,15.17,3.68
1910,2024-12-04 23:21:33,182.78,15.17,3.68
1911,2024-12-04 23:21:33,182.87,15.17,3.68
1912,2024-12-04 23:21:33,182.96,15.17,3.68
1913,2024-12-04 23:21:33,183.05,15.17,3.68
1914,2024-12-04 23:21:33,183.15,15.17,3.68
1915,2024-12-04 23:21:33,183.23,15.17,3.68
1916,2024-12-04 23:21:33,183.33,15.17,3.68
1917,2024-12-04 23:21:33,183.42,15.17,3.68
1918,2024-12-04 23:21:33,183.52,15.17,3.68
1919,2024-12-04 23:21:34,183.61,15.17,3.68
1920,2024-12-04 23:21:34,183.70,15.17,3.68
1921,2024-12-04 23:21:34,183.79,15.17,3.68
1922,2024-12-04 23:21:34,183.89,15.17,3.68
1923,2024-12-04 23:21:34,183.99,15.17,3.68
1924,2024-12-04 23:21:34,184.08,15.17,3.68
1925,2024-12-04 23:21:34,184.18,15.17,3.68
1926,2024-12-04 23:21:34,184.28,15.17,3.68
1927,2024-12-04 23:21:34,184.37,15.17,3.68
1928,2024-12-04 23:21:34,184.46,15.17,3.68
1929,2024-12-04 23:21:35,184.56,15.17,3.68
1930,2024-12-04 23:21:35,184.66,15.17,3.68
1931,2024-12-04 23:21:35,184.76,15.17,3.68
1932,2024-12-04 23:21:35,184.85,15.17,3.68
1933,2024-12-04 23:21:35,184.94,15.17,3.68
1934,2024-12-04 23:21:35,185.04,15.17,3.68
1935,2024-12-04 23:21:35,185.14,15.17,3.68
1936,2024-12-04 23:21:35,185.24,15.17,3.68
1937,2024-12-04 23:21:35,185.33,15.17,3.68
1938,2024-12-04 23:21:35,185.43,15.17,3.68
1939,2024-12-04 23:21:35,185.52,15.17,3.68
1940,2024-12-04 23:21:36,185.62,15.17,3.68
1941,2024-12-04 23:21:36,185.72,15.17,3.68
1942,2024-12-04 23:21:36,185.81,15.17,3.68
1943,2024-12-04 23:21:36,185.90,15.17,3.68
1944,2024-12-04 23:21:36,186.00,15.17,3.68
1945,2024-12-04 23:21:36,186.09,15.17,3.68
1946,2024-12-04 23:21:36,186.19,15.17,3.68
1947,2024-12-04 23:21:36,186.28,15.17,3.68
1948,2024-12-04 23:21:36,186.37,15.17,3.68
1949,2024-12-04 23:21:36,186.47,15.17,3.68
1950,2024-12-04 23:21:37,186.56,15.17,3.68
1951,2024-12-04 23:21:37,186.66,15.17,3.68
1952,2024-12-04 23:21:37,186.76,15.17,3.68
1953,2024-12-04 23:21:37,186.85,15.17,3.68
1954,2024-12-04 23:21:37,186.94,15.17,3.68
1955,2024-12-04 23:21:37,187.04,15.17,3.68
1956,2024-12-04 23:21:37,187.14,15.17,3.68
1957,2024-12-04 23:21:37,187.23,15.17,3.68
1958,2024-12-04 23:21:37,187.33,15.17,3.68
1959,2024-12-04 23:21:37,187.43,15.17,3.68
1960,2024-12-04 23:21:37,187.52,15.17,3.68
1961,2024-12-04 23:21:38,187.62,15.17,3.68
1962,2024-12-04 23:21:38,187.72,15.17,3.68
1963,2024-12-04 23:21:38,187.81,15.17,3.68
1964,2024-12-04 23:21:38,187.91,15.17,3.68
1965,2024-12-04 23:21:38,188.00,15.17,3.68
1966,2024-12-04 23:21:38,188.09,15.17,3.68
1967,2024-12-04 23:21:38,188.18,15.17,3.68
1968,2024-12-04 23:21:38,188.27,15.17,3.68
1969,2024-12-04 23:21:38,188.36,15.17,3.68
1970,2024-12-04 23:21:38,188.45,15.17,3.68
1971,2024-12-04 23:21:38,188.55,15.17,3.68
1972,2024-12-04 23:21:39,188.64,15.17,3.68
1973,2024-12-04 23:21:39,188.74,15.17,3.68
1974,2024-12-04 23:21:39,188.83,15.17,3.68
1975,2024-12-04 23:21:39,188.92,15.17,3.68
1976,2024-12-04 23:21:39,189.02,15.17,3.68
1977,2024-12-04 23:21:39,189.11,15.17,3.68
1978,2024-12-04 23:21:39,189.21,15.17,3.68
1979,2024-12-04 23:21:39,189.30,15.17,3.68
1980,2024-12-04 23:21:39,189.40,15.17,3.68
1981,2024-12-04 23:21:39,189.49,15.17,3.68
1982,2024-12-04 23:21:40,189.59,15.17,3.68
1983,2024-12-04 23:21:40,189.69,15.17,3.68
1984,2024-12-04 23:21:40,189.78,15.17,3.68
1985,2024-12-04 23:21:40,189.88,15.17,3.68
1986,2024-12-04 23:21:40,189.98,15.17,3.68
1987,2024-12-04 23:21:40,190.08,15.17,3.68
1988,2024-12-04 23:21:40,190.17,15.17,3.68
1989,2024-12-04 23:21:40,190.26,15.17,3.68
1990,2024-12-04 23:21:40,190.36,15.17,3.68
1991,2024-12-04 23:21:40,190.45,15.17,3.68
1992,2024-12-04 23:21:40,190.55,15.17,3.68
1993,2024-12-04 23:21:41,190.64,15.17,3.68
1994,2024-12-04 23:21:41,190.74,15.17,3.68
1995,2024-12-04 23:21:41,190.83,15.17,3.68
1996,2024-12-04 23:21:41,190.92,15.17,3.68
1997,2024-12-04 23:21:41,191.02,15.17,3.68
1998,2024-12-04 23:21:41,191.12,15.17,3.68
1999,2024-12-04 23:21:41,191.21,15.17,3.68
2000,2024-12-04 23:21:41,191.30,15.17,3.68
2001,2024-12-04 23:21:41,191.39,15.17,3.68
2002,2024-12-04 23:21:41,191.49,15.17,3.68
2003,2024-12-04 23:21:42,191.58,15.17,3.68
2004,2024-12-04 23:21:42,191.68,15.17,3.68
2005,2024-12-04 23:21:42,191.77,15.17,3.68
2006,2024-12-04 23:21:42,191.87,15.17,3.68
2007,2024-12-04 23:21:42,191.97,15.17,3.68
2008,2024-12-04 23:21:42,192.06,15.17,3.68
2009,2024-12-04 23:21:42,192.15,15.17,3.68
2010,2024-12-04 23:21:42,192.25,15.17,3.68
2011,2024-12-04 23:21:42,192.34,15.17,3.68
2012,2024-12-04 23:21:42,192.43,15.17,3.68
2013,2024-12-04 23:21:42,192.52,15.17,3.68
2014,2024-12-04 23:21:43,192.61,15.17,3.68
2015,2024-12-04 23:21:43,192.71,15.17,3.68
2016,2024-12-04 23:21:43,192.81,15.17,3.68
2017,2024-12-04 23:21:43,192.91,15.17,3.68
2018,2024-12-04 23:21:43,193.00,15.17,3.68
2019,2024-12-04 23:21:43,193.09,15.17,3.68
2020,2024-12-04 23:21:43,193.19,15.17,3.68
2021,2024-12-04 23:21:43,193.28,15.17,3.68
2022,2024-12-04 23:21:43,193.37,15.17,3.68
2023,2024-12-04 23:21:43,193.47,15.17,3.68
2024,2024-12-04 23:21:44,193.56,15.17,3.68
2025,2024-12-04 23:21:44,193.66,15.17,3.68
2026,2024-12-04 23:21:44,193.76,15.17,3.68
2027,2024-12-04 23:21:44,193.85,15.17,3.68
2028,2024-12-04 23:21:44,193.94,15.17,3.68
2029,2024-12-04 23:21:44,194.04,15.17,3.68
2030,2024-12-04 23:21:44,194.13,15.17,3.68
2031,2024-12-04 23:21:44,194.23,15.17,3.68
2032,2024-12-04 23:21:44,194.32,15.17,3.68
2033,2024-12-04 23:21:44,194.42,15.17,3.68
2034,2024-12-04 23:21:44,194.52,15.17,3.68
2035,2024-12-04 23:21:45,194.63,15.17,3.68
2036,2024-12-04 23:21:45,194.74,15.17,3.68
2037,2024-12-04 23:21:45,194.83,15.17,3.68
2038,2024-12-04 23:21:45,194.93,15.17,3.68
2039,2024-12-04 23:21:45,195.02,15.17,3.68
2040,2024-12-04 23:21:45,195.12,15.17,3.68
2041,2024-12-04 23:21:45,195.21,15.17,3.68
2042,2024-12-04 23:21:45,195.31,15.17,3.68
2043,2024-12-04 23:21:45,195.40,15.17,3.68
2044,2024-12-04 23:21:45,195.50,15.17,3.68
2045,2024-12-04 23:21:46,195.60,15.17,3.68
2046,2024-12-04 23:21:46,195.69,15.17,3.68
2047,2024-12-04 23:21:46,195.79,15.17,3.68
2048,2024-12-04 23:21:46,195.88,15.17,3.68
2049,2024-12-04 23:21:46,195.98,15.17,3.68
2050,2024-12-04 23:21:46,196.07,15.17,3.68
2051,2024-12-04 23:21:46,196.16,15.17,3.68
2052,2024-12-04 23:21:46,196.26,15.17,3.68
2053,2024-12-04 23:21:46,196.35,15.17,3.68
2054,2024-12-04 23:21:46,196.45,15.17,3.68
2055,2024-12-04 23:21:46,196.55,15.17,3.68
2056,2024-12-04 23:21:47,196.64,15.17,3.68
2057,2024-12-04 23:21:47,196.73,15.17,3.68
2058,2024-12-04 23:21:47,196.83,15.17,3.68
2059,2024-12-04 23:21:47,196.92,15.17,3.68
2060,2024-12-04 23:21:47,197.02,15.17,3.68
2061,2024-12-04 23:21:47,197.11,15.17,3.68
2062,2024-12-04 23:21:47,197.21,15.17,3.68
2063,2024-12-04 23:21:47,197.30,15.17,3.68
2064,2024-12-04 23:21:47,197.40,15.17,3.68
2065,2024-12-04 23:21:47,197.49,15.17,3.68
2066,2024-12-04 23:21:48,197.59,15.17,3.68
2067,2024-12-04 23:21:48,197.68,15.17,3.68
2068,2024-12-04 23:21:48,197.78,15.17,3.68
2069,2024-12-04 23:21:48,197.87,15.17,3.68
2070,2024-12-04 23:21:48,197.97,15.17,3.68
2071,2024-12-04 23:21:48,198.05,15.17,3.68
2072,2024-12-04 23:21:48,198.15,15.17,3.68
2073,2024-12-04 23:21:48,198.25,15.17,3.68
2074,2024-12-04 23:21:48,198.34,15.17,3.68
2075,2024-12-04 23:21:48,198.44,15.17,3.68
2076,2024-12-04 23:21:48,198.53,15.17,3.68
2077,2024-12-04 23:21:49,198.63,15.17,3.68
2078,2024-12-04 23:21:49,198.72,15.17,3.68
2079,2024-12-04 23:21:49,198.82,15.17,3.68
2080,2024-12-04 23:21:49,198.92,15.17,3.68
2081,2024-12-04 23:21:49,199.01,15.17,3.68
2082,2024-12-04 23:21:49,199.10,15.17,3.68
2083,2024-12-04 23:21:49,199.20,15.17,3.68
2084,2024-12-04 23:21:49,199.29,15.17,3.68
2085,2024-12-04 23:21:49,199.39,15.17,3.68
2086,2024-12-04 23:21:49,199.49,15.17,3.68
2087,2024-12-04 23:21:50,199.58,15.17,3.68
2088,2024-12-04 23:21:50,199.68,15.17,3.68
2089,2024-12-04 23:21:50,199.78,15.17,3.68
2090,2024-12-04 23:21:50,199.87,15.17,3.68
2091,2024-12-04 23:21:50,199.96,15.17,3.68
2092,2024-12-04 23:21:50,200.06,15.17,3.68
2093,2024-12-04 23:21:50,200.16,15.17,3.68
2094,2024-12-04 23:21:50,200.25,15.17,3.68
2095,2024-12-04 23:21:50,200.35,15.17,3.68
2096,2024-12-04 23:21:50,200.45,15.17,3.68
2097,2024-12-04 23:21:50,200.54,15.17,3.68
2098,2024-12-04 23:21:51,200.64,15.17,3.68
2099,2024-12-04 23:21:51,200.74,15.17,3.68
2100,2024-12-04 23:21:51,200.83,15.17,3.68
2101,2024-12-04 23:21:51,200.93,15.17,3.68
2102,2024-12-04 23:21:51,201.02,15.17,3.68
2103,2024-12-04 23:21:51,201.11,15.17,3.68
2104,2024-12-04 23:21:51,201.20,15.17,3.68
2105,2024-12-04 23:21:51,201.30,15.17,3.68
2106,2024-12-04 23:21:51,201.39,15.17,3.68
2107,2024-12-04 23:21:51,201.49,15.17,3.68
2108,2024-12-04 23:21:52,201.58,15.17,3.68
2109,2024-12-04 23:21:52,201.68,15.17,3.68
2110,2024-12-04 23:21:52,201.77,15.17,3.68
2111,2024-12-04 23:21:52,201.87,15.17,3.68
2112,2024-12-04 23:21:52,201.97,15.17,3.68
2113,2024-12-04 23:21:52,202.07,15.17,3.68
2114,2024-12-04 23:21:52,202.16,15.17,3.68
2115,2024-12-04 23:21:52,202.25,15.17,3.68
2116,2024-12-04 23:21:52,202.35,15.17,3.68
2117,2024-12-04 23:21:52,202.44,15.17,3.68
2118,2024-12-04 23:21:52,202.53,15.17,3.68
2119,2024-12-04 23:21:53,202.63,15.17,3.68
2120,2024-12-04 23:21:53,202.72,15.17,3.68
2121,2024-12-04 23:21:53,202.82,15.17,3.68
2122,2024-12-04 23:21:53,202.91,15.17,3.68
2123,2024-12-04 23:21:53,203.01,15.17,3.68
2124,2024-12-04 23:21:53,203.10,15.17,3.68
2125,2024-12-04 23:21:53,203.19,15.17,3.68
2126,2024-12-04 23:21:53,203.29,15.17,3.68
2127,2024-12-04 23:21:53,203.38,15.17,3.68
2128,2024-12-04 23:21:53,203.48,15.17,3.68
2129,2024-12-04 23:21:54,203.57,15.17,3.68
2130,2024-12-04 23:21:54,203.67,15.17,3.68
2131,2024-12-04 23:21:54,203.76,15.17,3.68
2132,2024-12-04 23:21:54,203.86,15.17,3.68
2133,2024-12-04 23:21:54,203.94,15.17,3.68
2134,2024-12-04 23:21:54,204.04,15.17,3.68
2135,2024-12-04 23:21:54,204.13,15.17,3.68
2136,2024-12-04 23:21:54,204.22,15.17,3.68
2137,2024-12-04 23:21:54,204.32,15.17,3.68
2138,2024-12-04 23:21:54,204.42,15.17,3.68
2139,2024-12-04 23:21:54,204.51,15.17,3.68
2140,2024-12-04 23:21:55,204.60,15.17,3.68
2141,2024-12-04 23:21:55,204.69,15.17,3.68
2142,2024-12-04 23:21:55,204.79,15.17,3.68
2143,2024-12-04 23:21:55,204.89,15.17,3.68
2144,2024-12-04 23:21:55,204.99,15.17,3.68
2145,2024-12-04 23:21:55,205.08,15.17,3.68
2146,2024-12-04 23:21:55,205.18,15.17,3.68
2147,2024-12-04 23:21:55,205.28,15.17,3.68
2148,2024-12-04 23:21:55,205.38,15.17,3.68
2149,2024-12-04 23:21:55,205.48,15.17,3.68
2150,2024-12-04 23:21:56,205.57,15.17,3.68
2151,2024-12-04 23:21:56,205.66,15.17,3.68
2152,2024-12-04 23:21:56,205.76,15.17,3.68
2153,2024-12-04 23:21:56,205.86,15.17,3.68
2154,2024-12-04 23:21:56,205.95,15.17,3.68
2155,2024-12-04 23:21:56,206.05,15.17,3.68
2156,2024-12-04 23:21:56,206.14,15.17,3.68
2157,2024-12-04 23:21:56,206.24,15.17,3.68
2158,2024-12-04 23:21:56,206.33,15.17,3.68
2159,2024-12-04 23:21:56,206.42,15.17,3.68
2160,2024-12-04 23:21:56,206.52,15.17,3.68
2161,2024-12-04 23:21:57,206.61,15.17,3.68
2162,2024-12-04 23:21:57,206.71,15.17,3.68
2163,2024-12-04 23:21:57,206.81,15.17,3.68
2164,2024-12-04 23:21:57,206.90,15.17,3.68
2165,2024-12-04 23:21:57,207.00,15.17,3.68
2166,2024-12-04 23:21:57,207.10,15.17,3.68
2167,2024-12-04 23:21:57,207.19,15.17,3.68
2168,2024-12-04 23:21:57,207.28,15.17,3.68
2169,2024-12-04 23:21:57,207.38,15.17,3.68
2170,2024-12-04 23:21:57,207.47,15.17,3.68
2171,2024-12-04 23:21:58,207.57,15.17,3.68
2172,2024-12-04 23:21:58,207.66,15.17,3.68
2173,2024-12-04 23:21:58,207.76,15.17,3.68
2174,2024-12-04 23:21:58,207.85,15.17,3.68
2175,2024-12-04 23:21:58,207.95,15.17,3.68
2176,2024-12-04 23:21:58,208.04,15.17,3.68
2177,2024-12-04 23:21:58,208.14,15.17,3.68
2178,2024-12-04 23:21:58,208.24,15.17,3.68
2179,2024-12-04 23:21:58,208.33,15.17,3.68
2180,2024-12-04 23:21:58,208.43,15.17,3.68
2181,2024-12-04 23:21:58,208.52,15.17,3.68
2182,2024-12-04 23:21:59,208.61,15.17,3.68
2183,2024-12-04 23:21:59,208.71,15.17,3.68
2184,2024-12-04 23:21:59,208.80,15.17,3.68
2185,2024-12-04 23:21:59,208.90,15.17,3.68
2186,2024-12-04 23:21:59,208.99,15.17,3.68
2187,2024-12-04 23:21:59,209.08,15.17,3.68
2188,2024-12-04 23:21:59,209.17,15.17,3.68
2189,2024-12-04 23:21:59,209.26,15.17,3.68
2190,2024-12-04 23:21:59,209.36,15.17,3.68
2191,2024-12-04 23:21:59,209.46,15.17,3.68
2192,2024-12-04 23:21:59,209.55,15.17,3.68
2193,2024-12-04 23:22:00,209.64,15.17,3.68
2194,2024-12-04 23:22:00,209.74,15.17,3.68
2195,2024-12-04 23:22:00,209.83,15.17,3.68
2196,2024-12-04 23:22:00,209.93,15.17,3.68
2197,2024-12-04 23:22:00,210.02,15.17,3.68
2198,2024-12-04 23:22:00,210.12,15.17,3.68
2199,2024-12-04 23:22:00,210.22,15.17,3.68
2200,2024-12-04 23:22:00,210.31,15.17,3.68
2201,2024-12-04 23:22:00,210.41,15.17,3.68
2202,2024-12-04 23:22:00,210.50,15.17,3.68
2203,2024-12-04 23:22:01,210.60,15.17,3.68
2204,2024-12-04 23:22:01,210.70,15.17,3.68
2205,2024-12-04 23:22:01,210.79,15.17,3.68
2206,2024-12-04 23:22:01,210.89,15.17,3.68
2207,2024-12-04 23:22:01,210.99,15.17,3.68
2208,2024-12-04 23:22:01,211.08,15.17,3.68
2209,2024-12-04 23:22:01,211.18,15.17,3.68
2210,2024-12-04 23:22:01,211.28,15.17,3.68
2211,2024-12-04 23:22:01,211.37,15.17,3.68
2212,2024-12-04 23:22:01,211.46,15.17,3.68
2213,2024-12-04 23:22:01,211.55,15.17,3.68
2214,2024-12-04 23:22:02,211.64,15.17,3.68
2215,2024-12-04 23:22:02,211.73,15.17,3.68
2216,2024-12-04 23:22:02,211.83,15.17,3.68
2217,2024-12-04 23:22:02,211.92,15.17,3.68
2218,2024-12-04 23:22:02,212.02,15.17,3.68
2219,2024-12-04 23:22:02,212.11,15.17,3.68
2220,2024-12-04 23:22:02,212.21,15.17,3.68
2221,2024-12-04 23:22:02,212.30,15.17,3.68
2222,2024-12-04 23:22:02,212.39,15.17,3.68
2223,2024-12-04 23:22:02,212.48,15.17,3.68
2224,2024-12-04 23:22:03,212.58,15.17,3.68
2225,2024-12-04 23:22:03,212.68,15.17,3.68
2226,2024-12-04 23:22:03,212.77,15.17,3.68
2227,2024-12-04 23:22:03,212.86,15.17,3.68
2228,2024-12-04 23:22:03,212.96,15.17,3.68
2229,2024-12-04 23:22:03,213.06,15.17,3.68
2230,2024-12-04 23:22:03,213.15,15.17,3.68
2231,2024-12-04 23:22:03,213.25,15.17,3.68
2232,2024-12-04 23:22:03,213.34,15.17,3.68
2233,2024-12-04 23:22:03,213.44,15.17,3.68
2234,2024-12-04 23:22:03,213.53,15.17,3.68
2235,2024-12-04 23:22:04,213.63,15.17,3.68
2236,2024-12-04 23:22:04,213.72,15.17,3.68
2237,2024-12-04 23:22:04,213.81,15.17,3.68
2238,2024-12-04 23:22:04,213.91,15.17,3.68
2239,2024-12-04 23:22:04,214.01,15.17,3.68
2240,2024-12-04 23:22:04,214.10,15.17,3.68
2241,2024-12-04 23:22:04,214.20,15.17,3.68
2242,2024-12-04 23:22:04,214.29,15.17,3.68
2243,2024-12-04 23:22:04,214.39,15.17,3.68
2244,2024-12-04 23:22:04,214.48,15.17,3.68
2245,2024-12-04 23:22:05,214.58,15.17,3.68
2246,2024-12-04 23:22:05,214.68,15.17,3.68
2247,2024-12-04 23:22:05,214.77,15.17,3.68
2248,2024-12-04 23:22:05,214.87,15.17,3.68
2249,2024-12-04 23:22:05,214.97,15.17,3.68
2250,2024-12-04 23:22:05,215.07,15.17,3.68
2251,2024-12-04 23:22:05,215.16,15.17,3.68
2252,2024-12-04 23:22:05,215.25,15.17,3.68
2253,2024-12-04 23:22:05,215.34,15.17,3.68
2254,2024-12-04 23:22:05,215.44,15.17,3.68
2255,2024-12-04 23:22:05,215.53,15.17,3.68
2256,2024-12-04 23:22:06,215.63,15.17,3.68
2257,2024-12-04 23:22:06,215.71,15.17,3.68
2258,2024-12-04 23:22:06,215.81,15.17,3.68
2259,2024-12-04 23:22:06,215.91,15.17,3.68
2260,2024-12-04 23:22:06,216.00,15.17,3.68
2261,2024-12-04 23:22:06,216.10,15.17,3.68
2262,2024-12-04 23:22:06,216.20,15.17,3.68
2263,2024-12-04 23:22:06,216.29,15.17,3.68
2264,2024-12-04 23:22:06,216.39,15.17,3.68
2265,2024-12-04 23:22:06,216.49,15.17,3.68
2266,2024-12-04 23:22:07,216.58,15.17,3.68
2267,2024-12-04 23:22:07,216.68,15.17,3.68
2268,2024-12-04 23:22:07,216.78,15.17,3.68
2269,2024-12-04 23:22:07,216.87,15.17,3.68
2270,2024-12-04 23:22:07,216.96,15.17,3.68
2271,2024-12-04 23:22:07,217.05,15.17,3.68
2272,2024-12-04 23:22:07,217.15,15.17,3.68
2273,2024-12-04 23:22:07,217.24,15.17,3.68
2274,2024-12-04 23:22:07,217.34,15.17,3.68
2275,2024-12-04 23:22:07,217.44,15.17,3.68
2276,2024-12-04 23:22:07,217.53,15.17,3.68
2277,2024-12-04 23:22:08,217.63,15.17,3.68
2278,2024-12-04 23:22:08,217.72,15.17,3.68
2279,2024-12-04 23:22:08,217.82,15.17,3.68
2280,2024-12-04 23:22:08,217.92,15.17,3.68
2281,2024-12-04 23:22:08,218.01,15.17,3.68
2282,2024-12-04 23:22:08,218.10,15.17,3.68
2283,2024-12-04 23:22:08,218.20,15.17,3.68
2284,2024-12-04 23:22:08,218.29,15.17,3.68
2285,2024-12-04 23:22:08,218.39,15.17,3.68
2286,2024-12-04 23:22:08,218.48,15.17,3.68
2287,2024-12-04 23:22:09,218.58,15.17,3.68
2288,2024-12-04 23:22:09,218.67,15.17,3.68
2289,2024-12-04 23:22:09,218.77,15.17,3.68
2290,2024-12-04 23:22:09,218.86,15.17,3.68
2291,2024-12-04 23:22:09,218.96,15.17,3.68
2292,2024-12-04 23:22:09,219.06,15.17,3.68
2293,2024-12-04 23:22:09,219.16,15.17,3.68
2294,2024-12-04 23:22:09,219.25,15.17,3.68
2295,2024-12-04 23:22:09,219.35,15.17,3.68
2296,2024-12-04 23:22:09,219.44,15.17,3.68
2297,2024-12-04 23:22:09,219.54,15.17,3.68
2298,2024-12-04 23:22:10,219.63,15.17,3.68
2299,2024-12-04 23:22:10,219.73,15.17,3.68
2300,2024-12-04 23:22:10,219.83,15.17,3.68
2301,2024-12-04 23:22:10,219.92,15.17,3.68
2302,2024-12-04 23:22:10,220.02,15.17,3.68
2303,2024-12-04 23:22:10,220.12,15.17,3.68
2304,2024-12-04 23:22:10,220.21,15.17,3.68
2305,2024-12-04 23:22:10,220.31,15.17,3.68
2306,2024-12-04 23:22:10,220.40,15.17,3.68
2307,2024-12-04 23:22:10,220.50,15.17,3.68
2308,2024-12-04 23:22:11,220.59,15.17,3.68
2309,2024-12-04 23:22:11,220.69,15.17,3.68
2310,2024-12-04 23:22:11,220.78,15.17,3.68
2311,2024-12-04 23:22:11,220.88,15.17,3.68
2312,2024-12-04 23:22:11,220.97,15.17,3.68
2313,2024-12-04 23:22:11,221.07,15.17,3.68
2314,2024-12-04 23:22:11,221.16,15.17,3.68
2315,2024-12-04 23:22:11,221.26,15.17,3.68
2316,2024-12-04 23:22:11,221.36,15.17,3.68
2317,2024-12-04 23:22:11,221.45,15.17,3.68
2318,2024-12-04 23:22:11,221.54,15.17,3.68
2319,2024-12-04 23:22:12,221.63,15.17,3.68
2320,2024-12-04 23:22:12,221.73,15.17,3.68
2321,2024-12-04 23:22:12,221.83,15.17,3.68
2322,2024-12-04 23:22:12,221.92,15.17,3.68
2323,2024-12-04 23:22:12,222.02,15.17,3.68
2324,2024-12-04 23:22:12,222.12,15.17,3.68
2325,2024-12-04 23:22:12,222.21,15.17,3.68
2326,2024-12-04 23:22:12,222.31,15.17,3.68
2327,2024-12-04 23:22:12,222.41,15.17,3.68
2328,2024-12-04 23:22:12,222.50,15.17,3.68
2329,2024-12-04 23:22:13,222.60,15.17,3.68
2330,2024-12-04 23:22:13,222.69,15.17,3.68
2331,2024-12-04 23:22:13,222.79,15.17,3.68
2332,2024-12-04 23:22:13,222.89,15.17,3.68
2333,2024-12-04 23:22:13,222.98,15.17,3.68
2334,2024-12-04 23:22:13,223.07,15.17,3.68
2335,2024-12-04 23:22:13,223.17,15.17,3.68
2336,2024-12-04 23:22:13,223.26,15.17,3.68
2337,2024-12-04 23:22:13,223.35,15.17,3.68
2338,2024-12-04 23:22:13,223.45,15.17,3.68
2339,2024-12-04 23:22:13,223.54,15.17,3.68
2340,2024-12-04 23:22:14,223.64,15.17,3.68
2341,2024-12-04 23:22:14,223.73,15.17,3.68
2342,2024-12-04 23:22:14,223.82,15.17,3.68
2343,2024-12-04 23:22:14,223.91,15.17,3.68
2344,2024-12-04 23:22:14,224.01,15.17,3.68
2345,2024-12-04 23:22:14,224.10,15.17,3.68
2346,2024-12-04 23:22:14,224.20,15.17,3.68
2347,2024-12-04 23:22:14,224.29,15.17,3.68
2348,2024-12-04 23:22:14,224.38,15.17,3.68
2349,2024-12-04 23:22:14,224.48,15.17,3.68
2350,2024-12-04 23:22:15,224.58,15.17,3.68
2351,2024-12-04 23:22:15,224.67,15.17,3.68
2352,2024-12-04 23:22:15,224.76,15.17,3.68
2353,2024-12-04 23:22:15,224.86,15.17,3.68
2354,2024-12-04 23:22:15,224.95,15.17,3.68
2355,2024-12-04 23:22:15,225.05,15.17,3.68
2356,2024-12-04 23:22:15,225.14,15.17,3.68
2357,2024-12-04 23:22:15,225.24,15.17,3.68
2358,2024-12-04 23:22:15,225.34,15.17,3.68
2359,2024-12-04 23:22:15,225.43,15.17,3.68
2360,2024-12-04 23:22:15,225.53,15.17,3.68
2361,2024-12-04 23:22:16,225.62,15.17,3.68
2362,2024-12-04 23:22:16,225.72,15.17,3.68
2363,2024-12-04 23:22:16,225.82,15.17,3.68
2364,2024-12-04 23:22:16,225.91,15.17,3.68
2365,2024-12-04 23:22:16,226.00,15.17,3.68
2366,2024-12-04 23:22:16,226.10,15.17,3.68
2367,2024-12-04 23:22:16,226.19,15.17,3.68
2368,2024-12-04 23:22:16,226.29,15.17,3.68
2369,2024-12-04 23:22:16,226.38,15.17,3.68
2370,2024-12-04 23:22:16,226.47,15.17,3.68
2371,2024-12-04 23:22:17,226.57,15.17,3.68
2372,2024-12-04 23:22:17,226.66,15.17,3.68
2373,2024-12-04 23:22:17,226.75,15.17,3.68
2374,2024-12-04 23:22:17,226.84,15.17,3.68
2375,2024-12-04 23:22:17,226.95,15.17,3.68
2376,2024-12-04 23:22:17,227.04,15.17,3.68
2377,2024-12-04 23:22:17,227.13,15.17,3.68
2378,2024-12-04 23:22:17,227.22,15.17,3.68
2379,2024-12-04 23:22:17,227.32,15.17,3.68
2380,2024-12-04 23:22:17,227.42,15.17,3.68
2381,2024-12-04 23:22:17,227.51,15.17,3.68
2382,2024-12-04 23:22:18,227.60,15.17,3.68
2383,2024-12-04 23:22:18,227.70,15.17,3.68
2384,2024-12-04 23:22:18,227.80,15.17,3.68
2385,2024-12-04 23:22:18,227.89,15.17,3.68
2386,2024-12-04 23:22:18,227.98,15.17,3.68
2387,2024-12-04 23:22:18,228.07,15.17,3.68
2388,2024-12-04 23:22:18,228.16,15.17,3.68
2389,2024-12-04 23:22:18,228.26,15.17,3.68
2390,2024-12-04 23:22:18,228.36,15.17,3.68
2391,2024-12-04 23:22:18,228.45,15.17,3.68
2392,2024-12-04 23:22:18,228.55,15.17,3.68
2393,2024-12-04 23:22:19,228.64,15.17,3.68
2394,2024-12-04 23:22:19,228.73,15.17,3.68
2395,2024-12-04 23:22:19,228.82,15.17,3.68
2396,2024-12-04 23:22:19,228.92,15.17,3.68
2397,2024-12-04 23:22:19,229.01,15.17,3.68
2398,2024-12-04 23:22:19,229.11,15.17,3.68
2399,2024-12-04 23:22:19,229.20,15.17,3.68
2400,2024-12-04 23:22:19,229.29,15.17,3.68
2401,2024-12-04 23:22:19,229.39,15.17,3.68
2402,2024-12-04 23:22:19,229.48,15.17,3.68
2403,2024-12-04 23:22:20,229.57,15.17,3.68
2404,2024-12-04 23:22:20,229.67,15.17,3.68
2405,2024-12-04 23:22:20,229.76,15.17,3.68
2406,2024-12-04 23:22:20,229.86,15.17,3.68
2407,2024-12-04 23:22:20,229.95,15.17,3.68
2408,2024-12-04 23:22:20,230.05,15.17,3.68
2409,2024-12-04 23:22:20,230.14,15.17,3.68
2410,2024-12-04 23:22:20,230.24,15.17,3.68
2411,2024-12-04 23:22:20,230.34,15.17,3.68
2412,2024-12-04 23:22:20,230.43,15.17,3.68
2413,2024-12-04 23:22:20,230.54,15.17,3.68
2414,2024-12-04 23:22:21,230.64,15.17,3.68
2415,2024-12-04 23:22:21,230.73,15.17,3.68
2416,2024-12-04 23:22:21,230.83,15.17,3.68
2417,2024-12-04 23:22:21,230.92,15.17,3.68
2418,2024-12-04 23:22:21,231.01,15.17,3.68
2419,2024-12-04 23:22:21,231.11,15.17,3.68
2420,2024-12-04 23:22:21,231.20,15.17,3.68
2421,2024-12-04 23:22:21,231.29,15.17,3.68
2422,2024-12-04 23:22:21,231.43,15.17,3.68
2423,2024-12-04 23:22:21,231.52,15.17,3.68
2424,2024-12-04 23:22:22,231.62,15.17,3.68
2425,2024-12-04 23:22:22,231.71,15.17,3.68
2426,2024-12-04 23:22:22,231.81,15.17,3.68
2427,2024-12-04 23:22:22,231.91,15.17,3.68
2428,2024-12-04 23:22:22,232.01,15.17,3.68
2429,2024-12-04 23:22:22,232.11,15.17,3.68
2430,2024-12-04 23:22:22,232.21,15.17,3.68
2431,2024-12-04 23:22:22,232.30,15.17,3.68
2432,2024-12-04 23:22:22,232.40,15.17,3.68
2433,2024-12-04 23:22:22,232.49,15.17,3.68
2434,2024-12-04 23:22:23,232.59,15.17,3.68
2435,2024-12-04 23:22:23,232.69,15.17,3.68
2436,2024-12-04 23:22:23,232.78,15.17,3.68
2437,2024-12-04 23:22:23,232.87,15.17,3.68
2438,2024-12-04 23:22:23,232.96,15.17,3.68
2439,2024-12-04 23:22:23,233.05,15.17,3.68
2440,2024-12-04 23:22:23,233.15,15.17,3.68
2441,2024-12-04 23:22:23,233.24,15.17,3.68
2442,2024-12-04 23:22:23,233.34,15.17,3.68
2443,2024-12-04 23:22:23,233.43,15.17,3.68
2444,2024-12-04 23:22:23,233.52,15.17,3.68
2445,2024-12-04 23:22:24,233.61,15.17,3.68
2446,2024-12-04 23:22:24,233.71,15.17,3.68
2447,2024-12-04 23:22:24,233.80,15.17,3.68
2448,2024-12-04 23:22:24,233.89,15.17,3.68
2449,2024-12-04 23:22:24,233.99,15.17,3.68
2450,2024-12-04 23:22:24,234.09,15.17,3.68
2451,2024-12-04 23:22:24,234.19,15.17,3.68
2452,2024-12-04 23:22:24,234.28,15.17,3.68
2453,2024-12-04 23:22:24,234.38,15.17,3.68
2454,2024-12-04 23:22:24,234.48,15.17,3.68
2455,2024-12-04 23:22:25,234.56,15.17,3.68
2456,2024-12-04 23:22:25,234.66,15.17,3.68
2457,2024-12-04 23:22:25,234.75,15.17,3.68
2458,2024-12-04 23:22:25,234.84,15.17,3.68
2459,2024-12-04 23:22:25,234.94,15.17,3.68
2460,2024-12-04 23:22:25,235.03,15.17,3.68
2461,2024-12-04 23:22:25,235.13,15.17,3.68
2462,2024-12-04 23:22:25,235.22,15.17,3.68
2463,2024-12-04 23:22:25,235.32,15.17,3.68
2464,2024-12-04 23:22:25,235.42,15.17,3.68
2465,2024-12-04 23:22:25,235.51,15.17,3.68
2466,2024-12-04 23:22:26,235.61,15.17,3.68
2467,2024-12-04 23:22:26,235.70,15.17,3.68
2468,2024-12-04 23:22:26,235.79,15.17,3.68
2469,2024-12-04 23:22:26,235.89,15.17,3.68
2470,2024-12-04 23:22:26,235.99,15.17,3.68
2471,2024-12-04 23:22:26,236.08,15.17,3.68
2472,2024-12-04 23:22:26,236.18,15.17,3.68
2473,2024-12-04 23:22:26,236.28,15.17,3.68
2474,2024-12-04 23:22:26,236.38,15.17,3.68
2475,2024-12-04 23:22:26,236.47,15.17,3.68
2476,2024-12-04 23:22:27,236.57,15.17,3.68
2477,2024-12-04 23:22:27,236.67,15.17,3.68
2478,2024-12-04 23:22:27,236.77,15.17,3.68
2479,2024-12-04 23:22:27,236.87,15.17,3.68
2480,2024-12-04 23:22:27,236.96,15.17,3.68
2481,2024-12-04 23:22:27,237.05,15.17,3.68
2482,2024-12-04 23:22:27,237.15,15.17,3.68
2483,2024-12-04 23:22:27,237.24,15.17,3.68
2484,2024-12-04 23:22:27,237.34,15.17,3.68
2485,2024-12-04 23:22:27,237.43,15.17,3.68
2486,2024-12-04 23:22:27,237.53,15.17,3.68
2487,2024-12-04 23:22:28,237.62,15.17,3.68
2488,2024-12-04 23:22:28,237.72,15.17,3.68
2489,2024-12-04 23:22:28,237.82,15.17,3.68
2490,2024-12-04 23:22:28,237.91,15.17,3.68
2491,2024-12-04 23:22:28,238.00,15.17,3.68
2492,2024-12-04 23:22:28,238.09,15.17,3.68
2493,2024-12-04 23:22:28,238.18,15.17,3.68
2494,2024-12-04 23:22:28,238.28,15.17,3.68
2495,2024-12-04 23:22:28,238.37,15.17,3.68
2496,2024-12-04 23:22:28,238.47,15.17,3.68
2497,2024-12-04 23:22:29,238.56,15.17,3.68
2498,2024-12-04 23:22:29,238.66,15.17,3.68
2499,2024-12-04 23:22:29,238.76,15.17,3.68
2500,2024-12-04 23:22:29,238.85,15.17,3.68
